contig	length	gc	stage1_fre	stage1_mean_depth	stage1_mean_cov	stage2_fre	stage2_mean_depth	stage2_mean_cov	control.fre	control.mean.depth	contro.mean.cov	annotation
k141_10545	322	0.481	5	53.400	0.814	12	60.000	0.869	0	0	0	Cetorhinus maximus
k141_2341	471	0.369	2	20.500	0.920	3	29.667	0.786	0	0	0	Plasmodium falciparum 3D7
k141_775	285	0.523	5	27.800	0.853	9	14.000	0.665	1	6.38798037612428E-05	6.38798037612428E-05	Paramisgurnus dabryanus
k141_1897	512	0.396	4	52.000	0.667	12	29.917	0.482	1	0.000283403059482888	0.000121458454064095	Plasmodium falciparum 3D7
k141_10514	365	0.370	2	22.000	0.895	4	58.750	1.000	1	0.0002266344342138	0.0002266344342138	Plasmodium falciparum 3D7
k141_9542	678	0.394	2	78.500	0.639	5	28.400	0.666	1	0.000215668428971414	0.000124085553652221	Plasmodium falciparum 3D7
k141_1836	317	0.603	4	10.000	0.935	5	2.000	0.519	2	0.000192519002351095	0.000192519002351095	Homo sapiens
k141_1377	323	0.576	4	120.750	0.998	8	16.250	0.873	2	0.000126272296813934	0.000126272296813934	Homo sapiens
k141_5622	311	0.624	4	35.250	0.980	9	3.000	0.682	3	0.000192697293384233	0.000192697293384233	Homo sapiens
k141_7999	441	0.506	4	186.750	0.939	12	20.583	0.636	3	0.000141586941120544	0.000141586941120544	Eulemur rufifrons
k141_2114	286	0.402	4	2.250	0.604	5	3.200	0.710	4	0.000289495471292511	0.000289495471292511	Homo sapiens
k141_8847	334	0.509	4	24.750	0.954	7	3.571	0.700	4	0.000247482112138512	0.000247482112138512	Equus asinus
k141_5360	365	0.395	4	6.250	0.870	9	4.000	0.858	4	0.000221257175794968	0.000221257175794968	Homo sapiens
k141_10236	432	0.574	4	52.250	0.987	8	34.625	0.648	4	0.000184924966616834	0.000184924966616834	Homo sapiens
k141_10225	692	0.371	4	1.250	0.429	2	2.000	0.350	4	0.000120416505957583	0.000120416505957583	Homo sapiens
k141_4730	529	0.573	5	13.400	0.761	6	2.500	0.433	5	0.000387778567768657	0.000357920142639807	Homo sapiens
k141_10305	664	0.565	3	2.333	0.664	4	2.000	0.499	5	0.000372720324255065	0.000248480083543942	Lampetra fluviatilis
k141_8784	481	0.572	5	25.600	0.629	6	6.667	0.567	5	0.000209306240798597	0.000209306240798597	Homo sapiens
k141_8228	652	0.390	4	8.500	0.632	8	35.500	0.537	6	0.000646157490314211	0.000205122179128732	Plasmodium falciparum 3D7
k141_5271	476	0.613	5	11.600	0.689	9	45.444	0.570	6	0.000303664611801795	0.000260135659927745	Homo sapiens
k141_2716	408	0.429	4	5.750	0.681	6	4.833	0.674	6	0.000301155097686061	0.000301155097686061	Homo sapiens
k141_1800	418	0.411	4	49.000	0.988	11	22.273	0.881	6	0.000292324668641354	0.000292324668641354	Homo sapiens
k141_10105	479	0.608	4	72.750	0.806	8	6.375	0.536	6	0.000288029327580887	0.000288029327580887	Homo sapiens
k141_677	726	0.577	5	70.800	0.983	12	11.000	0.866	6	0.000280516667950095	0.000257091168289765	Homo sapiens
k141_3306	721	0.365	2	32.000	0.748	4	12.250	0.721	6	0.00020255953943443	0.000176655663088273	Plasmodium falciparum 3D7
k141_7777	361	0.438	4	13.500	0.698	9	5.889	0.599	7	0.00135155270940695	0.000450810756026363	Homo sapiens
k141_2293	365	0.356	5	5.000	0.875	6	14.833	0.742	7	0.000432160759358668	0.000381056916349674	Homo sapiens
k141_9884	334	0.551	4	23.000	0.998	6	22.333	0.697	7	0.000420962220157175	0.000420962220157175	Homo sapiens
k141_4467	362	0.575	4	197.500	0.990	10	16.400	0.773	7	0.00039987007022928	0.00039987007022928	Homo sapiens
k141_10377	488	0.568	5	11.000	0.915	12	3.333	0.809	8	0.000539106757438283	0.000539106757438283	Homo sapiens
k141_9912	643	0.582	5	36.600	0.979	11	9.091	0.923	8	0.00040552811339292	0.000405528113392919	Homo sapiens
k141_9869	475	0.429	2	5.000	0.971	4	2.250	0.627	8	0.000385374293954437	0.000385374293954437	Homo sapiens
k141_10240	590	0.402	3	4.667	0.567	7	27.571	0.510	9	0.000786233740314369	0.000329563431010278	Plasmodium falciparum 3D7
k141_3769	382	0.382	5	9.800	0.962	12	6.667	0.600	9	0.000755917742359773	0.00048336391297847	Homo sapiens
k141_8400	368	0.470	4	5.250	0.695	4	6.500	0.931	9	0.000728401945637633	0.000503600134881086	Plasmodium falciparum 3D7
k141_1346	315	0.368	4	1.500	0.846	2	3.500	0.962	9	0.000644149477776578	0.000644149477776578	Homo sapiens
k141_3036	385	0.569	4	81.000	0.992	13	34.385	0.692	9	0.000536548474271329	0.000536548474271329	Homo sapiens
k141_9449	531	0.512	4	131.500	0.976	11	11.000	0.646	9	0.00042924485677486	0.000389582172648476	Equus asinus
k141_10059	649	0.593	5	29.600	0.992	10	8.200	0.865	9	0.000317315155664515	0.000317315155664515	Homo sapiens
k141_8689	349	0.421	4	6.500	0.793	10	3.500	0.630	10	0.00213289379504342	0.00052660709319253	Homo sapiens
k141_4478	456	0.382	4	43.500	1.000	11	21.364	0.922	10	0.000548445971266125	0.000541381941130973	Homo sapiens
k141_5885	488	0.496	5	129.800	0.840	10	9.700	0.648	10	0.000465890013178455	0.000462572928033855	Equus asinus
k141_685	335	0.343	3	3.000	0.910	4	6.000	0.669	11	0.0006277608170809	0.0006277608170809	Homo sapiens
k141_9478	694	0.406	2	8.000	0.769	6	11.167	0.498	11	0.00038988635563804	0.000333067455689033	Plasmodium falciparum 3D7
k141_10188	324	0.525	4	6.250	0.882	5	2.000	0.809	12	0.000772846406162179	0.000772846406162179	Equus asinus
k141_10431	330	0.512	4	14.250	0.977	6	2.833	0.776	12	0.000737859691252986	0.000737859691252986	Equus asinus
k141_10202	484	0.403	4	32.500	0.988	11	16.000	0.818	12	0.000727391381643671	0.00051419743534848	Homo sapiens
k141_9565	388	0.407	4	121.750	0.977	13	45.846	0.887	13	0.00100356915627597	0.000721737066764118	Homo sapiens
k141_10375	306	0.513	4	38.500	0.998	9	3.333	0.666	13	0.000860438136513229	0.000860438136513229	Equus asinus
k141_9169	422	0.524	4	26.250	0.943	6	63.333	0.695	13	0.000693569332884422	0.000603145591842626	Equus asinus
k141_9237	419	0.430	4	3.000	0.707	5	2.400	0.693	13	0.000659277482530666	0.000614171743161226	Homo sapiens
k141_9971	413	0.429	4	2.500	0.685	5	4.000	0.710	13	0.000630456280389576	0.000630456280389576	Homo sapiens
k141_4786	533	0.328	3	1.333	0.583	4	4.250	0.489	13	0.000616149646887558	0.000499449826284929	Homo sapiens
k141_8323	362	0.390	4	97.750	1.000	14	39.214	0.943	14	0.0024365571524683	0.000845722069709406	Homo sapiens
k141_10130	388	0.405	3	4.333	0.796	7	3.143	0.609	14	0.00106109617305565	0.000795824316215071	Homo sapiens
k141_7952	370	0.443	5	2.800	0.828	5	2.200	0.762	14	0.000802029431335548	0.000750652305743618	Homo sapiens
k141_9209	348	0.405	3	1.667	0.714	5	1.800	0.579	14	0.000801833291253493	0.000801833291253493	Homo sapiens
k141_8181	306	0.363	5	8.600	0.947	9	9.889	0.779	15	0.00144467630630206	0.00123567254488114	Homo sapiens
k141_6489	366	0.363	3	1.333	0.665	2	4.000	0.690	15	0.00104687117754274	0.000827011805236722	Homo sapiens
k141_10109	369	0.425	4	2.250	0.760	5	1.600	0.715	15	0.000833720825653148	0.000833720825653148	Homo sapiens
k141_9630	361	0.432	3	2.000	0.951	3	2.000	0.725	15	0.000833385747531291	0.000833385747531291	Homo sapiens
k141_10428	407	0.381	4	12.000	0.970	7	10.857	0.945	16	0.00100812651381048	0.000914068214136031	Homo sapiens
k141_9628	350	0.403	4	1.250	0.455	2	3.500	0.621	16	0.00099711503030375	0.000942988143060421	Homo sapiens
k141_5866	421	0.385	4	8.250	0.809	7	5.000	0.602	16	0.000969684509010453	0.000841686098483252	Homo sapiens
k141_6059	354	0.347	3	4.667	0.955	5	8.000	0.952	16	0.000912198194769974	0.000912198194769974	Homo sapiens
k141_9405	504	0.599	5	53.200	0.874	13	4.462	0.593	16	0.000896272463367616	0.000686210919795185	Homo sapiens
k141_6104	311	0.347	4	3.500	0.952	8	7.250	0.586	17	0.00127055214555606	0.00115171083971712	Homo sapiens
k141_8643	380	0.389	4	20.500	1.000	8	14.500	0.980	17	0.0012461640703956	0.000920940468078692	Homo sapiens
k141_3043	541	0.486	5	67.200	0.735	13	43.077	0.629	17	0.000729993740683287	0.00070695055329014	Eulemur rufifrons
k141_9181	339	0.404	3	2.667	0.854	8	3.000	0.762	18	0.00142868732348303	0.00119644438954876	Homo sapiens
k141_9960	385	0.403	4	27.500	1.000	11	15.091	0.856	19	0.00116912366297314	0.00116912366297314	Homo sapiens
k141_5870	373	0.416	4	33.750	0.967	12	14.250	0.839	20	0.00422803642195345	0.00131772363765678	Homo sapiens
k141_5441	410	0.400	4	7.500	0.928	6	4.833	0.885	20	0.0015167024643977	0.00103490124574187	Homo sapiens
k141_4843	536	0.392	5	8.400	0.819	8	7.250	0.746	20	0.00147808207589878	0.00100117804368385	Homo sapiens
k141_8644	503	0.384	5	277.000	0.864	17	89.353	0.854	20	0.00103017812478795	0.000834300471132112	Homo sapiens
k141_5753	526	0.549	4	134.000	0.759	11	34.364	0.593	20	0.000879690883287422	0.000840276199076326	Macaca fascicularis
k141_639	376	0.436	4	27.750	0.691	7	4.000	0.613	21	0.00405524684751233	0.00116565700345476	Plasmodium falciparum 3D7
k141_1065	386	0.420	5	6.800	0.844	7	6.571	0.819	21	0.00120862290508952	0.00120862290508952	Homo sapiens
k141_10374	613	0.605	5	48.200	0.592	11	13.455	0.508	21	0.000717779925858898	0.000717779925858898	Homo sapiens
k141_7531	415	0.390	5	129.200	0.851	15	54.000	0.862	22	0.00146423178417106	0.00113800856120338	Homo sapiens
k141_7755	304	0.414	5	4.000	0.899	6	3.833	0.885	22	0.0014364520288668	0.0014364520288668	Homo sapiens
k141_5281	765	0.393	2	16.500	0.710	5	6.400	0.517	22	0.00117645999682404	0.000595062065507404	Plasmodium falciparum 3D7
k141_6254	501	0.395	4	60.250	1.000	10	25.500	0.909	22	0.00102577400541043	0.000947630499920676	Homo sapiens
k141_5450	386	0.425	2	3.000	0.641	3	2.333	0.680	23	0.00349500171193477	0.0012428398352552	Plasmodium falciparum 3D7
k141_1803	342	0.398	5	7.600	0.829	10	7.700	0.749	23	0.00172823588772351	0.00148824842823522	Homo sapiens
k141_9990	359	0.379	5	9.200	0.986	11	10.727	0.825	23	0.00154960280297396	0.0014097412866629	Homo sapiens
k141_8771	348	0.379	5	5.000	0.859	5	6.200	0.792	23	0.00143661820904344	0.0013178126936721	Homo sapiens
k141_7012	466	0.376	3	2.000	0.579	3	3.333	0.747	23	0.00120927976163227	0.00103027303503736	Homo sapiens
k141_10368	436	0.378	5	16.400	0.900	12	17.083	0.887	24	0.00151153277996708	0.00116242204189906	Homo sapiens
k141_3340	429	0.375	2	1.000	0.676	4	1.250	0.471	25	0.00178019946020632	0.00121667588403766	Homo sapiens
k141_9344	388	0.348	5	4.600	0.962	8	5.125	0.734	25	0.00160956894807641	0.00140518417256371	Homo sapiens
k141_7142	375	0.352	5	2.200	0.777	4	5.000	0.644	25	0.00153899557652194	0.00139160133458021	Homo sapiens
k141_7556	343	0.423	4	3.500	0.848	7	3.429	0.651	25	0.00148289764107024	0.00148289764107024	Homo sapiens
k141_10079	420	0.388	4	4.500	0.947	8	4.875	0.596	25	0.00137299343520872	0.00128426164284493	Homo sapiens
k141_9124	409	0.616	5	64.600	0.825	9	6.111	0.479	25	0.00131730036486625	0.00131730036486625	Homo sapiens
k141_5548	574	0.415	4	187.250	0.622	9	19.000	0.567	26	0.00262234029616697	0.000938753012667479	Plasmodium falciparum 3D7
k141_10158	566	0.424	4	16.750	0.738	10	9.800	0.497	26	0.00126027918422549	0.00108962616239368	Homo sapiens
k141_5772	465	0.389	5	9.200	0.905	10	7.000	0.689	26	0.00117902143847932	0.00117902143847932	Homo sapiens
k141_9763	520	0.419	5	7.000	0.635	8	8.500	0.667	26	0.0011341336335669	0.00109426677324631	Homo sapiens
k141_9845	475	0.429	4	1.250	0.647	6	2.167	0.499	26	0.00112843985170335	0.00108738571840742	Homo sapiens
k141_9756	561	0.512	4	25.500	0.903	8	9.250	0.516	26	0.0010581740530594	0.0009997453174079	Equus asinus
k141_7138	326	0.380	4	12.500	0.987	11	3.636	0.805	27	0.00231551583872863	0.00182914078996699	Homo sapiens
k141_2634	304	0.395	4	2.500	0.710	8	2.375	0.558	27	0.00206100334512885	0.00180868330548387	Homo sapiens
k141_10186	343	0.385	2	1.500	0.615	4	1.250	0.707	27	0.00167562487829508	0.00167562487829508	Homo sapiens
k141_10190	422	0.424	4	2.000	0.947	6	2.833	0.527	27	0.00156687528639926	0.00148261977005656	Homo sapiens
k141_8859	357	0.412	5	10.000	0.997	10	7.600	0.858	27	0.0015605382780767	0.00150375623028893	Homo sapiens
k141_7480	417	0.405	4	5.000	0.789	5	3.800	0.695	28	0.00361923856655723	0.00157804240819538	Homo sapiens
k141_3324	348	0.391	5	2.200	0.710	5	2.200	0.803	28	0.00222198631720158	0.00196417480663633	Homo sapiens
k141_7108	628	0.393	5	3.600	0.457	6	4.833	0.386	28	0.0009388317791505	0.000916226603727881	Homo sapiens
k141_10070	370	0.589	5	9.000	0.763	4	6.250	0.653	29	0.00349286652422849	0.00169697554333491	Homo sapiens
k141_7545	379	0.348	2	1.000	0.864	4	2.250	0.482	29	0.00202679694190153	0.0017789232710118	Homo sapiens
k141_2554	637	0.344	5	11.400	0.900	7	18.286	0.704	29	0.0013899965175069	0.00129555788924231	Homo sapiens
k141_10320	473	0.440	5	12.000	0.746	12	11.000	0.673	29	0.00138587792793957	0.00132174999104471	Homo sapiens
k141_5821	701	0.392	4	138.000	0.997	13	50.000	0.884	29	0.0011052490649518	0.000882860639493756	Homo sapiens
k141_1738	311	0.566	4	221.750	0.958	7	24.143	0.845	30	0.00217526076644401	0.00205364655776438	Homo sapiens
k141_7471	357	0.373	3	1.333	0.907	6	2.000	0.567	30	0.00180765805988856	0.00171137327476689	Homo sapiens
k141_1919	902	0.421	5	33.000	0.882	14	17.786	0.619	30	0.000697445072696625	0.000675761232127063	Homo sapiens
k141_1007	437	0.382	3	4.000	0.683	5	2.800	0.513	31	0.00567121583009775	0.00167104462727248	Homo sapiens
k141_9160	361	0.368	4	64.500	1.000	13	26.538	0.845	31	0.00359150607691087	0.00190098155507327	Homo sapiens
k141_2992	406	0.409	5	59.800	0.906	13	31.769	0.834	31	0.0031273036979206	0.00169770089766727	Homo sapiens
k141_5413	458	0.402	4	19.750	0.994	10	8.100	0.713	31	0.00269820720661486	0.00216366339426859	Homo sapiens
k141_682	388	0.345	5	6.000	0.999	8	10.375	0.922	31	0.00194814922455631	0.00179458815122519	Homo sapiens
k141_1726	475	0.411	4	3.500	0.565	6	1.667	0.334	31	0.00161968890660299	0.00141424718123461	Homo sapiens
k141_5869	411	0.392	5	29.000	0.768	11	5.182	0.692	32	0.0117785003009314	0.00214257332560979	Homo sapiens
k141_8276	336	0.396	4	1.500	0.727	4	1.750	0.737	32	0.00202315675561479	0.00202315675561479	Homo sapiens
k141_6846	418	0.421	4	1.750	0.606	4	2.750	0.656	32	0.00155911846648776	0.0015134770295011	Homo sapiens
k141_3544	520	0.419	4	39.000	0.856	10	6.000	0.698	33	0.00625178680173762	0.00148429094085196	Homo sapiens
k141_7505	418	0.380	5	68.800	0.949	14	22.643	0.859	33	0.00287691280240077	0.00198590717146495	Homo sapiens
k141_2283	402	0.507	4	32.500	0.909	9	9.778	0.709	33	0.00184225712536992	0.00169408992896069	Equus asinus
k141_9276	421	0.344	4	6.250	0.854	6	8.833	0.686	33	0.00181007266641984	0.00172071475311183	Homo sapiens
k141_9879	554	0.424	5	4.200	0.761	8	5.125	0.636	34	0.00142973703289834	0.00130136021651791	Homo sapiens
k141_6422	390	0.385	5	2.400	0.519	10	2.600	0.531	35	0.00188521973161204	0.00183320564203545	Homo sapiens
k141_3452	415	0.395	5	72.600	0.898	12	37.750	0.901	35	0.00185888977256193	0.00176349593227848	Homo sapiens
k141_4074	586	0.360	4	3.750	0.702	8	5.125	0.559	35	0.0013505720778709	0.00129638142555263	Homo sapiens
k141_8087	370	0.384	5	28.000	0.925	13	15.846	0.722	36	0.00213223307784706	0.00196592780456172	Homo sapiens
k141_9848	374	0.396	4	6.000	0.999	7	4.571	0.895	37	0.00745163856570853	0.00237467544899816	Homo sapiens
k141_5179	325	0.618	3	4.000	0.775	3	2.667	0.684	37	0.002847342281781	0.00239371002616135	Homo sapiens
k141_10132	328	0.372	5	2.000	0.777	6	6.167	0.917	37	0.00250126900665121	0.00243827695847094	Homo sapiens
k141_8727	329	0.374	2	1.500	0.933	2	2.500	0.804	37	0.00241437153072428	0.00239138992085041	Homo sapiens
k141_7872	413	0.370	4	1.500	0.704	3	3.333	0.805	37	0.00199652482582185	0.00180488541453812	Homo sapiens
k141_1703	382	0.393	4	1.500	0.717	3	1.000	0.609	38	0.00303285381926216	0.00247948975872128	Homo sapiens
k141_9477	303	0.432	4	1.750	0.738	4	1.500	0.666	38	0.00279545525685683	0.00253353775911614	Homo sapiens
k141_10358	305	0.364	4	2.500	0.807	6	3.333	0.900	38	0.00261402472715215	0.00248394221767471	Homo sapiens
k141_10281	328	0.409	2	1.000	0.637	3	2.333	0.718	38	0.00246247982116149	0.00233649572480095	Macaca mulatta
k141_4312	393	0.433	5	5.000	0.811	10	5.500	0.747	38	0.00230212953067824	0.00221046374699966	Homo sapiens
k141_9210	354	0.407	2	1.000	0.952	2	2.000	0.657	38	0.00221428534106414	0.00219606447224756	Homo sapiens
k141_7156	371	0.402	4	5.750	0.942	7	6.429	0.802	38	0.00214396616129618	0.00214396616129618	Homo sapiens
k141_3841	382	0.403	5	3.400	0.771	8	8.000	0.750	38	0.00200054730279682	0.00200054730279682	Homo sapiens
k141_7590	396	0.389	5	7.600	0.751	7	7.571	0.585	38	0.00199619570905229	0.00199619570905229	Homo sapiens
k141_6815	553	0.389	4	7.500	0.946	9	9.222	0.768	38	0.00190437601626426	0.00160864851218818	Homo sapiens
k141_10094	668	0.412	4	5.250	0.762	8	6.125	0.653	38	0.00125394902046124	0.00115918290445051	Homo sapiens
k141_9936	363	0.391	5	7.200	0.999	10	9.700	0.961	39	0.0024404935366867	0.00234727609133908	Homo sapiens
k141_4178	546	0.390	5	9.400	0.826	9	7.333	0.654	39	0.00153231756086679	0.00145710461887906	Homo sapiens
k141_10369	841	0.389	4	31.000	0.473	10	27.600	0.611	40	0.00174226541457851	0.00103623925939473	Plasmodium falciparum 3D7
k141_9665	556	0.379	4	12.250	0.891	11	9.818	0.689	40	0.00160807359024835	0.00147217343723435	Homo sapiens
k141_10238	365	0.359	5	2.200	0.961	8	2.750	0.761	41	0.00297875211165679	0.00255657191482232	Homo sapiens
k141_5602	309	0.417	5	6.800	0.887	7	7.286	0.869	41	0.00278670633265995	0.0026571821417158	Homo sapiens
k141_1517	480	0.388	3	1.333	0.656	4	2.250	0.671	41	0.00187664174238388	0.00182943654306836	Homo sapiens
k141_10073	545	0.433	5	11.600	0.940	12	7.000	0.666	41	0.00154911584586728	0.00151343607183919	Homo sapiens
k141_992	336	0.396	3	2.000	0.739	5	1.400	0.504	42	0.0101625840946714	0.00324309826535887	Homo sapiens
k141_9444	374	0.439	4	3.250	0.988	6	2.667	0.638	42	0.00245775318789343	0.00234530420346542	Homo sapiens
k141_1441	733	0.443	5	17.600	0.678	10	42.100	0.471	42	0.00153113574645114	0.00119244558389094	Lonchura striata
k141_2633	462	0.387	5	43.800	0.950	12	22.000	0.682	43	0.00264604885540587	0.00199993433174654	Homo sapiens
k141_8534	437	0.350	5	8.400	0.913	7	12.286	0.872	43	0.00207588813475976	0.00198411563906249	Homo sapiens
k141_9806	409	0.411	4	188.000	1.000	16	55.812	0.900	44	0.0036317224745191	0.00252113686023277	Homo sapiens
k141_10218	435	0.411	4	7.000	0.905	4	5.500	0.697	44	0.0028224345428302	0.00224804350021431	Homo sapiens
k141_9981	354	0.410	2	1.500	0.674	3	1.667	0.675	44	0.00267379766142422	0.00256333364422372	Homo sapiens
k141_1579	403	0.352	5	1.400	0.766	3	7.667	0.873	45	0.00316321569111043	0.00278445026871855	Homo sapiens
k141_10388	488	0.400	5	33.800	0.966	11	18.545	0.748	45	0.00193902542869703	0.00189656032086063	Homo sapiens
k141_3318	567	0.409	2	59.000	0.849	4	25.750	0.567	46	0.00297495775360299	0.00185567949404755	Plasmodium falciparum 3D7
k141_10224	380	0.400	5	9.200	0.972	8	6.375	0.775	46	0.00263453409562888	0.00247228272983531	Homo sapiens
k141_5852	279	0.373	4	1.250	0.616	4	3.000	0.746	47	0.00396066114566137	0.00345278767238549	Homo sapiens
k141_9071	357	0.412	5	11.800	0.995	11	8.455	0.831	47	0.0028660859796822	0.00272441209872037	Homo sapiens
k141_5847	459	0.364	4	3.250	0.830	5	5.000	0.654	47	0.00230146517645938	0.00209491236203594	Homo sapiens
k141_7328	679	0.406	5	12.400	0.880	12	6.500	0.552	47	0.00161898990363876	0.00147356413110617	Homo sapiens
k141_5893	367	0.384	5	2.400	0.783	7	5.143	0.672	48	0.00289404104631988	0.00278514108796465	Homo sapiens
k141_9122	418	0.404	4	3.250	0.705	9	4.000	0.506	48	0.00234916000953904	0.00234916000953904	Homo sapiens
k141_10394	628	0.395	3	3.000	0.632	8	2.000	0.392	49	0.00181035230371788	0.0016888258161504	Homo sapiens
k141_5901	397	0.559	4	24.250	0.945	7	5.000	0.545	50	0.00453640605442325	0.00278135434248558	Homo sapiens
k141_7697	443	0.357	3	2.000	0.592	4	2.250	0.546	50	0.00280943753742102	0.00250644194972457	Homo sapiens
k141_9876	550	0.531	5	21.400	0.975	9	9.556	0.794	50	0.00279297211864194	0.00193307386830336	Equus asinus
k141_878	332	0.395	2	1.000	0.663	2	1.000	0.346	51	0.00317744724555197	0.00312285560316848	Homo sapiens
k141_1560	463	0.393	4	8.500	0.778	12	6.917	0.672	51	0.00235338624062967	0.00231390687693174	Homo sapiens
k141_4248	423	0.383	5	68.400	0.841	12	28.083	0.756	52	0.00780764838680968	0.00261583143334079	Homo sapiens
k141_10265	302	0.397	3	1.667	0.947	6	1.833	0.765	52	0.00349487029373981	0.00349487029373981	Homo sapiens
k141_3119	403	0.367	4	4.500	0.699	11	5.364	0.654	52	0.00279180850697075	0.0026207663680637	Homo sapiens
k141_9712	535	0.404	4	36.000	0.892	11	14.091	0.660	53	0.00518562810158382	0.0025223716003249	Homo sapiens
k141_6989	389	0.386	4	15.250	1.000	8	7.125	0.957	53	0.00394861174230875	0.00300845858196005	Homo sapiens
k141_1760	365	0.416	5	16.200	0.759	11	9.909	0.588	53	0.00305945076399944	0.00296663513561554	Homo sapiens
k141_9758	504	0.409	4	17.500	1.000	8	8.375	0.718	54	0.00432114982536775	0.00241674722409111	Homo sapiens
k141_5392	652	0.371	5	10.200	0.900	13	11.308	0.760	54	0.00208389930966233	0.0018568713073288	Homo sapiens
k141_4373	321	0.386	4	2.750	0.781	7	3.000	0.652	55	0.00360814110423254	0.00353415026404774	Homo sapiens
k141_10490	469	0.343	5	10.200	0.780	6	24.167	0.773	55	0.0032799215049927	0.00256882473838895	Homo sapiens
k141_9194	454	0.355	5	15.000	0.961	11	14.182	0.810	55	0.00279096036421568	0.00254788507780355	Homo sapiens
k141_10163	548	0.365	5	19.800	0.918	15	17.933	0.764	55	0.00262202645935349	0.00240646503124518	Homo sapiens
k141_963	332	0.380	2	1.500	0.664	5	2.600	0.427	56	0.00387695670255183	0.00363200590437856	Homo sapiens
k141_1700	765	0.393	3	30.000	0.573	8	54.250	0.749	56	0.0037312029975207	0.00166298954202188	Toxoplasma gondii ME49
k141_9919	527	0.361	4	3.500	0.753	7	5.000	0.564	56	0.00268620919647192	0.00245829577138434	Homo sapiens
k141_8641	597	0.357	5	19.200	0.986	11	23.000	0.765	56	0.00260511938086237	0.00233173115529958	Homo sapiens
k141_6393	525	0.406	4	6.250	0.783	7	4.571	0.566	57	0.00542143214170127	0.0024306546662348	Homo sapiens
k141_2762	367	0.351	4	2.000	0.675	5	2.200	0.461	57	0.00381773922651567	0.00321278056953078	Homo sapiens
k141_4187	461	0.386	2	2.500	0.869	8	2.625	0.553	57	0.00339537477493901	0.00285697503343818	Homo sapiens
k141_7657	454	0.399	5	2.000	0.507	9	3.778	0.603	58	0.00299579346357376	0.00290862090835829	Homo sapiens
k141_10465	572	0.409	5	17.000	0.913	13	10.000	0.582	58	0.00228328687509084	0.00217663537663729	Homo sapiens
k141_1340	508	0.400	5	32.800	0.996	14	19.714	0.775	59	0.00251514051311947	0.00245696381854393	Homo sapiens
k141_4291	467	0.390	4	21.250	1.000	10	10.700	0.853	60	0.00605981701537992	0.00321148020290227	Homo sapiens
k141_1887	453	0.413	4	55.500	0.986	11	24.273	0.843	60	0.00372603688169742	0.00282348314376267	Homo sapiens
k141_4224	414	0.399	5	4.800	0.707	8	6.500	0.692	60	0.00313348924323991	0.00292153594979675	Homo sapiens
k141_8669	461	0.401	4	4.500	0.746	10	5.200	0.513	60	0.00304597292354363	0.00286369050090398	Homo sapiens
k141_5557	741	0.391	3	85.000	0.616	8	71.000	0.795	60	0.00292511910441867	0.00181016404083457	Toxoplasma gondii ME49
k141_7813	482	0.386	5	2.800	0.788	12	6.000	0.646	60	0.00285713551343441	0.00265827217531144	Homo sapiens
k141_4169	342	0.602	4	5.750	0.826	4	2.000	0.529	61	0.00462408474664809	0.00385068944520071	Homo sapiens
k141_10093	427	0.407	5	9.200	0.864	11	8.636	0.751	61	0.00317288204693887	0.00299065423020357	Homo sapiens
k141_7336	391	0.384	3	3.667	0.834	5	3.000	0.728	62	0.0107296979235794	0.00688421129590968	Homo sapiens
k141_2706	368	0.337	3	2.333	0.553	2	1.000	0.980	62	0.00354324269933742	0.00344213329005218	Homo sapiens
k141_9258	444	0.390	3	1.667	0.703	5	1.400	0.557	62	0.00296125105536134	0.00282223031017356	Homo sapiens
k141_8173	442	0.387	5	9.600	0.998	10	10.300	0.898	62	0.00288748867414458	0.00284063391471161	Homo sapiens
k141_10243	454	0.381	4	5.500	0.890	9	5.222	0.728	63	0.00424779922264639	0.00370103194795783	Homo sapiens
k141_2614	429	0.389	2	1.000	0.562	2	1.000	0.696	64	0.00350145356886359	0.00329721184223369	Homo sapiens
k141_4084	493	0.398	2	396.000	0.642	4	43.500	0.810	65	0.00667968518637986	0.00291596564519711	Plasmodium falciparum 3D7
k141_10200	409	0.396	4	11.000	0.999	11	6.182	0.912	65	0.00353519148877854	0.00330142671026465	Homo sapiens
k141_4189	403	0.404	4	7.000	0.980	9	7.333	0.902	65	0.00340539470262792	0.00325572879697344	Homo sapiens
k141_9995	566	0.359	5	8.400	0.771	9	13.111	0.718	65	0.00309488222278327	0.00265943777623583	Homo sapiens
k141_10156	445	0.378	2	1.500	0.751	7	3.000	0.674	67	0.00428575629650295	0.0038980951493204	Homo sapiens
k141_5023	411	0.377	4	2.500	0.653	6	4.667	0.700	68	0.00369948334793333	0.00339730410231493	Homo sapiens
k141_7796	290	0.410	4	7.000	0.815	8	7.875	0.856	70	0.00824175640444248	0.00576805247637301	Homo sapiens
k141_6699	473	0.421	4	18.500	0.942	9	5.444	0.854	71	0.0122169809218193	0.00367858101500073	Homo sapiens
k141_7444	610	0.397	2	7.000	0.796	5	104.600	0.631	71	0.00572301446544874	0.00267977061536892	Toxoplasma gondii ME49
k141_4485	418	0.402	5	5.000	0.804	10	3.400	0.500	72	0.00412347421311768	0.00365798498467176	Homo sapiens
k141_5790	370	0.403	4	1.250	0.772	5	1.600	0.520	72	0.00406929217248548	0.00401339306270621	Homo sapiens
k141_6765	507	0.420	2	2.000	0.669	3	2.667	0.529	72	0.00324731155994974	0.00300980794092272	Homo sapiens
k141_7221	421	0.494	4	82.250	0.969	7	12.571	0.668	73	0.00387116876982168	0.00362503375767844	Eulemur rufifrons
k141_8656	464	0.379	5	7.000	0.794	10	10.000	0.634	74	0.00350233263239695	0.00332847682736115	Homo sapiens
k141_8390	400	0.398	4	18.250	0.960	8	8.875	0.822	76	0.0116861159639713	0.00527813207098622	Homo sapiens
k141_8933	494	0.607	5	11.400	0.712	4	6.000	0.498	77	0.0068190480564838	0.0052782105597368	Homo sapiens
k141_8065	1885	0.442	5	541.200	0.702	15	140.733	0.557	77	0.00153731289807792	0.000885099543775726	Plasmodium falciparum 3D7
k141_9626	509	0.391	4	17.250	0.881	7	11.143	0.762	78	0.0471996585852316	0.00373738710209235	Homo sapiens
k141_8275	419	0.391	5	14.200	0.929	11	13.091	0.966	78	0.0045478333904481	0.00398740684708258	Homo sapiens
k141_10013	515	0.398	5	20.000	0.982	14	18.214	0.891	78	0.00338072528207019	0.00318341314690033	Homo sapiens
k141_10497	337	0.395	4	2.250	0.835	5	2.200	0.748	79	0.00629283667917547	0.00506703085647171	Homo sapiens
k141_10182	512	0.404	4	7.000	0.936	6	4.833	0.612	79	0.00427189151588043	0.00318639513938669	Homo sapiens
k141_8983	419	0.389	4	62.250	0.982	11	28.000	0.929	80	0.00706128321493057	0.00462770033372533	Homo sapiens
k141_9079	430	0.407	4	3.000	0.707	2	6.000	0.656	80	0.00646979032786492	0.00471388703295853	Homo sapiens
k141_9338	398	0.389	3	3.000	0.880	7	4.571	0.790	80	0.00415084776994736	0.00400505526021597	Homo sapiens
k141_9004	616	0.409	5	18.000	0.933	14	11.714	0.719	80	0.00294401463457773	0.0027193149550187	Homo sapiens
k141_8216	539	0.397	4	130.250	1.000	15	38.933	0.828	81	0.00819961195580323	0.00439314430364138	Homo sapiens
k141_9964	385	0.416	2	1.000	0.631	3	1.000	0.657	81	0.00447235794738917	0.00427289523735948	Homo sapiens
k141_8243	345	0.388	3	14.333	0.980	3	3.333	0.849	82	0.0227433783309854	0.0060844379379142	Homo sapiens
k141_9941	421	0.366	5	4.400	0.963	8	5.000	0.762	82	0.00450109816950408	0.0040677576901533	Homo sapiens
k141_7574	501	0.403	3	1.667	0.733	3	3.000	0.744	82	0.00374621136247549	0.00356714671571169	Homo sapiens
k141_8332	458	0.367	3	2.000	0.832	5	2.800	0.548	83	0.00707982363472871	0.00641105200731167	Homo sapiens
k141_5425	368	0.383	3	1.000	0.498	6	3.000	0.578	83	0.00527715404896752	0.00485795314856385	Homo sapiens
k141_9760	383	0.540	4	6.250	0.785	7	2.857	0.357	86	0.0184434057560631	0.0058761489848066	Homo sapiens
k141_2266	399	0.401	4	2.750	0.751	4	1.750	0.713	86	0.00982006400068642	0.00497727131298449	Homo sapiens
k141_4117	418	0.397	4	1.750	0.720	7	2.714	0.615	87	0.00434819801541455	0.00417283397703119	Homo sapiens
k141_10172	460	0.409	4	82.250	1.000	12	28.917	0.858	88	0.00601475110262542	0.00484583596200609	Homo sapiens
k141_9861	509	0.391	5	2.000	0.638	6	4.667	0.628	88	0.0043750438085092	0.00383041090571143	Homo sapiens
k141_10488	479	0.413	4	5.750	0.875	6	5.167	0.785	89	0.00678727119258592	0.00459561640955345	Homo sapiens
k141_4562	330	0.461	4	5.500	0.780	10	4.800	0.449	91	0.00609155074288504	0.00571336513116717	Homo sapiens
k141_10197	457	0.435	3	3.000	0.743	4	4.750	0.783	91	0.0044899099848581	0.0041861987518373	Homo sapiens
k141_4868	398	0.392	4	2.250	0.732	5	2.400	0.654	92	0.00545946063808097	0.0050290935752091	Homo sapiens
k141_3322	361	0.416	4	19.500	0.973	7	4.571	0.811	93	0.0163422657587281	0.00611641013863128	Homo sapiens
k141_8006	349	0.381	3	1.000	0.620	2	2.500	0.562	93	0.0061043423751582	0.00567165622789715	Homo sapiens
k141_7559	375	0.384	2	1.000	0.692	3	2.000	0.744	93	0.00541886061937018	0.0051863174911484	Homo sapiens
k141_2304	700	0.414	4	31.750	0.969	11	12.909	0.662	95	0.00844297811126753	0.0035576621952065	Homo sapiens
k141_5525	459	0.407	4	13.750	0.999	10	6.000	0.782	96	0.00934005628237262	0.00617913837849921	Homo sapiens
k141_7171	359	0.401	4	2.000	0.838	7	5.000	0.908	96	0.00596681708404179	0.00569491894924425	Homo sapiens
k141_10498	593	0.384	3	5.000	0.925	11	3.636	0.585	96	0.00346689198157153	0.00340421753212253	Homo sapiens
k141_6260	647	0.369	4	2.500	0.534	5	3.400	0.430	97	0.00372404982853392	0.00334901944809419	Homo sapiens
k141_339	614	0.394	2	71.500	0.821	5	33.600	0.712	98	0.008724926036832	0.00373021085608617	Plasmodium falciparum 3D7
k141_3245	529	0.391	4	5.000	0.740	10	3.400	0.624	98	0.00445057690701566	0.00416662822530343	Homo sapiens
k141_9205	685	0.422	3	18.333	0.529	8	60.625	0.568	99	0.00766146898161639	0.00349578577662117	Toxoplasma gondii ME49
k141_7024	412	0.383	5	2.800	0.818	10	3.500	0.744	99	0.00555041230492334	0.0052117087058224	Homo sapiens
k141_9692	757	0.387	5	14.600	0.990	14	11.000	0.683	100	0.00306773274338941	0.002949678292467	Homo sapiens
k141_4184	319	0.408	3	5.000	0.866	5	4.200	0.807	102	0.00701413594390365	0.00669124032827392	Homo sapiens
k141_5694	354	0.438	4	4.000	0.689	6	6.167	0.608	103	0.0165297512818015	0.0062820284607687	Homo sapiens
k141_6705	656	0.378	5	6.600	0.654	11	11.545	0.597	104	0.0042744457447035	0.00376404798186709	Homo sapiens
k141_10242	581	0.372	5	10.200	0.873	12	16.167	0.693	105	0.00515903148028477	0.00418929933115397	Homo sapiens
k141_2616	838	0.383	5	27.400	0.776	12	15.417	0.705	105	0.00506432701056864	0.00370100655099464	Homo sapiens
k141_7676	469	0.416	3	2.667	0.896	8	1.750	0.737	105	0.00501209515555814	0.00484492967691124	Homo sapiens
k141_5850	459	0.373	2	9.500	0.558	4	53.750	0.718	106	0.0127162930960766	0.00497434853198858	Plasmodium falciparum 3D7
k141_8524	469	0.386	5	5.400	0.759	10	6.600	0.726	106	0.0056421668169531	0.00495119854347356	Homo sapiens
k141_8956	553	0.409	4	4.250	0.686	6	4.167	0.758	106	0.00450530177626422	0.00440707572356568	Homo sapiens
k141_2355	340	0.453	4	2.500	0.874	4	3.500	0.685	107	0.00670319617762098	0.00640745256774719	Homo sapiens
k141_5965	439	0.417	5	2.600	0.888	10	1.700	0.833	107	0.00579546768091116	0.00544871377559512	Homo sapiens
k141_5473	621	0.388	2	16.000	0.771	5	32.600	0.713	109	0.0108622705478653	0.00433635752646649	Plasmodium falciparum 3D7
k141_7940	575	0.403	4	39.250	0.989	10	16.900	0.693	109	0.00556337660808298	0.00415706529831192	Homo sapiens
k141_2047	405	0.415	2	1.000	0.995	4	2.750	0.922	111	0.0105786135226694	0.00780946858744781	Homo sapiens
k141_7822	441	0.351	3	2.333	0.831	7	2.143	0.569	111	0.00623294140737281	0.00562908852126927	Homo sapiens
k141_10049	323	0.378	3	1.667	0.761	4	2.750	0.788	112	0.00921995846034556	0.00806457852234603	Homo sapiens
k141_2676	483	0.383	3	2.000	0.585	6	1.833	0.497	113	0.00566768208124838	0.00523781044797008	Homo sapiens
k141_6036	637	0.402	3	38.000	0.592	6	56.500	0.624	114	0.0111376960259387	0.00440770783044109	Brevipalpus obovatus
k141_3030	387	0.390	5	4.200	0.947	9	6.333	0.944	114	0.00623044093396205	0.00601896569036439	Homo sapiens
k141_488	364	0.371	5	5.400	0.944	10	9.100	0.855	115	0.00739665383518159	0.00677875930326892	Homo sapiens
k141_4461	668	0.391	5	15.200	0.980	15	10.600	0.861	115	0.00413230421310143	0.00377938451954742	Homo sapiens
k141_6824	306	0.467	2	2.500	0.763	4	24.250	0.825	116	0.0229800849443323	0.00917865157768419	Toxoplasma gondii ME49
k141_3767	473	0.414	4	51.750	0.956	12	21.250	0.768	117	0.0133450070271257	0.00622483769982664	Homo sapiens
k141_2915	395	0.367	2	1.000	0.922	6	2.833	0.837	118	0.00788821962622605	0.00659824951962673	Homo sapiens
k141_5501	314	0.408	4	5.750	0.947	4	3.500	0.845	121	0.0247443782409913	0.011174730574998	Homo sapiens
k141_5611	352	0.395	2	3.500	0.911	6	3.833	0.660	121	0.00747577053402855	0.00725842103275948	Homo sapiens
k141_7771	417	0.379	5	3.000	0.827	6	4.333	0.841	121	0.00667667096205914	0.00638725720353048	Homo sapiens
k141_9452	372	0.392	4	49.750	0.997	10	25.000	0.981	122	0.0297155729919209	0.00751645748052455	Homo sapiens
k141_8952	376	0.375	2	2.000	0.963	5	2.200	0.705	122	0.00804155128677293	0.00745226689795319	Homo sapiens
k141_2534	922	0.425	2	7.000	0.542	4	14.250	0.519	124	0.0176543365103553	0.00515801233461114	Plasmodium falciparum 3D7
k141_76	494	0.381	4	7.250	0.787	8	5.250	0.698	124	0.0114310281379613	0.00711880576391704	Homo sapiens
k141_1751	496	0.421	2	2.000	0.632	6	2.167	0.580	125	0.00639065248040278	0.00590523276665804	Homo sapiens
k141_8196	409	0.369	2	2.000	0.572	2	30.500	0.604	126	0.0198106339020173	0.00720142573030515	Plasmodium falciparum 3D7
k141_3335	444	0.363	2	3.000	0.578	4	18.750	0.481	126	0.0162364913022174	0.00653217094729989	Plasmodium falciparum 3D7
k141_10391	309	0.414	2	1.000	0.909	9	1.889	0.713	127	0.00951206676402601	0.00880682259452265	Homo sapiens
k141_8468	321	0.421	4	2.000	0.670	8	1.875	0.604	127	0.0086303147435961	0.0083231377143442	Homo sapiens
k141_8367	376	0.439	3	2.000	0.730	2	2.000	0.733	130	0.00886976743710111	0.00860591635708212	Homo sapiens
k141_10450	460	0.350	5	2.400	0.742	4	7.000	0.874	130	0.00715230801652794	0.00640244633933711	Homo sapiens
k141_10021	651	0.556	4	11.750	0.794	5	6.400	0.494	131	0.00467964287289909	0.0043304822637696	Homo sapiens
k141_8834	591	0.367	3	1.000	0.666	2	2.000	0.400	132	0.00534085594847095	0.00492119780781269	Homo sapiens
k141_9907	745	0.396	5	5.000	0.650	10	8.200	0.497	132	0.00400399110412087	0.00393842951934424	Homo sapiens
k141_9747	442	0.414	3	1.000	0.804	2	1.500	0.262	133	0.00679419410955173	0.00635224417597922	Homo sapiens
k141_8462	776	0.357	5	29.200	0.674	14	25.214	0.548	133	0.00426873217395192	0.00385152960067085	Homo sapiens
k141_6794	291	0.364	4	2.250	0.953	8	2.875	0.869	134	0.0102761563429565	0.0101124836325059	Homo sapiens
k141_6344	534	0.380	4	7.000	0.841	7	4.429	0.609	136	0.0189764366842987	0.0068593331324674	Homo sapiens
k141_10337	418	0.431	4	1.250	0.517	5	1.200	0.480	136	0.00736704111519987	0.0067646149210521	Homo sapiens
k141_4131	593	0.388	4	3.250	0.696	7	4.286	0.525	137	0.00565766390014116	0.00500205047793794	Homo sapiens
k141_2802	762	0.406	4	147.500	0.771	14	50.214	0.641	140	0.0244135408347052	0.00570430400359934	Homo sapiens
k141_10024	341	0.405	5	5.400	0.780	10	5.700	0.679	141	0.00907096765854527	0.00843114236510755	Homo sapiens
k141_9073	532	0.393	5	24.800	0.844	10	13.700	0.915	143	0.0157367478512129	0.00684278370244731	Homo sapiens
k141_3916	3271	0.394	5	311.400	0.992	18	163.111	0.705	143	0.00108822958955626	0.000989249726785576	Homo sapiens
k141_6900	249	0.434	4	2.250	0.817	3	1.000	0.710	146	0.01710875143409	0.0136736174313406	NA
k141_908	407	0.371	5	7.000	0.863	8	12.625	0.851	146	0.00794008746635107	0.00734574360048705	Homo sapiens
k141_5594	445	0.407	5	15.200	0.988	13	12.538	0.819	149	0.00743755122849976	0.00709331051544125	Homo sapiens
k141_4050	474	0.403	5	5.000	0.839	10	5.300	0.757	150	0.00692379666236536	0.00660201263232435	Homo sapiens
k141_1547	320	0.406	4	2.500	0.755	5	2.800	0.744	151	0.0155053224790827	0.0120713152029676	Homo sapiens
k141_649	340	0.365	2	1.000	0.819	5	1.600	0.660	151	0.0108277444410543	0.0100261879939531	Homo sapiens
k141_10155	676	0.370	5	20.000	0.980	13	15.077	0.828	152	0.0054359460438066	0.00508533461783034	Homo sapiens
k141_3221	383	0.360	2	5.500	0.641	4	71.500	0.644	155	0.0313678127123449	0.0103810896228316	Plasmodium falciparum 3D7
k141_10173	583	0.400	5	9.000	0.869	11	9.545	0.767	157	0.00654408165679041	0.00582105082759915	Homo sapiens
k141_4176	378	0.381	4	2.500	0.985	9	2.222	0.782	159	0.0100616369751089	0.00934153925166627	Homo sapiens
k141_486	568	0.410	5	9.800	0.802	13	9.615	0.785	159	0.00642766371454134	0.00615931405206614	Homo sapiens
k141_6772	621	0.393	5	10.200	0.713	13	12.462	0.670	159	0.00564146801381708	0.00539112141344482	Homo sapiens
k141_6130	354	0.381	4	2.000	0.888	5	3.800	0.836	160	0.0120956513187002	0.00972903984842594	Homo sapiens
k141_7219	506	0.385	5	59.600	0.919	11	20.273	0.847	161	0.0155092148197533	0.00866447165010985	Homo sapiens
k141_9045	569	0.406	5	20.200	0.967	14	12.286	0.849	161	0.00603414471879196	0.00582371643174568	Homo sapiens
k141_325	289	0.363	4	2.000	0.976	6	3.167	0.969	164	0.0163958501485448	0.0132076904741973	Homo sapiens
k141_455	450	0.393	5	8.200	0.752	14	7.071	0.629	164	0.00826929181277346	0.00767493563476402	Homo sapiens
k141_9096	490	0.406	4	10.750	0.745	5	3.200	0.705	166	0.132708349995374	0.0194755996750665	Homo sapiens
k141_10101	840	0.411	5	28.200	0.759	12	18.333	0.686	167	0.00535438794913264	0.00508795226268553	Homo sapiens
k141_7783	321	0.374	3	1.667	0.966	9	2.667	0.862	168	0.0124327263204997	0.0113964917503222	Homo sapiens
k141_4308	622	0.418	3	4.667	0.758	7	5.143	0.556	169	0.00832349017927599	0.00635439558717368	Homo sapiens
k141_1385	349	0.381	3	2.667	0.836	8	3.125	0.780	170	0.0114816849951561	0.010414673410876	Homo sapiens
k141_10153	638	0.425	4	15.000	0.499	7	112.857	0.715	175	0.0202182298865166	0.00787707569551006	Plasmodium falciparum 3D7
k141_1027	453	0.415	5	6.200	0.954	8	7.125	0.896	175	0.00864920362769388	0.00817401424003057	Homo sapiens
k141_10269	433	0.402	5	5.200	0.894	6	7.667	0.808	177	0.00920433586830614	0.00893256668241912	Homo sapiens
k141_6937	498	0.412	5	2.800	0.812	8	3.125	0.440	177	0.0077183926811842	0.0074693495843858	Homo sapiens
k141_7843	537	0.402	4	6.000	0.812	8	2.750	0.527	180	0.0235766203588004	0.0092512143626339	Homo sapiens
k141_2472	418	0.397	5	28.600	1.000	11	17.909	0.849	182	0.00982081112759447	0.00916476451344723	Homo sapiens
k141_7031	290	0.414	5	2.000	0.960	5	3.800	0.990	185	0.0180836991832068	0.0152352447433627	NA
k141_1355	364	0.382	5	2.200	0.697	7	3.000	0.528	185	0.0129339124412327	0.0107340003952791	Homo sapiens
k141_2628	471	0.406	4	6.250	0.885	10	7.500	0.589	185	0.00862932502352918	0.00823343196123166	Homo sapiens
k141_2980	383	0.358	5	3.600	0.977	7	5.286	0.886	188	0.013425101920126	0.0115379288650058	Homo sapiens
k141_7742	500	0.358	5	2.600	0.830	7	5.429	0.704	188	0.00966206732594103	0.00798736053594426	Homo sapiens
k141_10091	507	0.613	5	11.200	0.777	4	6.500	0.562	189	0.0149648600924551	0.0102050282692952	Homo sapiens
k141_9693	435	0.379	2	1.500	0.674	6	1.667	0.561	191	0.0111000337605448	0.0101026298242458	Homo sapiens
k141_4757	1097	0.633	2	6.000	0.956	2	1.500	0.441	192	0.207588842027468	0.00637382142359572	Homo sapiens
k141_2139	420	0.398	4	1.500	0.664	7	3.143	0.515	193	0.01024538946544	0.00960255774420004	Homo sapiens
k141_8032	426	0.427	4	3.250	0.843	4	3.500	0.819	196	0.0191105333089321	0.0159264265350088	Naegleria fowleri
k141_5919	427	0.489	5	319.600	0.682	10	32.200	0.616	196	0.0115850411414821	0.00995381917654382	Equus asinus
k141_10279	776	0.365	5	5.800	0.505	11	5.000	0.490	196	0.00657144292144087	0.00575558464286514	Homo sapiens
k141_5105	317	0.369	4	2.250	0.860	6	2.667	0.832	198	0.0140117806012164	0.0130594932947352	Homo sapiens
k141_8157	279	0.409	2	1.000	0.539	2	1.000	0.692	199	0.019084414224841	0.016446323368151	Homo sapiens
k141_9119	427	0.422	2	1.500	0.924	3	1.000	0.840	202	0.0169297720165284	0.0128991627129206	Homo sapiens
k141_4539	372	0.417	5	7.400	0.898	8	7.375	0.843	202	0.0123623719137214	0.0117023952390342	Homo sapiens
k141_4431	337	0.433	4	1.500	0.904	4	4.250	0.762	203	0.0202617964893396	0.0167467092034443	NA
k141_8428	1506	0.356	2	312.500	0.695	11	77.909	0.482	207	0.0162370199924887	0.00459280173914611	Plasmodium falciparum
k141_10104	413	0.409	4	2.000	0.799	7	2.000	0.615	207	0.0135084941198579	0.0109018008396999	Homo sapiens
k141_4294	372	0.358	2	1.500	0.649	6	2.000	0.738	207	0.012446643094011	0.0119181102432144	Homo sapiens
k141_3852	426	0.401	5	11.800	0.898	9	10.333	0.832	209	0.0107114738162665	0.0103170362909469	Homo sapiens
k141_8300	327	0.385	5	5.000	0.946	9	2.444	0.736	210	0.0265175868467652	0.0234618918415753	Homo sapiens
k141_4763	365	0.362	2	2.000	1.000	8	2.750	0.947	212	0.016752060216811	0.0134017917046786	Homo sapiens
k141_8968	591	0.394	3	14.667	0.544	9	93.556	0.690	213	0.0378825311225947	0.0106795762881331	Plasmodium falciparum 3D7
k141_5923	474	0.397	3	8.000	0.887	4	2.750	0.729	213	0.02889524197793	0.00979910180568213	Homo sapiens
k141_10296	479	0.382	2	6.000	0.954	12	4.583	0.811	214	0.0104552736684908	0.00996323585993043	Homo sapiens
k141_778	392	0.347	2	1.000	0.810	5	1.200	0.840	217	0.0196701306851552	0.0142322276238496	Homo sapiens
k141_7165	339	0.410	4	1.250	0.540	4	6.750	0.999	218	0.0236378050501422	0.0175690319456235	NA
k141_10228	459	0.392	5	7.800	0.974	7	11.429	0.847	220	0.0113786524988368	0.0101220485673365	Homo sapiens
k141_4800	329	0.422	3	1.000	0.766	3	2.333	0.793	227	0.0225489574751939	0.0176597186931009	NA
k141_6443	438	0.429	4	2.250	0.920	5	4.800	0.999	228	0.0208639758871007	0.0150122849542754	NA
k141_8326	1636	0.406	5	141.400	0.976	18	64.111	0.744	228	0.0032423262225531	0.00318751068287563	Homo sapiens
k141_9962	619	0.389	5	5.800	0.677	12	4.750	0.524	229	0.00914285618098255	0.00790904588082793	Homo sapiens
k141_10303	479	0.397	5	19.200	1.000	11	10.273	0.927	231	0.0109335787077469	0.0104972546310656	Homo sapiens
k141_8159	597	0.377	5	3.200	0.719	7	7.286	0.743	231	0.00923009215097442	0.00864219902063266	Homo sapiens
k141_5185	659	0.382	5	18.200	0.982	14	18.857	0.814	232	0.00840928776397883	0.00786676615511779	Homo sapiens
k141_5803	598	0.401	5	29.000	0.863	12	19.083	0.752	234	0.00923852526091729	0.00850852556724206	Homo sapiens
k141_517	331	0.414	4	1.250	0.635	5	1.400	0.537	238	0.0174525473352688	0.0152864096914965	Homo sapiens
k141_8123	424	0.417	5	4.800	0.750	8	3.750	0.930	238	0.013020449997709	0.0119144814490921	Homo sapiens
k141_1073	368	0.348	3	1.667	0.903	8	1.875	0.919	244	0.0166411074432	0.015268271469857	eukaryotic synthetic construct
k141_8811	346	0.396	2	1.500	0.821	8	2.750	0.846	247	0.0169240189887454	0.0153155290143048	Homo sapiens
k141_1136	630	0.410	5	5.000	0.843	9	4.444	0.668	248	0.00967331558434649	0.00829540905467714	Homo sapiens
k141_5143	256	0.359	2	1.000	0.711	2	1.000	0.623	249	0.0230316158263511	0.020745559375674	Homo sapiens
k141_8457	396	0.389	4	3.500	0.790	6	2.500	0.702	251	0.027699918207081	0.0137657881023664	Homo sapiens
k141_3731	239	0.360	2	1.000	1.000	2	2.000	0.923	254	0.0263676498370263	0.023729139312534	Homo sapiens
k141_9849	415	0.373	3	2.333	0.982	5	2.000	0.895	254	0.0170447202146611	0.0143349106113705	Homo sapiens
k141_8414	336	0.402	3	2.667	0.658	5	2.600	0.519	256	0.0175906464453214	0.0157614327792931	Homo sapiens
k141_9253	323	0.427	3	1.000	0.908	5	3.000	0.808	257	0.0288256096089887	0.0215855352059812	NA
k141_3738	285	0.347	2	5.000	1.000	3	2.667	0.979	263	0.0234150663250532	0.0210693000025747	NA
k141_10406	630	0.373	3	1.000	0.630	2	3.000	0.573	264	0.0105913820491855	0.00978329814112342	Homo sapiens
k141_10271	707	0.396	5	4.800	0.714	11	3.909	0.600	267	0.00943617239439026	0.00847306187118	Homo sapiens
k141_10427	413	0.402	3	1.667	0.800	5	5.400	0.906	268	0.0262895516804512	0.0204411255731052	NA
k141_9264	423	0.388	3	3.333	0.863	4	4.000	0.858	268	0.0189464140158286	0.0159196546048556	Homo sapiens
k141_9969	514	0.414	5	7.200	0.835	9	6.778	0.815	268	0.0124140571133571	0.0111793283572434	Homo sapiens
k141_6328	308	0.380	3	1.333	0.983	2	1.000	0.972	269	0.0260013345579194	0.0211966003147673	Homo sapiens
k141_5307	366	0.423	3	1.000	0.883	8	2.875	0.792	269	0.0173290136237892	0.0162342593514389	Homo sapiens
k141_8502	2693	0.374	5	437.800	0.342	15	177.533	0.443	269	0.0110676596011466	0.00410050164866191	Plasmodium falciparum 3D7
k141_4515	511	0.395	4	3.000	0.873	9	2.556	0.776	270	0.012358345453053	0.0118061773531318	Homo sapiens
k141_5859	442	0.364	3	2.667	0.863	10	3.000	0.763	273	0.0164891325374743	0.0149968509092613	Homo sapiens
k141_2358	497	0.376	3	2.000	0.742	9	2.556	0.605	276	0.0177850463387151	0.0164102196067826	Homo sapiens
k141_10088	545	0.413	4	2.000	0.650	6	1.833	0.652	276	0.0123659225200422	0.0114967524978896	Homo sapiens
k141_1686	343	0.373	4	1.500	0.704	5	4.000	0.966	278	0.0319030340178386	0.0184246884429344	Homo sapiens
k141_560	589	0.399	4	4.250	0.750	8	8.500	0.957	278	0.0158918153883316	0.0141251815871754	Homo sapiens
k141_4804	347	0.418	4	1.250	0.852	6	4.333	0.957	283	0.0313634312494342	0.0235022409814129	NA
k141_6415	377	0.390	2	1.500	0.968	4	1.750	0.904	284	0.0199384620852971	0.0183181552148489	Homo sapiens
k141_1332	319	0.455	2	2.000	0.973	2	3.000	0.777	287	0.0494683228791869	0.0347171962593305	Naegleria fowleri
k141_8773	811	0.402	5	18.600	0.787	13	14.077	0.626	288	0.00839845610604297	0.00757213486245578	Homo sapiens
k141_1777	418	0.414	2	1.500	0.646	2	2.000	0.609	289	0.0289349898202943	0.0189490980474113	Homo sapiens
k141_10367	668	0.362	5	23.800	0.795	12	23.333	0.646	291	0.0108090286291262	0.00981809669893932	Homo sapiens
k141_5316	352	0.426	2	2.500	0.922	2	5.000	0.967	292	0.0279568322549622	0.0217857594617076	Homo sapiens
k141_6859	324	0.420	2	2.000	0.975	9	2.444	0.821	293	0.0221761672784457	0.0206510594598214	Homo sapiens
k141_7725	501	0.385	2	1.000	0.581	7	4.143	0.435	294	0.0155602184278608	0.0126511500002712	Homo sapiens
k141_3428	596	0.421	5	8.800	0.872	8	5.875	0.794	297	0.0132715791728682	0.0118350765581916	Homo sapiens
k141_5839	355	0.361	3	1.333	0.986	3	2.333	0.943	298	0.0292591880486713	0.0222229153543532	NA
k141_8789	334	0.434	2	1.500	0.726	3	1.333	0.624	300	0.02225671400493	0.0186640607145921	Homo sapiens
k141_2643	344	0.378	3	2.000	0.927	5	1.600	0.578	301	0.021009553045339	0.0198631823151079	Homo sapiens
k141_9611	642	0.396	5	1.200	0.740	5	4.800	0.898	302	0.014515349110096	0.012374341948892	Homo sapiens
k141_2067	848	0.408	5	17.800	0.787	11	19.364	0.633	302	0.00907065955682496	0.00791256788233811	Homo sapiens
k141_6238	360	0.375	4	2.250	0.860	13	4.923	0.977	303	0.019908389417909	0.0184277335626147	Homo sapiens
k141_599	363	0.377	4	2.500	0.975	7	3.429	0.934	304	0.0255420821089498	0.0207564747105478	Homo sapiens
k141_3033	474	0.403	3	1.667	0.712	9	2.889	0.727	311	0.0162963703944864	0.0151996899084893	Homo sapiens
k141_2453	234	0.346	3	1.000	0.725	2	1.500	0.795	315	0.0360104943661092	0.0311052672815015	Homo sapiens
k141_8973	522	0.498	3	8.667	0.716	5	33.400	0.564	317	1.10744240478814	0.0286645066501655	Gammatorquevirus sp.
k141_9840	473	0.391	3	1.667	0.939	10	2.300	0.884	317	0.0170471374828273	0.0145287711588017	Homo sapiens
k141_10246	701	0.401	5	22.600	0.990	14	11.929	0.822	317	0.0107371642849353	0.00943141117541808	Homo sapiens
k141_2375	441	0.372	2	1.500	0.692	8	3.000	0.563	318	0.0178112014972625	0.0147251507970477	Homo sapiens
k141_10008	442	0.369	3	1.000	0.864	3	1.000	0.784	323	0.0252858410927714	0.0180134949221256	Homo sapiens
k141_3369	461	0.373	5	2.400	0.811	8	4.000	0.547	325	0.019377430637489	0.0156279355574943	Homo sapiens
k141_9523	302	0.397	3	3.000	0.854	2	4.500	0.907	329	0.0478064132381474	0.0311617760150015	Homo sapiens
k141_10385	501	0.545	4	8.000	0.779	3	3.333	0.677	330	0.0155206652732876	0.0138543024709898	Homo sapiens
k141_137	274	0.365	3	1.667	0.749	4	1.500	0.454	331	0.0291603098332136	0.0266960755512254	Homo sapiens
k141_926	448	0.400	4	3.500	0.770	5	5.800	0.628	331	0.0172391049255402	0.0162337454377187	Homo sapiens
k141_6309	406	0.357	5	2.800	0.942	11	4.727	0.910	332	0.0236017127853492	0.0195984300752718	Homo sapiens
k141_7367	430	0.416	5	74.000	0.922	17	261.059	0.591	333	0.0252735653266658	0.0176255729862261	Homo sapiens
k141_7669	580	0.417	5	75.200	0.885	17	257.412	0.569	333	0.0185045145341998	0.0129040753224828	Homo sapiens
k141_4878	574	0.402	3	1.333	0.461	3	1.333	0.765	334	0.0191652408391785	0.0158816138242535	Homo sapiens
k141_8946	479	0.395	5	8.000	0.973	5	12.200	0.911	335	0.0225725199819494	0.019317633292901	Homo sapiens
k141_6425	338	0.435	5	1.600	0.907	5	5.200	0.878	336	0.0376667880439763	0.0262652944107021	NA
k141_9012	321	0.377	2	1.000	0.953	4	1.000	0.897	341	0.0274707633379996	0.0237449906184844	Homo sapiens
k141_4706	377	0.438	5	9.600	0.978	9	13.333	0.818	344	0.0304403168813187	0.0239200259345922	NA
k141_267	398	0.382	5	1.400	0.820	6	2.333	0.859	344	0.024516458583708	0.0212527127919736	NA
k141_8848	440	0.411	3	1.333	0.668	5	4.800	0.954	345	0.033024250153128	0.0252234374101679	Naegleria fowleri
k141_5043	344	0.390	4	1.250	0.741	5	2.000	0.842	347	0.028164366927707	0.024866620568507	Homo sapiens
k141_1413	556	0.405	4	4.500	0.962	16	6.938	0.856	348	0.0151766793412112	0.0141429355967294	Homo sapiens
k141_4593	662	0.417	4	1.750	0.686	5	7.400	0.700	351	0.0243881838778381	0.0193149664743119	Homo sapiens
k141_8583	372	0.363	3	2.000	1.000	8	4.375	0.981	352	0.0275422765484309	0.0230313740153911	Homo sapiens
k141_10057	326	0.445	3	2.000	0.950	4	4.250	0.758	355	0.0407347025816055	0.0281543631798494	NA
k141_7461	334	0.368	4	5.750	0.790	8	5.500	0.645	355	0.0272473059856057	0.0232185131836496	Homo sapiens
k141_1921	496	0.399	4	2.250	0.651	9	3.000	0.558	355	0.0236106678790554	0.0218237167903608	Homo sapiens
k141_7929	405	0.427	4	2.000	0.985	4	5.500	0.988	358	0.0328291711392634	0.0248492654291922	NA
k141_3580	441	0.483	4	68.000	0.934	9	33.778	0.725	361	0.0398712969735452	0.0313908341212436	Paramisgurnus dabryanus
k141_9029	493	0.385	4	10.750	0.980	15	7.000	0.923	366	0.0181085842776668	0.0168114018753984	Homo sapiens
k141_5055	398	0.389	3	2.333	0.881	7	3.857	0.882	372	0.0233701968733266	0.0210298568933546	Homo sapiens
k141_5761	399	0.368	4	3.500	0.855	6	5.667	0.801	373	0.0264174569965024	0.0204076350909571	Homo sapiens
k141_7189	401	0.367	4	3.750	0.958	8	3.500	0.913	374	0.0229128370339619	0.0216393245288207	Homo sapiens
k141_8071	310	0.390	2	1.000	0.813	3	1.000	0.789	377	0.0313335969791656	0.0285281758851831	Homo sapiens
k141_4411	287	0.355	4	2.000	0.985	5	2.200	0.815	388	0.0336694231301239	0.0308426418848438	Homo sapiens
k141_8894	408	0.373	5	6.000	0.968	9	5.000	0.932	389	0.0302115369356424	0.024069498944817	Homo sapiens
k141_9042	370	0.370	2	1.500	0.762	11	3.273	0.874	389	0.0284343378966281	0.0248470792560417	Homo sapiens
k141_8685	494	0.391	5	27.200	0.889	11	19.182	0.774	393	0.0198471561003601	0.0179852379449454	Homo sapiens
k141_10363	375	0.419	2	1.500	0.663	2	1.000	0.628	395	0.0260563684976627	0.0238804609035379	Homo sapiens
k141_8202	268	0.429	2	1.000	0.851	4	1.500	0.775	397	0.0584448068879586	0.0410849378040176	NA
k141_9932	458	0.358	4	1.750	0.789	5	1.200	0.735	398	0.041520452223251	0.0231562288056004	Homo sapiens
k141_9761	560	0.348	4	4.750	0.755	7	5.286	0.682	407	0.0197520531623586	0.0154151512001625	Homo sapiens
k141_5177	328	0.393	3	1.333	0.646	7	2.000	0.683	409	0.0307019263409949	0.0281842671736356	Homo sapiens
k141_7169	619	0.414	4	1.750	0.682	5	6.000	0.760	410	0.0164596166710595	0.0149511587150332	Homo sapiens
k141_9069	431	0.387	2	1.000	0.767	2	1.000	0.629	412	0.030253563668046	0.0272692582889619	Homo sapiens
k141_4148	477	0.398	4	2.750	0.862	9	4.667	0.800	412	0.0215773824904024	0.019864932962493	Homo sapiens
k141_26	413	0.395	5	2.400	0.819	7	3.571	0.857	414	0.0278004272472793	0.0215972982519566	Homo sapiens
k141_10198	449	0.370	5	1.600	0.776	4	2.750	0.599	417	0.0265218117316313	0.0230183074957453	Homo sapiens
k141_10267	789	0.411	5	13.600	0.950	13	20.308	0.811	421	0.0251687252753981	0.0195966316173319	Homo sapiens
k141_346	596	0.367	4	2.500	0.786	9	2.778	0.629	421	0.021265096642753	0.0182424128357013	Homo sapiens
k141_7803	290	0.372	4	4.000	0.958	7	2.857	0.889	422	0.0374877007723209	0.0341265488771906	Homo sapiens
k141_1186	431	0.385	2	1.500	0.762	2	2.000	0.811	422	0.0274571266227687	0.0237080087819533	Homo sapiens
k141_6139	307	0.401	2	1.500	0.647	5	1.000	0.476	423	0.222741335367597	0.0304488156001757	Homo sapiens
k141_2387	505	0.406	4	5.250	0.992	13	6.462	0.957	423	0.0205026068310023	0.0188708314256478	Homo sapiens
k141_864	500	0.386	2	2.000	0.983	8	2.875	0.737	425	0.0210172842571338	0.019642107260428	Homo sapiens
k141_1244	336	0.372	3	8.333	0.909	2	8.500	0.963	427	0.0801407260693657	0.0381061374147307	Homo sapiens
k141_8925	370	0.397	3	2.667	0.870	7	2.000	0.585	431	0.0348085259644984	0.0255830867545058	Homo sapiens
k141_6424	547	0.371	4	3.250	0.580	7	3.714	0.747	433	0.0201782427896925	0.0186721490057145	Homo sapiens
k141_9535	519	0.395	2	2.500	0.832	8	2.125	0.620	435	0.024308109757647	0.0225677453917406	Homo sapiens
k141_670	414	0.425	5	2.600	0.690	5	5.600	0.847	438	0.0294031990542517	0.0228146069166223	Homo sapiens
k141_248	457	0.392	4	1.250	0.873	2	3.000	1.000	439	0.0411329902062785	0.0238453956266992	Homo sapiens
k141_9303	535	0.387	4	2.750	0.852	5	4.400	0.808	447	0.0249566960516009	0.0214571767409183	Homo sapiens
k141_701	398	0.397	2	1.500	0.812	5	2.000	0.582	452	0.0338129531602061	0.0293776161134571	Homo sapiens
k141_9260	428	0.369	3	5.000	0.966	6	5.167	0.827	452	0.0313068658524259	0.0257023066258162	Homo sapiens
k141_6659	408	0.375	2	1.500	0.929	2	2.500	0.635	453	0.0294793354508607	0.0263715612925573	Homo sapiens
k141_2143	288	0.413	3	1.000	0.918	5	5.200	0.988	454	0.054429535266767	0.0398610606107741	NA
k141_128	479	0.428	5	4.000	0.976	6	9.667	0.911	458	0.0390918247253591	0.0275236361281343	Homo sapiens
k141_9647	402	0.391	3	2.333	0.873	9	3.333	0.833	459	0.0330709825252798	0.0297969166537362	Homo sapiens
k141_7925	429	0.431	2	2.500	0.974	3	3.333	0.907	462	0.0404246355083091	0.0295557871065908	NA
k141_8290	683	0.382	2	1.500	0.696	4	2.000	0.568	463	0.0301352423007017	0.0248758290978104	Homo sapiens
k141_5487	319	0.379	4	2.750	0.912	7	3.286	0.962	464	0.0394435561916792	0.0331284143752499	Homo sapiens
k141_1465	382	0.387	5	1.600	0.835	3	3.667	0.859	465	0.0371606789473744	0.0307142963204784	Homo sapiens
k141_6797	335	0.403	3	2.000	0.835	3	3.667	0.772	466	0.0455317464723764	0.0314439001915705	Homo sapiens
k141_10126	443	0.422	5	4.000	0.958	6	4.000	0.868	467	0.037884902037405	0.0296764713889563	NA
k141_7532	382	0.359	4	2.750	1.000	4	3.250	0.990	469	0.0404031182791119	0.0309348833496365	Homo sapiens
k141_2484	431	0.392	4	2.250	0.983	10	6.000	0.932	469	0.0328943196184407	0.0295936482640671	Homo sapiens
k141_5688	306	0.369	3	1.333	0.840	6	2.167	0.972	472	0.0437477583155191	0.0362083150384147	Homo sapiens
k141_10312	447	0.360	4	1.500	0.720	3	1.333	0.787	477	0.041636277553757	0.0317758804107096	eukaryotic synthetic construct
k141_7200	382	0.343	2	1.000	0.823	3	2.000	0.644	477	0.0367382017392455	0.0315695726502679	Homo sapiens
k141_8519	340	0.409	2	1.000	0.976	4	1.500	0.818	478	0.0493670149447257	0.0355227964558345	Homo sapiens
k141_5308	314	0.411	5	1.400	0.817	6	9.667	0.957	484	0.04949451649182	0.0388236657087719	NA
k141_3978	336	0.405	3	2.333	0.924	7	4.714	0.848	484	0.0381584331415361	0.0334562867344711	Homo sapiens
k141_2561	453	0.430	5	4.600	0.994	7	5.429	0.950	485	0.0362307773883542	0.0284082135583703	NA
k141_6812	340	0.418	4	2.250	0.861	9	2.778	0.778	487	0.0385086137576696	0.0337485857041844	Homo sapiens
k141_9445	433	0.370	5	3.200	0.865	10	6.600	0.852	488	0.0358392670656935	0.0298369801279985	Homo sapiens
k141_4007	462	0.374	2	1.500	0.630	4	2.750	0.838	489	0.0339675942003213	0.0278100376296707	Homo sapiens
k141_9363	598	0.390	5	5.200	0.958	10	8.000	0.952	490	0.0265816419062002	0.0223838828155493	Homo sapiens
k141_10484	568	0.380	4	2.000	0.838	8	5.500	0.734	491	0.0266573936658135	0.0230466132460962	Homo sapiens
k141_1948	595	0.348	5	11.400	0.777	7	22.286	0.677	491	0.0260678274086543	0.0184493881297887	Homo sapiens
k141_2256	519	0.509	5	333.800	0.726	8	43.125	0.662	492	0.0241046213594661	0.0188914033061228	Equus asinus
k141_5970	786	0.379	3	3.667	0.592	7	4.714	0.521	501	0.0189878971311299	0.0153103058654922	Homo sapiens
k141_10372	437	0.368	2	1.000	0.884	2	1.500	0.740	502	0.0378556731184342	0.0306531430524787	Homo sapiens
k141_3976	312	0.362	5	3.000	0.812	9	3.778	0.938	507	0.0444615958814041	0.0373468201691791	Homo sapiens
k141_7873	529	0.374	3	2.667	0.946	4	4.500	0.649	507	0.033612666171523	0.0291012326517011	Homo sapiens
k141_6745	388	0.379	5	5.200	0.994	8	5.875	0.954	514	0.0403268141385909	0.0335508922205372	Homo sapiens
k141_9674	423	0.437	3	3.333	0.969	5	2.400	0.766	516	0.0338252453969265	0.0278824620400436	Homo sapiens
k141_4577	363	0.562	2	1.500	0.891	5	31.200	0.955	518	0.641880380053009	0.065214009606705	Micrococcus luteus
k141_7152	408	0.395	5	1.600	0.847	5	4.400	0.873	518	0.0383809994686005	0.031125365256366	Homo sapiens
k141_10361	581	0.368	4	1.500	0.839	8	3.875	0.853	518	0.0256571775346712	0.0232060325589722	Homo sapiens
k141_5275	453	0.411	4	1.500	0.781	4	3.500	0.769	520	0.038916800779766	0.0308975618958398	NA
k141_8461	420	0.388	4	1.000	0.716	3	3.000	0.926	521	0.0332081252373717	0.0301628313632336	Homo sapiens
k141_3736	401	0.426	5	1.400	0.585	2	3.000	0.511	524	0.0392205911807926	0.0282294806949243	Homo sapiens
k141_2726	426	0.418	5	4.400	0.945	13	7.231	0.924	525	0.0302752080061932	0.0275943194818789	Homo sapiens
k141_3378	469	0.354	4	2.750	0.882	7	3.000	0.732	528	0.0450278759926871	0.0309066128114472	NA
k141_9813	324	0.435	2	1.500	0.965	2	1.000	0.657	529	0.0439678470441851	0.0389487950947113	Homo sapiens
k141_2119	388	0.358	2	1.000	0.997	3	5.000	0.830	529	0.0374333051372437	0.0329658368579114	Homo sapiens
k141_9875	671	0.353	3	1.667	0.780	6	2.167	0.716	530	0.0247525646976176	0.0215680161865708	Homo sapiens
k141_10247	479	0.378	2	1.500	0.802	4	2.000	0.765	534	0.0336473698643409	0.0275988882547113	Homo sapiens
k141_1341	464	0.390	5	2.000	0.836	8	5.625	0.881	537	0.0381115216709432	0.0300331822904073	Homo sapiens
k141_6466	517	0.379	4	2.000	0.965	2	3.500	0.990	541	0.0334678207631546	0.0293572897461271	Homo sapiens
k141_6084	449	0.430	3	3.000	0.686	5	2.200	0.563	542	0.0315899211053889	0.025975954547099	Homo sapiens
k141_5451	567	0.365	3	1.667	0.761	7	2.429	0.818	542	0.0258377386891666	0.023435920156546	Homo sapiens
k141_7536	301	0.385	3	1.333	0.927	9	3.000	0.738	547	0.0495304758299756	0.0438886095993697	Homo sapiens
k141_1490	683	0.367	5	5.400	0.794	8	8.875	0.780	547	0.0288249873919925	0.0228730591968992	Homo sapiens
k141_10072	413	0.366	4	1.750	0.864	3	4.000	0.918	552	0.0412081050398921	0.0333291192725947	Homo sapiens
k141_4902	558	0.357	3	1.333	0.929	5	1.600	0.643	552	0.0358390475939106	0.0260291931553994	Homo sapiens
k141_1475	315	0.375	3	1.333	0.942	2	2.000	0.560	555	0.0508019467161439	0.0414857212196132	Homo sapiens
k141_8590	311	0.444	3	1.333	0.712	2	1.500	0.867	556	0.0663233998793149	0.0468565008662521	NA
k141_4354	444	0.428	3	1.667	0.738	6	4.333	0.838	556	0.0449969770448582	0.0334386052101623	NA
k141_9774	400	0.378	3	1.333	0.978	3	1.000	0.729	557	0.0455240935545605	0.0363795219679747	Homo sapiens
k141_9383	622	0.365	2	2.000	0.761	5	3.000	0.541	557	0.0275270467574486	0.0238970127052669	Homo sapiens
k141_5554	431	0.408	5	2.200	0.734	3	3.000	0.678	558	0.0399677723960973	0.0335935311452275	Homo sapiens
k141_10319	362	0.387	4	3.000	0.843	10	2.400	0.874	558	0.0390210859663856	0.0359649452511779	Homo sapiens
k141_8118	606	0.396	5	6.400	0.647	11	5.818	0.574	560	0.0296026543427332	0.0210297770302275	Homo sapiens
k141_4043	553	0.398	5	12.600	0.862	13	9.923	0.706	562	0.0292035215739065	0.0234423531553921	Homo sapiens
k141_2279	328	0.354	2	1.500	1.000	2	2.000	0.995	564	0.0540796706866855	0.0426671981751596	NA
k141_7177	375	0.408	4	2.500	0.753	7	2.714	0.743	564	0.0410018437003647	0.0325545565859929	Homo sapiens
k141_3501	304	0.431	4	2.750	0.998	5	9.400	0.970	565	0.0654592465798506	0.0471348291419999	NA
k141_2673	314	0.382	4	2.500	0.951	10	2.600	0.935	567	0.0483280999892643	0.0423809536767951	Homo sapiens
k141_9853	438	0.409	2	2.000	0.658	2	1.500	0.540	568	0.0370891108554798	0.0306650291459625	Homo sapiens
k141_8374	429	0.392	5	4.200	0.948	15	5.667	0.954	568	0.0348537088068999	0.0322590764664595	Homo sapiens
k141_3896	458	0.410	5	3.000	0.818	10	5.700	0.850	569	0.0462655676238701	0.0402507596070412	Homo sapiens
k141_9635	583	0.391	3	3.000	0.930	12	4.167	0.879	573	0.0347517796326115	0.0292301359275802	Homo sapiens
k141_3823	606	0.394	5	5.600	0.961	15	10.333	0.920	576	0.0259877678692322	0.0236573694005811	Homo sapiens
k141_896	677	0.390	4	2.000	0.754	11	4.000	0.929	576	0.0237322647093289	0.0216025697858734	Homo sapiens
k141_8338	687	0.387	5	1.600	0.593	12	8.417	0.701	578	0.0356668170525174	0.0287572895946029	Homo sapiens
k141_2957	311	0.373	4	2.750	1.000	10	2.700	0.967	579	0.0477871729141927	0.0432635370284461	Homo sapiens
k141_9961	594	0.372	2	1.000	0.730	5	1.400	0.586	581	0.0290251996730029	0.0258379182388868	Homo sapiens
k141_3897	325	0.360	2	1.000	1.000	5	1.400	0.935	583	0.0659754186135092	0.045672651797194	Homo sapiens
k141_7996	287	0.362	3	1.000	0.758	3	1.000	0.816	583	0.0591964776357395	0.0482232355140201	Homo sapiens
k141_4126	283	0.385	2	1.500	0.905	3	1.667	0.890	584	0.0664270430823885	0.0472384411114528	Homo sapiens
k141_6474	330	0.391	5	3.000	0.987	8	7.625	0.967	584	0.0478732974874975	0.0427103326880052	Homo sapiens
k141_8248	369	0.396	5	4.400	0.816	5	5.200	0.817	584	0.0430830438935097	0.0380365021403681	Homo sapiens
k141_4160	533	0.383	5	6.200	0.667	11	8.364	0.611	588	0.0359087727107855	0.025428228958926	Homo sapiens
k141_10313	605	0.365	5	2.200	0.642	7	4.571	0.783	588	0.0269365521658295	0.0238815377968015	Homo sapiens
k141_4166	449	0.403	4	3.000	0.858	8	3.000	0.839	590	0.0430831320699864	0.0387816185014947	Homo sapiens
k141_10160	489	0.358	2	1.000	0.889	9	1.667	0.798	592	0.0337504801921825	0.0296408771474764	Homo sapiens
k141_1601	401	0.357	3	1.333	0.968	5	3.000	0.900	594	0.053361044999301	0.0385436968568395	Homo sapiens
k141_949	385	0.405	3	4.333	1.000	3	2.000	0.952	599	0.0491823038631035	0.0391389818585024	Homo sapiens
k141_5637	320	0.412	3	1.333	0.978	8	2.250	0.949	601	0.0551002721176433	0.0472028309954386	Homo sapiens
k141_1468	285	0.393	2	1.500	0.956	5	1.600	0.926	602	0.0708226533796891	0.0532348141970048	Homo sapiens
k141_2960	426	0.390	4	4.750	0.954	13	5.077	0.851	602	0.0520939813248117	0.0469700339979783	Homo sapiens
k141_5041	342	0.383	2	1.500	0.643	3	1.000	0.762	605	0.0626045495709679	0.0398954266272126	Homo sapiens
k141_4829	333	0.393	3	3.333	0.918	5	3.600	0.894	606	0.0769776645058885	0.0438242876908349	Homo sapiens
k141_4592	482	0.369	3	3.333	0.902	9	4.444	0.794	606	0.0385188286668626	0.0342005878088789	Homo sapiens
k141_10116	483	0.383	5	3.600	0.762	6	9.333	0.855	607	0.0433488678318923	0.0338383250154239	Homo sapiens
k141_8221	314	0.417	2	1.500	1.000	2	1.500	0.865	608	0.0640517207313226	0.0470374758344565	NA
k141_1450	398	0.362	3	2.000	0.807	3	1.000	0.763	608	0.0463473928141213	0.0392983052515605	Homo sapiens
k141_6636	396	0.391	2	1.500	0.723	2	1.000	0.711	608	0.0439542910123997	0.0357679081554491	Homo sapiens
k141_11	325	0.397	2	1.500	1.000	3	2.000	0.829	609	0.0524446209251447	0.0447739151083132	Homo sapiens
k141_596	392	0.388	2	1.000	0.941	4	3.250	0.829	612	0.0480158294984527	0.0390362126357066	Homo sapiens
k141_2951	387	0.388	3	3.000	0.851	7	2.571	0.934	613	0.0616930573164895	0.0525477282986546	Homo sapiens
k141_4755	502	0.365	4	3.000	0.931	11	5.000	0.840	614	0.0431731186580266	0.0321351627739641	Homo sapiens
k141_10025	534	0.378	3	1.333	0.525	3	1.000	0.370	617	0.0383154810050447	0.026509798911004	Homo sapiens
k141_9141	456	0.384	4	1.750	0.575	6	3.500	0.617	618	0.0617110315630205	0.0494209510702276	Homo sapiens
k141_7121	397	0.388	4	1.250	0.964	2	2.500	0.961	618	0.0525266686654173	0.0393081839334955	Naegleria fowleri
k141_6461	427	0.393	2	1.000	1.000	2	2.500	0.998	619	0.0549307080670074	0.039866770045895	NA
k141_8892	317	0.394	3	8.333	1.000	2	14.500	0.730	624	0.100475994574985	0.0557296262249797	Homo sapiens
k141_6549	386	0.373	2	3.500	0.965	9	3.556	0.823	624	0.0454812065284029	0.0375494502512297	Homo sapiens
k141_3627	282	0.411	5	4.600	0.978	6	7.333	0.931	625	0.0770676317496769	0.0576211285255765	Homo sapiens
k141_766	370	0.365	2	2.000	0.999	5	3.200	0.994	626	0.0575940216491973	0.0461677070954899	Homo sapiens
k141_10199	421	0.380	5	2.200	0.930	11	2.818	0.837	628	0.045548728464511	0.0377542489530918	Homo sapiens
k141_10124	589	0.394	5	22.600	0.954	11	19.273	0.895	639	0.0447118396473531	0.0332735404941319	NA
k141_1097	283	0.438	3	2.333	1.000	2	1.500	0.933	641	0.104221695935053	0.0636474751159776	Homo sapiens
k141_8310	587	0.385	5	8.400	0.957	14	14.571	0.933	642	0.0339776860352944	0.0306782002197457	Homo sapiens
k141_6958	475	0.385	4	3.750	0.888	10	7.000	0.938	643	0.0380783033830639	0.0335356322341155	Homo sapiens
k141_9304	453	0.369	5	9.000	0.960	12	5.667	0.954	644	0.0435000196309958	0.0357509498175228	Homo sapiens
k141_1613	422	0.353	2	1.500	0.634	4	1.250	0.883	646	0.0588494124628036	0.0435194498158034	Homo sapiens
k141_9839	361	0.429	3	1.667	0.782	6	2.500	0.599	648	0.0511411511075247	0.0445772904902819	Homo sapiens
k141_10232	553	0.400	5	1.000	0.704	8	3.625	0.839	653	0.0335886503366124	0.0301753343385229	Homo sapiens
k141_6542	397	0.431	2	1.500	0.997	2	3.000	0.916	654	0.0615809293636854	0.0443475213806366	Homo sapiens
k141_2884	584	0.382	4	1.750	0.749	3	4.333	0.554	654	0.0428410679571769	0.0339648265436869	Homo sapiens
k141_9560	481	0.570	4	4.000	0.820	5	53.400	0.958	656	0.763883008252149	0.0939489396459203	Cutibacterium acnes
k141_7640	309	0.411	3	2.000	0.601	4	2.500	0.494	656	0.0633928740219492	0.0513325184831302	Homo sapiens
k141_1712	404	0.381	3	1.667	0.697	5	1.400	0.569	661	0.0467743148629368	0.0400792537017047	Homo sapiens
k141_3494	417	0.432	5	12.400	0.990	11	19.727	0.913	663	0.0563724520164064	0.0420479988447252	NA
k141_202	346	0.410	2	1.000	0.605	2	1.000	0.173	667	0.0606388703487447	0.0514330056420578	Homo sapiens
k141_4071	381	0.430	4	3.750	0.897	7	2.000	0.792	667	0.059991364126713	0.0511232371329118	Homo sapiens
k141_9454	576	0.408	4	4.250	0.810	6	7.167	0.821	670	0.0425169286842246	0.0328198042496408	Homo sapiens
k141_9970	525	0.385	5	7.600	0.923	14	5.714	0.887	670	0.0376457364660654	0.0327290360528434	Homo sapiens
k141_7787	442	0.380	4	3.500	0.941	7	4.429	0.943	671	0.063087087105663	0.0412486778610745	NA
k141_10376	448	0.384	4	3.750	0.954	11	3.273	0.857	671	0.0512783742159562	0.0370253521719119	Homo sapiens
k141_10147	342	0.404	2	1.500	0.867	5	1.800	0.690	674	0.0529784846810254	0.0477493472294751	Homo sapiens
k141_9655	394	0.388	3	2.000	0.841	4	2.000	0.718	674	0.0508175174772432	0.0433687933384355	Homo sapiens
k141_5576	334	0.383	2	1.500	0.945	2	2.000	0.898	675	0.0644688413808236	0.0512419814342903	NA
k141_3377	405	0.407	5	2.400	0.839	10	6.200	0.727	676	0.0492802188064568	0.0410818378776813	Homo sapiens
k141_9301	587	0.405	5	14.200	0.948	13	8.000	0.819	676	0.0380746181509733	0.0254482911016134	Homo sapiens
k141_4009	438	0.361	2	1.500	0.861	3	1.000	0.564	677	0.0496841993835015	0.0422669138512267	Homo sapiens
k141_1835	356	0.382	2	1.000	0.999	4	2.250	0.883	679	0.0676430062646972	0.0509157602646402	Homo sapiens
k141_9411	307	0.423	3	2.667	0.969	2	1.500	0.997	683	0.0789633822541513	0.0593531570762127	NA
k141_1368	268	0.388	2	2.000	0.616	5	1.800	0.860	684	0.0776315822972831	0.0654896290783941	Homo sapiens
k141_6889	302	0.414	2	2.000	0.581	7	2.429	0.878	684	0.06304383842407	0.0570107364423224	Homo sapiens
k141_9013	358	0.355	3	1.667	0.958	3	3.000	0.669	686	0.0642128322045662	0.0461388134941544	Homo sapiens
k141_6002	370	0.338	4	1.750	0.899	5	2.000	0.828	688	0.0673629345055903	0.0439938945666646	Homo sapiens
k141_899	376	0.396	4	1.500	0.781	8	2.375	0.809	689	0.0539694945096658	0.0467352123550589	Homo sapiens
k141_7846	669	0.383	2	1.000	0.585	4	2.250	0.880	689	0.0353704139232885	0.0302025513970037	Homo sapiens
k141_8208	475	0.362	2	3.500	0.989	5	3.600	0.655	691	0.0507262518505126	0.0404624407304149	Homo sapiens
k141_2055	484	0.386	3	1.000	0.729	8	2.875	0.698	693	0.0507544945975643	0.0448360964257546	Homo sapiens
k141_3190	498	0.339	4	5.750	0.990	13	4.462	0.951	693	0.0425509167804239	0.0364621538189908	Homo sapiens
k141_4838	385	0.361	2	1.000	0.592	2	1.000	0.225	699	0.0519452089582364	0.0456953195799921	Homo sapiens
k141_8989	282	0.358	4	2.000	0.927	8	1.625	0.829	700	0.0997390200893492	0.0694942859921649	Homo sapiens
k141_9675	482	0.376	3	1.667	0.775	5	3.800	0.917	701	0.045231552485651	0.0363229134310279	Homo sapiens
k141_10317	600	0.387	4	3.500	0.905	13	4.692	0.788	704	0.0315943458448784	0.028617053295155	Homo sapiens
k141_9740	433	0.386	3	2.000	0.853	3	3.667	0.754	706	0.0496549754145324	0.0393665176762241	Homo sapiens
k141_5313	578	0.412	3	2.667	0.739	5	150.000	0.673	708	0.0493438948383382	0.0362482028941088	uncultured bacterium
k141_429	397	0.436	2	1.500	0.940	2	1.000	0.879	709	0.0731256814006567	0.0502573173549915	Homo sapiens
k141_2306	717	0.414	5	4.200	0.819	6	6.000	0.789	709	0.0331662071149892	0.0259429513488218	Homo sapiens
k141_4941	425	0.388	4	1.500	0.848	9	2.000	0.787	710	0.064349234215239	0.0567005690000334	Homo sapiens
k141_9175	519	0.397	3	2.333	0.824	14	2.071	0.764	710	0.0397277356878651	0.0358744505183007	Homo sapiens
k141_9953	570	0.402	4	5.250	0.965	16	8.250	0.888	710	0.0335924610978663	0.0304690591199728	Homo sapiens
k141_769	326	0.383	3	1.333	0.907	6	4.000	0.778	712	0.0607813788072449	0.0521686040762358	Homo sapiens
k141_9464	367	0.398	3	6.000	0.946	3	9.667	0.917	716	0.127143137951547	0.0659096124412589	Homo sapiens
k141_825	305	0.413	3	1.667	0.954	4	2.250	0.813	717	0.0867845067254674	0.0622939470964185	NA
k141_4458	370	0.430	4	2.500	0.666	4	2.250	0.899	717	0.0708721557406387	0.053815905754749	NA
k141_1741	452	0.369	2	1.500	0.669	4	1.250	0.594	719	0.0564097370406945	0.0421792349909276	Homo sapiens
k141_4749	279	0.358	3	2.000	0.938	4	2.000	0.855	721	0.10720421138706	0.0734120124426815	Homo sapiens
k141_10435	269	0.405	2	1.500	0.909	2	1.500	0.463	721	0.0799143802462543	0.0626066279639032	Homo sapiens
k141_5544	410	0.385	4	1.500	0.721	3	3.333	0.831	722	0.0539272849803745	0.0365209042418426	Homo sapiens
k141_10077	487	0.437	3	1.000	0.807	4	1.750	0.566	723	0.0632185499801788	0.041438937728077	NA
k141_3077	451	0.408	4	5.750	0.997	6	8.667	0.985	723	0.0631005148595966	0.0428015502408225	Homo sapiens
k141_9203	577	0.386	4	5.000	0.903	16	7.062	0.841	725	0.0365665181305558	0.0317116270127644	Homo sapiens
k141_2033	465	0.353	5	7.800	1.000	13	5.077	0.985	727	0.0464898136591005	0.0397478229636968	Homo sapiens
k141_4109	441	0.379	3	2.000	0.890	7	3.143	0.865	728	0.0485835080828643	0.0414499480596066	Homo sapiens
k141_5466	403	0.417	3	2.667	0.895	4	4.000	0.855	730	0.0654841569167577	0.0495971428671636	NA
k141_6024	469	0.403	4	4.750	0.838	12	7.667	0.838	730	0.0451711907899156	0.039572646112855	Homo sapiens
k141_7184	419	0.415	5	5.000	0.920	6	3.000	0.695	733	0.0584137962933043	0.03938533287235	Homo sapiens
k141_8827	429	0.399	3	2.667	0.691	7	2.143	0.588	733	0.0506636068270342	0.0433035350960629	Homo sapiens
k141_300	244	0.352	3	1.333	0.751	4	1.750	0.863	734	0.0930039926374532	0.0715845658179106	Homo sapiens
k141_8610	243	0.407	2	1.000	0.714	2	1.000	0.239	734	0.083766715768628	0.069755729546624	Homo sapiens
k141_8453	331	0.393	4	2.000	0.894	8	2.375	0.986	734	0.0674991751424859	0.0563653725920782	Homo sapiens
k141_4570	364	0.409	3	1.000	0.709	6	1.333	0.737	734	0.0627104210227791	0.05224817950371	Homo sapiens
k141_1929	494	0.399	5	2.800	0.846	10	3.400	0.698	738	0.0448918653823282	0.0403336231609692	Homo sapiens
k141_8525	553	0.398	4	3.000	0.892	10	4.800	0.754	742	0.0434818704634154	0.038273116735707	Homo sapiens
k141_6950	378	0.413	3	3.333	0.981	7	5.286	0.807	744	0.0550534107281013	0.0469160634323587	Homo sapiens
k141_9646	547	0.377	4	4.000	0.870	11	8.000	0.948	744	0.0385084217080816	0.0333655500720837	Homo sapiens
k141_3051	431	0.392	3	1.667	0.790	5	4.200	0.917	745	0.0518440409881571	0.0430991704704142	Homo sapiens
k141_1974	356	0.390	4	1.250	1.000	4	2.500	0.697	747	0.0727433772593522	0.0524582610781502	Homo sapiens
k141_1926	272	0.375	2	1.500	0.721	4	4.750	1.000	755	0.130897225030034	0.0877168451429346	Homo sapiens
k141_6644	370	0.389	3	3.000	1.000	4	3.250	0.830	756	0.0702370929794027	0.051986465169925	Homo sapiens
k141_10280	528	0.405	3	2.000	0.836	11	2.727	0.864	758	0.0430133999260342	0.0372335553982399	Homo sapiens
k141_1611	394	0.525	2	1.000	0.718	4	2.250	0.607	759	6.80122893929846	0.1278421598781	Pseudomonas syringae
k141_8040	378	0.360	2	1.500	0.948	2	2.500	0.915	759	0.0598210171305597	0.0501936509749093	Homo sapiens
k141_6247	692	0.341	5	5.000	0.626	6	11.000	0.569	759	0.0393735126086317	0.0251324513433282	Homo sapiens
k141_6806	475	0.394	3	2.667	0.924	11	3.545	0.928	762	0.047294537205628	0.0425208231857362	Homo sapiens
k141_9644	663	0.389	5	7.200	0.903	13	9.769	0.782	764	0.0338552831409338	0.0313154519730995	Homo sapiens
k141_5712	451	0.392	4	1.500	0.729	10	3.400	0.851	765	0.0499909520356635	0.0439861995226224	Homo sapiens
k141_1272	321	0.383	4	1.750	0.871	5	2.600	0.896	770	0.0828395352900488	0.0568469783866838	Homo sapiens
k141_1071	533	0.364	4	3.000	0.906	3	2.667	0.879	770	0.0469723833191586	0.0392528846138031	Homo sapiens
k141_9548	591	0.557	4	1.750	0.765	8	39.375	0.861	772	2.52762436726656	0.111187769410345	Micrococcus luteus
k141_10112	619	0.339	3	1.333	0.710	5	1.400	0.532	772	0.0465865998027024	0.034054927936717	Homo sapiens
k141_1286	280	0.418	4	1.500	0.831	3	6.333	0.980	775	0.138255342031411	0.06715905920196	NA
k141_4520	486	0.383	4	19.250	0.983	11	9.364	0.864	776	0.187625799180158	0.0348953302402501	Homo sapiens
k141_9798	378	0.413	4	1.000	0.956	4	6.250	0.806	778	0.0763206385912567	0.0533526281209232	Homo sapiens
k141_9865	639	0.407	5	6.000	0.823	11	8.273	0.825	778	0.0459409876887919	0.0401727057452532	Homo sapiens
k141_5731	223	0.368	2	1.500	0.561	4	2.250	0.980	782	0.123667453292067	0.0847381552680228	Naegleria fowleri
k141_10175	568	0.380	3	1.667	0.563	4	1.000	0.422	782	0.0460910698764445	0.0391393613894205	Homo sapiens
k141_2869	391	0.366	2	2.000	0.898	5	1.200	0.481	798	0.0650030053130305	0.049893237517792	Homo sapiens
k141_10114	448	0.388	2	2.000	0.728	5	3.200	0.758	798	0.0567852275834102	0.0457788095163317	NA
k141_9606	532	0.389	2	1.500	0.964	2	1.000	0.559	799	0.057271163109804	0.0437231918966929	Homo sapiens
k141_9564	499	0.573	2	2.500	0.920	6	50.000	0.797	800	3.66156561867548	0.104684952691984	Micrococcus luteus
k141_1230	303	0.373	2	1.500	1.000	2	1.000	0.797	800	0.106993797383722	0.0714166547069029	Homo sapiens
k141_8515	601	0.403	4	3.000	0.841	6	7.167	0.823	800	0.0441544581916033	0.0370257940428961	Homo sapiens
k141_3962	723	0.397	5	5.400	0.846	13	5.000	0.786	800	0.0343406494289869	0.0304912535206597	Homo sapiens
k141_9827	545	0.374	2	2.000	0.665	6	2.500	0.856	801	0.0509395125429397	0.0397102669242366	Homo sapiens
k141_957	396	0.543	3	2.333	0.948	6	56.833	0.881	803	4.34065096736073	0.129534723060432	Micrococcus luteus
k141_9842	443	0.386	3	2.000	0.738	9	2.556	0.860	805	0.0684392941766793	0.0461143767201246	Homo sapiens
k141_8319	407	0.364	2	2.000	0.966	6	2.833	0.903	805	0.064355281928873	0.051648009657577	Homo sapiens
k141_4013	345	0.371	3	3.667	0.919	8	1.625	0.823	810	0.0761777339101573	0.058278249820617	Homo sapiens
k141_3169	285	0.340	2	1.500	0.642	2	2.500	0.891	812	0.0922615334058623	0.0679350989107159	Homo sapiens
k141_3935	600	0.368	4	4.000	0.858	9	6.333	0.843	812	0.0519331537110133	0.038936699550461	Homo sapiens
k141_2194	362	0.412	4	2.750	0.791	13	3.385	0.659	814	0.072743444393803	0.0591407063539097	Homo sapiens
k141_5007	577	0.425	2	3.500	0.742	4	1.750	0.500	814	0.0601770314094896	0.0438559623294787	NA
k141_2913	373	0.405	3	2.000	0.882	2	3.500	0.938	817	0.129942701839407	0.0722889301785782	Homo sapiens
k141_400	524	0.389	5	2.000	0.914	9	6.000	0.880	817	0.0482252759983848	0.0401280869124858	Homo sapiens
k141_4139	350	0.369	2	1.500	0.690	2	2.000	0.871	821	0.0724634010111831	0.0581824619604982	Homo sapiens
k141_4165	587	0.376	3	1.000	0.735	6	1.667	0.601	821	0.0474074486357066	0.0397050587565935	Homo sapiens
k141_4253	521	0.418	5	9.000	0.994	8	14.500	0.702	823	0.0629307831600713	0.0451005691668921	NA
k141_10492	435	0.386	3	1.667	0.971	3	2.667	0.770	824	0.0735422453433491	0.0491127563976897	Homo sapiens
k141_4889	282	0.358	4	4.250	1.000	8	5.250	0.978	825	0.125206793825035	0.0842318191030157	Homo sapiens
k141_3650	306	0.418	2	2.000	0.917	2	2.000	1.000	827	0.0963885294341825	0.0676105133738191	NA
k141_4353	357	0.392	3	1.333	0.736	2	1.500	0.703	827	0.0796468936528287	0.0524797457525636	Homo sapiens
k141_4293	424	0.368	5	7.600	0.998	10	5.100	0.986	827	0.0637839308152182	0.0526485325354524	Homo sapiens
k141_3291	356	0.379	2	1.000	0.958	3	2.333	0.861	829	0.0720914161379756	0.0626792799105953	Homo sapiens
k141_5193	246	0.402	3	3.333	0.881	2	3.000	1.000	830	0.236671369628199	0.102396104716476	Homo sapiens
k141_5388	352	0.364	4	2.000	0.901	5	1.600	0.896	835	0.118339033105268	0.0739016793998421	Homo sapiens
k141_7000	442	0.439	4	2.250	0.750	9	3.667	0.729	838	0.0673185321064133	0.0576530940575164	Homo sapiens
k141_8909	550	0.382	3	2.000	0.735	10	2.700	0.735	838	0.0622751630689234	0.0421700617733679	Homo sapiens
k141_3093	319	0.364	3	2.000	0.996	4	5.000	0.958	841	0.0907367016723221	0.0681020642179186	Homo sapiens
k141_8768	440	0.402	4	1.250	0.874	11	1.727	0.790	841	0.0575028248416448	0.0500159177015307	Homo sapiens
k141_10171	480	0.408	4	4.500	0.928	14	3.357	0.780	842	0.0540773863258342	0.0449751277232159	Homo sapiens
k141_10511	386	0.427	5	12.800	1.000	8	5.750	0.850	845	0.0774558392452161	0.0464424750051809	Homo sapiens
k141_3889	651	0.384	3	1.333	0.654	10	3.000	0.718	845	0.0385415873040133	0.0333559553559628	Homo sapiens
k141_3900	511	0.374	5	6.400	0.974	14	9.071	0.967	847	0.0507695508506617	0.036838069464011	Homo sapiens
k141_10393	577	0.381	2	1.000	0.647	2	1.000	0.642	847	0.0486465490037651	0.0371612218271045	Homo sapiens
k141_2516	453	0.402	3	11.333	0.882	4	11.500	0.799	849	0.188653668747267	0.0813783342220868	Homo sapiens
k141_10418	409	0.367	2	2.000	0.993	7	2.857	0.880	849	0.0625774262283324	0.0494791339995375	Homo sapiens
k141_8190	308	0.425	3	1.333	0.974	4	1.500	0.690	851	0.0920918037112079	0.0742986231068328	Homo sapiens
k141_9215	367	0.401	5	11.200	1.000	9	15.556	0.995	852	0.0897561449345425	0.0620810977060088	NA
k141_4377	236	0.373	2	1.500	0.680	4	3.250	0.922	853	0.126613046616014	0.0887903338636405	NA
k141_5992	343	0.356	3	3.000	0.904	4	1.500	0.984	855	0.0963675050097922	0.0695207929480178	Homo sapiens
k141_10543	482	0.386	5	2.600	0.824	12	5.000	0.905	855	0.0798141728491953	0.0693486670601623	Homo sapiens
k141_9518	455	0.387	5	5.800	0.996	6	11.333	0.968	856	0.0728324244280818	0.0543783037292469	NA
k141_3427	413	0.397	5	6.200	0.991	13	8.846	0.945	857	0.06279462499439	0.055711970404573	Homo sapiens
k141_9298	496	0.403	5	3.600	0.848	12	7.917	0.893	857	0.0565588495623423	0.0455981553669128	Homo sapiens
k141_365	524	0.393	5	5.000	0.835	13	5.077	0.890	857	0.0532828223187076	0.0468672011013197	Homo sapiens
k141_3787	529	0.389	5	13.200	0.885	15	9.267	0.844	860	0.0516186735732695	0.0439897369342312	Homo sapiens
k141_2334	356	0.365	2	1.000	0.621	2	1.000	0.420	861	0.0731381035099481	0.0583652592347583	Homo sapiens
k141_8094	516	0.370	5	5.800	0.902	11	5.091	0.880	862	0.0602085753357037	0.0476333914012275	Homo sapiens
k141_8179	553	0.389	4	6.250	0.959	11	7.182	0.948	862	0.0523996959961341	0.0461667076382157	Homo sapiens
k141_9243	403	0.390	3	1.333	0.779	7	2.571	0.745	864	0.0662382813613613	0.0565039492241653	Homo sapiens
k141_8129	443	0.357	4	2.500	0.824	9	2.778	0.728	865	0.0923795520961779	0.0525993455098813	Homo sapiens
k141_7552	449	0.365	3	2.667	0.947	4	2.750	0.926	865	0.0586217243540829	0.0474432214517985	Homo sapiens
k141_3878	513	0.400	5	5.000	0.760	14	5.571	0.818	865	0.0527142113932585	0.0461815192657048	Homo sapiens
k141_3861	571	0.377	2	2.000	0.961	3	1.667	0.687	865	0.0486971692903842	0.0361386422580312	Homo sapiens
k141_10110	423	0.364	2	1.000	0.788	2	1.000	0.637	869	0.0610491110786921	0.0523732917781925	Homo sapiens
k141_10122	514	0.405	2	1.000	0.828	5	2.800	0.711	869	0.0558996097249628	0.0476169465883973	Homo sapiens
k141_1119	583	0.395	4	5.250	0.879	13	5.308	0.899	871	0.0446888181976277	0.039879234769482	Homo sapiens
k141_10233	468	0.395	3	4.000	0.675	2	5.500	0.657	872	0.144230582154739	0.058572721603998	Homo sapiens
k141_7764	441	0.365	4	7.000	0.990	9	4.333	0.937	872	0.0714185965183331	0.0561729685898746	Homo sapiens
k141_1986	469	0.375	4	2.000	0.888	11	2.636	0.903	872	0.0643901390028408	0.0520609532946544	Homo sapiens
k141_5184	418	0.402	4	2.250	0.739	9	3.000	0.711	873	0.0680096749508557	0.0509324972932685	Homo sapiens
k141_3908	537	0.393	2	2.000	0.722	15	2.733	0.754	874	0.0497258965959652	0.0419451533988272	Homo sapiens
k141_2252	344	0.384	2	3.500	0.783	4	1.750	0.891	875	0.091297085953417	0.0651131497194217	Pan troglodytes
k141_10366	352	0.446	2	1.000	0.964	4	3.250	0.790	877	0.155251405211067	0.0660528559711771	NA
k141_8554	247	0.393	2	1.500	0.794	3	1.667	0.703	878	0.117320847595211	0.0870606755193966	Naegleria fowleri
k141_4197	449	0.392	2	1.000	0.589	6	1.667	0.661	879	0.0641879035076422	0.052414486568169	Homo sapiens
k141_7976	439	0.374	4	31.000	0.999	11	13.273	0.968	881	0.316743520420635	0.0483231494715333	Homo sapiens
k141_7071	307	0.391	4	1.750	0.664	3	3.000	0.735	884	0.134686752594451	0.106945263047122	Homo sapiens
k141_5899	784	0.389	5	16.400	0.746	9	14.333	0.707	885	0.0782815499308426	0.0476367132789762	Homo sapiens
k141_4871	316	0.364	3	2.000	0.970	6	2.667	0.883	893	0.0951695002336511	0.0707811984965254	Homo sapiens
k141_3003	471	0.399	5	8.800	0.913	13	8.538	0.929	894	0.0638381874950506	0.0541238902850709	Homo sapiens
k141_4882	528	0.367	3	2.333	0.887	5	1.400	0.756	896	0.0679270765692433	0.0505341299918198	Homo sapiens
k141_8393	488	0.387	5	4.200	0.915	5	7.200	0.927	897	0.0671855091388347	0.0509400477254964	Naegleria fowleri
k141_10115	498	0.392	2	2.500	0.856	5	1.800	0.545	897	0.0662100761050196	0.0491919881571891	Homo sapiens
k141_8513	467	0.398	5	5.000	0.983	14	4.071	0.852	897	0.0567492190381684	0.0481206300881209	Homo sapiens
k141_10187	684	0.398	5	8.000	0.911	14	13.786	0.865	899	0.0399281538644581	0.0354132419153359	Homo sapiens
k141_7834	312	0.401	2	1.000	0.681	7	2.000	0.930	900	0.0934609043193281	0.0698349164595649	Homo sapiens
k141_6733	502	0.382	5	4.600	0.794	10	3.400	0.720	901	0.0640053786178842	0.0464056992175108	Homo sapiens
k141_2135	426	0.369	4	1.250	0.767	4	1.000	0.642	902	0.0678356229361036	0.0520551171844061	Homo sapiens
k141_8906	532	0.367	4	3.000	0.797	7	2.857	0.575	903	0.0535192866699067	0.0396874922530831	Homo sapiens
k141_6903	323	0.409	4	1.500	0.878	5	3.000	0.984	904	0.188114186398102	0.0734257671163414	NA
k141_9143	661	0.396	3	4.333	0.971	7	2.714	0.759	907	0.0440583870912121	0.0386859315108768	Homo sapiens
k141_9054	483	0.371	4	2.750	0.795	6	4.833	0.870	908	0.068021233178159	0.053480419382544	Homo sapiens
k141_9082	451	0.397	5	8.600	1.000	14	7.857	0.946	908	0.0665914794216893	0.0553541901767648	Homo sapiens
k141_9852	517	0.364	5	5.400	0.927	9	7.222	0.850	908	0.0544469837383789	0.0438367013918497	Homo sapiens
k141_8427	404	0.394	4	2.500	0.979	10	4.200	0.879	910	0.0734875167411724	0.0635246057062625	Homo sapiens
k141_10145	367	0.441	2	1.000	0.875	3	1.333	0.758	911	0.0994738897916645	0.0680571079207867	NA
k141_2955	444	0.385	3	3.333	0.920	9	3.889	0.835	912	0.0622111548669134	0.0553171199212571	Homo sapiens
k141_6137	567	0.384	4	1.250	0.977	11	3.727	0.759	917	0.0693986429135515	0.040524888882983	Homo sapiens
k141_4652	448	0.362	3	1.667	0.906	3	1.667	0.897	917	0.0664345905039729	0.0485412648506091	Homo sapiens
k141_5680	545	0.393	3	3.333	0.946	10	6.200	0.798	918	0.0573240587940599	0.0514317043749721	Homo sapiens
k141_6072	425	0.419	2	1.500	0.964	2	5.000	0.925	920	0.234017910882875	0.113758872946106	Homo sapiens
k141_2777	589	0.394	5	6.000	0.904	14	5.786	0.866	924	0.0476593885989231	0.0423857230737614	Homo sapiens
k141_10204	615	0.385	3	4.000	0.775	6	3.333	0.823	925	0.0719832774845342	0.0512671933238003	Homo sapiens
k141_9613	670	0.421	3	2.333	0.894	2	9.500	0.921	926	0.107492422987113	0.0616011974979077	Homo sapiens
k141_6416	458	0.402	5	9.600	0.987	14	9.500	0.937	926	0.0701827274912545	0.0550919735832622	Homo sapiens
k141_4636	503	0.362	4	1.750	0.850	10	2.900	0.763	927	0.111096605196359	0.077427064130841	Homo sapiens
k141_903	380	0.374	3	1.333	0.946	3	2.333	0.734	928	0.0893414550641173	0.0602362508881966	Homo sapiens
k141_10221	414	0.394	3	1.333	0.791	2	2.000	0.862	928	0.0761950327142026	0.0607187850580413	Homo sapiens
k141_5558	434	0.380	5	6.800	0.979	9	5.556	0.996	929	0.0793770759577503	0.0571262942218105	Homo sapiens
k141_9610	267	0.367	2	1.000	1.000	3	1.000	0.884	932	0.127728698759705	0.0912283088109266	Homo sapiens
k141_1349	440	0.373	2	1.000	0.805	6	2.000	0.456	932	0.0916659015063927	0.0696353038341822	Homo sapiens
k141_3266	763	0.370	3	3.000	0.823	7	5.000	0.620	932	0.043232062748005	0.0370786147830159	Homo sapiens
k141_6031	606	0.401	4	7.750	0.833	10	4.300	0.660	933	0.0515596565097285	0.0438645324727325	Homo sapiens
k141_822	286	0.409	5	3.000	0.986	4	6.500	0.989	936	0.141518947961743	0.0893846430570258	NA
k141_8674	435	0.398	2	1.000	0.516	4	2.000	0.835	937	0.0793233879974043	0.0642086164324724	Homo sapiens
k141_8955	384	0.388	2	1.000	1.000	5	2.000	0.601	938	0.0871868428194483	0.0709345012185277	Homo sapiens
k141_8186	459	0.355	4	4.000	0.934	10	3.600	0.886	938	0.0725081956362759	0.0549042282664357	Homo sapiens
k141_4204	442	0.416	5	20.600	0.930	9	13.889	0.658	938	0.072116409624987	0.0477088768157474	Homo sapiens
k141_4876	306	0.369	3	4.667	0.998	6	4.000	0.842	939	1.03108502825053	0.0856500577032479	Homo sapiens
k141_4080	514	0.385	4	4.750	0.951	9	6.556	0.956	939	0.0593705368084812	0.0506679707493766	Homo sapiens
k141_5163	391	0.358	2	2.000	0.743	5	1.400	0.893	941	0.0836729165546869	0.066751809131134	Homo sapiens
k141_3655	478	0.358	2	1.000	0.666	3	1.333	0.603	945	0.0730762499099767	0.06089604172572	Homo sapiens
k141_8985	465	0.396	3	5.667	1.000	8	5.375	0.926	945	0.0638777751112516	0.0536695409257843	Homo sapiens
k141_10504	456	0.408	5	2.800	0.651	4	5.500	0.643	949	0.0804380235765099	0.0501487885544007	Homo sapiens
k141_458	443	0.370	2	1.500	1.000	2	1.500	0.622	951	0.0736506660705168	0.0583840360321876	Homo sapiens
k141_8702	398	0.374	3	2.333	0.970	11	2.182	0.819	953	0.230498529610789	0.0946631630060363	Homo sapiens
k141_8240	415	0.400	4	6.250	0.955	12	5.083	0.961	953	0.0809308804642313	0.0685619869177623	Homo sapiens
k141_10194	378	0.399	2	1.000	0.696	2	1.500	0.612	954	0.207685039867104	0.124930028277473	NA
k141_636	387	0.375	2	1.500	1.000	3	2.333	0.726	955	0.098516942887175	0.0653339785892366	NA
k141_9633	423	0.423	4	87.750	0.934	12	27.833	0.728	957	0.298892122886591	0.0534555276166305	Homo sapiens
k141_10229	400	0.398	2	2.500	0.754	3	2.000	0.517	957	0.0957500077582095	0.0767036819456109	Homo sapiens
k141_5428	332	0.395	5	1.400	0.911	8	4.250	0.913	957	0.0893150131924841	0.0720960482425364	Homo sapiens
k141_790	517	0.383	2	1.500	0.602	4	2.250	0.697	957	0.0597990828238373	0.0477481627794006	Homo sapiens
k141_6782	265	0.400	3	2.333	1.000	6	2.667	0.804	958	0.120077474598834	0.0944564214216248	Homo sapiens
k141_2147	372	0.419	4	1.500	0.850	6	5.333	0.901	960	0.10186137940075	0.0723353531932275	NA
k141_4911	415	0.347	2	2.000	0.823	2	4.000	0.773	963	0.0760823950124171	0.0605629904014477	Homo sapiens
k141_4274	314	0.398	3	2.667	0.875	8	3.625	0.805	964	0.101625674906022	0.0835066660007652	Homo sapiens
k141_3459	440	0.411	2	3.000	1.000	3	4.000	0.992	964	0.101118830216963	0.0681554969161612	NA
k141_9146	475	0.385	5	8.600	0.953	13	9.308	0.981	964	0.0743178527112781	0.0643039205054578	Homo sapiens
k141_7997	505	0.396	4	1.750	0.838	7	2.000	0.627	964	0.0644216393848141	0.0527873586150993	Homo sapiens
k141_6991	698	0.397	4	6.000	0.909	9	4.000	0.762	964	0.0549626745292321	0.0434193184965479	Naegleria fowleri
k141_5598	510	0.375	3	3.667	0.809	7	3.429	0.798	965	0.0612781115934526	0.0474975400472859	Homo sapiens
k141_6734	364	0.354	4	1.750	0.909	8	1.875	0.833	966	0.093179480354775	0.0676113857755924	Homo sapiens
k141_70	496	0.369	5	6.200	0.933	9	5.889	0.911	966	0.0735417837603796	0.0568215033620059	Homo sapiens
k141_5008	351	0.547	4	1.250	0.881	6	46.833	0.943	970	5.17494290485724	0.13684389523303	Micrococcus luteus
k141_741	446	0.386	4	1.500	0.848	4	3.500	0.766	970	0.0924970271088463	0.0658674736903808	NA
k141_8435	423	0.414	4	2.000	0.669	3	1.000	0.581	970	0.0832250615875739	0.059243521841246	Homo sapiens
k141_9129	556	0.379	5	7.600	0.950	16	8.688	0.867	970	0.0557652611471455	0.0439452400259523	Homo sapiens
k141_10067	516	0.415	4	2.250	0.891	5	2.800	0.873	972	0.0768233159531739	0.0560621388050573	NA
k141_5857	563	0.391	5	3.600	0.785	10	7.200	0.868	972	0.0584682856147434	0.0509632349242104	Homo sapiens
k141_9353	414	0.365	3	2.000	0.848	7	2.143	0.587	975	0.0913726305222642	0.067739540595543	Homo sapiens
k141_1657	413	0.395	2	3.000	0.937	2	16.000	0.615	979	0.218796230901885	0.0873960451411079	Homo sapiens
k141_5829	606	0.365	3	3.667	0.953	8	2.875	0.735	980	0.0561413219391913	0.0459974785950429	Homo sapiens
k141_9881	461	0.388	5	6.000	0.941	10	4.900	0.864	981	0.0721661034608978	0.0621372944723072	Homo sapiens
k141_8637	354	0.404	3	3.667	0.924	3	5.667	0.720	982	0.261872611772282	0.114054093771696	Homo sapiens
k141_6081	429	0.359	3	2.000	0.957	9	3.778	0.908	982	0.0929174138010541	0.0686215944128249	Homo sapiens
k141_2970	452	0.400	4	3.000	0.881	14	5.143	0.780	983	0.111669192270404	0.08673524693193	Homo sapiens
k141_9172	730	0.348	5	4.800	0.919	12	7.083	0.874	983	0.0485595514414371	0.0415723914784485	Homo sapiens
k141_8670	417	0.403	5	4.400	0.968	11	3.909	0.990	984	0.0752523873409751	0.0634948552366602	Homo sapiens
k141_530	653	0.516	4	2.500	0.639	10	23.700	0.739	985	5.38519492937483	0.126100942138843	Micrococcus luteus
k141_4105	587	0.394	5	2.000	0.712	11	2.364	0.705	985	0.0613982144294258	0.052855893113126	Homo sapiens
k141_9621	376	0.407	2	1.000	0.979	4	2.250	0.987	987	0.105701531861718	0.0759272172062292	NA
k141_1826	755	0.368	4	5.750	0.797	11	5.364	0.638	987	0.0547611917250356	0.0403457984852693	Homo sapiens
k141_622	593	0.368	3	2.667	0.957	3	1.000	0.890	989	0.0816150131212999	0.0522001431736907	Homo sapiens
k141_8537	477	0.440	2	1.500	0.980	2	2.000	0.821	995	0.16794217549373	0.0764907724477247	Homo sapiens
k141_906	708	0.377	5	2.600	0.758	7	4.714	0.757	995	0.0611471591495494	0.0422376437477605	Homo sapiens
k141_10230	505	0.382	5	4.000	0.770	9	5.889	0.809	996	0.0653065828499829	0.0526421333774569	Homo sapiens
k141_9551	457	0.361	2	1.000	0.677	4	3.000	0.421	999	0.0783242953202513	0.0610810025760416	Homo sapiens
k141_3067	507	0.383	3	4.667	0.924	2	6.500	0.883	1000	0.160923443047992	0.0719851076977123	Homo sapiens
k141_1696	435	0.386	5	2.600	0.942	9	2.889	0.766	1004	0.0802092885584972	0.0644923607517976	Homo sapiens
k141_6420	697	0.413	3	2.333	0.687	2	2.000	0.654	1004	0.0633153327592215	0.0406339946505783	Homo sapiens
k141_8070	435	0.368	5	3.000	0.879	9	3.333	0.767	1005	0.0909050471152785	0.0661415941860548	Homo sapiens
k141_7674	699	0.393	4	2.250	0.748	11	5.455	0.740	1005	0.0494861937805848	0.0404040980975785	Homo sapiens
k141_7598	306	0.353	3	1.667	0.928	4	1.250	0.824	1006	0.160234080225863	0.0956548599289841	Homo sapiens
k141_274	300	0.367	4	1.750	0.934	4	5.250	0.948	1007	0.124510889772472	0.0889999168762463	Homo sapiens
k141_7935	442	0.387	4	1.750	0.829	10	6.000	0.786	1007	0.0832169880291197	0.0666774241620246	Homo sapiens
k141_5025	283	0.385	3	1.000	0.538	4	4.000	0.933	1008	0.126944188752671	0.0941962811284131	NA
k141_7738	508	0.390	4	4.750	0.949	11	5.636	0.944	1008	0.0679617806197435	0.0587294258539025	Homo sapiens
k141_7451	506	0.393	5	1.800	0.619	2	4.000	0.615	1009	0.0940819616318896	0.0548462136169606	Homo sapiens
k141_9897	403	0.367	2	1.500	0.950	3	1.667	0.637	1010	0.0930120545332191	0.068396251887182	Homo sapiens
k141_7964	461	0.373	5	4.000	0.606	10	4.400	0.588	1010	0.0798393230305897	0.0486231846585177	Homo sapiens
k141_9872	590	0.363	4	3.250	0.727	5	2.400	0.625	1011	0.0801405031179674	0.0538989539534134	Homo sapiens
k141_6156	433	0.390	5	3.400	0.956	12	4.750	0.889	1011	0.0795092507841296	0.0617436160304791	Homo sapiens
k141_7522	628	0.377	5	8.600	0.956	15	10.067	0.941	1012	0.0521469132705336	0.0423341628876321	Homo sapiens
k141_1633	293	0.338	2	1.000	1.000	2	1.000	0.875	1013	0.336079635608025	0.0922353866957234	Homo sapiens
k141_7210	283	0.431	2	4.500	0.993	2	1.500	0.850	1014	0.275576921608033	0.123368665613328	Homo sapiens
k141_6665	567	0.384	5	12.000	0.999	10	12.800	0.987	1014	0.0734118365573484	0.0545038620278108	Homo sapiens
k141_3374	688	0.392	5	4.800	0.594	11	7.545	0.563	1014	0.0635767988251438	0.0517958977938603	Homo sapiens
k141_10103	587	0.378	5	2.200	0.814	7	4.286	0.788	1016	0.0586134002695744	0.0475089777298993	Homo sapiens
k141_1663	327	0.394	2	1.000	0.832	2	2.000	0.862	1018	0.127058671074851	0.0846758259772813	Homo sapiens
k141_7811	610	0.393	5	6.800	0.797	11	5.909	0.583	1019	0.0790020998726934	0.0407904691789848	Homo sapiens
k141_10293	598	0.403	3	1.667	0.839	10	4.500	0.653	1019	0.0643064243674716	0.0478724203758971	Homo sapiens
k141_6847	681	0.385	5	8.800	0.878	14	7.357	0.940	1023	0.0687233659269453	0.0582189482063679	Homo sapiens
k141_10544	664	0.444	4	171.000	1.000	15	63.467	0.862	1024	0.269144137573066	0.0426117104440007	Homo sapiens
k141_5698	417	0.432	3	1.333	0.661	2	1.500	0.843	1024	0.113378889607614	0.0886110751697686	Homo sapiens
k141_6191	497	0.427	3	2.667	0.620	4	1.000	0.578	1025	0.0758221697158462	0.0564401547749895	NA
k141_2688	613	0.403	5	95.400	0.852	12	51.167	0.849	1026	0.291034392917219	0.0450537004788132	Homo sapiens
k141_8466	744	0.397	5	10.400	0.956	16	10.688	0.908	1028	0.0485047131139379	0.0433215844174901	Homo sapiens
k141_8214	359	0.370	5	2.200	0.957	3	11.000	1.000	1029	0.113709540504507	0.0781478736925419	Naegleria fowleri
k141_4917	506	0.330	4	1.000	0.605	4	1.500	0.547	1030	0.0732830035668007	0.0559204780181123	Homo sapiens
k141_1804	322	0.363	4	1.750	0.708	5	2.400	0.742	1031	0.1306205891752	0.0835327044558095	Homo sapiens
k141_8341	458	0.395	3	2.000	0.735	6	1.333	0.404	1032	0.112725159019516	0.0881289503752039	Homo sapiens
k141_8631	604	0.356	4	2.250	0.805	6	3.167	0.871	1032	0.090457635585627	0.0605201283635964	Homo sapiens
k141_6143	289	0.363	3	1.333	0.930	7	3.000	0.974	1033	0.251088113269774	0.108257660505306	Homo sapiens
k141_2171	421	0.382	2	1.000	0.791	2	2.000	0.785	1033	0.114021563859809	0.0681146769535807	Homo sapiens
k141_6076	418	0.388	5	6.000	0.990	12	8.250	0.946	1033	0.0808735914473087	0.0673013065118213	Homo sapiens
k141_4677	427	0.372	5	6.600	0.868	11	5.455	0.937	1035	0.0985406540384873	0.0811176969866843	Homo sapiens
k141_9408	351	0.373	4	4.500	0.987	7	10.000	0.957	1037	0.1126942168866	0.0880797320980748	Naegleria fowleri
k141_4099	507	0.556	4	3.500	0.931	8	78.250	0.920	1038	4.95500100597777	0.153852951935509	Micrococcus luteus
k141_6876	441	0.376	4	2.750	0.905	5	4.000	0.806	1038	0.117770355492781	0.0821295298438984	Homo sapiens
k141_5787	316	0.392	2	1.500	0.840	4	1.500	0.843	1041	0.208372488568096	0.0909973519543009	NA
k141_2875	398	0.374	4	2.000	0.970	10	5.000	0.960	1041	0.0809660718279411	0.0674079684812904	Homo sapiens
k141_8042	607	0.387	4	8.750	0.863	13	5.308	0.820	1041	0.0709334622114006	0.0637061028578342	Homo sapiens
k141_3714	337	0.392	2	2.000	0.892	8	1.750	0.786	1044	0.461179104027707	0.0826113965822255	Homo sapiens
k141_2234	362	0.378	3	5.667	0.992	7	6.714	0.962	1045	0.105129250857039	0.0788694957288798	NA
k141_1003	346	0.396	2	1.000	0.899	3	1.000	0.885	1045	0.104695567548275	0.0840022947086308	Homo sapiens
k141_9937	1278	0.560	4	9.000	0.918	7	132.000	0.801	1046	1.83055086228921	0.107553794292265	Cutibacterium acnes
k141_4103	513	0.394	3	17.000	0.987	3	13.333	0.843	1047	0.148362266381348	0.075092511975042	Homo sapiens
k141_7112	457	0.403	3	3.000	0.961	2	2.000	0.709	1050	0.188800281385301	0.086248285585063	Homo sapiens
k141_9315	323	0.365	4	1.000	0.629	4	1.000	0.556	1051	0.112638771473496	0.0915530637710166	Homo sapiens
k141_5042	262	0.374	4	1.750	0.933	5	2.200	0.966	1052	0.187339221257901	0.116689730765711	Homo sapiens
k141_2167	419	0.389	5	8.200	0.908	5	21.000	0.953	1052	0.100989567069774	0.0694711208744682	Homo sapiens
k141_8648	784	0.379	5	9.800	0.818	16	12.312	0.808	1054	0.0478909779295691	0.0415279804644585	Homo sapiens
k141_2570	374	0.380	3	6.667	1.000	2	4.500	0.967	1055	0.207287373667315	0.102959870066018	Homo sapiens
k141_8222	408	0.426	5	2.800	0.928	7	4.714	0.779	1055	0.0922910391452408	0.0674964461566178	NA
k141_8667	459	0.405	3	2.333	0.749	6	2.333	0.848	1058	0.0799902537977154	0.0623176286448439	Homo sapiens
k141_1535	713	0.341	4	1.750	0.787	3	1.000	0.627	1065	0.0781813811317752	0.0498996564383539	Homo sapiens
k141_705	439	0.387	5	2.800	0.757	5	9.800	0.798	1066	0.0921838114229502	0.070311138920878	Homo sapiens
k141_2623	560	0.402	5	9.200	0.967	15	7.667	0.929	1068	0.0691944798771549	0.0596003220591493	Homo sapiens
k141_5985	226	0.376	2	1.000	0.670	2	2.500	0.989	1069	0.194849340682161	0.125137097252968	NA
k141_448	468	0.393	4	1.500	0.835	6	3.000	0.773	1070	0.117969751048053	0.0787491448224119	Homo sapiens
k141_9005	341	0.437	3	8.667	1.000	2	9.000	1.000	1071	0.246464378382955	0.120149317595483	Homo sapiens
k141_5820	549	0.361	4	1.750	0.885	3	3.333	0.920	1071	0.0905725761151876	0.0658630627159265	NA
k141_3410	507	0.404	2	1.000	0.853	6	1.833	0.479	1072	0.0846624180891381	0.064071512049597	Bradyrhizobium sp. WBOS01
k141_5981	433	0.383	2	4.000	0.970	11	2.273	0.923	1074	0.0801979697597594	0.0649518652964766	Homo sapiens
k141_145	323	0.421	3	6.333	1.000	2	3.000	0.955	1075	0.219741651707227	0.115598985941172	Homo sapiens
k141_10364	494	0.425	5	5.600	0.992	15	8.533	0.915	1075	0.0755235515092962	0.0597508578035044	Homo sapiens
k141_9217	437	0.368	5	3.200	0.953	9	2.889	0.895	1076	0.102340003023211	0.069019748866809	Homo sapiens
k141_4341	459	0.390	5	4.000	0.874	9	3.000	0.839	1076	0.0868322243548023	0.0660908763643986	Homo sapiens
k141_968	415	0.349	2	2.000	0.898	2	2.000	0.816	1078	0.0951628645435043	0.0715901595070834	Homo sapiens
k141_9180	530	0.366	3	2.000	0.725	4	2.250	0.633	1078	0.0909308567249938	0.0582048232164085	Homo sapiens
k141_9589	316	0.354	3	1.333	1.000	4	2.000	0.780	1079	0.143287779296288	0.100257964088428	Homo sapiens
k141_9812	393	0.361	4	2.500	0.900	6	2.500	0.577	1081	0.0998858203557754	0.0797237353151871	Homo sapiens
k141_5137	461	0.375	2	1.000	0.777	3	1.667	0.871	1081	0.0855342118395532	0.0617181475320543	Homo sapiens
k141_9252	536	0.422	3	1.333	0.719	2	2.500	0.649	1082	0.0869907043047159	0.060515516920827	Naegleria fowleri
k141_1155	655	0.382	4	12.000	0.960	14	10.714	0.891	1082	0.0561454654331659	0.0479656822639479	Homo sapiens
k141_3192	331	0.366	4	2.250	0.755	4	6.250	0.823	1083	0.117928230254658	0.0896015611547034	Homo sapiens
k141_5621	452	0.365	5	7.200	0.992	11	5.273	0.980	1083	0.0884429943033626	0.0688365966918203	Homo sapiens
k141_8895	499	0.405	4	2.250	0.745	13	4.538	0.831	1083	0.0651517422231571	0.0562682416135343	Homo sapiens
k141_4534	350	0.411	4	2.750	0.815	5	4.000	0.873	1085	0.197734020866786	0.0865920138610829	Homo sapiens
k141_1615	402	0.388	2	1.000	0.704	2	2.000	0.858	1086	0.193805663743252	0.0947434103687952	NA
k141_1467	419	0.360	4	1.250	0.830	3	1.667	0.980	1086	0.120056379254594	0.0865624242823892	Homo sapiens
k141_388	482	0.400	2	1.500	1.000	8	1.125	0.757	1086	0.113528803020355	0.0899984693839664	Homo sapiens
k141_9764	411	0.409	4	1.750	0.810	2	3.500	0.974	1090	0.11074444176773	0.0768129809988559	NA
k141_9136	566	0.371	5	8.200	0.953	11	4.818	0.918	1091	0.0745223751233877	0.0586361532741617	Homo sapiens
k141_3686	369	0.374	4	2.500	0.602	6	4.333	0.884	1092	0.126527022935903	0.0822145462966231	Homo sapiens
k141_201	351	0.379	3	4.333	0.970	2	5.000	0.974	1094	0.196993141845134	0.10634695843907	NA
k141_10251	391	0.407	3	1.667	0.894	5	2.000	0.758	1095	0.0996724463446077	0.0774939707218819	Homo sapiens
k141_7470	409	0.396	3	4.000	0.929	3	6.000	0.945	1096	0.19799458537975	0.0924404149723954	Homo sapiens
k141_6654	455	0.393	3	4.333	1.000	12	2.750	0.890	1096	0.0916039454051821	0.0773999686071769	Homo sapiens
k141_6044	296	0.348	2	2.000	1.000	3	1.000	0.524	1097	0.151332388950926	0.103973730615724	Homo sapiens
k141_3131	315	0.365	4	1.750	0.834	5	6.600	0.937	1097	0.128431151562117	0.0967699221315303	Homo sapiens
k141_5908	283	0.364	3	1.667	0.900	6	2.333	0.949	1098	0.137911256967588	0.10452243950389	Homo sapiens
k141_8594	388	0.399	3	13.000	1.000	4	15.250	0.935	1104	0.19172968604922	0.101736019615123	Homo sapiens
k141_879	412	0.342	4	6.750	0.995	10	5.200	0.921	1104	0.0994331149868957	0.0742959571937238	Homo sapiens
k141_10326	662	0.369	2	1.000	0.935	8	1.375	0.671	1106	0.0661231785682834	0.0500211477642166	Homo sapiens
k141_6289	602	0.404	2	1.000	0.773	4	1.750	0.598	1107	0.0823074630956461	0.0673339450252009	Homo sapiens
k141_4303	328	0.390	2	1.000	0.752	4	1.500	0.492	1109	0.128680573674773	0.0953334042295264	Homo sapiens
k141_4900	462	0.396	4	4.500	0.942	12	5.667	0.980	1109	0.0783146678956084	0.0620125619194321	Homo sapiens
k141_9502	608	0.401	5	20.800	0.925	14	11.643	0.787	1110	0.0782392264193455	0.0516740556689017	Homo sapiens
k141_5357	519	0.418	2	2.500	0.797	8	2.000	0.510	1111	0.0732299671669514	0.0612918232844562	Homo sapiens
k141_7948	443	0.377	4	1.000	0.740	8	1.750	0.645	1113	0.0892755242244555	0.0753623620308709	Homo sapiens
k141_4745	647	0.379	4	7.000	0.939	11	4.000	0.785	1113	0.0626232120746122	0.0524973584739357	Homo sapiens
k141_5926	325	0.366	3	4.000	0.963	2	7.500	0.960	1114	0.263475542617557	0.141209274872767	NA
k141_4764	547	0.388	5	9.200	0.895	14	13.071	0.888	1114	0.0881710874586943	0.0725358489647382	Homo sapiens
k141_9521	448	0.375	3	1.667	0.859	6	2.000	0.882	1115	0.105609065195688	0.0864296176058758	Homo sapiens
k141_1555	396	0.354	4	1.000	0.897	7	2.714	0.870	1116	0.176946626386036	0.0969678672733833	Homo sapiens
k141_9594	368	0.386	3	3.000	0.953	8	7.125	0.918	1117	0.105529077876018	0.0795899389074736	Homo sapiens
k141_2432	455	0.365	5	3.000	0.815	6	6.333	0.690	1117	0.099230976582462	0.0737795147864409	Homo sapiens
k141_10503	519	0.401	5	2.400	0.833	9	6.556	0.723	1121	0.0938914711576659	0.0743077018427141	Homo sapiens
k141_5124	422	0.389	3	1.333	0.701	10	1.900	0.769	1122	0.092767652286728	0.0668990004918291	Homo sapiens
k141_1206	296	0.355	3	1.333	1.000	6	2.667	0.954	1123	0.139910001508655	0.101609246434337	Homo sapiens
k141_7956	282	0.351	4	2.250	0.953	5	7.800	0.979	1126	0.157640816830103	0.108795049509144	Homo sapiens
k141_4638	538	0.357	2	1.500	0.801	4	1.750	0.923	1126	0.0856306627457328	0.067204411897729	Homo sapiens
k141_9867	564	0.383	2	1.000	0.781	2	1.000	0.742	1126	0.07880266518565	0.0636595557802998	Homo sapiens
k141_3134	297	0.370	2	1.000	0.470	5	6.400	0.942	1128	0.13785679322411	0.105609704737509	Homo sapiens
k141_4946	407	0.359	4	4.000	0.959	7	7.143	0.960	1128	0.126303801647062	0.0896181396726981	Homo sapiens
k141_4645	319	0.357	5	1.200	0.850	5	1.800	0.972	1129	0.158976502784798	0.103559024311719	Homo sapiens
k141_3526	517	0.408	2	3.500	0.822	6	4.167	0.887	1129	0.0925079535759054	0.0647639062199664	NA
k141_9874	509	0.365	4	11.250	1.000	10	8.300	0.965	1129	0.083590424180614	0.063716054848962	Homo sapiens
k141_9668	589	0.424	5	1.800	0.690	8	3.000	0.721	1129	0.0663837404272959	0.057071489635112	Homo sapiens
k141_3839	206	0.354	2	1.000	0.867	4	1.250	0.972	1132	0.213952621348892	0.129736648788979	Homo sapiens
k141_5861	350	0.391	3	2.333	0.713	7	3.000	0.573	1132	0.157147225035262	0.073194669118379	Homo sapiens
k141_10289	489	0.397	4	4.750	0.836	9	7.889	0.711	1132	0.0836607846275621	0.0690952721725131	Homo sapiens
k141_8027	496	0.379	5	16.000	1.000	15	11.267	0.952	1138	0.101384711641959	0.0817579045059526	Homo sapiens
k141_1053	588	0.413	5	3.600	0.866	11	4.909	0.751	1141	0.0810762457919041	0.0523868305424283	Homo sapiens
k141_5402	475	0.398	2	1.500	0.736	7	2.000	0.634	1145	0.0987175551497069	0.0673374118524605	Homo sapiens
k141_8092	372	0.360	2	1.500	0.661	3	1.333	0.581	1149	0.143682960608366	0.101081962802672	Homo sapiens
k141_435	512	0.404	5	2.400	0.808	3	3.667	0.850	1149	0.124320729723491	0.0608447777641383	NA
k141_10056	543	0.385	3	1.333	0.921	5	1.800	0.729	1157	0.071489587666945	0.061213152670851	Homo sapiens
k141_554	380	0.374	5	2.800	0.991	9	7.000	0.896	1160	0.177419721499744	0.121316350893671	Homo sapiens
k141_10379	640	0.391	3	3.333	0.954	2	7.500	0.955	1161	0.178638691634855	0.102099813739976	Homo sapiens
k141_4477	437	0.416	3	7.000	1.000	3	4.667	0.999	1162	0.215513871391737	0.11320809440236	Homo sapiens
k141_6064	347	0.395	3	6.667	0.939	10	2.800	0.877	1162	0.127151445166157	0.09609474898627	Homo sapiens
k141_9601	537	0.408	5	6.400	0.922	14	5.429	0.885	1162	0.0848192230109623	0.0665269713638724	Homo sapiens
k141_10135	601	0.388	5	6.200	0.934	14	6.214	0.792	1165	0.0773456711901702	0.0649108230963329	Homo sapiens
k141_15	505	0.400	3	2.000	0.650	4	4.250	0.737	1168	0.100678200425299	0.0730470315463651	Homo sapiens
k141_8923	387	0.419	3	1.667	0.762	9	2.667	0.738	1169	0.120373629946762	0.0959846649664745	Homo sapiens
k141_2446	555	0.391	2	2.000	1.000	7	1.714	0.471	1169	0.0817674694055253	0.0562867516692559	Homo sapiens
k141_1697	313	0.396	3	4.000	0.997	2	4.000	0.903	1170	0.299439693578123	0.132409854864984	Homo sapiens
k141_1460	402	0.361	4	4.250	0.998	10	4.400	0.925	1170	0.130483112913966	0.0921802989806191	Homo sapiens
k141_5312	454	0.388	3	8.667	0.956	3	7.000	0.914	1173	0.211047188846535	0.0914731501285417	Homo sapiens
k141_9367	502	0.406	4	3.500	0.992	9	3.000	0.900	1174	0.086909083279437	0.0698820201759162	Homo sapiens
k141_8370	506	0.401	5	2.800	0.942	11	5.636	0.946	1175	0.0880077003231444	0.0666730650953009	Homo sapiens
k141_1568	340	0.391	2	1.500	0.976	3	2.000	0.949	1177	0.143904373974536	0.101596595202535	Homo sapiens
k141_7832	489	0.413	2	2.500	0.881	10	3.100	0.763	1177	0.10121776002037	0.0707543773268678	Homo sapiens
k141_3513	421	0.394	3	1.333	0.702	3	1.000	0.796	1178	0.100109794058747	0.0839805465927354	Homo sapiens
k141_9822	549	0.377	5	6.200	0.921	11	4.364	0.881	1178	0.08564745822062	0.0651545333457999	Homo sapiens
k141_5924	322	0.512	3	2.000	1.000	7	16.714	0.952	1179	13.6754109972725	0.223337654563796	Stutzerimonas stutzeri
k141_1632	436	0.394	3	2.667	0.864	3	2.333	0.901	1179	0.253293989797082	0.109938924896568	NA
k141_2647	336	0.357	3	4.333	1.000	7	3.571	0.955	1181	0.128974494616625	0.0982134312049604	Homo sapiens
k141_9202	348	0.376	2	2.000	0.756	2	1.000	0.678	1184	0.166817214509005	0.0924464729831761	Homo sapiens
k141_6768	434	0.424	3	6.667	0.998	2	8.000	0.972	1185	0.204712758885177	0.116509947002683	Homo sapiens
k141_3817	509	0.407	3	7.333	0.997	2	7.000	0.961	1186	0.175344563472331	0.100988600448209	Homo sapiens
k141_1847	444	0.363	4	9.750	0.942	12	9.750	0.947	1186	0.127629604869097	0.0885126408081402	Homo sapiens
k141_3430	589	0.409	2	1.000	0.896	3	1.000	0.685	1186	0.0860934741933295	0.0541561136426402	Homo sapiens
k141_8121	496	0.409	4	3.750	0.959	13	5.538	0.814	1187	0.108364195400489	0.077885632270514	Homo sapiens
k141_4895	611	0.349	2	2.500	0.810	5	2.800	0.608	1188	0.07922047231544	0.0593219505926635	Homo sapiens
k141_9312	492	0.394	5	13.600	0.985	13	11.692	0.950	1189	0.08450827046366	0.0700292114149878	Homo sapiens
k141_9402	487	0.384	3	3.000	0.965	7	3.143	0.841	1190	0.0859904723816604	0.0571929734890841	Homo sapiens
k141_8187	635	0.394	4	1.500	0.635	9	2.444	0.696	1190	0.0688687337724455	0.0533038750344586	Homo sapiens
k141_1638	230	0.378	3	3.000	0.909	2	5.000	0.861	1191	0.41187399034037	0.144070036447177	Homo sapiens
k141_8577	427	0.415	5	3.200	0.972	3	2.333	0.909	1191	0.123719204255889	0.0827205223230876	NA
k141_9265	497	0.360	4	4.250	0.881	9	6.222	0.823	1191	0.123154416569453	0.0852382524261604	Homo sapiens
k141_9759	573	0.375	3	1.667	0.865	2	2.000	0.758	1192	0.0945439958743976	0.0668293965795356	Homo sapiens
k141_6038	304	0.368	3	1.333	0.870	3	1.333	0.831	1194	0.162600241972593	0.11830015809523	Naegleria fowleri
k141_10161	617	0.399	5	2.600	0.769	13	5.000	0.679	1194	0.0675391379414901	0.0596793338352122	Homo sapiens
k141_3556	418	0.383	2	2.000	0.610	3	4.667	0.926	1196	0.125320077872	0.0954517733030627	NA
k141_9701	369	0.385	2	1.500	0.909	4	1.500	0.566	1197	0.125812501242096	0.0933804454639846	Homo sapiens
k141_10429	365	0.405	2	2.000	0.715	7	1.143	0.647	1197	0.115732877829111	0.0945473841321513	Homo sapiens
k141_8605	584	0.353	4	7.500	0.959	10	6.100	0.884	1197	0.0820998418601368	0.063260779549787	Homo sapiens
k141_1731	213	0.404	2	1.000	0.890	2	1.500	0.958	1198	0.216040040517539	0.145572068439495	Naegleria fowleri
k141_9415	363	0.408	4	2.500	0.931	6	3.500	0.886	1199	0.148291746242283	0.090830845192493	Homo sapiens
k141_2013	1035	0.391	5	5.000	0.746	14	5.857	0.695	1199	0.103950573127107	0.0705689253974896	Homo sapiens
k141_7325	310	0.423	2	1.500	0.979	2	2.000	0.968	1202	0.163838153901987	0.109998742976236	NA
k141_3943	303	0.353	4	1.000	0.729	2	2.500	0.936	1203	0.173743569420128	0.117169516638566	Homo sapiens
k141_8627	436	0.376	3	5.333	1.000	10	4.000	0.900	1207	0.114033058441693	0.0824702078770346	Homo sapiens
k141_4987	534	0.414	3	1.000	0.920	4	2.500	0.708	1209	0.100441724073552	0.068535506891271	Homo sapiens
k141_9978	407	0.361	4	1.500	0.705	3	1.667	0.595	1210	0.126694170270099	0.0850382193218723	Pan troglodytes
k141_6291	372	0.403	3	2.000	0.729	5	2.400	0.716	1210	0.123114038767432	0.09210472608227	Homo sapiens
k141_7678	283	0.360	3	1.000	0.885	2	9.500	1.000	1212	0.454798296271901	0.174879300296131	NA
k141_2834	355	0.400	3	1.333	0.987	8	1.750	0.643	1213	0.121692319852962	0.0958623036712363	Homo sapiens
k141_3887	440	0.416	4	1.750	0.794	2	3.500	0.950	1214	0.180411186996894	0.0868037173355454	NA
k141_5109	410	0.405	2	1.500	0.837	2	2.000	0.789	1217	0.293972521835229	0.123846020494784	Homo sapiens
k141_7571	372	0.352	5	2.600	0.902	8	2.500	0.911	1220	0.132212049238179	0.0992598873857839	Homo sapiens
k141_5789	391	0.358	3	1.333	0.987	3	2.333	0.798	1221	0.121887923954266	0.091312412792896	Homo sapiens
k141_6460	797	0.396	3	1.667	0.673	3	1.333	0.318	1222	0.146994577848535	0.0825185504062751	Homo sapiens
k141_4949	280	0.375	4	2.250	0.954	8	3.500	0.947	1224	0.171737741247076	0.129530909335403	Homo sapiens
k141_9302	278	0.403	3	1.667	0.330	4	1.500	0.478	1226	0.176334188997706	0.136369874313501	Homo sapiens
k141_5674	398	0.402	4	2.000	0.818	4	1.750	0.632	1226	0.137267294427531	0.0719663982003529	Homo sapiens
k141_1365	339	0.392	4	1.250	0.786	4	1.250	0.557	1227	0.12558183316177	0.103922808661655	Homo sapiens
k141_2724	333	0.387	4	2.000	0.959	9	3.000	0.788	1228	0.140880345813467	0.105136409302562	Homo sapiens
k141_3843	366	0.383	5	2.200	0.983	7	5.571	0.999	1228	0.139893142546062	0.0991870092743068	Homo sapiens
k141_2839	356	0.410	3	1.667	0.943	7	2.857	0.840	1229	0.132621837828957	0.0940508164293711	Homo sapiens
k141_5836	370	0.384	2	1.000	0.839	5	2.000	0.769	1229	0.129132117350691	0.100004932779085	Homo sapiens
k141_960	564	0.362	3	1.333	0.676	5	3.800	0.711	1231	0.0938711848595488	0.0700613619439535	Homo sapiens
k141_4392	282	0.376	3	3.000	0.987	3	3.333	0.857	1233	0.306121777428302	0.144314007059838	NA
k141_2025	370	0.362	3	1.333	0.957	4	1.000	0.857	1234	0.128840768976665	0.0976659215244796	Homo sapiens
k141_138	545	0.382	3	5.000	0.870	3	6.667	0.711	1235	0.23854503093547	0.10946617120254	Homo sapiens
k141_3009	401	0.389	4	3.000	0.964	11	3.364	0.936	1235	0.120831385963672	0.0859750867684264	Homo sapiens
k141_4691	387	0.370	3	3.333	0.984	4	3.000	0.826	1237	0.125619341189883	0.0921922790021492	Homo sapiens
k141_9504	546	0.375	5	7.200	0.990	9	4.444	0.896	1238	0.102644827183848	0.0647913422988962	Homo sapiens
k141_7255	617	0.404	5	8.200	0.797	15	11.400	0.721	1239	0.0920546367644488	0.0709458674930357	Homo sapiens
k141_2919	319	0.382	2	1.000	0.683	2	2.000	0.608	1241	0.167716059698172	0.098134720379219	Homo sapiens
k141_9662	303	0.406	5	2.000	0.923	4	8.500	0.948	1243	0.181090313546922	0.115796106448335	NA
k141_5063	684	0.370	5	9.600	0.852	11	6.818	0.794	1243	0.0718059806850558	0.0562090250453006	Homo sapiens
k141_1037	380	0.387	4	9.500	0.989	2	26.500	1.000	1244	0.235782185644633	0.131130017657506	NA
k141_2059	561	0.355	4	4.250	0.804	9	3.667	0.790	1244	0.13327919045297	0.0974459896354622	Homo sapiens
k141_7623	406	0.401	5	4.000	0.919	12	4.667	0.826	1245	0.127943438193692	0.0856964954299978	Homo sapiens
k141_6006	416	0.368	2	1.000	0.980	5	2.200	0.774	1245	0.121557048389203	0.0888030307660562	Homo sapiens
k141_10282	531	0.375	4	2.250	0.672	3	1.333	0.762	1246	0.112646611670712	0.075202860311554	Homo sapiens
k141_414	406	0.387	2	2.000	0.844	7	3.000	0.819	1247	0.124629931412918	0.0922926525680359	Homo sapiens
k141_3626	652	0.393	5	3.800	0.863	10	4.400	0.827	1249	0.0796693613184723	0.0683583390507355	Homo sapiens
k141_9295	462	0.418	4	2.750	0.801	6	6.500	0.748	1250	0.135318534077415	0.0986959800153599	Homo sapiens
k141_9895	673	0.374	4	17.750	0.988	15	14.667	0.935	1250	0.0755050344347462	0.0647516265045503	Homo sapiens
k141_9118	576	0.363	5	4.600	0.919	13	2.846	0.856	1251	0.0905177044327123	0.0689352581387537	Homo sapiens
k141_1440	425	0.395	3	14.667	1.000	3	15.667	0.904	1254	0.253001088185006	0.116116827918555	Homo sapiens
k141_8459	267	0.404	2	4.500	0.824	9	2.889	0.887	1254	0.181089981152653	0.13553244477875	Homo sapiens
k141_1391	236	0.356	4	2.000	0.987	6	1.500	0.975	1255	0.277391222263117	0.155183799873916	Homo sapiens
k141_123	488	0.389	3	5.000	0.984	3	6.000	0.940	1255	0.219684916118133	0.12496177583938	NA
k141_9735	387	0.367	4	3.750	0.955	10	2.100	0.854	1256	0.131839065403767	0.100346185674676	Homo sapiens
k141_2931	573	0.351	4	11.750	0.963	10	8.100	0.856	1258	0.093451161234137	0.0686877689797335	Homo sapiens
k141_5711	310	0.413	4	1.000	0.535	4	1.250	0.529	1262	0.208190488575843	0.114470290344228	Homo sapiens
k141_2356	348	0.356	2	2.000	0.700	3	1.000	0.622	1263	0.254822177081887	0.119502462301962	Homo sapiens
k141_3538	283	0.364	2	2.000	0.935	2	1.000	0.968	1264	0.182931797661887	0.133930696105486	Homo sapiens
k141_5420	636	0.376	2	1.000	0.837	2	1.500	0.783	1264	0.0916760346430698	0.0644751251098853	Homo sapiens
k141_8017	394	0.368	2	1.000	0.961	2	1.000	0.671	1268	0.128122294589521	0.0974811405637651	Homo sapiens
k141_4893	476	0.368	4	4.250	0.919	9	4.111	0.900	1269	0.122781603182521	0.0846987424805128	Homo sapiens
k141_7179	310	0.384	5	1.600	0.979	4	2.250	0.873	1270	0.185821656283068	0.115473257201739	Homo sapiens
k141_6020	558	0.409	4	4.000	0.841	5	6.600	0.842	1271	0.108648465936169	0.0623666299313115	Homo sapiens
k141_6188	492	0.415	5	8.800	0.956	13	8.231	0.899	1272	0.108361080192639	0.0826380167836123	Homo sapiens
k141_8192	388	0.430	3	12.333	0.987	2	14.500	0.988	1277	0.404346888827911	0.146420074134358	Homo sapiens
k141_4741	439	0.385	4	9.750	0.809	3	12.333	0.971	1277	0.261339712643757	0.104184991260292	Homo sapiens
k141_4097	309	0.472	2	1.500	0.720	4	1.250	0.591	1277	0.186566817050221	0.0857940307826171	Homo sapiens
k141_2694	401	0.392	3	1.333	0.882	8	3.625	0.787	1277	0.118544690802618	0.101188483384482	Homo sapiens
k141_4137	320	0.400	2	1.000	0.819	3	2.667	0.638	1278	0.156156931535196	0.115262206597109	Homo sapiens
k141_7044	380	0.371	5	2.600	0.981	9	3.667	0.980	1278	0.135845766450653	0.100518190497702	NA
k141_2315	400	0.385	5	6.000	1.000	10	5.700	0.897	1278	0.117329365765812	0.0933591626962272	Homo sapiens
k141_10483	366	0.399	3	1.000	0.651	2	1.000	0.596	1280	0.137917009405036	0.105194433380361	Homo sapiens
k141_5643	598	0.373	4	2.000	0.824	4	3.750	0.836	1280	0.0984887941016988	0.072506810093249	NA
k141_5828	485	0.439	3	11.667	0.988	2	18.000	0.875	1283	0.418514845351691	0.104810030866988	Homo sapiens
k141_4954	566	0.383	3	1.667	0.647	5	1.400	0.831	1283	0.118103327650304	0.0762113849257802	Homo sapiens
k141_9800	750	0.353	5	2.000	0.669	10	1.900	0.523	1283	0.0692930973491211	0.0466758789174359	Homo sapiens
k141_3299	229	0.376	2	1.000	0.954	3	1.000	0.933	1284	0.250221137447831	0.140750871793572	NA
k141_9805	426	0.376	3	3.667	0.970	8	3.375	0.882	1286	0.122984208723292	0.0856305256464415	Homo sapiens
k141_7828	318	0.396	2	1.000	0.632	2	2.500	0.936	1287	0.159190886387601	0.113846709028564	Homo sapiens
k141_6394	543	0.374	4	2.000	0.709	3	8.667	0.974	1288	0.135798536765895	0.0941967585573387	Homo sapiens
k141_3871	344	0.363	2	1.000	0.741	2	1.500	0.959	1289	0.16108052871945	0.103379311411966	Homo sapiens
k141_1707	592	0.380	4	2.000	0.753	5	3.200	0.659	1289	0.107204125857892	0.0770471294618651	Homo sapiens
k141_3563	344	0.360	3	3.667	0.903	2	5.000	0.760	1290	0.90786514919519	0.205048094702806	Homo sapiens
k141_9580	425	0.405	3	1.333	0.785	2	1.000	0.540	1292	0.154266974610743	0.0915072728320555	NA
k141_4326	430	0.384	4	1.250	0.833	5	2.200	0.924	1292	0.131869726407121	0.0793024101633327	Homo sapiens
k141_2552	284	0.430	3	3.333	0.950	2	3.500	0.996	1293	0.574328029551836	0.179381021564673	Homo sapiens
k141_10499	658	0.395	4	8.250	0.977	10	7.100	0.779	1293	0.0803114388702389	0.0703398367505415	Homo sapiens
k141_6300	282	0.429	2	3.000	1.000	2	2.000	0.762	1294	0.536727268900653	0.16713086287175	Homo sapiens
k141_6051	388	0.436	3	10.000	0.878	2	8.500	0.884	1294	0.422440665362571	0.146726208910753	Homo sapiens
k141_9400	613	0.387	4	6.000	0.881	12	7.417	0.746	1294	0.112315924005052	0.0880866511304412	Homo sapiens
k141_5810	579	0.363	4	3.750	0.889	13	3.769	0.742	1297	0.0999315108822784	0.0791876754336525	Homo sapiens
k141_9762	719	0.367	4	5.500	0.895	8	5.625	0.703	1298	0.0802975145042588	0.0634494029703022	Homo sapiens
k141_4583	661	0.421	5	7.600	0.996	8	13.500	0.829	1299	0.0977734478969417	0.068066112394918	Homo sapiens
k141_8664	382	0.374	3	1.000	0.679	2	1.000	0.274	1300	0.128383805328727	0.10011486770239	Homo sapiens
k141_1049	403	0.365	2	2.500	0.596	4	1.000	0.192	1301	0.160139784280305	0.108328647275225	Homo sapiens
k141_3774	377	0.393	3	11.667	1.000	4	7.000	0.949	1302	0.3516223742043	0.147019504451415	Homo sapiens
k141_5117	344	0.363	5	1.800	0.984	3	1.667	0.748	1304	0.163942048394755	0.12399555645101	Homo sapiens
k141_2746	317	0.372	4	2.500	0.782	4	8.500	0.835	1305	0.190162818463215	0.111341328128134	Homo sapiens
k141_6161	815	0.373	4	2.750	0.787	6	2.500	0.630	1305	0.0841583261874223	0.0642227703962994	Homo sapiens
k141_2584	398	0.372	5	3.400	1.000	9	1.778	0.937	1308	0.150894726851545	0.108003577742075	Homo sapiens
k141_7748	807	0.403	3	29.000	1.000	4	15.500	0.664	1309	0.225894012203392	0.104165951718637	Homo sapiens
k141_8672	552	0.422	4	3.500	0.634	6	2.167	0.414	1309	0.128826178548867	0.0573337025705946	Homo sapiens
k141_4484	483	0.377	2	2.000	0.957	3	6.667	0.922	1310	0.221867499019799	0.129598375989812	Naegleria fowleri
k141_3241	625	0.374	4	7.000	0.723	12	3.583	0.749	1310	0.100446591106714	0.0783187809579914	Homo sapiens
k141_1688	256	0.414	2	2.500	0.973	2	3.000	0.982	1311	0.67184985990188	0.194727593514945	Homo sapiens
k141_2890	370	0.381	3	4.667	0.978	2	9.500	1.000	1312	0.294894669813905	0.148970012283448	NA
k141_6136	511	0.368	4	3.500	0.920	7	3.571	0.810	1315	0.102844853556472	0.0843783760140558	Homo sapiens
k141_7102	411	0.365	3	1.667	0.697	7	2.143	0.718	1316	0.163128140211356	0.109075810410708	Homo sapiens
k141_6978	647	0.379	5	10.400	0.950	13	8.231	0.861	1318	0.0854459766769438	0.0676238776057893	Homo sapiens
k141_6171	385	0.403	2	1.500	0.632	2	2.000	0.925	1320	0.17137016978117	0.0943310388870717	Homo sapiens
k141_2203	461	0.369	4	2.500	0.975	8	5.875	0.965	1320	0.145872366679959	0.103590530345408	Homo sapiens
k141_3923	533	0.437	2	3.000	0.977	2	5.000	0.835	1321	0.342798497679921	0.122126166346393	Homo sapiens
k141_6528	348	0.359	5	3.000	0.971	10	5.800	0.993	1321	0.163150643262406	0.117398844061862	Homo sapiens
k141_5610	713	0.369	5	5.800	0.928	8	5.875	0.758	1321	0.0818520737670109	0.0595546922561574	Homo sapiens
k141_4066	717	0.396	4	1.250	0.939	7	2.571	0.657	1321	0.0783940634411259	0.0579785611460437	Homo sapiens
k141_2635	283	0.424	2	2.000	0.972	2	4.500	0.956	1322	0.677095903576627	0.18266291443917	Homo sapiens
k141_4319	357	0.384	3	2.667	0.965	4	3.250	0.994	1322	0.333187095366023	0.167290546857345	Homo sapiens
k141_8936	465	0.391	2	1.000	0.596	2	2.500	0.540	1324	0.198724255747548	0.106937890181072	Homo sapiens
k141_7097	432	0.370	4	4.250	0.898	7	4.714	0.946	1324	0.126098277841664	0.0906186839744098	Homo sapiens
k141_7927	632	0.396	5	3.600	0.745	10	4.800	0.697	1324	0.0832567732762281	0.067981538064049	Homo sapiens
k141_5171	283	0.417	3	1.000	0.637	2	1.500	0.433	1325	0.203854240599118	0.138388867417461	NA
k141_4947	417	0.388	3	4.333	0.820	7	7.429	0.717	1326	0.157061077924218	0.121501602055732	Homo sapiens
k141_1511	408	0.409	3	1.333	0.749	4	2.250	0.803	1326	0.156809798225058	0.0908441698500378	NA
k141_7026	911	0.407	5	5.600	0.820	9	8.889	0.800	1327	0.0982621047922129	0.0630528040847862	Homo sapiens
k141_7977	336	0.384	3	3.667	0.872	2	5.500	0.972	1329	0.299743577291428	0.139125818814667	Homo sapiens
k141_699	520	0.406	3	6.000	0.913	3	4.667	0.958	1332	0.443091541470181	0.124859417764009	Homo sapiens
k141_3930	480	0.406	3	6.000	1.000	2	5.500	0.966	1332	0.39494830113211	0.13085943493833	Homo sapiens
k141_10517	678	0.395	5	12.400	0.973	17	15.588	0.860	1332	0.092427087080282	0.0689006235035145	Homo sapiens
k141_10322	482	0.398	3	3.667	0.762	2	4.500	0.877	1333	0.347845696262673	0.151568545638846	Homo sapiens
k141_311	383	0.389	2	1.500	0.838	2	1.500	0.484	1333	0.137292726886363	0.107471958826004	Homo sapiens
k141_2339	438	0.377	3	2.000	0.873	2	4.000	0.750	1335	0.562901676111074	0.199583476325112	Homo sapiens
k141_8742	374	0.441	3	3.333	0.629	4	2.250	0.462	1336	0.507945606049214	0.136910307536179	Homo sapiens
k141_5625	347	0.383	3	1.667	0.586	2	1.000	0.922	1336	0.370585670444699	0.154756896607336	NA
k141_4925	396	0.402	3	3.333	0.987	12	2.917	0.830	1336	0.147889208572669	0.0952376866826748	Homo sapiens
k141_5751	601	0.361	4	4.500	0.805	10	3.900	0.751	1336	0.113792255441476	0.0829890372924221	Homo sapiens
k141_7820	456	0.397	2	1.500	0.810	3	2.000	0.922	1338	0.165237623798409	0.0998290161932117	NA
k141_190	446	0.386	3	4.000	0.819	9	6.778	0.739	1339	0.113319833770749	0.0898162799516098	Homo sapiens
k141_4938	665	0.368	5	4.200	0.714	8	3.375	0.683	1339	0.109550525824636	0.0665235275020732	Homo sapiens
k141_9779	735	0.371	3	2.000	0.801	3	2.000	0.493	1339	0.0940135637270965	0.0696249297159553	Homo sapiens
k141_1185	456	0.371	3	7.000	1.000	2	18.000	1.000	1341	0.58814981397369	0.192181945953406	Homo sapiens
k141_6210	331	0.396	3	1.333	0.854	2	2.500	0.872	1342	0.421514861582333	0.154339619877985	Homo sapiens
k141_9192	346	0.422	2	1.500	0.945	2	1.000	0.876	1343	0.185190000935652	0.113997242866844	NA
k141_8084	367	0.379	3	3.667	1.000	6	2.667	0.794	1345	0.195494978378893	0.126975212766125	Homo sapiens
k141_7972	380	0.408	3	2.667	0.870	5	4.000	0.766	1346	0.148178479033419	0.111649939427909	Homo sapiens
k141_7562	527	0.398	3	3.000	0.885	3	6.000	0.879	1347	0.343981741223159	0.142987392682539	Homo sapiens
k141_1201	345	0.362	3	1.000	0.824	6	2.667	0.859	1353	0.16657058049364	0.109555499453345	Homo sapiens
k141_1351	394	0.391	3	1.333	0.802	3	1.667	0.939	1356	0.166510204660383	0.110776792823165	Homo sapiens
k141_9076	465	0.404	2	3.000	0.884	7	1.286	0.689	1356	0.14669707290854	0.105899359718689	Homo sapiens
k141_2544	339	0.401	4	3.750	0.799	11	3.727	0.787	1357	0.17023907586259	0.118036323736742	Homo sapiens
k141_3212	795	0.357	4	3.500	0.791	6	6.500	0.566	1358	0.0836976340612402	0.0622027573833557	Homo sapiens
k141_6452	1008	0.384	5	22.200	0.936	16	31.188	0.860	1360	0.0579707359866337	0.0471038670485605	Homo sapiens
k141_3524	413	0.361	5	6.800	1.000	11	7.909	0.945	1361	0.173138564410327	0.114115237543382	Homo sapiens
k141_18	334	0.428	2	1.000	0.653	2	1.000	0.765	1362	0.186720005385915	0.112720217639282	NA
k141_6540	469	0.407	3	10.000	1.000	2	20.500	0.932	1364	0.292460657195105	0.131222234283586	Homo sapiens
k141_7463	425	0.379	4	1.000	0.780	5	2.800	0.807	1365	0.150501140186174	0.0925461315578819	Homo sapiens
k141_6182	286	0.413	2	3.500	0.981	2	3.500	0.976	1367	0.665974123100517	0.218837122015474	Homo sapiens
k141_8650	307	0.404	4	1.000	0.621	3	1.333	0.870	1367	0.195643381153358	0.137339964129787	Homo sapiens
k141_9900	361	0.374	5	3.600	0.936	8	3.750	0.943	1367	0.182190458392354	0.123201869186247	Homo sapiens
k141_2587	483	0.412	3	1.667	0.773	5	2.200	0.569	1367	0.128134825676399	0.0905537497135528	Homo sapiens
k141_8293	621	0.388	5	3.400	0.680	8	3.375	0.666	1367	0.0908029534466396	0.0753647927340121	Homo sapiens
k141_867	410	0.385	3	2.333	0.981	2	6.500	0.984	1368	0.478092578676282	0.185775192742572	Homo sapiens
k141_5734	318	0.358	3	2.667	1.000	7	3.000	0.953	1368	0.185739283857106	0.123242929786575	Homo sapiens
k141_8004	1011	0.522	4	2.500	0.541	12	16.333	0.539	1369	11.71182546993	0.176894120974121	Pseudomonas aeruginosa
k141_6333	563	0.391	3	6.000	0.852	3	4.667	0.840	1371	0.745277341937678	0.119860816301111	Homo sapiens
k141_2627	310	0.423	4	1.500	0.906	4	2.000	0.855	1371	0.245460656640439	0.132568118104016	NA
k141_4850	395	0.370	5	2.800	0.983	8	1.500	0.906	1372	0.157369338502295	0.11688918239751	Homo sapiens
k141_7833	464	0.442	3	23.333	1.000	4	8.000	0.811	1373	0.4545765782839	0.152897924181461	Homo sapiens
k141_5294	473	0.425	5	7.200	0.841	8	6.250	0.606	1373	0.13707698435136	0.0700463623969572	Homo sapiens
k141_5365	565	0.391	4	1.500	0.853	10	2.800	0.722	1373	0.0976678782118461	0.0799509236089265	Homo sapiens
k141_4170	377	0.401	4	2.500	0.929	8	2.500	0.848	1374	0.150693795194074	0.114443783645067	Homo sapiens
k141_9734	467	0.385	2	2.000	0.789	2	1.000	0.778	1377	0.351546103200678	0.170290781556427	Homo sapiens
k141_3455	433	0.436	3	44.000	0.996	2	29.500	0.976	1378	0.587243449711538	0.191401852268848	Homo sapiens
k141_7577	647	0.348	2	2.500	1.000	6	4.833	0.728	1378	0.103590764279999	0.0793679268560147	Homo sapiens
k141_2415	357	0.378	2	1.000	1.000	4	1.250	0.764	1379	0.186300855274559	0.13906880333458	Homo sapiens
k141_7029	658	0.512	3	2.333	0.751	11	20.455	0.655	1380	16.2371525043891	0.238223148869893	Moraxella catarrhalis
k141_3782	653	0.384	3	35.667	1.000	4	19.250	0.913	1380	0.222027118357315	0.106003212588447	Homo sapiens
k141_8230	422	0.374	2	2.000	0.986	2	2.500	0.636	1382	0.362891667966084	0.167177797927729	Homo sapiens
k141_9269	697	0.410	3	36.333	1.000	3	26.667	0.751	1383	0.644712223930431	0.141949118135111	Homo sapiens
k141_5090	575	0.383	3	10.333	0.986	3	15.667	0.985	1383	0.410686794416946	0.166760246427391	Homo sapiens
k141_6942	328	0.402	4	1.750	0.869	5	2.400	0.780	1384	0.197269087828915	0.124378579641005	Homo sapiens
k141_7073	356	0.374	4	1.750	0.860	3	1.333	0.896	1385	0.216692706449991	0.132521399241577	Homo sapiens
k141_8992	689	0.525	3	5.667	0.897	11	28.000	0.737	1386	12.1338080098246	0.193707746022021	Pseudomonas asiatica
k141_6955	365	0.375	2	1.000	0.582	4	2.250	0.812	1387	0.165370733719714	0.109751109361367	Homo sapiens
k141_8335	695	0.396	4	1.250	0.707	4	3.000	0.479	1387	0.0863014491944852	0.0651473922765055	Homo sapiens
k141_1404	416	0.365	5	4.800	0.949	5	20.200	0.979	1388	0.152143402756761	0.111707541394512	Homo sapiens
k141_3115	717	0.386	3	9.000	0.922	4	4.250	0.704	1389	0.663538848309887	0.124257253662477	Homo sapiens
k141_8600	604	0.379	2	1.500	0.709	4	1.250	0.519	1389	0.156724951483265	0.0834779453057085	Homo sapiens
k141_6501	547	0.433	2	3.000	0.727	2	1.500	0.678	1390	0.379768592947813	0.165798478234001	Homo sapiens
k141_7217	615	0.353	4	5.250	0.852	12	6.000	0.909	1390	0.117165126446491	0.0832012613753085	Homo sapiens
k141_5481	464	0.394	5	7.200	0.993	12	8.667	0.996	1391	0.121661448001992	0.0885090962592599	Homo sapiens
k141_3692	663	0.376	3	24.000	1.000	4	18.500	0.828	1392	0.868276897601336	0.162339337820184	Homo sapiens
k141_9100	218	0.358	3	1.333	0.994	3	1.000	0.930	1393	0.305159692037668	0.191046915779526	NA
k141_2188	262	0.385	2	2.000	0.918	3	3.000	0.710	1395	0.243217258699518	0.157448433708398	NA
k141_10354	599	0.369	5	9.800	0.874	13	5.231	0.909	1395	0.102158855076757	0.0769166876916779	Homo sapiens
k141_6013	505	0.436	3	3.000	0.822	2	4.500	0.851	1397	0.448147821202902	0.155873803484957	Homo sapiens
k141_1180	772	0.400	4	2.250	0.639	8	5.125	0.694	1397	0.0851087814358804	0.0618985123590615	Homo sapiens
k141_2328	734	0.379	4	3.250	0.750	11	5.182	0.594	1398	0.082898629689636	0.0657608504611937	Homo sapiens
k141_7652	402	0.391	3	6.000	0.979	2	10.000	0.984	1399	0.430753264106432	0.186021323055997	Homo sapiens
k141_7902	693	0.352	3	2.667	0.601	5	3.800	0.676	1399	0.0958677787981458	0.0667564914181247	Homo sapiens
k141_3906	599	0.389	3	13.667	0.984	2	22.000	0.898	1403	0.235510380461609	0.107796024283133	Homo sapiens
k141_3426	496	0.417	3	13.000	0.882	3	10.000	0.847	1404	0.574502460816664	0.205760000891084	Homo sapiens
k141_3380	430	0.400	3	8.333	0.983	2	11.000	1.000	1405	0.945238842638837	0.219863530766379	Homo sapiens
k141_4400	404	0.364	4	5.750	0.952	7	5.571	0.910	1407	0.152503382451233	0.083507910449144	Homo sapiens
k141_7758	401	0.387	4	3.250	0.999	4	3.000	0.997	1408	0.172064382583614	0.104227716113096	Homo sapiens
k141_9371	334	0.380	2	3.000	0.972	6	2.833	0.878	1410	0.193153661677757	0.13596719563782	Homo sapiens
k141_9641	806	0.388	3	13.667	0.986	3	14.000	0.835	1411	0.231206985861241	0.104692461489044	Homo sapiens
k141_3869	466	0.373	5	2.600	0.954	7	3.143	0.888	1411	0.15725294988644	0.0975813613647484	Homo sapiens
k141_10365	477	0.384	5	2.000	0.669	9	2.556	0.713	1412	0.155823220200481	0.10711956334209	Homo sapiens
k141_10159	612	0.377	5	3.400	0.618	12	5.250	0.748	1412	0.101340675513128	0.0758894733541857	Homo sapiens
k141_9803	684	0.519	4	3.500	0.837	13	21.692	0.708	1413	12.9914284609528	0.209819929283159	Stutzerimonas stutzeri
k141_4102	380	0.368	5	7.400	0.954	9	11.000	0.977	1413	0.295796719106549	0.124189335405181	Homo sapiens
k141_9489	836	0.383	4	17.250	0.950	14	14.357	0.817	1413	0.0761509014964011	0.0625020503874303	Homo sapiens
k141_3911	397	0.579	4	4.750	0.992	11	68.364	0.920	1415	18.4503624873386	0.266740627428066	Micrococcus sp.
k141_4630	283	0.428	2	2.500	0.952	2	1.000	0.903	1416	1.3804546469604	0.21857487995416	Homo sapiens
k141_6687	469	0.386	3	7.000	0.866	3	8.000	0.729	1416	0.369730003009678	0.159625945274754	Homo sapiens
k141_7844	406	0.394	4	2.250	0.946	6	3.833	0.948	1416	0.144043276502763	0.110117249096945	Homo sapiens
k141_2149	634	0.393	5	2.200	0.514	10	5.800	0.824	1417	0.099204449676039	0.0794060714712029	Homo sapiens
k141_4232	388	0.374	3	1.000	0.671	3	3.000	0.744	1418	0.154687281792628	0.109532335589255	Homo sapiens
k141_3456	546	0.357	4	3.250	0.895	6	3.833	0.783	1418	0.143897878005582	0.0938716547776696	Homo sapiens
k141_4944	1396	0.351	4	2.750	0.881	4	3.000	0.666	1419	0.063602688387536	0.0472144647070247	Homo sapiens
k141_10392	600	0.392	3	9.000	0.868	3	10.667	0.694	1420	0.490324132277916	0.197828864024418	Homo sapiens
k141_8908	369	0.407	2	4.500	0.932	2	12.500	0.900	1421	1.1759286012214	0.202853349646809	Homo sapiens
k141_7321	475	0.368	5	5.000	0.957	7	8.286	0.996	1421	0.146173298328802	0.0918396162742103	Homo sapiens
k141_6647	330	0.397	2	1.000	0.924	2	1.500	0.967	1422	0.213845950171679	0.121870665589449	NA
k141_8938	392	0.434	3	3.000	0.969	2	2.000	0.798	1423	0.553047285913511	0.160711120262931	Homo sapiens
k141_9642	555	0.371	2	5.500	0.959	7	3.143	0.812	1424	0.118093373594885	0.08692486384133	Homo sapiens
k141_419	639	0.405	5	5.800	0.797	13	6.462	0.831	1424	0.0982543965044545	0.0613638154181661	Homo sapiens
k141_6799	327	0.416	3	1.333	0.788	6	2.333	0.690	1425	0.22588783463681	0.164732881378049	Homo sapiens
k141_7397	466	0.397	4	3.500	0.954	5	6.600	0.871	1426	0.154528070113256	0.107692026315795	NA
k141_4807	370	0.376	4	2.000	0.931	8	5.375	0.953	1427	0.220948861471441	0.136436846184634	Homo sapiens
k141_6279	308	0.416	2	3.000	0.677	2	2.500	0.843	1428	0.595809645166198	0.201685921013387	NA
k141_2428	372	0.366	5	2.000	0.877	6	3.833	0.948	1429	0.173347782720233	0.0984634012389877	Homo sapiens
k141_9790	427	0.417	5	5.600	0.961	15	8.267	0.880	1429	0.16023291553349	0.11320748637775	Homo sapiens
k141_6189	602	0.425	3	4.667	0.958	2	8.500	0.856	1430	0.781272784883521	0.238757065614465	Homo sapiens
k141_8091	353	0.380	3	6.000	0.970	3	9.000	0.981	1431	0.754909776859879	0.237367809344512	NA
k141_5302	556	0.388	5	19.000	0.937	14	11.500	0.810	1431	0.134874586850879	0.0732728669027472	Homo sapiens
k141_7897	548	0.383	3	1.667	0.705	9	6.000	0.819	1432	0.132849578052044	0.0826973948569038	Homo sapiens
k141_9541	443	0.431	2	1.000	0.781	2	1.000	0.719	1433	0.514708809878268	0.194820691338336	NA
k141_10454	444	0.390	3	6.667	0.938	2	9.500	0.890	1435	0.40680752751545	0.158665381216128	Homo sapiens
k141_3550	362	0.365	4	2.500	0.961	3	6.333	0.919	1435	0.17745989074014	0.121204508814554	Homo sapiens
k141_618	681	0.413	3	11.667	0.974	2	6.500	0.836	1437	0.411913371235534	0.168574103220846	Homo sapiens
k141_3018	429	0.371	4	3.750	0.869	11	3.364	0.689	1437	0.188399555498648	0.0754018554327231	Homo sapiens
k141_5155	653	0.380	5	17.000	0.955	14	10.500	0.990	1438	0.0968334150494474	0.0779595906933769	Homo sapiens
k141_5779	882	0.398	3	4.667	0.716	10	6.000	0.680	1438	0.0737952136810804	0.0599163668731093	Homo sapiens
k141_559	382	0.393	3	2.000	0.919	9	6.556	0.845	1439	0.166405595382304	0.131168585899845	Homo sapiens
k141_8873	793	0.368	5	3.200	0.661	9	4.222	0.537	1439	0.0952898908169377	0.0494348474975268	Homo sapiens
k141_6497	867	0.396	5	9.200	0.848	16	13.000	0.724	1439	0.0753960903509029	0.0600689674456675	Homo sapiens
k141_5911	479	0.409	3	3.000	1.000	2	2.000	0.813	1440	1.21798724844888	0.215757831153655	Homo sapiens
k141_4203	516	0.426	3	32.667	0.982	2	21.000	0.956	1441	0.455128645600025	0.14560068628196	Homo sapiens
k141_7627	274	0.391	2	2.000	0.772	2	1.500	0.447	1441	0.291842132147885	0.15813507903435	Homo sapiens
k141_9768	357	0.359	2	1.000	0.730	4	1.500	0.862	1441	0.209486820180115	0.164359771504418	Homo sapiens
k141_2382	447	0.380	2	8.000	0.982	2	6.500	0.887	1442	0.640383004011509	0.22461489725383	Homo sapiens
k141_2233	317	0.388	4	2.250	0.893	6	3.500	0.807	1442	0.209471328838665	0.114421081997227	Homo sapiens
k141_3217	242	0.343	3	1.000	0.809	3	1.333	0.839	1443	0.289495136222213	0.180037324235936	Homo sapiens
k141_1709	429	0.427	3	26.667	1.000	3	15.000	0.868	1444	0.47867888218664	0.148087405871327	Homo sapiens
k141_6736	458	0.380	3	1.667	0.788	7	1.286	0.660	1444	0.150946229802756	0.100785169950908	Homo sapiens
k141_9435	322	0.373	2	1.500	0.955	2	2.500	1.000	1445	0.241490626873898	0.152399992452658	Homo sapiens
k141_7020	427	0.382	5	13.000	0.984	9	16.000	0.953	1446	0.163907086278492	0.10224738090677	Homo sapiens
k141_2837	555	0.366	4	5.000	0.928	10	5.300	0.857	1446	0.14468784621331	0.09033556562341	Homo sapiens
k141_3597	307	0.378	2	1.500	0.849	3	3.000	0.895	1447	0.26500343483742	0.165291565794027	Homo sapiens
k141_2343	646	0.430	3	22.000	0.979	3	12.667	0.865	1449	0.757943719494529	0.172823053942271	Homo sapiens
k141_1753	302	0.387	3	1.000	0.681	2	1.000	0.778	1449	0.24271334141224	0.138655356240198	NA
k141_6940	592	0.405	4	4.000	0.927	3	8.333	0.766	1452	0.981632394646722	0.210042497738983	Homo sapiens
k141_4710	427	0.412	3	1.667	0.635	10	2.100	0.620	1452	0.155828072417667	0.122179823456798	Homo sapiens
k141_6910	476	0.395	5	6.200	0.877	14	5.571	0.830	1452	0.123490537378236	0.0978673882368847	Homo sapiens
k141_8082	586	0.396	3	17.000	0.945	3	6.667	0.864	1453	0.270313955432949	0.125633998885918	Homo sapiens
k141_7839	560	0.523	3	2.000	0.914	6	25.000	0.613	1456	19.9162960774931	0.217395898004937	Cutibacterium acnes
k141_10419	970	0.381	3	32.000	0.968	4	19.500	0.694	1456	0.288017585455821	0.120572002162424	Homo sapiens
k141_9858	433	0.390	3	1.333	0.707	5	1.400	0.696	1456	0.135525197959655	0.100725104122075	Homo sapiens
k141_65	519	0.389	4	4.750	0.944	6	3.667	0.704	1457	2.32042066888277	0.299707849386525	Homo sapiens
k141_9828	678	0.397	3	17.333	0.932	3	25.333	0.857	1460	0.301903893003207	0.122318998800584	Homo sapiens
k141_7798	389	0.401	2	1.000	0.590	2	1.500	0.659	1461	0.196982349880082	0.109366217300503	Homo sapiens
k141_319	373	0.367	2	1.500	0.794	4	3.000	0.955	1462	0.168217345436634	0.0896216203539245	Homo sapiens
k141_2063	459	0.355	3	1.333	0.590	3	2.000	0.962	1462	0.162365437094548	0.119229252365162	Homo sapiens
k141_6379	383	0.379	3	3.000	0.938	8	3.125	0.795	1464	0.219934944227212	0.138687217553715	Homo sapiens
k141_9959	497	0.408	5	3.800	0.814	9	8.444	0.763	1464	0.15840174890616	0.114050289993364	Homo sapiens
k141_1729	435	0.372	4	8.750	0.950	9	6.111	0.863	1464	0.15628204578571	0.086249023749601	Homo sapiens
k141_689	428	0.421	3	3.000	0.956	2	9.000	1.000	1466	1.27446631067077	0.180487975343094	Homo sapiens
k141_8700	508	0.394	5	7.800	0.946	14	7.571	0.925	1466	0.135428769396522	0.102804050926368	Homo sapiens
k141_10298	451	0.375	4	3.000	0.932	7	2.714	0.850	1467	0.147435970322522	0.0977289022788331	Homo sapiens
k141_6968	307	0.414	4	1.000	0.779	3	2.667	0.950	1468	0.249364095197212	0.149852440422797	NA
k141_4200	438	0.395	2	3.000	0.921	3	5.000	0.977	1471	0.391325042246896	0.173250992233449	Homo sapiens
k141_3646	392	0.385	3	5.667	0.919	4	5.750	0.936	1472	1.15398587118807	0.196049869782105	Homo sapiens
k141_10119	301	0.402	2	1.000	0.854	4	1.000	0.667	1472	0.244230399393029	0.111836674636165	Homo sapiens
k141_7533	409	0.403	2	1.500	0.945	4	6.000	0.640	1472	0.160697965763314	0.123085247611934	Homo sapiens
k141_10207	462	0.383	3	3.000	0.923	4	2.500	0.891	1474	0.145868062799587	0.0816098238589242	Homo sapiens
k141_8975	496	0.415	4	3.500	0.856	4	3.250	0.783	1476	0.15143646636515	0.0996281926429907	Pan troglodytes
k141_4923	478	0.400	3	13.000	0.992	3	14.333	0.858	1477	0.975557591415262	0.212392335726821	NA
k141_9933	394	0.393	4	2.250	0.835	8	4.625	0.780	1478	0.177516348095727	0.121806038498831	Homo sapiens
k141_1757	435	0.363	5	4.400	0.987	11	3.000	0.888	1478	0.175738972210747	0.126800676239188	Homo sapiens
k141_2615	508	0.388	5	5.000	0.790	9	12.000	0.800	1478	0.127241729929064	0.100548824096689	Homo sapiens
k141_6442	672	0.405	5	31.000	0.970	12	24.417	0.905	1480	0.117074245941077	0.0756213040286237	Homo sapiens
k141_8051	692	0.387	4	2.500	0.893	12	6.667	0.798	1480	0.100958399422212	0.0837750178570185	Homo sapiens
k141_1389	314	0.357	2	1.000	0.543	2	1.000	0.578	1481	0.26601482241352	0.167074252859982	Homo sapiens
k141_6678	608	0.383	3	6.333	0.969	4	6.500	0.693	1482	0.916580233534658	0.195641193944612	Homo sapiens
k141_4865	425	0.353	3	1.667	0.948	5	8.600	0.904	1482	0.220311987715338	0.132377227090074	Homo sapiens
k141_8470	493	0.398	3	30.333	1.000	3	20.333	0.988	1484	0.814801300105072	0.164329975121783	Homo sapiens
k141_2011	584	0.414	3	21.333	0.999	2	13.500	0.986	1486	0.41271380017809	0.162409006273549	Homo sapiens
k141_8719	526	0.428	3	13.000	1.000	2	10.000	0.995	1488	0.838351473946752	0.218922530920428	Homo sapiens
k141_2712	328	0.372	2	2.000	0.991	5	1.200	0.837	1488	0.235627620057271	0.149829816084827	Homo sapiens
k141_7216	373	0.402	5	7.400	0.961	5	13.200	0.999	1488	0.211911247074914	0.129596006233509	NA
k141_7039	383	0.394	3	3.333	0.981	8	2.125	0.815	1488	0.1829259057179	0.121057778364474	Homo sapiens
k141_9048	475	0.387	3	5.667	0.953	11	3.091	0.824	1490	0.163141793019864	0.108236601963855	Homo sapiens
k141_5465	466	0.386	3	34.333	1.000	5	15.400	0.939	1491	0.888793725431199	0.15827570477986	Homo sapiens
k141_8545	929	0.524	5	4.800	0.671	13	67.462	0.742	1493	19.9990242687629	0.232362318242554	Escherichia coli
k141_7898	587	0.394	5	29.600	1.000	16	21.750	0.952	1495	0.125654081150177	0.0988531133258038	Homo sapiens
k141_9133	784	0.380	2	4.000	0.899	5	1.200	0.451	1495	0.0895428028355856	0.067065080488822	Homo sapiens
k141_1664	437	0.394	3	8.000	0.985	4	7.000	0.938	1497	0.874813633532922	0.242305503059204	Homo sapiens
k141_8321	287	0.387	5	1.600	0.924	4	2.250	0.868	1497	0.27071421702353	0.164923355431247	Naegleria fowleri
k141_990	443	0.384	4	2.500	0.997	6	2.667	0.961	1497	0.179207735422666	0.096912164990645	Homo sapiens
k141_3132	895	0.378	3	3.000	0.746	2	6.000	0.916	1500	0.34735921760899	0.143140736629017	Homo sapiens
k141_8144	425	0.360	4	4.750	0.984	12	6.417	0.954	1500	0.258433635906111	0.12750713856718	Homo sapiens
k141_5508	359	0.373	4	2.000	0.893	7	1.857	0.887	1500	0.241523588415766	0.152974229399152	Homo sapiens
k141_4168	507	0.387	3	1.333	0.757	2	13.500	0.894	1501	0.69539602889772	0.23564711338944	Homo sapiens
k141_6093	521	0.376	4	5.000	0.999	8	6.000	0.820	1501	0.180977869077865	0.104284950394426	Homo sapiens
k141_1713	418	0.366	5	11.400	1.000	8	28.375	0.962	1501	0.17410039278988	0.120309895858237	Homo sapiens
k141_2856	436	0.383	3	6.000	0.913	2	18.500	1.000	1502	1.63103038465213	0.283902093870629	Homo sapiens
k141_7315	462	0.372	5	3.400	0.919	4	5.500	0.888	1502	0.157939087876384	0.0877949889272601	Homo sapiens
k141_9799	726	0.554	5	3.400	0.769	7	60.143	0.670	1504	20.8656845126439	0.222765596089106	Cutibacterium acnes
k141_8760	420	0.379	4	1.250	0.966	5	2.400	0.941	1504	0.217603752348844	0.141583793366183	Homo sapiens
k141_9324	488	0.379	3	9.000	1.000	3	8.667	0.954	1505	0.600066425130506	0.217539241499428	Homo sapiens
k141_6640	407	0.381	3	10.333	1.000	4	9.000	0.959	1506	0.57099853836392	0.174432326854616	NA
k141_9358	479	0.399	2	1.500	0.737	4	1.500	0.521	1506	0.23765905235307	0.161210176248069	Homo sapiens
k141_2993	585	0.390	5	4.200	0.854	14	6.286	0.761	1506	0.121314301234342	0.0974268924021643	Homo sapiens
k141_7453	678	0.370	2	3.000	0.850	6	2.333	0.618	1506	0.109289970520911	0.0779225299999649	Homo sapiens
k141_3793	530	0.389	3	6.667	0.995	3	14.667	0.930	1507	0.240784192315695	0.119247924353281	Homo sapiens
k141_3386	739	0.396	4	1.750	0.471	10	3.400	0.538	1507	0.123888662256264	0.0653777696025786	Homo sapiens
k141_4076	446	0.374	4	4.250	0.999	8	12.125	0.992	1510	0.185648172328618	0.113035083651539	Homo sapiens
k141_3652	284	0.363	2	1.000	0.857	2	2.500	0.746	1514	0.464434418966456	0.221609447161615	NA
k141_4278	352	0.384	2	2.500	0.818	5	2.400	0.802	1514	0.214190133288749	0.136363314285689	Homo sapiens
k141_6856	339	0.398	3	1.667	0.958	6	2.500	0.943	1514	0.200130994758367	0.135373813154651	Homo sapiens
k141_8423	283	0.389	3	4.667	1.000	2	13.000	0.977	1515	1.676158895609	0.315371589583916	NA
k141_3838	410	0.398	3	2.000	0.978	3	1.667	0.977	1515	0.183505773448234	0.126354891578207	Homo sapiens
k141_10328	707	0.414	4	44.750	0.988	4	21.250	0.885	1516	0.533334415140941	0.195680688172854	Homo sapiens
k141_2582	336	0.384	2	1.500	0.969	3	2.000	0.805	1516	0.507219469392378	0.205506868302431	NA
k141_10010	650	0.391	3	15.000	0.974	4	10.250	0.630	1516	0.328463753883313	0.147787856423204	Homo sapiens
k141_1267	920	0.370	4	2.750	0.716	6	2.167	0.441	1516	0.116147020121993	0.0780888342896914	Homo sapiens
k141_349	334	0.389	5	4.400	0.973	9	5.000	0.917	1518	0.186113756493687	0.102821352882957	Homo sapiens
k141_3549	575	0.365	2	2.500	0.735	7	2.571	0.671	1519	0.157059126399896	0.0819395800461773	Homo sapiens
k141_8007	437	0.398	3	2.667	0.718	8	1.750	0.686	1520	0.21835992401245	0.100027184354902	Homo sapiens
k141_8580	301	0.405	2	2.000	0.957	7	1.429	0.715	1521	0.319586466456834	0.127482808301642	Homo sapiens
k141_9945	408	0.387	4	2.250	0.787	3	2.667	0.532	1522	0.193551086651475	0.12944469040025	Homo sapiens
k141_10308	575	0.407	5	9.600	0.854	15	13.133	0.797	1522	0.146796812597719	0.110840968248126	Homo sapiens
k141_6896	720	0.372	5	12.200	0.796	15	9.200	0.784	1522	0.104059281748306	0.0807087941004626	Homo sapiens
k141_4242	505	0.364	3	1.667	0.849	4	10.750	0.808	1523	0.171126342457963	0.123269115699078	Homo sapiens
k141_7729	562	0.400	3	24.000	0.934	4	12.500	0.688	1524	0.771472071701113	0.177395511197065	Homo sapiens
k141_1096	253	0.360	2	1.000	0.957	3	1.000	0.888	1524	0.388260207460212	0.205149389878611	NA
k141_1843	631	0.376	4	5.250	1.000	7	12.571	0.902	1524	0.122288641641156	0.0961152804590212	Homo sapiens
k141_9436	817	0.381	5	5.000	0.627	11	6.000	0.781	1524	0.0873581961875704	0.0666260439932367	Homo sapiens
k141_7819	491	0.401	3	2.000	0.969	2	2.000	0.697	1525	0.186814296428506	0.107653298779188	NA
k141_10491	539	0.356	4	3.500	0.943	10	4.900	0.841	1525	0.14536205555281	0.0952289731768193	Homo sapiens
k141_7913	533	0.398	5	11.600	0.948	14	11.857	0.991	1527	0.141191924168353	0.109706491719191	Homo sapiens
k141_10007	704	0.416	5	11.400	0.911	15	14.867	0.888	1527	0.113986455013495	0.0860980297886216	Homo sapiens
k141_4423	287	0.362	3	1.333	0.877	2	3.000	0.956	1528	0.405725012164236	0.194860537638925	NA
k141_3614	792	0.404	3	1.333	0.744	3	1.667	0.928	1529	0.631595339156196	0.135842961137928	Homo sapiens
k141_5052	576	0.417	3	23.333	1.000	2	8.500	0.992	1532	0.221579017865996	0.127275702318113	Homo sapiens
k141_7047	399	0.356	2	3.000	1.000	2	2.000	0.960	1532	0.215393405072649	0.111548324657764	Homo sapiens
k141_4751	503	0.352	2	2.000	0.955	7	1.571	0.715	1533	0.174608272234761	0.115022182137051	Homo sapiens
k141_5098	514	0.395	2	2.000	0.997	8	4.500	0.744	1534	0.141474372426379	0.113711461557268	Homo sapiens
k141_6251	660	0.386	5	26.200	0.982	16	20.375	0.939	1534	0.112320736152828	0.0861761819600792	Homo sapiens
k141_3802	1178	0.552	5	13.800	0.819	10	179.600	0.664	1535	10.7905739958449	0.177368775245435	Cutibacterium acnes
k141_9776	392	0.355	2	2.000	0.971	2	2.000	0.864	1535	0.285717738428059	0.142631211117824	Homo sapiens
k141_1189	289	0.360	4	5.250	1.000	10	7.000	0.988	1535	0.274451160855491	0.180636582112005	Homo sapiens
k141_211	452	0.431	3	1.667	0.809	5	3.200	0.668	1536	0.181842598577859	0.0967660041507172	Pan troglodytes
k141_10071	516	0.405	2	2.500	0.954	2	9.500	0.848	1537	2.76583871130071	0.349731860398038	Homo sapiens
k141_8816	346	0.387	2	1.500	1.000	2	1.000	0.720	1537	0.326701895689679	0.157398757352465	Homo sapiens
k141_8970	292	0.370	2	2.000	0.981	5	4.600	0.942	1539	0.307763912258737	0.182525324557316	Homo sapiens
k141_283	540	0.365	4	4.500	0.895	10	3.100	0.585	1539	0.155076560773366	0.113354904701395	Homo sapiens
k141_8837	282	0.383	4	1.500	0.608	4	1.000	0.653	1541	0.286518599747892	0.18388626536472	Homo sapiens
k141_1117	366	0.385	3	1.000	0.449	4	3.000	0.871	1541	0.231228432222813	0.144461348147468	Homo sapiens
k141_7288	465	0.404	5	5.000	0.950	15	5.400	0.890	1541	0.172577425766155	0.120761130822003	Homo sapiens
k141_4884	385	0.358	2	1.500	0.686	2	1.500	0.668	1544	0.422573761396954	0.218791932173759	Homo sapiens
k141_3366	497	0.396	3	8.000	1.000	9	9.667	0.883	1544	0.152724473227364	0.113137836737529	Homo sapiens
k141_7447	384	0.398	3	12.333	0.977	4	9.250	0.934	1545	1.18177770966509	0.234148798520179	NA
k141_10539	498	0.369	5	4.200	0.949	9	4.889	0.781	1545	0.156310141814449	0.0936567341381905	NA
k141_9366	668	0.398	5	5.400	0.861	15	7.800	0.873	1545	0.109086738726976	0.0828939919612017	Homo sapiens
k141_2475	558	0.385	3	6.667	0.890	2	5.000	0.997	1546	0.318183568041487	0.140019426579635	Homo sapiens
k141_3675	304	0.408	4	1.250	0.766	7	2.857	0.972	1546	0.291745599096903	0.170248986948582	NA
k141_5589	436	0.413	5	15.200	0.979	16	22.312	0.920	1547	0.171882515396847	0.12692141927895	Homo sapiens
k141_9566	277	0.408	2	1.500	0.863	3	1.000	0.587	1548	0.302069446493212	0.178450536902646	Homo sapiens
k141_6368	878	0.410	3	7.667	0.807	2	4.500	0.708	1550	0.435671553355361	0.159042009200701	Homo sapiens
k141_3068	389	0.396	4	4.250	0.964	12	6.667	0.898	1550	0.193584299692105	0.12754778524454	Homo sapiens
k141_1106	665	0.438	4	3.250	0.852	7	12.571	0.940	1551	0.155419866495131	0.0929109893937894	NA
k141_7946	825	0.421	5	8.600	0.663	15	13.600	0.634	1551	0.114136784764623	0.0851641642053634	Homo sapiens
k141_3635	286	0.406	2	1.500	0.795	3	1.667	0.840	1553	0.400789097376538	0.12194710007249	Homo sapiens
k141_4132	329	0.386	3	1.333	0.740	3	1.000	0.524	1553	0.240212565087742	0.158759718148297	Homo sapiens
k141_7277	472	0.392	5	4.000	0.940	7	13.857	0.991	1558	0.161304494765298	0.111402682576085	Homo sapiens
k141_1479	457	0.387	2	2.000	0.872	2	3.500	0.802	1559	1.18056909195389	0.233839592842921	NA
k141_6405	571	0.389	3	13.000	0.999	4	7.000	0.703	1559	0.904778563823392	0.174122718386474	NA
k141_7114	702	0.406	4	2.000	0.793	13	3.385	0.681	1560	0.109660766292363	0.0837457215789282	Homo sapiens
k141_6419	518	0.403	2	1.000	0.608	2	1.000	0.540	1563	1.13733210765398	0.169087994095185	Homo sapiens
k141_2854	947	0.393	3	39.000	0.916	4	21.000	0.730	1565	0.669377996636504	0.14742473477978	Homo sapiens
k141_2660	510	0.414	3	30.000	0.999	4	13.000	0.955	1565	0.489578338878079	0.172167279938843	Homo sapiens
k141_5226	365	0.345	5	6.800	0.996	13	7.923	0.936	1565	0.285312579674336	0.150490643050135	Homo sapiens
k141_10534	498	0.396	3	2.000	0.615	6	3.167	0.730	1565	0.192513909216859	0.0907400822624047	Homo sapiens
k141_6948	490	0.386	5	4.400	0.985	11	9.455	0.837	1567	0.193204448925209	0.133269523200055	Homo sapiens
k141_6802	498	0.396	2	1.500	0.513	5	4.000	0.516	1567	0.158683331306886	0.116674067863495	Homo sapiens
k141_2014	397	0.373	2	1.500	0.830	5	2.200	0.626	1569	0.229985517127232	0.141907321384772	Homo sapiens
k141_3971	567	0.407	3	2.667	0.851	8	3.375	0.885	1569	0.137014254376443	0.108650987540836	Homo sapiens
k141_7617	577	0.390	5	6.400	0.833	12	5.500	0.825	1569	0.12663783026287	0.0976550300752832	Homo sapiens
k141_998	751	0.397	2	3.500	0.840	2	2.000	0.707	1570	0.31503659075524	0.144159977934877	Homo sapiens
k141_9451	558	0.375	3	1.000	0.476	2	3.500	0.564	1570	0.213915644141633	0.127493077790125	Homo sapiens
k141_3920	1078	0.356	2	2.000	0.777	2	3.000	0.432	1570	0.0763607853012891	0.0597858902771336	Homo sapiens
k141_9817	562	0.407	5	3.400	0.954	6	6.333	0.846	1573	0.161779919131671	0.0968601262008462	Homo sapiens
k141_166	458	0.369	2	1.500	0.726	3	3.333	0.967	1574	0.291689876370265	0.137564448252158	NA
k141_10085	372	0.382	3	1.333	0.875	4	1.500	0.936	1574	0.27635771775694	0.160559203922575	Homo sapiens
k141_6639	577	0.383	3	32.000	0.959	4	22.750	0.807	1575	1.11505450625318	0.233721827525413	NA
k141_5397	378	0.362	3	1.000	0.891	3	1.667	0.746	1576	0.215333344961526	0.12480485647088	Homo sapiens
k141_2822	406	0.379	5	6.000	0.897	9	15.889	0.887	1579	0.22563347152723	0.149219068457862	Homo sapiens
k141_556	603	0.398	4	1.000	0.633	7	3.143	0.520	1579	0.127431628480991	0.0959576759465273	Homo sapiens
k141_7312	330	0.379	4	1.250	0.852	4	3.000	0.984	1581	0.258053896361877	0.155714051416716	Homo sapiens
k141_5944	394	0.383	4	3.000	0.948	6	6.500	0.970	1581	0.204844041591272	0.131074747362065	Naegleria fowleri
k141_9808	585	0.395	3	2.333	0.956	2	6.500	0.862	1582	2.17390066037069	0.263104923350669	Homo sapiens
k141_3089	612	0.373	5	6.400	0.770	8	5.375	0.744	1582	0.127930398680725	0.0763577552137001	Homo sapiens
k141_5961	280	0.364	4	1.250	0.891	3	1.667	0.926	1583	0.293508059199316	0.148860403925161	NA
k141_7163	491	0.395	3	28.667	0.996	7	6.429	0.850	1583	0.284167869657221	0.120938196471005	Homo sapiens
k141_8447	495	0.384	3	2.000	0.702	5	2.800	0.606	1583	0.208991009435594	0.116482762587105	Homo sapiens
k141_85	412	0.391	2	2.000	0.801	2	1.500	0.677	1584	0.196168379540283	0.138557854381528	Homo sapiens
k141_3249	382	0.385	2	1.000	0.695	3	2.000	0.775	1585	0.23823014363318	0.146461333210868	Homo sapiens
k141_133	400	0.393	3	3.000	0.842	9	2.556	0.830	1585	0.197232677579948	0.134872641803275	Homo sapiens
k141_5404	385	0.374	3	12.667	1.000	4	8.500	0.885	1590	0.377110333027301	0.168470099026632	Homo sapiens
k141_5233	518	0.394	3	11.667	0.983	4	8.750	0.768	1591	0.983381079386144	0.193339560912465	Homo sapiens
k141_10044	605	0.398	3	2.667	0.874	2	4.500	0.731	1591	0.509333877379885	0.198936011506996	Homo sapiens
k141_9506	311	0.367	4	4.000	0.930	5	6.200	0.999	1591	0.272595116770223	0.171548140118467	NA
k141_6673	702	0.369	4	3.000	0.797	7	3.714	0.705	1591	0.104394810646316	0.0724974715153801	Homo sapiens
k141_5818	576	0.375	3	53.333	1.000	7	16.000	0.775	1592	0.302638232558276	0.138693435876477	Homo sapiens
k141_8867	397	0.368	5	30.600	1.000	12	35.917	0.907	1593	0.221498107282156	0.135380929591677	Homo sapiens
k141_9248	388	0.405	3	3.667	0.954	11	3.091	0.898	1593	0.211163803664625	0.119585329343809	Homo sapiens
k141_10321	1088	0.403	5	9.600	0.782	14	13.000	0.776	1594	0.123263201087852	0.0905227393655194	Homo sapiens
k141_7404	379	0.385	2	2.500	1.000	8	2.875	0.847	1595	0.216455939049627	0.142721604257885	Homo sapiens
k141_7358	284	0.387	4	2.750	0.963	5	4.800	0.938	1598	0.311149436561064	0.183120301601075	NA
k141_3031	664	0.410	5	22.000	0.978	15	19.533	0.932	1599	0.117863870268874	0.0913971708716156	Homo sapiens
k141_3691	441	0.406	4	2.250	0.968	6	3.167	0.883	1600	0.209183373841749	0.129369364403112	NA
k141_9942	509	0.401	4	3.500	0.864	9	2.778	0.848	1600	0.163381886455457	0.122011993472044	Homo sapiens
k141_10341	852	0.392	5	18.000	0.895	15	17.467	0.908	1600	0.0898677605141138	0.0751107859320738	Homo sapiens
k141_8135	350	0.386	5	3.000	0.981	12	3.083	0.927	1602	0.231051766858658	0.162920629532589	Homo sapiens
k141_6108	802	0.392	3	4.000	0.795	4	3.000	0.762	1603	0.254007447571854	0.132178593023456	Homo sapiens
k141_9530	392	0.367	2	3.000	0.966	2	3.500	0.931	1604	0.206815900054119	0.123049502479559	Homo sapiens
k141_10185	570	0.389	2	2.000	0.768	7	3.143	0.694	1604	0.165709027596491	0.110688532179405	Homo sapiens
k141_1849	424	0.380	5	4.400	1.000	6	19.167	1.000	1605	0.212910369613505	0.119106180931835	Homo sapiens
k141_9789	410	0.349	2	1.000	0.730	2	1.000	0.343	1606	0.273513277275832	0.116789247362665	Homo sapiens
k141_4705	392	0.390	4	2.750	0.908	8	4.125	0.877	1606	0.176106512819443	0.0928354277378797	Homo sapiens
k141_5062	537	0.385	3	2.000	0.686	5	5.000	0.630	1606	0.146540912016892	0.0859577351193858	Homo sapiens
k141_9863	534	0.371	5	5.000	0.924	10	7.300	0.928	1607	0.241651709973119	0.135553083202469	Homo sapiens
k141_8588	555	0.382	3	16.000	0.956	2	18.000	0.833	1608	0.523122658010565	0.195586486866147	Homo sapiens
k141_1152	593	0.393	3	5.333	0.951	4	3.500	0.720	1610	0.63548041725013	0.229796896098863	Homo sapiens
k141_6509	282	0.372	2	1.500	0.936	2	8.000	0.996	1610	0.491687186663243	0.22403261831463	NA
k141_1782	553	0.389	5	2.400	0.812	11	5.727	0.715	1611	0.147364667761244	0.115385136683087	Homo sapiens
k141_2655	796	0.394	3	2.333	0.483	3	3.667	0.286	1612	0.470009662427651	0.160419309160412	Homo sapiens
k141_4108	416	0.377	4	1.500	0.651	3	2.667	0.962	1615	0.253447313750032	0.157508358092216	Homo sapiens
k141_8397	474	0.390	5	12.400	0.988	13	12.923	0.969	1615	0.183711726202615	0.128189573123533	Homo sapiens
k141_2231	1293	0.359	5	9.000	0.842	9	8.222	0.685	1615	0.0734862108437812	0.0556715836806244	Homo sapiens
k141_9815	468	0.397	5	2.000	0.968	8	3.250	0.685	1616	0.169137230663436	0.124388953676185	Homo sapiens
k141_275	966	0.365	4	3.500	0.806	9	4.222	0.473	1617	0.101888380962099	0.0674575029823908	Homo sapiens
k141_4331	398	0.382	3	5.000	0.869	2	7.500	0.974	1620	0.350153018580967	0.157311342264726	Homo sapiens
k141_5708	401	0.394	5	1.800	0.760	5	9.000	0.902	1622	0.214317333112638	0.135304746497044	Homo sapiens
k141_6519	273	0.377	2	1.000	0.896	3	1.333	0.817	1623	0.449079170498013	0.197911458952597	Homo sapiens
k141_4901	394	0.358	3	1.333	1.000	5	1.200	0.515	1623	0.266315097149741	0.152379015430842	Homo sapiens
k141_6018	576	0.377	3	3.667	0.547	12	5.250	0.763	1628	0.148693931713697	0.113199455755018	Homo sapiens
k141_6785	651	0.367	5	3.000	0.764	7	3.857	0.779	1628	0.137111191448504	0.0997015934377585	Homo sapiens
k141_4542	787	0.394	3	41.333	1.000	5	19.200	0.841	1629	0.37623602806778	0.170332686318594	NA
k141_4499	256	0.469	2	1.000	0.840	2	1.000	0.760	1630	0.3355598101882	0.158804178734187	NA
k141_6241	616	0.391	4	13.000	0.977	3	6.333	0.982	1631	0.452352837495196	0.163503331465762	Homo sapiens
k141_1837	539	0.388	3	64.333	1.000	6	19.833	0.849	1631	0.336508863057431	0.141725786370215	NA
k141_10138	528	0.373	5	4.000	0.764	10	3.000	0.549	1631	0.321231928042597	0.0762068008150552	Homo sapiens
k141_10344	851	0.400	5	31.800	0.984	16	35.812	0.931	1631	0.0924981757345184	0.0769233685839854	Homo sapiens
k141_440	404	0.389	3	2.667	0.971	8	2.250	0.890	1632	0.272623280090527	0.13535468012001	Homo sapiens
k141_10262	697	0.393	2	1.000	0.677	2	1.000	0.847	1634	0.268870422456684	0.134493329417972	NA
k141_8569	396	0.376	4	2.000	0.811	5	4.400	0.703	1634	0.24658038571944	0.143666001281315	Homo sapiens
k141_9159	409	0.411	2	1.000	0.606	3	1.000	0.640	1634	0.20716437849089	0.13176096342301	Homo sapiens
k141_377	785	0.414	4	5.500	0.711	12	2.667	0.555	1634	0.112533311054057	0.0908256119595981	Homo sapiens
k141_2124	398	0.397	3	1.000	0.502	4	2.750	0.677	1635	0.202747548600465	0.14253761849647	Homo sapiens
k141_4970	421	0.380	3	5.667	0.401	12	3.083	0.237	1636	2.19723254967698	0.104227766169341	Condylostylus longicornis
k141_1046	271	0.373	2	1.000	0.847	2	3.500	0.945	1637	0.34305092358295	0.194365919480151	Homo sapiens
k141_10081	528	0.364	4	2.750	0.893	4	3.000	0.875	1637	0.189687353949312	0.105499657653671	Homo sapiens
k141_4591	708	0.364	4	3.000	0.842	6	4.000	0.688	1639	0.132419944809698	0.083035822731998	Homo sapiens
k141_7774	482	0.384	4	1.000	0.768	3	2.000	0.472	1641	0.212330093358071	0.132033090671582	Homo sapiens
k141_5238	802	0.367	5	5.600	0.921	15	3.733	0.790	1641	0.1394547790375	0.0963119371593911	Homo sapiens
k141_7	387	0.375	2	3.000	0.950	2	3.000	0.824	1644	1.18555974790622	0.301009463457665	NA
k141_3965	395	0.390	3	8.667	0.981	3	12.333	0.934	1645	2.00149483786876	0.286814700369227	NA
k141_8185	491	0.409	3	1.667	0.839	3	2.000	0.842	1645	0.245455611309682	0.120586323650425	NA
k141_5691	466	0.406	5	2.400	0.884	9	4.222	0.866	1645	0.187580600482433	0.127747922836027	Homo sapiens
k141_662	396	0.389	3	2.000	0.849	2	2.500	0.908	1646	0.38567748406095	0.20388795991045	Homo sapiens
k141_343	348	0.402	4	1.500	0.875	5	3.800	0.828	1648	0.212458859413239	0.111629046516538	Homo sapiens
k141_8782	603	0.400	3	1.333	0.786	5	1.200	0.530	1651	0.151761883183413	0.0988251704512552	Homo sapiens
k141_7094	612	0.397	2	1.500	0.909	3	1.667	0.504	1651	0.146728893577392	0.0888932828089793	Homo sapiens
k141_7989	627	0.389	5	4.000	0.683	6	3.667	0.708	1655	0.318818330295501	0.117420714867869	Homo sapiens
k141_395	471	0.414	3	1.000	0.645	2	1.500	0.387	1656	0.187393646601286	0.129337856711031	Homo sapiens
k141_7455	554	0.379	4	2.750	0.719	7	4.000	0.634	1656	0.159233876809337	0.104207192011499	Homo sapiens
k141_4486	386	0.368	2	1.000	0.960	2	1.000	0.548	1657	0.356087688474312	0.16842976891329	Homo sapiens
k141_8986	535	0.378	4	24.500	0.964	5	20.600	0.911	1659	0.305057971072423	0.15266151193959	Homo sapiens
k141_447	407	0.378	3	1.000	0.577	5	1.200	0.584	1659	0.25884864741907	0.144315595382619	Homo sapiens
k141_5174	497	0.386	5	3.800	0.863	8	3.750	0.788	1659	0.204373490801421	0.131906257484574	Homo sapiens
k141_28	671	0.367	4	3.500	0.895	9	3.000	0.720	1659	0.165079299413597	0.103974105703098	Homo sapiens
k141_10342	597	0.402	5	2.800	0.724	7	3.286	0.730	1660	0.149786292922635	0.106101298671322	Homo sapiens
k141_9749	427	0.389	2	1.000	0.804	5	2.000	0.705	1661	0.262291562795166	0.169933558187829	Homo sapiens
k141_9982	354	0.412	3	2.333	0.999	5	3.400	0.950	1662	0.260171318311875	0.158609409480093	NA
k141_6998	478	0.395	4	3.000	0.867	12	4.083	0.802	1662	0.187871486927258	0.122260425755144	Homo sapiens
k141_9950	577	0.390	5	14.600	0.875	16	10.562	0.940	1662	0.170710998358469	0.109946144826346	Homo sapiens
k141_3418	408	0.390	5	4.600	0.976	14	5.071	0.970	1663	0.22483444475542	0.136605218490686	Homo sapiens
k141_10500	530	0.377	3	1.000	0.850	4	1.750	0.731	1663	0.141551421828051	0.088574341947358	Homo sapiens
k141_71	368	0.397	3	2.667	0.774	7	6.857	0.864	1664	0.344073579773404	0.225425334036681	Homo sapiens
k141_10043	760	0.372	4	5.750	0.910	10	4.800	0.809	1665	0.130260325834632	0.0892889023134442	Homo sapiens
k141_6055	342	0.395	2	1.500	0.800	3	1.333	0.658	1667	0.34467968461082	0.181375613073008	NA
k141_4481	381	0.386	3	4.667	0.953	3	6.667	0.812	1668	1.49043464331712	0.286904714987142	Homo sapiens
k141_8573	1104	0.399	4	108.750	0.903	7	30.857	0.714	1668	1.1120599841505	0.217805520668935	Homo sapiens
k141_9091	447	0.389	4	4.250	0.798	13	5.000	0.730	1670	0.202818314076669	0.132213723061767	Homo sapiens
k141_6652	761	0.368	3	1.000	0.568	5	1.000	0.391	1670	0.136640156920784	0.093349251256328	Homo sapiens
k141_8195	751	0.403	3	5.333	0.711	6	3.833	0.559	1671	0.168394776363685	0.087379711361697	Homo sapiens
k141_3735	602	0.360	3	1.333	0.682	3	1.000	0.307	1671	0.167271770023604	0.0919083769826405	Homo sapiens
k141_5904	557	0.395	4	2.500	0.983	8	4.750	0.940	1671	0.163674038403108	0.0988444854283752	Homo sapiens
k141_4413	990	0.362	5	7.600	0.724	10	7.100	0.665	1672	0.151140804463831	0.0911699790651035	Homo sapiens
k141_6431	406	0.372	3	2.000	0.993	8	3.125	0.877	1673	0.248253404154608	0.139571334492154	Homo sapiens
k141_7181	732	0.376	5	12.800	0.954	11	7.909	0.867	1673	0.12678504618721	0.0777463035142928	Homo sapiens
k141_7127	467	0.385	2	4.500	0.935	3	1.333	0.694	1676	0.290890953909833	0.190928036460789	Homo sapiens
k141_4434	353	0.402	4	4.750	0.995	8	5.750	0.956	1677	0.306416353443546	0.185216119368545	NA
k141_9282	715	0.393	3	7.333	0.988	2	3.500	0.646	1678	0.400930297105871	0.156156853447121	Homo sapiens
k141_5350	351	0.399	3	9.000	1.000	2	12.000	0.973	1679	1.49860748935982	0.293675272266371	NA
k141_6818	435	0.414	3	1.000	0.510	3	1.333	0.428	1679	0.208300855759588	0.137492517240514	Homo sapiens
k141_2041	554	0.368	5	3.800	0.900	11	4.818	0.887	1679	0.151870227689625	0.0992325668884341	Homo sapiens
k141_8981	474	0.403	2	2.000	0.843	2	3.000	0.773	1680	0.678284993027413	0.234802677447421	NA
k141_779	358	0.413	3	1.333	0.929	2	2.500	0.990	1681	1.5278608037267	0.249018031287486	Homo sapiens
k141_6664	400	0.375	3	4.667	0.949	7	6.714	0.920	1681	0.295079947384764	0.170272300173914	Homo sapiens
k141_6995	408	0.387	4	2.750	0.956	15	4.067	0.938	1681	0.221508149116618	0.151975059841574	Homo sapiens
k141_2036	406	0.367	5	2.200	0.880	6	1.833	0.902	1683	0.288658577910748	0.178197038221187	Homo sapiens
k141_1399	401	0.389	3	1.333	0.664	2	1.500	0.327	1683	0.205478325829425	0.131950115912154	Homo sapiens
k141_2496	456	0.404	2	1.500	0.797	5	1.600	0.556	1683	0.200351310581694	0.13977222771079	Homo sapiens
k141_3016	405	0.373	3	1.000	0.695	2	1.000	0.441	1684	0.35472880851023	0.177629959396084	Homo sapiens
k141_3682	493	0.406	3	4.667	0.884	2	4.000	0.810	1685	26.4289933438792	0.349289473491776	Homo sapiens
k141_6836	349	0.438	3	7.333	0.989	5	13.400	0.905	1688	0.287518975450847	0.131637733079871	NA
k141_9268	1005	0.399	5	37.400	0.939	14	22.071	0.760	1688	0.10150785108565	0.0579818640913243	Homo sapiens
k141_4476	375	0.389	3	12.333	1.000	2	20.500	1.000	1689	34.0594218517164	0.354847846451784	Homo sapiens
k141_3041	346	0.422	2	1.000	0.598	2	2.000	0.763	1690	0.290206812526523	0.168643142227257	NA
k141_9200	763	0.392	4	6.000	0.933	4	9.750	0.658	1691	0.784233708692191	0.205289081140996	Homo sapiens
k141_5119	609	0.386	5	3.800	0.699	9	5.444	0.600	1691	0.159914662164985	0.106917464097401	Homo sapiens
k141_5252	330	0.370	3	2.333	0.997	5	3.200	0.974	1693	0.342202538454604	0.197691583680983	Homo sapiens
k141_386	1064	0.378	3	3.000	0.616	12	6.000	0.537	1693	0.101249246268698	0.078185697932352	Homo sapiens
k141_9285	827	0.389	3	1.000	0.459	2	1.000	0.521	1694	0.783597360846939	0.225515915723153	Homo sapiens
k141_1832	499	0.415	5	6.600	0.919	6	7.167	0.746	1696	0.235387065271443	0.131742886986921	NA
k141_2127	680	0.378	3	2.000	0.799	4	2.500	0.861	1696	0.175630608438892	0.113173638491575	Homo sapiens
k141_9386	861	0.403	5	8.800	0.836	14	10.143	0.862	1697	0.109115513796801	0.0859527568329334	Homo sapiens
k141_6512	416	0.353	3	1.333	0.953	2	3.500	0.940	1698	0.302992657643519	0.131675782361139	Homo sapiens
k141_2024	483	0.383	2	1.000	0.966	2	1.000	0.422	1698	0.175456524834644	0.101217956750136	Homo sapiens
k141_5484	371	0.385	3	1.000	0.990	2	1.000	0.714	1699	0.327601580719409	0.142977523270843	Homo sapiens
k141_4853	380	0.376	5	6.200	0.969	14	5.071	0.979	1699	0.249459319251813	0.172632988055522	Homo sapiens
k141_2103	630	0.410	3	3.333	0.795	2	7.000	0.877	1700	26.2071292705888	0.397431634483405	Homo sapiens
k141_1909	353	0.408	4	4.500	0.990	6	8.667	0.946	1700	0.276046406136206	0.165298193718911	NA
k141_8075	450	0.387	2	1.000	0.681	4	1.500	0.711	1700	0.26024021711133	0.153670750682928	Homo sapiens
k141_7099	537	0.400	4	1.500	0.823	4	1.250	0.624	1701	0.254519242397209	0.105798145576496	NA
k141_7694	633	0.398	5	12.800	0.938	12	12.083	0.943	1701	0.194560444425375	0.148908020335405	Homo sapiens
k141_7639	369	0.371	3	2.333	1.000	6	4.833	0.949	1705	0.301570232780493	0.184725180411514	Homo sapiens
k141_5726	309	0.353	2	3.000	0.977	4	1.250	0.744	1706	0.377675288632988	0.191198542382426	Homo sapiens
k141_2093	430	0.372	3	6.000	1.000	6	10.667	0.998	1706	0.232885552756588	0.13938013198265	Homo sapiens
k141_1984	403	0.360	4	2.000	0.999	7	2.714	0.858	1707	0.298487926867032	0.172593699346382	Homo sapiens
k141_2039	568	0.414	5	7.400	0.904	12	5.083	0.811	1707	0.186768012248789	0.13011023528193	Homo sapiens
k141_9772	397	0.401	2	1.500	0.980	2	1.000	0.843	1708	0.279425671527187	0.16401362878598	Homo sapiens
k141_5827	639	0.360	4	8.000	0.977	10	5.300	0.898	1708	0.150303902588651	0.090063892937354	Homo sapiens
k141_7231	509	0.363	3	2.667	0.561	2	2.500	0.959	1709	0.24146873051739	0.140269898871409	Homo sapiens
k141_2274	540	0.365	5	2.800	0.910	9	5.111	0.833	1711	0.388864502793881	0.171055630585026	Homo sapiens
k141_5570	540	0.376	5	4.400	0.929	11	8.364	0.884	1711	0.221504097524478	0.146760090423806	Homo sapiens
k141_10538	604	0.392	4	4.500	0.924	10	9.300	0.755	1711	0.194473143655686	0.138722723787422	Homo sapiens
k141_8673	401	0.384	4	2.000	0.768	11	4.091	0.717	1714	0.31196729799296	0.156340057102839	Homo sapiens
k141_4017	376	0.356	3	1.333	0.873	2	2.500	0.750	1714	0.303284108746554	0.181852711484774	NA
k141_9420	846	0.402	3	7.667	0.675	4	3.250	0.879	1715	0.407793421918497	0.181860978792656	Homo sapiens
k141_8705	714	0.387	4	4.000	0.787	6	11.667	0.778	1715	0.159037004896125	0.0963756840014585	Homo sapiens
k141_7289	896	0.396	5	21.400	0.923	14	17.571	0.846	1715	0.113439376707862	0.0718244483740012	Homo sapiens
k141_3647	477	0.403	3	1.000	0.477	2	1.000	0.985	1716	0.52681621845463	0.215479773342802	Homo sapiens
k141_4446	343	0.356	5	2.600	0.930	4	7.500	0.991	1716	0.403745316743776	0.176077587693428	Homo sapiens
k141_3820	430	0.402	4	1.500	0.401	5	2.000	0.644	1716	0.240217796325098	0.166400176225794	Homo sapiens
k141_10208	459	0.377	3	1.000	0.747	2	1.000	0.578	1716	0.227503632768929	0.162453633385128	Homo sapiens
k141_9975	479	0.405	5	3.400	0.850	13	7.000	0.772	1716	0.211605818728344	0.138708979999948	Homo sapiens
k141_5697	552	0.382	2	1.000	0.955	8	1.500	0.777	1716	0.173934503991145	0.127618317146792	Homo sapiens
k141_4119	588	0.389	2	2.000	0.748	6	1.500	0.701	1718	0.168103463087881	0.097662280134666	Homo sapiens
k141_2431	803	0.362	4	8.750	0.975	10	5.800	0.904	1719	0.128023032179054	0.0835772818173554	Homo sapiens
k141_6551	370	0.365	3	10.333	1.000	2	20.000	1.000	1720	0.514711162741895	0.223534122215537	NA
k141_4060	500	0.412	4	1.750	0.753	4	3.500	0.782	1720	0.219297079982476	0.113373222973012	Homo sapiens
k141_9796	439	0.362	3	3.000	0.861	7	3.857	0.895	1721	0.270695112052341	0.156511458387583	Homo sapiens
k141_4262	590	0.388	3	2.000	0.719	2	2.500	0.644	1723	1.61312839710377	0.26931772630442	NA
k141_9899	561	0.394	3	7.333	1.000	3	6.333	0.876	1724	0.689524320817771	0.238805728229976	Homo sapiens
k141_2690	345	0.394	3	1.333	0.770	2	1.500	0.997	1724	0.516022469767996	0.23721378865938	NA
k141_9543	500	0.382	3	1.333	0.551	12	2.083	0.590	1724	0.192600965816048	0.133168310487732	Homo sapiens
k141_1935	370	0.389	3	2.333	0.751	9	3.333	0.656	1725	0.259523442020159	0.178216490329374	Homo sapiens
k141_8184	517	0.371	4	1.250	0.826	8	2.125	0.818	1725	0.242643833242519	0.118730416550953	Homo sapiens
k141_8582	372	0.401	2	1.000	0.914	3	2.000	0.799	1727	0.229361408015724	0.143286449710347	Homo sapiens
k141_7212	364	0.401	3	6.333	0.972	2	10.000	0.948	1728	0.462220278564476	0.213386951064619	NA
k141_10254	439	0.390	5	2.800	0.905	8	3.750	0.847	1728	0.285133883035517	0.172731070356042	Homo sapiens
k141_942	320	0.384	4	1.750	0.881	6	3.000	0.859	1729	0.319944453643853	0.182239429765757	Homo sapiens
k141_8509	495	0.416	3	2.000	0.910	6	3.167	0.776	1729	0.210185230546519	0.140984582507476	Homo sapiens
k141_8752	815	0.372	3	2.333	0.678	2	3.000	0.698	1729	0.134891996141951	0.0755391382325367	Homo sapiens
k141_10466	443	0.415	5	6.800	0.977	9	11.667	0.925	1731	0.241432688954382	0.110423688240762	Homo sapiens
k141_9368	535	0.396	2	1.000	0.636	3	2.333	0.761	1731	0.204685847240872	0.115624449594075	Homo sapiens
k141_4945	417	0.388	5	3.800	0.973	9	2.778	0.915	1733	0.350580061496298	0.17977466988523	Homo sapiens
k141_6034	341	0.367	5	2.600	0.975	8	3.750	0.934	1735	0.388081817818194	0.209696338349779	Homo sapiens
k141_2964	587	0.390	4	11.000	0.908	14	10.429	0.895	1736	0.294120312523766	0.172186384385269	Homo sapiens
k141_5718	453	0.382	2	1.500	0.810	2	2.500	0.788	1736	0.195131237075875	0.105112847060159	Homo sapiens
k141_224	419	0.391	3	1.667	0.885	3	2.333	0.618	1737	0.83307468512226	0.224851358128418	NA
k141_5553	312	0.381	2	2.000	0.726	2	3.000	0.891	1737	0.366526675323563	0.192419789629701	Homo sapiens
k141_3761	388	0.353	3	2.333	1.000	3	3.333	0.992	1740	0.376007169571864	0.159835907458613	Homo sapiens
k141_7838	785	0.395	5	10.600	0.909	15	9.200	0.663	1740	0.159660945384221	0.110755843563093	Homo sapiens
k141_8725	341	0.378	2	1.000	0.940	3	1.000	0.677	1741	0.360227732135694	0.209250307490377	Homo sapiens
k141_6063	331	0.366	3	3.000	0.961	7	3.286	0.887	1743	0.414349479540474	0.211423853305901	NA
k141_6538	423	0.376	5	6.200	0.991	11	4.091	0.982	1743	0.327802210138736	0.178938053983419	NA
k141_6776	438	0.384	3	16.000	0.982	4	9.750	0.934	1744	0.381393905541069	0.161811371087591	Homo sapiens
k141_4516	767	0.395	3	72.333	1.000	7	19.286	0.713	1744	0.292099067769891	0.132508008730675	Homo sapiens
k141_6935	895	0.402	3	2.000	0.549	6	1.667	0.383	1744	0.114697479126391	0.08105256898841	Homo sapiens
k141_1679	441	0.388	3	3.000	0.943	2	3.500	0.808	1746	0.423913080870966	0.17239483159881	Homo sapiens
k141_3101	283	0.378	3	2.000	0.922	7	1.857	0.867	1748	0.379895356013718	0.235285385819528	Homo sapiens
k141_9094	471	0.372	2	1.000	0.765	4	1.750	0.627	1748	0.211633164641024	0.138482618022329	Homo sapiens
k141_8532	326	0.387	4	11.500	1.000	12	7.083	0.924	1749	0.345353947628393	0.214525622771428	Homo sapiens
k141_9954	450	0.393	3	1.000	0.814	3	2.000	0.622	1751	0.252011516636768	0.123208051419586	Homo sapiens
k141_4361	540	0.398	5	3.200	0.845	12	5.667	0.879	1751	0.178914896874365	0.12834560819172	Homo sapiens
k141_8406	603	0.390	5	6.200	0.940	8	14.125	0.934	1752	0.210060040734484	0.123725414204049	Pan troglodytes
k141_5339	457	0.361	3	1.667	0.883	10	1.600	0.911	1753	0.256933688972076	0.14292563563231	Homo sapiens
k141_7911	512	0.350	5	21.800	1.000	14	14.571	0.944	1753	0.237763702663727	0.149178482354208	Homo sapiens
k141_4641	725	0.374	3	3.000	0.695	7	2.429	0.675	1753	0.148336523865258	0.0871245566725721	Homo sapiens
k141_3572	400	0.370	4	11.750	1.000	3	13.333	0.997	1754	0.487450674091564	0.220569294456185	NA
k141_8260	430	0.384	5	3.600	0.958	6	2.333	0.955	1754	0.279017713490415	0.174057915695394	Homo sapiens
k141_6168	304	0.391	2	3.000	0.903	2	2.500	0.543	1756	0.394967978182251	0.234941542630537	NA
k141_2253	549	0.355	4	1.750	0.819	7	2.000	0.635	1756	0.208574780453299	0.123744481881193	Homo sapiens
k141_7270	318	0.377	2	2.000	0.954	7	1.143	0.792	1757	0.391647761051353	0.197766996151109	Homo sapiens
k141_8011	285	0.393	3	3.333	0.944	7	1.571	0.797	1759	0.436050148363677	0.23331271850535	NA
k141_2975	415	0.364	3	2.000	0.816	3	2.667	0.941	1759	0.331730447073494	0.180605251764452	Homo sapiens
k141_1130	425	0.376	4	2.500	0.914	7	4.429	0.797	1759	0.311407491154527	0.186440100733143	Homo sapiens
k141_2905	541	0.388	5	14.400	1.000	9	13.444	0.859	1759	0.211596272008269	0.130922314026749	Homo sapiens
k141_3882	434	0.378	3	1.667	0.835	4	6.000	0.975	1760	0.346421342048669	0.147601153027662	Homo sapiens
k141_3680	540	0.385	5	4.000	0.781	10	3.700	0.648	1760	0.231939899413957	0.145617812352422	Homo sapiens
k141_2368	537	0.378	3	2.667	0.946	2	2.000	0.732	1761	0.414662528287364	0.20481884251729	NA
k141_3818	369	0.390	3	2.667	0.949	3	3.333	0.963	1765	0.361809891817353	0.173785708783659	Homo sapiens
k141_7947	422	0.417	3	1.000	0.753	4	2.000	0.891	1765	0.284987186883061	0.1275966821642	Homo sapiens
k141_6943	377	0.398	3	3.000	0.924	2	5.000	0.808	1766	41.8661522507665	0.345716880973465	Homo sapiens
k141_2815	396	0.417	3	2.667	0.825	3	1.000	0.854	1767	0.278989726531063	0.161026098858142	NA
k141_2595	427	0.368	5	44.000	0.990	16	26.250	0.987	1768	0.262845970480585	0.168049667604537	Homo sapiens
k141_174	558	0.380	4	3.500	0.832	9	1.667	0.677	1769	0.192837253892833	0.119270842027732	Homo sapiens
k141_1477	559	0.392	5	20.200	0.999	16	14.500	0.929	1769	0.189451517055202	0.137088104609226	Homo sapiens
k141_3005	642	0.394	3	2.000	0.624	8	3.250	0.707	1770	0.289532382727161	0.0700730865061382	Homo sapiens
k141_255	283	0.350	5	4.800	1.000	8	5.375	0.887	1771	0.48320734037277	0.246124888501542	Homo sapiens
k141_613	496	0.397	3	8.000	0.905	5	4.200	0.768	1771	0.479077575354654	0.19509997528298	Homo sapiens
k141_8686	303	0.376	2	1.000	0.710	3	2.000	0.990	1771	0.437009203344329	0.222186303731918	Homo sapiens
k141_3390	537	0.387	3	1.000	0.528	2	1.000	0.420	1771	0.228486719449587	0.117154179068319	NA
k141_1592	467	0.413	2	1.500	0.796	2	1.000	0.691	1772	0.229796881684133	0.140631112146249	Homo sapiens
k141_8169	311	0.408	5	1.600	0.954	8	1.625	0.871	1773	0.297191353951089	0.170204511738226	Homo sapiens
k141_910	430	0.384	4	3.000	0.984	11	4.273	0.900	1773	0.289886624903188	0.140522842381837	Homo sapiens
k141_6938	619	0.405	5	23.400	0.946	16	21.750	0.869	1773	0.181871142522664	0.120192479956513	Homo sapiens
k141_7457	561	0.394	3	1.333	0.862	4	2.500	0.687	1774	0.248806092510672	0.103747611709588	Homo sapiens
k141_2911	528	0.381	4	7.500	0.993	6	3.167	0.885	1775	0.466936812036051	0.178628744576645	Homo sapiens
k141_6906	286	0.388	3	1.333	0.952	4	4.000	0.940	1776	0.386243829273792	0.238959049271628	NA
k141_7251	384	0.388	4	3.750	0.993	5	16.800	0.998	1777	0.366926975495141	0.172882815062079	NA
k141_6001	574	0.368	4	5.250	0.897	10	3.200	0.845	1777	0.214924049665583	0.114417878995486	eukaryotic synthetic construct
k141_925	634	0.361	2	2.000	0.928	2	1.500	0.788	1778	0.69446518126603	0.200860006438063	NA
k141_8391	403	0.395	4	2.000	0.823	4	2.750	0.764	1778	0.440914833916612	0.103089706664524	Homo sapiens
k141_9676	469	0.386	3	5.000	0.877	3	4.667	0.764	1779	0.430499406789466	0.174096385859452	Homo sapiens
k141_982	379	0.409	2	3.500	1.000	4	1.000	0.549	1781	0.310753462685673	0.186247000826159	NA
k141_561	441	0.388	5	2.200	0.750	10	8.600	0.739	1781	0.274100721394325	0.156193620582526	Homo sapiens
k141_9441	413	0.397	3	2.000	0.820	7	1.857	0.687	1783	0.529167603279768	0.152548443608125	Homo sapiens
k141_2632	519	0.397	4	5.500	0.853	9	4.111	0.790	1783	0.198516066547895	0.123121055587118	Homo sapiens
k141_690	530	0.372	5	59.000	1.000	17	24.706	0.990	1787	0.246089944826628	0.144617923332154	Homo sapiens
k141_8128	630	0.376	5	16.200	0.859	14	26.714	0.802	1787	0.216442007658746	0.139246924652149	Homo sapiens
k141_546	347	0.395	3	1.000	0.744	3	2.000	0.746	1788	0.338034978733255	0.204212068758065	NA
k141_9413	515	0.367	3	1.667	0.654	4	1.500	0.599	1788	0.246721091798317	0.137057483836283	Homo sapiens
k141_3937	1081	0.379	4	2.500	0.685	9	2.111	0.488	1788	0.0993278579370552	0.0741847988318634	Homo sapiens
k141_1113	324	0.389	3	2.000	0.852	4	1.000	0.804	1789	0.421107686948846	0.200872032396359	Homo sapiens
k141_4825	395	0.359	2	2.000	0.791	5	1.000	0.604	1789	0.344081607599825	0.192415468761428	Homo sapiens
k141_4161	488	0.367	3	2.667	0.965	8	2.750	0.727	1789	0.297159566876002	0.193581355776907	Homo sapiens
k141_8031	462	0.361	5	18.600	1.000	14	13.786	0.981	1789	0.275170115887475	0.165074219284487	Homo sapiens
k141_8493	360	0.381	3	3.000	0.988	6	2.833	0.868	1790	0.348817030075518	0.200492725625593	Homo sapiens
k141_9819	494	0.364	4	4.750	0.894	8	3.500	0.771	1790	0.26924227395719	0.167684305006206	Homo sapiens
k141_975	620	0.371	4	2.500	0.838	5	2.800	0.631	1790	0.198569429784129	0.112612467269632	Homo sapiens
k141_1609	475	0.375	3	3.667	0.823	3	4.667	0.973	1791	0.465983697502861	0.185245678931502	NA
k141_4704	505	0.362	3	10.333	0.980	3	10.333	0.863	1791	0.455406972520924	0.20707972007751	NA
k141_9062	456	0.414	4	10.250	0.950	2	24.000	0.974	1793	16.1960414149198	0.395117458183138	Homo sapiens
k141_10201	471	0.446	3	2.333	0.845	4	1.000	0.544	1795	0.256761882622365	0.162871969127598	NA
k141_2846	356	0.362	5	4.800	0.994	10	3.900	0.974	1796	0.396307675476337	0.194696493146866	Homo sapiens
k141_3952	454	0.381	5	3.200	0.880	6	12.167	0.899	1796	0.251206361347416	0.148969941356513	Homo sapiens
k141_56	366	0.388	3	1.333	0.837	5	1.000	0.478	1797	0.298606654008376	0.201483518042635	Homo sapiens
k141_5361	691	0.349	5	18.400	0.852	11	19.818	0.623	1797	0.230130000235812	0.0632439043849792	Homo sapiens
k141_9277	477	0.394	3	4.667	0.915	2	3.000	0.944	1799	0.42475452014794	0.184963358369502	Homo sapiens
k141_2092	518	0.388	5	8.000	0.952	14	6.571	0.968	1799	0.204509127186557	0.149899906143763	Homo sapiens
k141_8777	634	0.407	3	4.667	0.977	2	3.000	0.633	1801	0.527059339512999	0.162600204390293	Homo sapiens
k141_6813	437	0.391	3	1.667	0.697	11	2.091	0.740	1801	0.292867870811672	0.134462260608925	Homo sapiens
k141_5253	355	0.394	2	2.000	0.646	2	1.500	0.221	1802	0.309597721368642	0.165983632717167	NA
k141_1636	437	0.362	3	2.000	0.875	7	1.571	0.829	1802	0.290653640015445	0.174431901824934	Homo sapiens
k141_321	1093	0.381	5	18.000	0.881	15	12.067	0.900	1803	0.112916507565954	0.0779628028403247	Homo sapiens
k141_5467	284	0.401	3	1.333	0.799	3	2.333	0.982	1804	0.420236223373203	0.19457553510927	Homo sapiens
k141_9721	394	0.393	3	2.000	0.779	2	2.000	0.920	1807	34.0279132019366	0.399159976779396	Homo sapiens
k141_8714	526	0.376	3	2.333	0.975	2	1.500	0.631	1808	0.357681463237172	0.161602809755574	Homo sapiens
k141_8521	576	0.372	2	5.000	0.981	4	5.500	0.691	1808	0.235339681561791	0.134757857167889	Homo sapiens
k141_4452	276	0.337	2	1.000	1.000	3	1.000	0.947	1810	0.47616165003899	0.222271671824318	Homo sapiens
k141_2329	430	0.384	2	1.000	0.847	7	1.429	0.631	1810	0.407103276899376	0.145855077318476	Homo sapiens
k141_6548	677	0.369	4	2.500	0.777	8	3.000	0.758	1812	0.199636983599234	0.136259635268488	Homo sapiens
k141_4205	401	0.409	2	5.000	1.000	2	8.500	1.000	1813	28.9741097765365	0.480518912507546	Homo sapiens
k141_10050	767	0.361	3	2.000	0.680	6	3.667	0.781	1813	0.182414405664043	0.122717458470243	Homo sapiens
k141_9044	436	0.365	4	4.500	0.971	9	2.222	0.830	1814	0.308790233291898	0.18948649639033	Homo sapiens
k141_2921	462	0.364	2	4.000	0.884	4	1.500	0.570	1815	0.336927449093731	0.179155017686332	Homo sapiens
k141_4599	592	0.363	2	1.500	0.774	6	1.167	0.720	1816	0.372786835318483	0.152345870552593	Homo sapiens
k141_2099	742	0.385	5	4.600	0.629	6	5.833	0.818	1816	0.167067332412629	0.102363979460639	Homo sapiens
k141_1644	413	0.366	3	1.000	0.877	4	1.750	0.729	1817	0.371739402197613	0.153508604692989	Homo sapiens
k141_2836	384	0.388	3	4.000	0.968	5	15.200	0.974	1817	0.342109241922951	0.175497183610181	Homo sapiens
k141_250	1159	0.399	5	15.200	0.886	13	17.615	0.752	1817	0.114570905394607	0.0591471041952954	Homo sapiens
k141_2324	328	0.369	4	16.250	1.000	13	13.462	1.000	1819	0.390011103072287	0.228328545569948	Homo sapiens
k141_4948	373	0.365	3	1.333	0.789	2	1.000	0.839	1819	0.304036067497202	0.193944834382508	Homo sapiens
k141_3298	517	0.381	5	2.200	0.804	12	3.750	0.690	1820	0.22265945646065	0.151001366271524	Homo sapiens
k141_5458	576	0.378	5	17.000	0.998	10	9.000	0.990	1820	0.198943325765617	0.0987388468219782	Homo sapiens
k141_9320	420	0.393	4	2.500	0.982	9	4.111	0.929	1821	0.309827103618827	0.202209252626184	Homo sapiens
k141_10264	442	0.410	4	1.500	0.868	2	4.000	0.893	1821	0.305996533400735	0.128649591324175	NA
k141_3534	528	0.422	2	5.500	0.973	5	4.400	0.990	1822	0.252374443308503	0.0991056609707868	Homo sapiens
k141_1287	432	0.384	5	2.400	0.885	5	5.000	0.881	1822	0.241117488165202	0.138202357365788	Homo sapiens
k141_9795	631	0.391	5	4.800	0.848	11	6.818	0.897	1822	0.227009821683205	0.120170753011063	Homo sapiens
k141_10399	446	0.399	3	2.000	0.759	10	2.000	0.660	1823	0.340651203593821	0.175441639159505	Homo sapiens
k141_9438	419	0.377	4	1.500	0.955	3	1.333	0.721	1823	0.315864897472057	0.203541614795455	Homo sapiens
k141_4976	452	0.385	3	7.333	1.000	2	4.500	0.976	1824	0.68384505201899	0.259313903011269	NA
k141_4774	214	0.374	2	1.500	0.918	2	1.000	0.897	1824	0.654672317371905	0.304127539309077	NA
k141_638	281	0.391	2	2.500	0.988	3	2.667	0.708	1824	0.525480772586265	0.249278960677141	Homo sapiens
k141_5768	365	0.395	2	1.500	1.000	4	7.000	0.838	1824	0.355554897060251	0.173071290904563	Homo sapiens
k141_6612	510	0.382	4	6.500	0.851	13	3.385	0.738	1824	0.238694714088988	0.131746313095097	Homo sapiens
k141_7753	599	0.397	4	4.750	0.756	2	5.500	0.603	1825	1.66429287170533	0.351056583661211	Homo sapiens
k141_9431	458	0.380	2	2.000	0.961	6	1.333	0.783	1825	0.377000889398226	0.212643036670642	Homo sapiens
k141_2045	297	0.357	2	1.500	0.672	2	1.500	0.963	1827	0.507753110352367	0.263865945653479	Homo sapiens
k141_5669	1179	0.360	3	2.667	0.643	3	2.333	0.503	1827	0.115778739007379	0.081604583547106	Homo sapiens
k141_4376	359	0.376	3	1.667	0.940	7	2.143	0.978	1830	0.378709864138927	0.213812264024923	Homo sapiens
k141_10084	459	0.370	4	2.000	0.855	8	3.750	0.837	1830	0.251969108916829	0.163776156960573	Homo sapiens
k141_6860	330	0.376	3	1.000	0.885	5	3.000	0.968	1831	0.414497165729873	0.234539546229866	Homo sapiens
k141_4480	509	0.381	4	5.250	0.935	9	4.667	0.901	1832	0.263338326758955	0.167470072353361	Homo sapiens
k141_5882	416	0.385	4	7.500	1.000	12	3.500	0.907	1833	0.395287125555803	0.191488347776179	Homo sapiens
k141_9549	553	0.383	5	16.400	0.993	12	18.750	0.929	1833	0.212992454116673	0.148440215555088	Homo sapiens
k141_9294	679	0.408	5	10.200	0.895	17	8.588	0.833	1833	0.171722385049787	0.122011440461542	Homo sapiens
k141_6569	379	0.375	3	1.667	0.948	2	5.000	0.996	1834	1.45673566594345	0.266954204446256	NA
k141_4576	396	0.432	2	1.000	0.692	2	4.000	0.917	1834	0.358153974777701	0.19424235674254	Naegleria fowleri
k141_3687	447	0.398	2	1.500	0.657	3	2.333	0.710	1834	0.290732818308497	0.161860714110181	Homo sapiens
k141_8710	862	0.384	3	3.667	0.749	2	3.000	0.742	1836	0.482288496190623	0.160849253106467	Homo sapiens
k141_6563	348	0.379	2	2.500	0.964	2	3.000	0.851	1837	0.444765698915796	0.229472708332918	NA
k141_1144	284	0.408	3	2.333	1.000	8	3.000	0.981	1838	0.415228415155957	0.238184929894087	Naegleria fowleri
k141_4288	405	0.425	2	1.500	0.691	4	1.500	0.677	1838	0.342883287584933	0.173714988319868	NA
k141_1659	457	0.385	5	7.400	0.902	13	4.692	0.899	1838	0.309125526582593	0.172412625184414	Homo sapiens
k141_4406	283	0.385	3	2.000	0.979	4	2.750	0.993	1840	0.486249224086197	0.25969467158074	Homo sapiens
k141_9906	308	0.386	3	1.000	0.721	2	1.000	0.532	1840	0.457930875862412	0.248256598113568	Homo sapiens
k141_10213	937	0.394	4	4.000	0.735	13	8.538	0.701	1840	0.215346063496036	0.1413457368067	Homo sapiens
k141_7693	353	0.397	2	1.000	0.996	4	2.250	0.833	1841	0.447811695051249	0.236770655125459	Homo sapiens
k141_6811	717	0.397	5	5.200	0.988	14	8.071	0.831	1842	0.267200173351225	0.1706390028917	Homo sapiens
k141_4723	442	0.380	3	7.333	0.945	2	6.500	0.809	1843	1.01391756524023	0.20542350260496	Homo sapiens
k141_8972	475	0.373	5	3.600	0.881	13	2.077	0.700	1843	0.329187747914676	0.19753975684637	Homo sapiens
k141_10295	466	0.380	3	1.667	0.925	4	1.750	0.686	1843	0.289177472483842	0.176755217195009	Homo sapiens
k141_10284	570	0.405	5	8.800	0.892	14	5.786	0.864	1843	0.255135556769901	0.134402318268972	Homo sapiens
k141_9695	554	0.399	4	3.000	0.773	7	4.571	0.667	1844	0.351110042115509	0.0861950876598596	Homo sapiens
k141_8517	980	0.389	5	63.400	0.997	17	46.529	0.938	1844	0.142422977408036	0.105969125143445	Homo sapiens
k141_9595	524	0.406	5	4.400	0.859	6	5.500	0.759	1845	0.254686544902757	0.13275835562668	NA
k141_5221	635	0.420	4	6.000	0.854	4	6.750	0.894	1845	0.226380549012228	0.123269365169988	Homo sapiens
k141_5038	707	0.383	5	18.400	0.965	10	16.700	0.916	1845	0.180567914063528	0.101658569369479	Homo sapiens
k141_1454	410	0.405	2	2.500	1.000	4	1.000	0.862	1846	0.342230490763032	0.137732240680479	Homo sapiens
k141_8740	797	0.409	3	47.000	0.924	5	17.000	0.778	1849	0.7305244403789	0.186457590139797	Homo sapiens
k141_2678	545	0.435	4	1.000	0.822	5	3.000	0.686	1849	0.276681898501765	0.108507692222672	NA
k141_3039	523	0.380	5	5.600	0.715	13	6.923	0.741	1850	0.263138007317566	0.125755779544165	Homo sapiens
k141_4100	558	0.401	4	5.250	0.883	13	10.308	0.719	1850	0.239236740643253	0.161710796147563	Homo sapiens
k141_8451	517	0.389	5	26.200	0.962	16	29.375	0.942	1850	0.233324629246754	0.156504536284003	Homo sapiens
k141_10178	509	0.405	5	14.000	0.967	9	9.444	0.829	1851	0.459194019600695	0.148825180770443	Homo sapiens
k141_1221	578	0.393	4	2.750	0.833	7	4.286	0.664	1851	0.299061242750885	0.160516365350025	Homo sapiens
k141_2199	475	0.392	2	2.500	0.959	4	10.500	0.968	1852	0.263387728413183	0.166675010481806	Homo sapiens
k141_8844	681	0.388	2	3.000	0.737	9	1.556	0.647	1852	0.179824152506681	0.118874350296612	Homo sapiens
k141_6209	311	0.441	3	1.000	0.880	2	2.500	0.860	1853	0.432565715587231	0.16129738223469	NA
k141_9249	483	0.371	4	4.500	0.777	10	5.400	0.752	1854	0.312186339388157	0.190552381587822	Homo sapiens
k141_1222	832	0.382	3	2.333	0.748	2	1.000	0.600	1855	18.747269036538	0.390242496190183	Homo sapiens
k141_4940	515	0.357	5	21.200	1.000	14	16.000	0.991	1855	0.338455486949754	0.158681736256781	Homo sapiens
k141_5606	320	0.403	2	4.000	0.895	2	3.000	0.945	1856	56.8910012471976	0.540197291411734	Homo sapiens
k141_1211	322	0.382	3	1.667	0.570	4	2.000	0.707	1857	0.471639780276604	0.243018160930934	NA
k141_9835	537	0.400	2	1.500	0.934	3	4.333	0.821	1857	0.258324493065977	0.150469255587766	Homo sapiens
k141_9857	682	0.397	3	2.333	0.808	2	5.000	0.838	1858	44.741855858879	0.382252159452997	Homo sapiens
k141_8489	577	0.381	5	44.000	0.994	15	17.933	0.961	1858	0.221423914707145	0.156444871520639	Homo sapiens
k141_8227	380	0.392	2	1.000	0.680	4	1.250	0.670	1859	0.440655455058101	0.237018848480156	Homo sapiens
k141_10277	338	0.405	3	1.333	0.855	2	4.000	0.902	1859	0.417429952167512	0.170733854075974	Homo sapiens
k141_7174	367	0.381	4	2.750	0.884	7	2.857	0.898	1860	0.476894606603746	0.238342408465157	Homo sapiens
k141_2922	434	0.392	3	1.333	0.644	5	3.200	0.793	1860	0.326009870826852	0.115043354403206	Homo sapiens
k141_4014	486	0.383	2	1.000	0.627	4	1.000	0.494	1860	0.240902160693657	0.143285680649041	Homo sapiens
k141_9191	359	0.401	3	1.667	0.820	4	3.250	0.918	1861	0.400585254437099	0.193244933773335	NA
k141_1869	275	0.389	4	1.250	0.798	3	1.667	0.988	1862	0.545414364063165	0.250243921609412	Homo sapiens
k141_4443	480	0.371	4	2.000	0.823	8	2.500	0.732	1863	0.359234133203418	0.171366648283607	Homo sapiens
k141_4057	474	0.359	2	2.000	1.000	7	1.286	0.900	1864	0.334740287996224	0.195641703478251	Homo sapiens
k141_2920	288	0.396	5	3.200	0.978	5	7.200	0.906	1865	0.45148036318254	0.252513224674108	NA
k141_2986	511	0.393	3	3.333	0.999	11	3.636	0.824	1866	0.35640701478876	0.149792199752451	Homo sapiens
k141_506	435	0.407	3	16.667	0.971	4	10.000	0.792	1867	35.4596167696745	0.341641924866141	Homo sapiens
k141_2313	568	0.379	3	5.667	0.971	4	8.500	0.878	1867	0.507393258581069	0.222932918796477	Homo sapiens
k141_3054	789	0.418	5	3.600	0.941	7	10.714	0.685	1867	0.187534802787351	0.078061743204711	NA
k141_683	402	0.363	5	7.600	0.950	14	8.286	0.984	1868	0.379610496934888	0.18226458558696	Homo sapiens
k141_7292	572	0.406	3	10.333	0.999	3	8.000	0.918	1869	22.5595689358518	0.357830507436591	Homo sapiens
k141_8913	510	0.386	5	23.200	1.000	10	43.800	0.963	1869	0.273615977176216	0.143802419056747	Naegleria fowleri
k141_6390	465	0.361	3	2.000	0.728	4	5.250	0.660	1870	0.365172809936138	0.171978006729839	Homo sapiens
k141_8794	697	0.379	2	2.000	0.765	5	1.600	0.581	1870	0.292768748575335	0.0857166636109518	Homo sapiens
k141_7077	746	0.378	4	12.500	0.841	3	21.667	0.832	1871	1.32930559038568	0.2077552296674	Homo sapiens
k141_5677	389	0.375	2	1.000	0.850	6	1.667	0.934	1871	0.455369492418168	0.261205801295453	Homo sapiens
k141_8755	991	0.391	5	4.400	0.669	11	11.818	0.700	1871	0.158610868002632	0.10966567190642	Homo sapiens
k141_7037	385	0.400	3	5.000	0.992	2	15.500	0.999	1873	39.0815307433327	0.481083248949331	Homo sapiens
k141_9378	932	0.370	4	3.500	0.609	8	2.875	0.532	1873	0.185655626259627	0.0805824356124815	Homo sapiens
k141_5003	354	0.401	5	9.600	0.998	8	13.250	1.000	1874	0.413943745915994	0.234058029896934	NA
k141_9700	526	0.363	4	3.500	0.946	10	2.500	0.920	1874	0.324623291086664	0.143159035098014	Homo sapiens
k141_416	443	0.388	5	4.000	0.998	11	2.818	0.978	1875	0.402373473477838	0.139017013615375	Homo sapiens
k141_3342	543	0.411	5	35.400	0.746	15	16.200	0.501	1876	0.40177714854305	0.0847215084119712	Homo sapiens
k141_6083	366	0.391	2	1.000	0.988	3	1.000	0.564	1876	0.398151481709192	0.165489642346751	Homo sapiens
k141_9375	511	0.401	3	1.667	0.874	3	1.000	0.556	1877	0.357279257836331	0.102120124639108	Homo sapiens
k141_3300	477	0.356	3	1.667	0.869	4	2.250	0.959	1881	0.363319233110408	0.177928952289019	Homo sapiens
k141_2840	361	0.355	4	3.750	0.965	6	3.833	0.627	1883	1.10629014409266	0.135064456250828	Homo sapiens
k141_8496	789	0.397	5	28.000	0.999	16	21.062	0.930	1883	0.232254148697466	0.164882405559422	Homo sapiens
k141_2518	428	0.402	2	2.000	0.937	4	2.000	0.824	1884	0.293040128212945	0.156145896014413	Homo sapiens
k141_969	325	0.428	2	2.500	0.980	3	5.667	0.957	1885	0.461517834995143	0.160758118918433	NA
k141_8259	424	0.410	2	3.000	0.775	7	3.143	0.614	1885	0.416621952903151	0.167063079223939	Homo sapiens
k141_8671	447	0.367	4	2.500	0.666	6	3.333	0.460	1886	0.543523638765488	0.114886573622279	Homo sapiens
k141_198	677	0.391	4	5.000	0.771	12	6.000	0.802	1886	0.2586436507381	0.170594373107482	Homo sapiens
k141_10425	425	0.381	5	7.400	0.942	11	6.909	0.852	1887	0.331088526917129	0.202408819326079	Homo sapiens
k141_6957	462	0.366	4	1.500	0.582	6	2.333	0.770	1888	0.417545063550734	0.206384417466699	Homo sapiens
k141_3672	742	0.412	3	2.333	0.784	3	2.000	0.524	1888	0.271072812722823	0.111141428419492	Homo sapiens
k141_1552	513	0.380	5	22.000	0.985	16	13.500	0.944	1889	0.289783146274866	0.18594302380342	Homo sapiens
k141_3671	314	0.369	3	1.333	0.797	3	1.000	0.790	1890	0.51954829747906	0.274320529752064	Homo sapiens
k141_8516	525	0.379	4	3.250	0.862	11	3.273	0.771	1892	0.353199962422983	0.19394231842013	Homo sapiens
k141_8431	451	0.415	4	12.750	0.976	2	34.500	1.000	1893	34.0805684448282	0.472250973507187	Homo sapiens
k141_7965	283	0.375	2	2.500	0.686	5	2.400	0.893	1893	0.64672211049774	0.275380444578494	Homo sapiens
k141_1232	255	0.412	3	2.000	0.949	6	2.167	0.947	1893	0.585146928455321	0.304894125420611	NA
k141_3476	516	0.376	2	1.500	0.574	5	2.600	0.916	1893	0.469001856168946	0.23605033749451	NA
k141_7492	439	0.374	5	6.600	0.995	12	9.333	0.986	1893	0.344837925319433	0.168786569722694	Homo sapiens
k141_9476	466	0.380	4	7.250	0.971	11	8.818	0.868	1894	0.342192351152259	0.200729071807878	Homo sapiens
k141_3670	485	0.365	5	5.600	0.992	7	3.571	0.839	1895	0.342735363136954	0.160162894518602	Homo sapiens
k141_6457	309	0.369	4	1.750	0.989	6	1.500	0.955	1896	0.566935336228877	0.271273317698434	Homo sapiens
k141_7511	424	0.382	3	1.333	0.926	2	1.500	0.665	1896	0.401321549816149	0.163166340717094	Homo sapiens
k141_7314	527	0.397	3	13.667	0.981	3	18.667	0.978	1897	32.1989091847559	0.405426980832102	Homo sapiens
k141_9440	558	0.378	5	19.800	0.998	14	14.143	0.955	1897	0.266249384846595	0.171593056984649	Homo sapiens
k141_3628	417	0.357	5	2.400	0.963	3	2.667	1.000	1898	0.583985952234534	0.278698735472315	NA
k141_3037	1218	0.357	5	3.400	0.565	10	4.100	0.445	1898	0.124088661998884	0.0867668061820701	Homo sapiens
k141_4896	462	0.377	4	1.500	0.819	3	1.333	0.837	1899	0.422149287435162	0.203889452521253	Homo sapiens
k141_7313	647	0.380	4	2.500	0.828	8	2.625	0.621	1899	0.192911788698497	0.116144315680857	Homo sapiens
k141_3195	357	0.370	5	19.800	1.000	14	10.929	0.965	1901	0.468090800656531	0.233741100309107	Homo sapiens
k141_9771	439	0.387	4	6.250	1.000	8	7.875	0.981	1901	0.32102481010869	0.177805114508525	Homo sapiens
k141_463	759	0.414	5	3.400	0.729	3	2.000	0.422	1901	0.193647354055364	0.10355510090621	NA
k141_6330	829	0.397	3	4.667	0.995	2	9.500	0.960	1902	0.694547094880355	0.174218725698488	Homo sapiens
k141_6901	393	0.399	4	2.000	1.000	4	1.250	0.840	1902	0.399597193770057	0.206549071491093	Naegleria fowleri
k141_5841	513	0.394	2	1.000	0.840	3	6.000	0.828	1904	0.363258322420901	0.153240442176833	Homo sapiens
k141_9257	654	0.388	5	16.800	0.999	16	15.062	0.933	1904	0.203875211906475	0.145090317997015	Homo sapiens
k141_8897	657	0.400	3	9.333	0.940	2	22.500	0.916	1905	35.3439218667586	0.419875923191182	Homo sapiens
k141_4023	402	0.373	2	1.000	0.993	5	1.400	0.695	1905	0.401989610816013	0.201985989582544	Homo sapiens
k141_10414	638	0.381	5	11.600	0.988	13	9.385	0.890	1906	0.214600818769223	0.122100083101078	Homo sapiens
k141_2132	838	0.352	4	4.250	0.854	8	4.125	0.669	1908	0.192963181949285	0.109378126956698	Homo sapiens
k141_6714	335	0.388	2	1.500	1.000	6	1.667	0.837	1909	0.478619217035011	0.24103957536382	Homo sapiens
k141_95	399	0.363	4	6.500	0.952	10	6.100	0.933	1909	0.411731083842243	0.208571607521028	Homo sapiens
k141_6111	535	0.396	3	2.333	0.707	3	3.000	0.807	1910	0.601963320412301	0.217060720664099	NA
k141_3980	282	0.387	4	3.000	0.995	6	2.833	0.976	1911	0.564464324311083	0.293493635518356	Homo sapiens
k141_7743	384	0.404	4	1.750	0.936	3	5.667	0.902	1911	0.338171298181596	0.170267633510548	NA
k141_2943	926	0.395	5	9.400	0.974	15	9.133	0.907	1911	0.157722171068491	0.108750522095924	Homo sapiens
k141_2399	333	0.378	4	1.000	0.699	3	1.000	0.700	1912	0.492704008949597	0.2530385676465	Homo sapiens
k141_5696	433	0.370	4	2.250	0.793	6	3.167	0.629	1912	0.353879910365666	0.206310543193587	Homo sapiens
k141_8175	449	0.401	5	20.400	0.992	11	22.000	0.895	1912	0.327427150306725	0.189069457480615	NA
k141_1522	757	0.406	5	13.200	0.967	11	11.909	0.817	1912	0.239337389337961	0.127147575036108	Homo sapiens
k141_10226	664	0.405	3	28.667	0.990	5	19.200	0.701	1913	31.5043917842139	0.38798388603401	Homo sapiens
k141_5242	589	0.406	3	12.333	0.992	4	5.000	0.798	1913	0.567294020836001	0.200887368070697	Homo sapiens
k141_1031	353	0.374	3	1.333	0.998	3	2.333	0.656	1913	0.432534447290183	0.235814136094889	Homo sapiens
k141_3305	419	0.391	3	1.333	0.718	4	2.750	0.582	1914	0.468639978386455	0.164707551840069	Homo sapiens
k141_9520	456	0.423	3	2.000	0.906	4	6.250	0.998	1914	0.341847339318766	0.116878793495964	Homo sapiens
k141_2471	514	0.379	4	1.750	0.538	5	1.800	0.397	1914	0.334121015623067	0.179640954419526	Homo sapiens
k141_8165	542	0.380	4	3.000	0.766	7	4.429	0.844	1914	0.252848147519311	0.168773276291002	Homo sapiens
k141_1840	387	0.395	5	2.400	0.973	6	1.667	0.916	1915	0.47909107562673	0.235587808544743	Homo sapiens
k141_9103	427	0.382	4	1.750	0.963	5	2.200	0.910	1915	0.393780236867836	0.202353043538746	Homo sapiens
k141_4982	435	0.352	3	3.000	0.947	8	3.500	0.895	1915	0.385581031005217	0.185947833653511	Homo sapiens
k141_8441	572	0.397	4	7.000	0.952	9	7.333	0.922	1915	0.248063157961307	0.138744223296863	Naegleria fowleri
k141_6467	424	0.375	2	2.000	0.961	2	1.000	0.408	1917	3.24908922498111	0.280447375242869	Homo sapiens
k141_9493	567	0.393	4	10.000	1.000	7	11.286	0.982	1918	0.294788788553163	0.169327588121206	Homo sapiens
k141_10261	748	0.406	4	2.250	0.725	5	5.400	0.703	1918	0.203711656179843	0.0835977984541447	Homo sapiens
k141_6178	390	0.369	5	5.800	1.000	13	8.231	0.997	1920	0.339113640888789	0.223630392721285	Homo sapiens
k141_2010	552	0.389	3	1.333	0.910	5	1.400	0.846	1920	0.335792994580212	0.185617887137065	Homo sapiens
k141_2577	332	0.407	3	1.000	0.983	2	3.000	0.992	1921	0.536139275119279	0.16248482349694	NA
k141_8589	636	0.393	5	5.800	0.702	11	7.455	0.636	1921	0.326080039839918	0.0683995047273137	Homo sapiens
k141_4368	372	0.398	5	2.600	1.000	2	2.000	1.000	1922	0.494563448204568	0.144193941027274	Homo sapiens
k141_3328	351	0.410	3	1.667	0.922	4	2.250	0.897	1922	0.467720224209875	0.162826979546512	Homo sapiens
k141_2122	469	0.348	2	1.500	0.759	3	1.667	0.804	1922	0.375466321210004	0.156718992501985	Homo sapiens
k141_6696	614	0.362	5	20.600	0.975	15	12.933	0.958	1922	0.283948795294475	0.142500794204315	Homo sapiens
k141_6610	1011	0.423	3	117.333	0.994	6	37.500	0.648	1924	1.5860818246448	0.238498880741183	Homo sapiens
k141_2170	702	0.382	3	1.667	0.555	2	1.500	0.388	1924	0.251562079264876	0.128138167407598	Homo sapiens
k141_7161	492	0.384	2	2.000	0.831	7	2.571	0.876	1926	0.333353107728559	0.206693791901887	Homo sapiens
k141_1418	878	0.367	5	6.000	0.679	11	5.091	0.694	1926	0.160270319956706	0.106292460710883	Homo sapiens
k141_5986	837	0.376	2	3.000	0.989	2	2.000	0.434	1928	0.730824226218287	0.218826204025165	Homo sapiens
k141_6237	321	0.380	2	1.000	0.674	4	1.250	0.707	1931	2.09606087440203	0.36259371472295	Homo sapiens
k141_8450	580	0.384	5	7.400	0.947	14	5.643	0.897	1932	0.286671515107324	0.143341787855348	Homo sapiens
k141_7018	321	0.380	5	1.800	0.747	4	3.000	0.850	1933	0.626888279830379	0.28531582053721	NA
k141_9904	456	0.371	3	1.000	0.675	4	2.750	0.931	1934	0.403567531655753	0.204308656197675	Homo sapiens
k141_1824	420	0.405	5	23.400	1.000	10	22.600	0.976	1934	0.398515628263002	0.134315941155595	NA
k141_1896	457	0.370	5	2.400	0.871	5	5.000	0.941	1935	0.829623421640566	0.296699643344562	Homo sapiens
k141_8937	453	0.408	4	1.750	0.892	4	5.250	0.882	1935	0.431922626208237	0.250577021112625	Bradyrhizobium sp. WBOS01
k141_6226	266	0.387	4	1.250	0.816	7	1.286	0.801	1936	0.590644481008185	0.315807933479775	Homo sapiens
k141_9034	305	0.393	4	2.500	0.994	6	4.500	0.978	1936	0.498195385410903	0.245303422473288	NA
k141_2318	363	0.355	2	1.500	0.944	5	1.600	0.923	1936	0.467534930218003	0.209040177076972	Homo sapiens
k141_7750	397	0.388	5	12.600	1.000	9	20.000	0.941	1936	0.382374181277334	0.210036515563697	Homo sapiens
k141_3933	552	0.375	4	4.500	0.968	9	5.667	0.907	1937	0.303470274321965	0.179287486034349	Homo sapiens
k141_4327	602	0.379	3	1.333	0.937	2	1.500	0.547	1938	0.281772911610828	0.133872626962318	Homo sapiens
k141_6791	632	0.391	5	25.000	0.979	15	18.533	0.945	1938	0.233753704098156	0.15583159071631	Homo sapiens
k141_7503	543	0.409	4	1.250	0.388	5	2.000	0.425	1939	0.275779555628962	0.168083452323054	Homo sapiens
k141_1940	400	0.375	3	1.333	0.950	6	3.167	0.989	1940	1.80577582379455	0.341496660149079	Naegleria fowleri
k141_2665	322	0.376	3	2.000	0.690	3	1.667	0.892	1940	0.574668173848836	0.18605542153789	NA
k141_6976	447	0.416	2	2.500	0.965	2	2.000	0.763	1940	0.383345821642754	0.160758936447755	Naegleria fowleri
k141_9946	522	0.362	5	20.800	0.993	14	16.000	0.940	1940	0.312256272091239	0.183989132356523	Homo sapiens
k141_3079	629	0.390	5	4.800	0.837	10	3.900	0.785	1941	0.225372981926912	0.133561284263521	Homo sapiens
k141_8352	790	0.404	3	17.000	0.875	5	9.000	0.555	1943	0.952204911354045	0.201094928034292	Homo sapiens
k141_6648	810	0.417	5	17.000	0.955	9	13.111	0.927	1945	0.212024825212877	0.0802358393759686	Homo sapiens
k141_3926	666	0.374	5	24.800	0.864	6	20.833	0.905	1948	1.13925383175921	0.257166835547471	Homo sapiens
k141_827	349	0.413	4	1.250	0.875	12	3.250	0.986	1948	0.487098784291833	0.181564391048014	Homo sapiens
k141_3434	533	0.371	5	2.800	0.759	4	3.750	0.801	1948	0.297279454500755	0.159593591308354	Homo sapiens
k141_5930	507	0.394	2	1.000	0.909	4	1.750	0.594	1949	0.382157101873434	0.138482783199289	Homo sapiens
k141_824	810	0.384	3	39.667	1.000	8	10.125	0.667	1949	0.371279212143128	0.178821733067175	Homo sapiens
k141_1504	1013	0.404	4	5.000	0.793	13	6.692	0.573	1949	0.172841562261679	0.0815773260074394	Homo sapiens
k141_7316	371	0.394	5	3.200	0.897	6	7.500	0.973	1950	0.410917154970476	0.20675692673105	NA
k141_4468	480	0.388	3	4.000	0.952	4	16.000	1.000	1951	0.338796276259997	0.155808007781883	Homo sapiens
k141_9063	480	0.362	5	8.400	0.988	13	5.692	0.975	1952	0.369048247604382	0.187633756811257	Homo sapiens
k141_2385	812	0.388	5	5.400	0.917	12	6.083	0.755	1952	0.234579699692754	0.143908231303778	Homo sapiens
k141_4120	397	0.355	2	3.000	0.607	7	1.857	0.737	1953	0.444951084316666	0.218729562932146	Homo sapiens
k141_5797	468	0.393	3	4.333	0.981	5	2.400	0.662	1954	0.591154629536555	0.199696563322045	NA
k141_9773	602	0.400	5	27.200	0.977	12	33.667	0.910	1955	0.260267035941568	0.14502733052622	Homo sapiens
k141_2096	353	0.428	3	2.333	0.967	3	6.333	0.830	1956	0.474734894072754	0.167022501263397	NA
k141_7974	551	0.372	3	2.000	0.895	9	1.667	0.892	1961	0.457551196590072	0.16790422960501	Homo sapiens
k141_8753	574	0.390	3	4.333	0.806	3	4.000	0.861	1961	0.387214100673073	0.182514770838837	Homo sapiens
k141_1039	314	0.395	2	1.000	0.645	6	1.333	0.739	1962	0.879529176842597	0.230552051690509	Homo sapiens
k141_3161	521	0.382	5	5.200	0.899	7	9.714	0.941	1962	0.319424172495468	0.170239778195703	Homo sapiens
k141_5464	759	0.404	5	13.200	1.000	15	14.000	0.962	1962	0.211082609761677	0.0970039959084754	Homo sapiens
k141_2583	457	0.385	4	10.750	0.989	12	9.167	0.986	1964	0.74424550659719	0.206874828716571	Homo sapiens
k141_3975	571	0.382	2	1.500	0.562	4	1.000	0.387	1964	0.569317178569223	0.115497396375988	Homo sapiens
k141_3591	332	0.352	2	1.000	0.684	2	4.000	1.000	1964	0.562849770225193	0.248186133849167	Homo sapiens
k141_3636	333	0.393	3	1.000	0.690	6	1.500	0.613	1964	0.512682388752585	0.270676018627456	Homo sapiens
k141_9891	406	0.397	2	3.000	0.903	4	2.250	0.578	1964	0.431433259574227	0.137064093014415	Homo sapiens
k141_1865	576	0.405	5	5.600	0.889	13	5.385	0.815	1964	0.295759560123655	0.155745096910404	Homo sapiens
k141_10513	661	0.395	5	19.800	0.936	18	14.722	0.868	1964	0.233828581433098	0.150596555825945	Homo sapiens
k141_6676	394	0.381	2	3.000	0.975	2	9.500	0.887	1965	0.630038798951813	0.175966047937034	Homo sapiens
k141_5583	453	0.377	4	4.750	0.988	10	3.600	0.958	1965	0.36930495378196	0.21341972258181	Homo sapiens
k141_3260	316	0.380	2	2.000	1.000	3	1.000	0.759	1966	0.610992713907552	0.185794491409296	NA
k141_7978	329	0.365	3	1.333	0.737	2	2.500	0.948	1967	0.56287261889972	0.277239940767848	Homo sapiens
k141_5048	349	0.407	2	1.500	0.943	3	2.000	0.960	1967	0.507520110389796	0.15604667098714	NA
k141_7135	343	0.426	3	2.333	0.778	5	2.600	0.675	1967	0.507147084361758	0.165348591602351	NA
k141_9427	442	0.425	5	2.200	0.876	8	7.750	0.873	1967	0.427379314289599	0.165089917830106	Homo sapiens
k141_1955	598	0.408	2	3.000	0.958	2	1.000	0.353	1967	0.281152188616339	0.158673071736885	Naegleria fowleri
k141_951	374	0.380	5	3.400	0.912	8	7.625	0.995	1968	0.406885163413861	0.238758379867421	Homo sapiens
k141_265	775	0.357	3	3.000	0.870	4	2.500	0.671	1968	0.212589927311591	0.131033405492515	Homo sapiens
k141_10478	473	0.393	4	2.500	0.953	4	15.000	0.987	1969	0.558998777780256	0.196149678606201	Homo sapiens
k141_7139	479	0.388	3	3.667	0.839	8	3.000	0.601	1969	0.449934976363051	0.157383232067704	Homo sapiens
k141_8553	603	0.362	5	75.000	1.000	17	34.353	0.971	1969	0.27828702086019	0.192090533170492	Homo sapiens
k141_10493	498	0.388	3	1.333	0.822	2	1.000	0.543	1970	0.300157327401322	0.16735456387813	Homo sapiens
k141_9943	630	0.398	5	11.000	0.926	15	9.200	0.937	1970	0.23896506405961	0.156390931372634	Homo sapiens
k141_8991	463	0.391	4	1.500	0.807	4	5.750	0.814	1971	0.304858170380841	0.185962524824988	Homo sapiens
k141_5356	410	0.380	3	1.333	0.857	2	1.000	0.948	1972	0.52250797503789	0.235201989026984	Homo sapiens
k141_9334	402	0.378	4	4.000	0.938	5	2.600	0.931	1972	0.455868552471431	0.139601800933814	NA
k141_9818	585	0.393	5	9.400	0.898	13	4.385	0.836	1972	0.340253279972456	0.188370026750068	Homo sapiens
k141_3801	512	0.408	2	3.500	1.000	2	2.500	0.654	1973	0.357533214500597	0.175744607394515	NA
k141_308	696	0.389	5	22.200	0.989	16	32.188	0.950	1973	0.231783391779022	0.153272659231636	Homo sapiens
k141_7922	401	0.369	4	4.500	1.000	6	3.833	0.896	1974	0.544293065214131	0.261714761030641	Homo sapiens
k141_9727	581	0.370	3	5.667	0.953	2	8.000	0.947	1975	1.4086079647233	0.223595115973449	Homo sapiens
k141_6283	342	0.436	2	1.500	0.746	4	2.000	0.493	1976	0.764582685055974	0.142783591218536	Homo sapiens
k141_2263	443	0.388	5	5.600	0.855	10	6.400	0.921	1976	0.35379373291341	0.207121368995146	Homo sapiens
k141_9661	470	0.360	3	7.000	0.982	13	3.538	0.963	1977	0.436951194079738	0.196845140163382	Homo sapiens
k141_7975	645	0.431	4	2.250	0.768	6	14.167	0.861	1977	0.299545860023113	0.104598229867429	NA
k141_5791	305	0.423	3	2.000	0.922	4	4.750	0.895	1978	0.625260842237081	0.189005582557786	NA
k141_3438	427	0.384	2	2.000	0.943	3	1.667	0.657	1978	0.468421199105894	0.150600006854497	NA
k141_9851	612	0.395	2	3.000	0.629	11	5.182	0.736	1978	0.32294676494205	0.133640222009168	Homo sapiens
k141_4147	581	0.413	5	2.000	0.754	4	4.500	0.910	1978	0.299243170530593	0.134813021189332	NA
k141_2480	329	0.386	3	1.333	0.874	3	4.333	0.872	1979	0.557650874617711	0.17713076833497	NA
k141_3830	491	0.365	5	2.800	1.000	6	16.500	0.928	1980	0.390286667346753	0.126140786956553	Homo sapiens
k141_9830	535	0.411	2	1.000	0.776	5	2.800	0.904	1981	0.337570403442918	0.122257758956993	NA
k141_1894	485	0.377	5	5.800	0.917	8	11.375	0.985	1981	0.323602314333107	0.188892795098569	Homo sapiens
k141_6965	218	0.390	3	2.000	0.998	2	3.500	1.000	1982	0.826967558948856	0.249124985219161	NA
k141_402	406	0.394	2	3.000	1.000	4	1.250	0.664	1982	0.449062949282235	0.232656253110547	NA
k141_6753	484	0.357	3	2.333	0.997	4	2.500	0.980	1982	0.402395798093824	0.195556257403067	Homo sapiens
k141_7096	583	0.389	5	1.600	0.700	10	4.000	0.687	1982	0.276376720296486	0.184229842455761	Homo sapiens
k141_621	379	0.412	4	1.500	0.794	2	1.500	0.889	1983	0.50257116087466	0.161559440049334	Homo sapiens
k141_997	419	0.377	4	1.000	0.592	3	1.333	0.578	1983	0.445840752950161	0.247976922031896	Homo sapiens
k141_5324	278	0.381	2	1.500	1.000	2	2.000	0.928	1984	0.643717700464014	0.213968271651701	NA
k141_5503	399	0.383	4	2.000	0.917	8	4.125	0.903	1985	0.497243013445971	0.272007052651395	Homo sapiens
k141_9963	646	0.407	2	4.500	0.899	12	2.583	0.811	1985	0.278984254480738	0.14586787223312	Homo sapiens
k141_3035	313	0.399	2	1.000	0.644	4	3.000	0.821	1986	0.587194376619847	0.17958364647833	NA
k141_9107	736	0.405	3	9.333	0.957	4	10.000	0.874	1987	17.1389018416135	0.298047763246701	Homo sapiens
k141_4334	466	0.393	4	2.250	0.956	3	20.333	0.997	1987	0.776887784614344	0.233496709369439	Homo sapiens
k141_907	493	0.394	3	8.667	1.000	5	3.200	0.901	1987	0.772525570891604	0.169360306037251	Homo sapiens
k141_902	314	0.373	5	3.800	0.943	5	4.600	0.970	1987	0.6703678643162	0.317010184332508	Homo sapiens
k141_3609	283	0.413	3	2.333	0.907	4	6.750	0.977	1988	0.667203098754903	0.201931405272143	NA
k141_1336	405	0.363	2	1.500	0.925	2	1.500	0.770	1988	0.508098928329386	0.237555608927587	Homo sapiens
k141_6112	389	0.393	4	2.500	0.885	6	9.000	0.890	1988	0.490215265950925	0.152973933522632	Homo sapiens
k141_6095	444	0.394	3	2.000	0.952	4	4.750	0.755	1988	0.384419193167381	0.217711979210239	NA
k141_1066	242	0.413	2	1.500	0.907	4	2.500	0.920	1989	0.784733400770447	0.233010055494703	Naegleria fowleri
k141_4185	334	0.404	3	2.333	0.922	4	3.000	0.892	1989	0.517089114106848	0.215716128568719	NA
k141_1424	375	0.381	3	4.000	1.000	6	3.500	0.898	1989	0.49980188523664	0.154756012869213	Homo sapiens
k141_4527	279	0.398	5	9.400	0.994	6	16.667	0.990	1991	0.68421911898025	0.204881320801297	NA
k141_696	434	0.357	3	2.000	0.704	8	2.875	0.823	1991	0.60859831907874	0.252387921192493	Homo sapiens
k141_317	622	0.392	5	3.200	0.700	11	2.909	0.566	1991	0.51206978654557	0.177952926864709	Homo sapiens
k141_9041	795	0.381	2	1.500	0.856	4	4.000	0.707	1991	0.238112626313116	0.0963876732463734	Homo sapiens
k141_2547	393	0.440	3	1.000	0.782	3	8.000	0.966	1992	0.495296008371015	0.150143616253732	NA
k141_5310	396	0.399	5	5.400	0.824	6	9.333	0.890	1992	0.493006778838598	0.151910097948709	Homo sapiens
k141_4300	415	0.424	5	1.400	0.854	5	14.800	0.880	1992	0.489488113743051	0.158172213798927	NA
k141_7607	1260	0.379	4	2.250	0.494	9	2.444	0.469	1992	0.146144618678681	0.0763928358253338	Homo sapiens
k141_175	371	0.429	4	2.000	0.953	5	11.600	0.939	1994	0.950646860262873	0.28884249108077	NA
k141_9679	421	0.404	2	1.500	0.966	4	1.500	0.654	1994	0.777143460239164	0.206590162228187	Homo sapiens
k141_7875	798	0.427	4	3.500	0.789	4	21.000	0.975	1994	0.662941726342942	0.200617115046717	Homo sapiens
k141_7460	482	0.392	5	2.600	0.993	8	4.875	0.990	1994	0.438849401312555	0.150487797650506	NA
k141_1988	462	0.383	5	3.800	0.979	10	3.500	0.906	1995	0.439872445610119	0.242148589417617	Homo sapiens
k141_7937	352	0.403	4	1.250	0.893	3	4.333	0.857	1996	0.556963471982886	0.16976457045785	Homo sapiens
k141_5573	281	0.399	4	1.750	0.945	4	11.750	1.000	1997	0.608237541065484	0.221009634692636	NA
k141_3442	508	0.417	3	1.000	0.720	2	3.000	0.766	1997	0.426631957140687	0.217303189028839	NA
k141_9797	532	0.406	5	13.000	0.931	7	24.714	0.904	1997	0.372118452719405	0.115772925319278	Homo sapiens
k141_4381	270	0.370	2	2.000	0.939	4	2.750	0.996	1998	0.692833879421496	0.299388309111686	NA
k141_818	368	0.359	5	2.600	0.929	8	3.000	0.903	1998	0.52971103779464	0.256510611624468	Homo sapiens
k141_7260	445	0.409	4	1.000	0.642	2	1.000	0.551	1998	0.41806788200376	0.132886000104465	NA
k141_4247	338	0.423	2	2.500	1.000	4	3.500	0.721	1999	0.576051549019534	0.175251606015813	NA
k141_1308	400	0.360	4	1.250	0.861	5	1.800	0.728	1999	0.544958435744221	0.291840041529838	Homo sapiens
k141_5278	418	0.409	4	1.750	0.778	5	2.800	0.872	1999	0.467762468822295	0.14607029330359	NA
k141_734	498	0.430	5	24.800	0.991	11	34.182	0.865	1999	0.403261204901515	0.125929345687066	Homo sapiens
k141_6468	605	0.398	4	5.750	0.979	6	5.167	0.917	1999	0.363680560864931	0.214484343808306	NA
k141_6682	481	0.385	5	20.000	0.995	13	12.077	0.931	2000	0.4323728112517	0.224004480349717	Homo sapiens
k141_8069	544	0.373	4	3.250	0.833	10	4.600	0.718	2000	0.391634033281096	0.207302887653723	Homo sapiens
k141_10351	498	0.398	4	1.250	0.712	9	1.778	0.700	2000	0.347618878231404	0.189937139710036	Homo sapiens
k141_3233	664	0.435	2	1.500	0.834	2	4.000	0.625	2001	0.574781645702704	0.173356717363744	NA
k141_9188	585	0.415	3	4.333	0.864	4	10.750	0.916	2001	0.342327887619909	0.106276543645405	Naegleria fowleri
k141_2303	283	0.360	3	1.333	0.966	4	1.750	0.898	2002	0.727375348147684	0.326709765804284	Homo sapiens
k141_4934	504	0.377	3	1.333	0.735	3	1.000	0.522	2002	0.492437624398559	0.226941787431551	Homo sapiens
k141_6008	440	0.380	3	2.000	0.977	8	3.625	0.889	2002	0.40124104392286	0.196860349996128	Homo sapiens
k141_1123	743	0.397	5	48.400	1.000	16	25.688	0.949	2002	0.255601871954816	0.180463246604462	Homo sapiens
k141_6215	377	0.440	5	3.600	0.871	7	3.143	0.401	2003	0.73960112758005	0.132329957613815	Homo sapiens
k141_791	592	0.399	2	1.000	0.614	2	1.500	0.811	2004	3.21615151574058	0.234899478751955	NA
k141_5096	553	0.396	5	2.000	0.798	4	18.250	0.969	2004	0.67967627452251	0.229432305364586	Homo sapiens
k141_9592	659	0.390	5	19.000	0.953	15	13.600	0.845	2004	0.434663329024787	0.19311925899847	Homo sapiens
k141_6089	497	0.378	3	2.333	0.952	11	2.545	0.728	2006	0.52499792559823	0.195085211172979	Homo sapiens
k141_4631	433	0.402	4	5.500	1.000	6	18.500	0.978	2007	0.410741831721001	0.20400645172475	NA
k141_4842	311	0.376	2	2.000	0.873	4	1.000	0.924	2008	0.71149825366586	0.312012391573078	NA
k141_1533	282	0.379	3	4.333	0.995	6	8.000	0.946	2009	0.74682020338629	0.267399684030771	NA
k141_5614	721	0.380	3	2.667	0.682	9	2.778	0.663	2009	0.315758201843285	0.134393873046628	Homo sapiens
k141_10255	755	0.388	5	14.400	0.973	15	17.933	0.821	2009	0.283426425705063	0.172067526300427	Homo sapiens
k141_8444	291	0.409	3	1.333	0.782	8	1.250	0.492	2010	1.14973959338087	0.404076132684552	Homo sapiens
k141_4239	332	0.355	3	4.000	0.974	9	3.222	0.990	2010	0.782408370761104	0.267158800720929	Homo sapiens
k141_2120	319	0.398	3	1.667	0.948	2	1.000	0.676	2010	0.62811744685764	0.201328501654175	Naegleria fowleri
k141_9056	391	0.389	5	6.000	0.969	5	13.200	0.928	2010	0.560397671858693	0.200758896219549	Naegleria fowleri
k141_9014	372	0.425	5	5.600	0.988	5	17.400	1.000	2011	0.548143575063339	0.174708842711024	Homo sapiens
k141_6233	417	0.376	4	2.500	0.927	6	1.333	0.746	2011	0.48008781570685	0.264099848100152	NA
k141_7931	430	0.395	5	1.200	0.791	2	1.000	0.772	2011	0.457770103280171	0.150109517487011	Homo sapiens
k141_10075	499	0.387	2	1.000	0.979	6	1.667	0.856	2011	0.391282952424437	0.132099200360254	Homo sapiens
k141_1085	350	0.377	2	1.500	0.599	2	1.000	0.943	2012	0.865860035780645	0.27783115569144	Homo sapiens
k141_9374	408	0.387	5	4.600	0.892	9	3.111	0.781	2012	0.674716714594913	0.202142023490959	Homo sapiens
k141_1099	334	0.374	5	2.400	0.934	8	2.750	0.896	2012	0.628895312662245	0.314027554158407	NA
k141_4616	399	0.366	3	2.333	0.747	6	3.333	0.975	2013	0.603714199351583	0.304909408892114	NA
k141_5634	357	0.345	2	1.000	1.000	3	2.333	0.769	2013	0.592619822421908	0.200404759475725	Homo sapiens
k141_5977	402	0.386	2	1.500	0.932	4	2.000	0.757	2014	0.850402811553993	0.220081073985473	Homo sapiens
k141_6666	707	0.378	4	11.500	0.877	5	8.800	0.721	2014	0.511740448803029	0.194412175262049	Homo sapiens
k141_6183	399	0.393	4	3.250	0.992	4	7.000	0.911	2015	0.511078378743381	0.165099169213497	Naegleria fowleri
k141_1599	486	0.368	5	8.200	0.976	14	4.643	0.974	2015	0.475820553092496	0.24086495915738	Homo sapiens
k141_4560	727	0.378	5	3.200	0.746	4	2.250	0.755	2015	0.283767027410283	0.172093504492681	Homo sapiens
k141_5949	774	0.403	5	6.600	0.839	12	6.583	0.626	2015	0.229764182037219	0.150940863955272	Homo sapiens
k141_3319	472	0.358	5	14.200	0.994	15	8.800	0.996	2016	0.425893137680179	0.226022122725542	Homo sapiens
k141_1324	657	0.377	5	15.200	0.974	13	12.462	0.901	2016	0.252759352896818	0.146361658081254	Homo sapiens
k141_5301	348	0.417	3	1.000	0.898	7	3.143	0.878	2017	0.807216724947538	0.186498638290038	Homo sapiens
k141_7888	439	0.364	5	4.800	0.987	13	2.462	0.991	2017	0.528829744423966	0.259527472645031	Homo sapiens
k141_7331	986	0.383	5	4.200	0.653	14	5.571	0.501	2017	0.178794916630909	0.118338494764087	Homo sapiens
k141_2974	320	0.375	3	1.667	0.949	4	3.500	0.927	2018	0.912777052746466	0.227441823415936	Homo sapiens
k141_5261	360	0.361	2	1.000	0.994	2	1.000	0.343	2018	0.580603557982996	0.269711226393166	Homo sapiens
k141_2181	477	0.365	5	6.400	0.999	7	31.714	0.910	2018	0.435544053643606	0.147558229401338	Homo sapiens
k141_5149	538	0.357	3	3.333	1.000	9	2.667	0.907	2019	0.520992622964748	0.201467696985002	Homo sapiens
k141_9719	393	0.369	4	3.000	0.936	5	1.400	0.812	2019	0.518900067495616	0.268785242937419	Homo sapiens
k141_4490	556	0.392	5	10.000	0.935	11	7.182	0.898	2019	0.504389848849898	0.165548017274041	Homo sapiens
k141_542	431	0.381	3	1.000	0.901	2	4.000	0.712	2019	0.425705323425326	0.199290650189776	Homo sapiens
k141_88	576	0.385	5	3.800	0.863	8	3.500	0.905	2019	0.417153552036263	0.232945278292165	Homo sapiens
k141_9898	450	0.389	5	4.600	0.941	9	9.444	0.940	2019	0.405658117160639	0.215362689309797	Naegleria fowleri
k141_9113	415	0.390	3	3.333	0.997	2	8.000	0.887	2020	1.86325925291838	0.311600935518094	NA
k141_6019	281	0.384	5	5.400	0.940	6	10.667	0.983	2020	0.730049601740214	0.24119042066639	Homo sapiens
k141_9223	304	0.355	3	1.667	0.875	4	2.750	0.926	2020	0.703603684201274	0.189981177889915	Homo sapiens
k141_3872	396	0.381	2	2.000	1.000	2	6.000	0.902	2020	0.516986518545571	0.200425644882478	Homo sapiens
k141_5254	473	0.393	2	1.000	0.863	3	1.000	0.723	2020	0.381160699661876	0.171374841295326	Naegleria fowleri
k141_8907	683	0.422	5	36.400	0.989	16	31.875	0.893	2020	0.318166031714606	0.109005384714351	Homo sapiens
k141_5151	374	0.404	3	2.000	0.788	3	3.000	0.949	2021	0.582582381155862	0.213930864528161	NA
k141_1164	283	0.371	4	3.000	0.948	5	1.400	0.732	2022	0.700531406089129	0.349619552245901	Homo sapiens
k141_6601	386	0.381	5	6.600	0.992	11	4.909	0.937	2022	0.608280731839852	0.300856898235488	Homo sapiens
k141_1901	602	0.399	4	6.000	0.963	7	12.000	0.932	2023	0.344276958840889	0.113330500641836	Homo sapiens
k141_5968	685	0.361	2	2.500	0.726	5	1.000	0.401	2023	0.308297451870994	0.155758265851948	Homo sapiens
k141_2190	523	0.365	4	1.500	0.769	6	3.000	0.840	2024	0.390372811007195	0.21355178988872	Homo sapiens
k141_8078	395	0.405	3	4.333	0.922	6	8.500	0.844	2025	0.532921747166053	0.174632439777402	NA
k141_4506	416	0.392	2	1.500	0.977	2	1.500	0.715	2026	0.678911149933537	0.248901712914428	Homo sapiens
k141_5416	333	0.396	2	1.500	0.877	2	1.500	0.956	2026	0.613296070478164	0.310182772701418	Homo sapiens
k141_1216	491	0.387	5	15.200	1.000	12	20.917	0.923	2026	0.407361799165634	0.210477067519905	Homo sapiens
k141_9637	426	0.427	4	2.250	0.869	8	3.875	0.810	2027	0.496839073852636	0.151247000004395	Homo sapiens
k141_755	657	0.394	5	7.800	0.971	7	16.429	0.818	2027	0.361095325304995	0.154421089988228	Homo sapiens
k141_1217	515	0.375	2	1.500	0.836	3	2.667	0.730	2028	0.800812102821721	0.272299995670883	NA
k141_1880	347	0.360	4	3.000	0.890	3	2.333	0.974	2028	0.629848122717785	0.276242677210122	Homo sapiens
k141_1487	384	0.365	4	3.000	0.751	5	1.400	0.479	2028	0.556655208545103	0.262099892775658	Homo sapiens
k141_2701	422	0.408	5	4.000	0.922	4	6.000	0.928	2028	0.485651022616871	0.16289820476713	Homo sapiens
k141_7238	513	0.378	2	1.500	0.793	4	2.750	0.916	2028	0.35820198806223	0.211306781108849	Homo sapiens
k141_3543	429	0.375	5	11.200	1.000	11	6.727	0.974	2029	0.477176036087691	0.272436370767656	Homo sapiens
k141_10278	651	0.419	5	5.000	0.832	9	14.889	0.803	2029	0.327395020785782	0.1260768424158	Homo sapiens
k141_1727	563	0.403	4	2.000	0.761	6	2.167	0.538	2030	0.353386410385923	0.153113206614321	Homo sapiens
k141_7028	399	0.388	3	2.000	0.983	6	2.000	0.944	2031	0.528307293581984	0.17469509953429	Homo sapiens
k141_4323	709	0.423	5	1.800	0.596	7	9.429	0.820	2031	0.310951345113114	0.107340403467503	NA
k141_8603	344	0.384	4	2.000	0.895	4	3.500	0.919	2032	0.651148810549766	0.232220906561959	Homo sapiens
k141_2291	417	0.367	5	6.800	1.000	7	12.000	0.974	2032	0.504164206911552	0.167168167737923	Homo sapiens
k141_6455	472	0.424	3	1.333	0.604	3	2.333	0.724	2032	0.475599628960472	0.165858003537642	NA
k141_348	343	0.405	4	1.250	0.887	6	2.333	0.885	2033	0.897091337099542	0.266189862935684	Homo sapiens
k141_6975	497	0.394	4	3.750	0.797	9	7.111	0.777	2033	0.434124608512939	0.15116919257398	Homo sapiens
k141_6061	497	0.412	4	2.250	0.883	4	4.750	0.829	2033	0.425199570100437	0.142472060930317	Homo sapiens
k141_10432	614	0.394	4	2.000	0.446	6	1.500	0.508	2033	0.360393464415568	0.209585165402338	Homo sapiens
k141_8378	348	0.371	4	1.750	0.958	5	4.000	0.945	2034	0.637161651266735	0.287124067942599	Homo sapiens
k141_7670	485	0.377	5	26.800	1.000	12	31.417	0.996	2035	0.388596857184831	0.192942861308412	NA
k141_7530	486	0.414	5	3.800	0.774	5	4.600	0.717	2036	0.596781284626304	0.188571110166968	Homo sapiens
k141_1055	529	0.378	5	5.800	0.873	11	5.364	0.965	2037	0.413156544562824	0.233916991068449	Homo sapiens
k141_1275	581	0.375	3	2.667	0.893	4	1.000	0.688	2037	0.372736330506132	0.221091593989576	Homo sapiens
k141_2903	844	0.379	5	3.000	0.765	8	26.250	0.604	2037	0.227232905164134	0.113171186409657	Homo sapiens
k141_5983	290	0.393	3	1.000	0.952	2	1.500	0.726	2038	0.712856413395766	0.240439864156229	Naegleria fowleri
k141_9908	462	0.364	3	2.000	0.913	6	4.167	0.963	2038	0.599600064193729	0.22822995529006	Homo sapiens
k141_7620	740	0.420	3	18.667	0.990	3	4.000	0.825	2038	0.523128026807661	0.19101075803989	Homo sapiens
k141_8530	564	0.392	5	28.800	0.976	13	43.923	0.849	2040	0.710966267295752	0.227839781819962	Homo sapiens
k141_3681	417	0.417	3	2.000	0.897	2	1.000	0.685	2041	0.622666942304788	0.179303624662174	Homo sapiens
k141_482	551	0.387	5	12.200	0.972	13	10.846	0.902	2041	0.379528043382149	0.149965522417234	Homo sapiens
k141_5499	415	0.366	5	1.400	0.731	4	1.250	0.662	2042	0.766157331642678	0.227996208651887	Homo sapiens
k141_6516	671	0.399	5	36.200	0.974	14	25.286	0.930	2042	0.339399498130933	0.120934775677677	Homo sapiens
k141_7106	393	0.374	5	1.800	0.981	3	3.000	1.000	2043	0.575924263187487	0.217746689493131	Naegleria fowleri
k141_2930	445	0.411	3	5.333	0.968	3	5.333	0.931	2043	0.459185029361104	0.15634139236242	Homo sapiens
k141_6778	619	0.410	5	1.600	0.697	5	6.200	0.787	2043	0.347126256569537	0.121917215752815	NA
k141_4721	907	0.395	3	1.667	0.459	4	4.500	0.669	2044	0.294916742523854	0.16551978293198	Homo sapiens
k141_7222	855	0.402	5	17.400	0.824	9	32.222	0.672	2045	0.250894321760979	0.116113104939006	Homo sapiens
k141_2136	441	0.385	5	13.600	0.933	12	14.833	0.911	2046	0.501697849119626	0.173817247068195	Homo sapiens
k141_4881	773	0.373	5	10.400	0.900	14	6.786	0.856	2046	0.290969659678039	0.1693461256464	Homo sapiens
k141_7973	1008	0.384	4	6.000	0.645	4	5.500	0.659	2047	17.7316505954886	0.298206007944434	Homo sapiens
k141_2152	947	0.390	3	33.333	1.000	7	10.714	0.698	2047	14.4543016526938	0.31696618384764	Homo sapiens
k141_2074	342	0.374	4	1.000	0.856	3	3.000	0.778	2047	0.62530967228312	0.219135529687844	NA
k141_2814	488	0.387	5	52.800	0.991	15	45.267	0.921	2047	0.450328724579508	0.162901732918348	Homo sapiens
k141_3309	784	0.408	4	5.500	0.866	8	8.375	0.765	2047	0.272405035665558	0.174516990788146	NA
k141_6421	1022	0.423	2	2.000	0.613	4	6.500	0.873	2047	0.255638395174503	0.103941253420072	NA
k141_4922	697	0.393	5	4.600	0.850	6	23.833	0.899	2048	0.345186465615006	0.127602880758832	Naegleria fowleri
k141_3475	866	0.415	2	3.500	0.987	2	5.000	0.785	2049	3.17827863385768	0.222652389274837	Homo sapiens
k141_2183	419	0.399	5	16.000	1.000	8	19.250	0.957	2049	0.528859625275498	0.186356795565805	Homo sapiens
k141_7122	550	0.385	5	20.400	0.987	13	20.692	0.947	2050	0.422268698289879	0.174848422973344	NA
k141_1258	684	0.390	4	13.250	0.925	4	18.250	0.876	2051	17.4677052956125	0.446109716726489	Homo sapiens
k141_4378	610	0.413	2	2.000	0.694	3	1.000	0.524	2051	0.628065376172736	0.119400150883489	Homo sapiens
k141_4031	465	0.413	5	26.800	0.999	15	20.533	0.912	2051	0.447372298693356	0.157130702432129	Homo sapiens
k141_10395	377	0.401	3	1.667	0.790	4	2.750	0.925	2052	0.823019582408384	0.286098170235349	NA
k141_5630	426	0.376	4	3.000	0.880	6	6.667	0.965	2052	0.550953476505005	0.196285329825547	NA
k141_9110	488	0.381	3	1.333	0.721	2	1.500	0.895	2052	0.425942668411432	0.19373324376209	Pan troglodytes
k141_5210	282	0.401	2	2.000	0.858	4	3.000	0.954	2053	0.804532720617328	0.249754792952811	NA
k141_6429	405	0.380	5	10.200	1.000	9	12.444	0.949	2053	0.542717396441819	0.190873140132312	Homo sapiens
k141_1822	411	0.372	2	1.500	0.644	2	1.500	0.227	2054	0.647431919602933	0.224826023181229	Homo sapiens
k141_8351	638	0.389	5	12.000	1.000	16	12.688	0.894	2054	0.438874578232703	0.208006834756255	Homo sapiens
k141_6545	661	0.381	5	5.600	0.882	14	4.429	0.831	2056	0.367101646008437	0.191595233342754	Homo sapiens
k141_6141	493	0.381	5	5.600	0.933	8	8.250	0.889	2057	0.490228354550404	0.182277692707834	Naegleria fowleri
k141_10390	482	0.386	2	2.500	0.927	4	2.000	0.691	2057	0.447568574285711	0.19301409600962	NA
k141_10526	748	0.372	5	4.200	0.847	10	7.900	0.785	2057	0.293767078270026	0.15027995085186	Homo sapiens
k141_5320	328	0.415	3	1.333	0.981	5	4.000	0.999	2058	0.679945096249839	0.216392357408178	NA
k141_5783	441	0.408	3	3.333	1.000	5	4.600	0.888	2058	0.501081428286474	0.172288639202294	NA
k141_7943	390	0.421	3	3.000	0.879	6	1.667	0.746	2060	1.54666785518342	0.389482054158213	Homo sapiens
k141_179	395	0.387	4	5.750	0.984	5	7.400	0.967	2060	0.570350670127253	0.205785852530602	Naegleria fowleri
k141_1980	735	0.401	5	11.600	0.879	11	6.909	0.828	2061	0.30752593528013	0.108665859240914	Homo sapiens
k141_628	534	0.376	4	2.500	0.902	6	5.667	0.964	2062	0.495675779983428	0.251419332363171	Homo sapiens
k141_5206	299	0.398	5	2.000	0.956	4	8.000	0.970	2063	0.753750941662229	0.240950744385851	NA
k141_1526	356	0.393	5	1.400	0.831	6	7.333	0.959	2063	0.636112753816951	0.229139837470847	NA
k141_4664	321	0.364	5	2.000	0.957	6	3.167	0.968	2064	0.782196347728014	0.302579755504741	Homo sapiens
k141_6173	448	0.375	5	4.000	0.988	7	10.714	0.960	2064	0.556874660220712	0.213823675407052	Naegleria fowleri
k141_3535	456	0.384	4	1.250	0.538	2	1.500	0.809	2064	0.52894810216799	0.270242165710992	Homo sapiens
k141_6868	759	0.382	5	13.400	0.859	17	12.941	0.862	2064	0.31856634290296	0.181473311053591	Homo sapiens
k141_767	301	0.429	2	2.000	0.997	3	2.000	0.733	2065	0.790146096322817	0.285545778642406	NA
k141_9183	672	0.390	4	7.000	0.986	4	10.500	0.868	2065	0.571098125390206	0.195720610381345	Homo sapiens
k141_5546	362	0.381	3	1.667	0.807	2	3.500	0.985	2066	0.727383120038184	0.298368137324749	Homo sapiens
k141_5796	400	0.380	3	1.667	0.934	5	1.600	0.850	2066	0.637594720132638	0.304932524803141	Homo sapiens
k141_2159	470	0.396	5	2.600	0.737	9	2.778	0.613	2066	0.620726351433129	0.272919980044609	Homo sapiens
k141_6681	417	0.381	5	18.000	0.990	15	10.533	0.941	2066	0.578153744178228	0.306456079744102	Homo sapiens
k141_853	516	0.415	4	2.250	0.781	8	4.500	0.838	2066	0.464100906305391	0.211408551842323	Homo sapiens
k141_6884	664	0.410	5	3.400	0.810	6	25.167	0.914	2066	0.345613214366069	0.136549360357407	Homo sapiens
k141_3096	360	0.383	5	5.800	1.000	11	3.727	0.936	2067	0.692880166267573	0.337956023837331	Homo sapiens
k141_9331	782	0.400	3	3.333	0.991	4	14.750	1.000	2067	0.311842730118446	0.1337316485963	Homo sapiens
k141_7878	485	0.371	5	20.600	0.988	13	8.231	0.925	2068	0.548090889964347	0.278238743992477	Homo sapiens
k141_718	384	0.396	2	1.000	0.583	11	1.909	0.404	2069	0.718578048515646	0.313417720770424	Homo sapiens
k141_5975	524	0.370	3	4.000	1.000	7	3.000	0.834	2069	0.619308227697172	0.294998831391633	Homo sapiens
k141_10413	473	0.378	2	4.000	0.902	4	2.000	0.801	2069	0.592246334869563	0.21098428569128	Naegleria fowleri
k141_5607	660	0.408	2	3.500	0.964	2	1.000	0.262	2069	0.438533114017561	0.141595684102986	Homo sapiens
k141_1877	562	0.379	4	3.000	0.706	9	3.444	0.587	2070	0.773644590145054	0.0998630624565715	Homo sapiens
k141_7830	491	0.413	4	1.500	0.583	8	3.000	0.704	2070	0.621414170692971	0.251746122257115	Homo sapiens
k141_7111	460	0.404	4	5.000	1.000	8	9.125	0.848	2070	0.548017841723496	0.192787052334327	Homo sapiens
k141_7041	599	0.401	5	9.000	0.830	15	8.800	0.886	2070	0.35421083927544	0.21964980795732	Homo sapiens
k141_4683	563	0.368	4	2.250	0.715	4	2.250	0.536	2071	0.424540521922832	0.141617296628112	Homo sapiens
k141_10339	529	0.395	5	27.200	0.992	12	30.250	0.930	2071	0.423897016769179	0.15751345599184	Homo sapiens
k141_7831	781	0.375	5	10.400	0.987	15	13.267	0.839	2071	0.328997128811064	0.181594246472974	Homo sapiens
k141_9052	425	0.424	4	5.000	0.954	5	2.000	0.774	2072	0.55580699036017	0.171779547551039	NA
k141_5805	448	0.397	5	4.800	0.720	12	11.500	0.684	2073	0.903515868918652	0.223839473249699	Homo sapiens
k141_642	379	0.359	5	6.600	0.993	13	4.769	0.976	2074	0.577196510652398	0.281278488251322	Homo sapiens
k141_9882	618	0.413	5	37.000	0.991	12	36.167	0.914	2074	0.380215235457515	0.143568135813022	Homo sapiens
k141_7332	782	0.390	5	13.400	0.850	16	19.562	0.788	2074	0.304534243319659	0.159008118887561	Homo sapiens
k141_1973	325	0.382	2	1.000	0.880	2	1.500	0.705	2075	0.739306285192782	0.229704266881782	NA
k141_979	530	0.396	5	7.200	0.940	11	4.364	0.763	2075	0.581137184967383	0.198098426540423	Homo sapiens
k141_9245	609	0.389	5	6.800	0.914	11	6.545	0.850	2075	0.386385045403117	0.143492844174244	Homo sapiens
k141_7129	351	0.382	4	2.250	0.870	4	2.750	0.942	2077	0.742512746296122	0.367900272511148	NA
k141_10222	441	0.410	5	6.800	0.945	7	12.714	0.953	2077	0.594074266088804	0.213577876819936	NA
k141_4409	549	0.375	4	4.000	0.843	11	2.636	0.741	2078	0.489561370612519	0.269549329575474	Homo sapiens
k141_8764	593	0.354	3	2.000	0.734	3	1.333	0.477	2078	0.436029355424937	0.19359570792959	Homo sapiens
k141_8111	405	0.398	2	2.000	0.842	4	1.500	0.664	2079	0.686668505165893	0.300749377296443	Homo sapiens
k141_10253	560	0.405	5	9.000	0.900	6	17.333	0.956	2079	0.607251929132295	0.178788969641466	Naegleria fowleri
k141_4154	499	0.409	3	2.333	0.740	3	5.333	0.739	2080	0.459360429376197	0.167830780067643	Homo sapiens
k141_3211	853	0.389	4	5.750	0.648	11	6.455	0.565	2080	0.328027753848379	0.0963608296885598	Homo sapiens
k141_3868	549	0.399	3	4.333	0.971	3	4.333	0.985	2082	1.05143624625968	0.255180439077044	Homo sapiens
k141_6132	414	0.389	5	12.400	1.000	9	20.222	0.988	2082	0.60223748809111	0.226197228052458	NA
k141_1463	384	0.380	2	1.000	0.999	2	1.500	0.643	2083	1.30788278020586	0.172432003767605	Homo sapiens
k141_10053	550	0.371	2	1.500	0.967	6	2.500	0.675	2083	0.496519896597363	0.240534848251989	Homo sapiens
k141_845	684	0.387	5	46.200	0.930	15	37.400	0.830	2083	0.352664242592376	0.136243884517397	Homo sapiens
k141_6723	282	0.397	4	2.250	0.882	4	4.500	0.918	2084	0.752704937523853	0.272918236861959	NA
k141_5470	459	0.375	5	33.800	0.993	14	15.286	0.939	2084	0.580790321047547	0.281690058733914	Homo sapiens
k141_3187	649	0.384	5	13.200	0.925	14	6.500	0.879	2084	0.51388308195048	0.18516045923835	Homo sapiens
k141_9996	483	0.391	4	1.500	0.820	7	1.857	0.876	2084	0.487584798356547	0.175597177398986	Homo sapiens
k141_7854	502	0.371	5	15.600	0.967	12	9.667	0.911	2085	0.522960221616805	0.273724423805459	NA
k141_5571	576	0.408	4	4.750	0.479	8	5.125	0.589	2086	1.19430417439928	0.186144030895031	Homo sapiens
k141_7406	395	0.390	5	5.000	0.971	11	3.091	0.862	2086	0.640772858569131	0.274004646075943	Homo sapiens
k141_1907	520	0.406	4	8.000	0.989	9	10.556	0.924	2086	0.435346815665723	0.226079646397754	NA
k141_8692	566	0.401	4	9.750	0.900	11	9.273	0.699	2087	0.889106016486394	0.109685698480574	Homo sapiens
k141_2782	503	0.398	5	23.000	0.977	12	11.583	0.907	2087	0.708904458021258	0.233053982197691	Homo sapiens
k141_6713	612	0.358	3	2.000	0.622	5	3.200	0.708	2088	0.417808136219818	0.21386930356581	Homo sapiens
k141_5084	1317	0.386	4	112.250	0.839	11	29.545	0.525	2088	0.413713125362055	0.165822431795883	Homo sapiens
k141_2206	372	0.387	2	2.000	1.000	4	1.500	0.950	2089	0.659359547390859	0.234479856170791	NA
k141_7475	382	0.385	3	2.667	0.955	5	2.400	0.902	2090	0.914547335871684	0.310151259621825	Homo sapiens
k141_288	655	0.369	5	37.600	1.000	15	20.467	0.965	2090	0.415808400580217	0.224114156363778	Homo sapiens
k141_9631	359	0.412	2	1.500	0.896	3	1.333	0.559	2091	2.19067732693429	0.159274461454498	Homo sapiens
k141_6462	456	0.414	4	1.500	0.988	5	1.800	0.671	2092	1.2851700842165	0.314681153214656	Homo sapiens
k141_7435	476	0.380	5	9.200	0.966	11	6.182	0.863	2092	0.627160964101032	0.301320143598987	Homo sapiens
k141_6354	400	0.415	3	3.000	0.872	5	3.400	0.944	2092	0.613336512215809	0.253495489665081	NA
k141_6500	746	0.389	3	9.000	0.960	4	5.000	0.646	2093	0.859236413294996	0.221109303459054	Homo sapiens
k141_10005	614	0.366	5	19.800	0.984	15	13.800	0.931	2094	0.469453102748025	0.24788026936983	Homo sapiens
k141_8715	349	0.375	3	3.333	1.000	3	7.667	0.912	2095	0.951731951998201	0.230606361668884	Homo sapiens
k141_3034	374	0.417	4	2.000	0.826	5	4.800	0.936	2095	0.674319274739666	0.216596729134499	NA
k141_10472	901	0.377	4	7.250	0.993	8	9.375	0.906	2095	0.31757532669318	0.134800651704739	Homo sapiens
k141_6320	496	0.367	2	2.000	0.682	5	2.200	0.567	2096	1.37668633154884	0.191557547617848	Homo sapiens
k141_1783	535	0.381	5	12.800	0.992	9	21.333	0.976	2096	0.481871393920798	0.196739682480189	NA
k141_4845	358	0.366	4	2.250	0.999	7	1.857	0.923	2097	0.823934858164888	0.368683332455053	Homo sapiens
k141_1133	680	0.400	5	28.800	0.988	16	24.938	0.951	2097	0.433035681584591	0.195716425407634	Homo sapiens
k141_1797	659	0.393	5	30.400	0.960	16	17.312	0.932	2097	0.394667410827934	0.161868313399742	Homo sapiens
k141_7645	589	0.379	5	15.800	0.910	14	11.286	0.864	2098	0.458943245780825	0.219481545382178	Homo sapiens
k141_3548	415	0.405	2	2.000	0.971	2	1.500	0.458	2099	0.825741631825549	0.231820146142844	Homo sapiens
k141_5283	554	0.374	5	31.000	0.989	14	12.357	0.979	2099	0.499853538642731	0.267155443617373	Homo sapiens
k141_733	370	0.386	5	5.000	0.870	14	8.214	0.896	2100	0.936151138449596	0.200440986847974	Homo sapiens
k141_1118	380	0.368	5	3.000	0.998	5	3.800	0.967	2101	0.729693132395351	0.268548545345263	Naegleria fowleri
k141_5825	1319	0.406	5	11.000	0.851	15	13.000	0.779	2101	0.255945699144083	0.138179270574396	Homo sapiens
k141_10249	580	0.383	2	2.000	0.979	3	1.667	0.259	2103	0.921904610324139	0.174751906272385	Homo sapiens
k141_5979	479	0.392	5	30.200	1.000	14	15.571	0.940	2103	0.787693464969798	0.26047255706904	Homo sapiens
k141_8262	439	0.403	5	1.800	0.916	4	5.250	0.810	2103	0.551268530804036	0.201952315135031	NA
k141_1120	870	0.371	5	5.400	0.799	13	3.154	0.603	2103	0.378191647880392	0.186901091592307	Homo sapiens
k141_6887	911	0.398	5	29.400	0.943	11	25.455	0.929	2103	0.275648704576181	0.118433739998883	Homo sapiens
k141_8787	584	0.390	4	3.750	0.978	7	5.714	0.797	2104	1.07949266694341	0.275232888184892	NA
k141_5273	559	0.361	3	1.000	0.586	4	2.000	0.745	2104	0.564418757500417	0.154484584281101	Homo sapiens
k141_8775	413	0.424	2	2.000	0.617	3	1.667	0.542	2105	0.632610397087784	0.196726845275231	Homo sapiens
k141_4748	565	0.398	4	3.750	0.927	12	5.500	0.809	2105	0.609043376166969	0.233950168351564	Homo sapiens
k141_7180	386	0.412	5	2.600	0.910	6	2.500	0.759	2106	4.14482985788513	0.142260299227298	Homo sapiens
k141_1630	383	0.402	4	3.250	0.920	4	13.000	1.000	2106	0.69711938820621	0.261751316513042	NA
k141_6146	659	0.388	3	3.000	0.786	3	1.333	0.608	2107	0.511646711847268	0.151734650277803	Homo sapiens
k141_7481	767	0.368	5	42.600	0.999	15	22.600	0.937	2107	0.452495146153334	0.237681731690879	Homo sapiens
k141_8691	624	0.397	5	10.600	0.917	15	10.200	0.895	2107	0.400330086834273	0.195047137815831	Homo sapiens
k141_9092	770	0.405	5	3.800	0.703	6	8.000	0.644	2108	0.347434703885971	0.200845472877413	Homo sapiens
k141_1134	370	0.365	5	28.200	1.000	13	25.462	0.984	2109	0.717511133559579	0.258338137792078	Naegleria fowleri
k141_5633	507	0.377	4	2.500	0.802	4	1.000	0.536	2109	0.554398437898387	0.260957984010385	Homo sapiens
k141_2300	520	0.387	3	4.000	0.946	2	2.500	0.766	2110	1.74752005877321	0.25543127165322	NA
k141_5037	334	0.380	2	1.500	0.889	6	1.333	0.837	2110	0.841429743956566	0.367599916608283	Homo sapiens
k141_1056	395	0.382	5	5.600	0.919	9	2.556	0.808	2110	0.651703617467761	0.310113613923616	Homo sapiens
k141_2517	642	0.394	4	4.500	0.880	8	15.750	0.869	2111	0.446138810134551	0.181988195527946	Homo sapiens
k141_1819	348	0.399	3	2.333	0.557	3	1.333	0.576	2112	1.17343530569698	0.23884069059157	Homo sapiens
k141_6447	412	0.379	5	8.400	1.000	13	9.000	0.926	2112	0.765329699610521	0.308657803784644	Homo sapiens
k141_454	498	0.380	5	19.600	0.976	14	10.429	0.955	2112	0.561720138131485	0.281748124699834	Homo sapiens
k141_2932	446	0.363	5	12.200	0.974	14	9.143	0.949	2114	0.721561355679583	0.255417911119563	Homo sapiens
k141_531	489	0.382	5	2.200	0.780	6	4.667	0.886	2114	0.697914160578843	0.173270698036234	Homo sapiens
k141_9765	412	0.379	2	1.500	0.649	3	3.000	0.819	2115	1.531921997193	0.360832236660312	NA
k141_10489	537	0.425	5	5.400	0.944	7	33.714	0.889	2117	0.82815036026614	0.254214364691493	NA
k141_970	440	0.393	3	2.000	0.748	3	3.000	0.783	2117	0.701168264584739	0.23219452383049	Homo sapiens
k141_5720	366	0.385	3	1.000	0.918	2	1.000	0.933	2120	0.734194438173504	0.262636062917066	NA
k141_9517	417	0.422	5	7.400	0.946	7	17.143	0.953	2120	0.657794036672561	0.256987499455207	NA
k141_4058	664	0.389	5	34.800	1.000	14	29.214	0.931	2121	0.378492054903042	0.147313966837808	Homo sapiens
k141_5996	522	0.400	3	2.667	0.914	9	2.000	0.762	2122	0.567273123882452	0.243896531920546	Homo sapiens
k141_8762	728	0.453	5	21.200	0.489	14	14.786	0.326	2122	0.40635035098488	0.133551830425617	Symphalangus syndactylus
k141_1931	688	0.366	5	57.400	0.996	16	32.438	0.947	2122	0.403074558188744	0.197818849081219	Homo sapiens
k141_6544	465	0.398	4	2.500	0.976	7	4.714	0.941	2123	1.75319557687295	0.37287486118803	NA
k141_6204	803	0.410	5	14.000	0.847	15	10.467	0.692	2123	0.591726750970946	0.220804422843113	Homo sapiens
k141_8410	524	0.368	4	2.250	0.993	10	4.500	0.791	2123	0.541771948634569	0.252634327428458	Homo sapiens
k141_5927	793	0.397	5	23.800	0.916	15	10.267	0.759	2123	0.539575110048786	0.201936383746974	Homo sapiens
k141_3164	305	0.377	4	4.500	0.993	6	6.333	0.983	2124	0.891790170887129	0.314764034917673	NA
k141_9855	664	0.410	4	1.250	0.598	2	4.500	0.746	2124	0.365781954277832	0.216865310948865	NA
k141_6747	592	0.348	2	1.000	0.988	3	1.000	0.741	2125	0.652373627955833	0.227251686417491	Homo sapiens
k141_3659	665	0.371	5	41.400	0.977	16	19.750	0.933	2125	0.631511666478961	0.28400609158179	Homo sapiens
k141_1156	789	0.397	2	3.000	0.677	11	3.364	0.501	2125	0.502679072440222	0.141027869890642	Homo sapiens
k141_2165	527	0.404	3	3.000	0.972	11	2.545	0.663	2126	0.688008435817083	0.288975332716743	Homo sapiens
k141_10015	784	0.366	5	3.600	0.789	10	4.300	0.660	2127	0.38290582951547	0.176742006246994	Homo sapiens
k141_7635	390	0.356	5	3.400	0.890	11	3.000	0.973	2128	0.747235435154106	0.284486160997612	Homo sapiens
k141_4027	674	0.356	5	3.400	0.904	5	2.400	0.893	2128	0.65697480840902	0.253909524367028	Homo sapiens
k141_10291	642	0.413	5	3.800	0.847	8	7.125	0.782	2128	0.406620890396912	0.22591581608596	NA
k141_5018	310	0.413	4	2.250	0.998	3	1.333	0.826	2129	0.876660757554022	0.326954359079474	NA
k141_8943	725	0.383	3	2.333	0.654	4	1.250	0.639	2129	0.552769553943472	0.146214604543811	Homo sapiens
k141_10256	612	0.399	3	10.000	0.985	2	16.000	0.897	2130	9.93421313514731	0.365888504647818	Homo sapiens
k141_510	479	0.395	5	12.400	0.880	13	7.385	0.821	2130	0.906119100280093	0.321239166267298	Homo sapiens
k141_8818	445	0.393	3	5.000	0.966	5	6.600	0.987	2130	0.581192482697493	0.235302474323647	NA
k141_3277	498	0.414	3	1.333	0.740	8	1.750	0.782	2130	0.56260104110197	0.245041439598795	Homo sapiens
k141_4567	624	0.420	4	1.750	0.799	7	7.571	0.823	2130	0.471310295780809	0.188882049082947	NA
k141_5672	712	0.409	5	8.000	0.993	7	12.000	0.744	2131	0.464855181823048	0.200368909763847	NA
k141_8096	408	0.400	4	3.000	0.994	4	7.000	0.859	2132	0.688016168988901	0.241632494795413	Homo sapiens
k141_10324	651	0.399	5	25.400	0.985	12	15.083	0.864	2133	0.563184403848118	0.150766403011172	Homo sapiens
k141_3351	586	0.418	5	4.000	0.922	8	5.250	0.858	2133	0.479830115463792	0.178587098101877	NA
k141_529	684	0.399	4	1.250	0.459	4	3.000	0.574	2134	0.463639728068004	0.244410448334309	Homo sapiens
k141_4672	342	0.363	5	4.200	0.974	8	3.625	0.889	2135	1.24634170304088	0.326375480574293	Homo sapiens
k141_10180	412	0.383	3	3.000	0.970	9	3.111	0.913	2135	1.1533243977233	0.200491203068483	Homo sapiens
k141_5826	445	0.420	2	2.000	0.981	2	3.500	0.722	2135	0.574480492513044	0.163035517087335	Naegleria fowleri
k141_3586	672	0.390	2	1.500	0.781	5	3.600	0.730	2135	0.453710933841871	0.189288423942066	Homo sapiens
k141_2963	986	0.406	5	22.400	0.889	16	29.062	0.956	2135	0.292039848210209	0.126572960532884	Homo sapiens
k141_7915	668	0.400	4	2.500	0.751	7	2.429	0.714	2136	0.903378655937962	0.268370490469873	Homo sapiens
k141_10020	588	0.422	2	1.500	0.601	4	2.500	0.508	2136	0.621686393233807	0.128584093333576	Homo sapiens
k141_897	365	0.405	5	2.600	0.883	6	9.333	0.906	2137	0.712954706332657	0.272166176495911	NA
k141_9801	460	0.385	2	2.000	0.745	5	2.000	0.679	2138	1.4060180320989	0.154764758072232	Homo sapiens
k141_9228	624	0.396	5	5.200	0.786	15	6.067	0.753	2138	0.608744769487521	0.236947155118233	Homo sapiens
k141_9512	627	0.372	2	3.500	0.922	6	2.000	0.709	2138	0.579347454634136	0.163672068487447	Homo sapiens
k141_7176	422	0.377	2	1.500	0.979	4	1.250	0.682	2139	2.53868898278103	0.173194608756762	Homo sapiens
k141_2808	486	0.397	2	1.000	0.953	4	1.000	0.467	2139	0.76207858509044	0.222592928490196	Homo sapiens
k141_505	445	0.378	5	7.800	0.987	15	3.933	0.894	2139	0.718556088426167	0.322060524581598	Homo sapiens
k141_407	402	0.405	4	2.750	0.873	5	19.200	0.953	2139	0.68164254044681	0.253749235026136	NA
k141_8395	461	0.406	3	1.333	0.654	6	1.667	0.800	2139	0.635479051129006	0.299927574133686	NA
k141_3469	366	0.374	4	8.750	1.000	6	12.667	0.985	2140	0.848783626830382	0.311869905149792	Homo sapiens
k141_8578	430	0.405	3	2.000	0.834	3	3.000	0.861	2140	0.620234227178021	0.27085782747464	NA
k141_5372	609	0.394	4	8.250	0.892	7	27.000	0.797	2141	0.611438507626284	0.192764195282621	Homo sapiens
k141_1447	1516	0.399	5	33.600	0.896	14	21.929	0.704	2141	0.19931138397159	0.093897938489363	Homo sapiens
k141_4357	371	0.394	5	3.000	0.989	5	8.000	0.983	2142	0.780088190845292	0.275404768538206	NA
k141_2352	863	0.389	5	65.400	0.950	17	42.353	0.848	2142	0.36323650030505	0.151141448396403	Homo sapiens
k141_5005	464	0.388	5	15.000	0.853	13	30.154	0.810	2143	1.11998504455983	0.205192301775342	Homo sapiens
k141_9516	577	0.390	5	2.400	0.792	4	7.000	0.784	2143	0.483812740473476	0.186424085071976	Naegleria fowleri
k141_708	310	0.381	2	1.000	0.682	2	1.000	0.916	2144	1.30852524875993	0.346249933310546	Homo sapiens
k141_3689	471	0.397	2	1.000	0.930	2	2.500	0.658	2144	0.912784915304512	0.292757565914417	Naegleria fowleri
k141_7445	495	0.410	4	1.250	0.858	4	4.000	0.826	2146	0.625376442664853	0.313098363326151	NA
k141_7244	672	0.406	5	7.200	0.854	6	13.333	0.883	2146	0.364229425817613	0.185367110672778	Homo sapiens
k141_10170	602	0.399	3	13.000	0.999	3	4.333	0.840	2147	1.23237901551283	0.216939213039843	Homo sapiens
k141_4508	793	0.371	3	10.333	0.891	2	3.000	0.684	2148	0.919258238436709	0.214055170187554	Homo sapiens
k141_2195	986	0.369	5	64.800	0.928	17	34.412	0.872	2148	0.31492165136733	0.168891634122901	Homo sapiens
k141_9866	611	0.370	5	69.000	0.986	17	29.588	0.941	2149	0.833829812263228	0.216616201773801	Homo sapiens
k141_2441	411	0.384	4	2.000	0.687	4	1.750	0.529	2149	0.799384012593479	0.329245822500197	Homo sapiens
k141_2130	578	0.379	5	18.800	1.000	15	12.533	0.929	2149	0.755260389864519	0.28671659309153	Homo sapiens
k141_21	445	0.387	4	3.500	1.000	3	4.333	0.817	2149	0.674950401316966	0.214951806639842	Homo sapiens
k141_9442	536	0.382	4	4.750	0.878	9	3.889	0.722	2150	0.940845416838635	0.293308689279305	Homo sapiens
k141_2532	398	0.387	3	2.000	1.000	4	3.000	0.964	2150	0.785423032283159	0.320167036079289	NA
k141_1219	717	0.399	3	2.000	0.702	2	2.000	0.365	2150	0.605191106889381	0.164717069698051	Homo sapiens
k141_7379	634	0.385	5	37.600	0.946	16	15.125	0.900	2151	0.635576829499495	0.319359665070015	NA
k141_8558	431	0.413	4	1.750	0.984	5	1.200	0.787	2151	0.608937458889968	0.212283830083269	Homo sapiens
k141_9905	445	0.369	4	1.250	0.852	4	2.250	0.889	2152	1.14825465057233	0.280063239275906	Homo sapiens
k141_9901	368	0.389	2	1.000	0.967	3	1.333	0.457	2152	1.0176798759051	0.315954158462634	Homo sapiens
k141_847	392	0.398	2	1.000	0.925	3	5.667	0.992	2152	0.749183193527097	0.293441498499446	NA
k141_4731	245	0.376	2	1.500	0.931	2	4.500	0.988	2153	1.547230891299	0.406544055856877	Homo sapiens
k141_1625	337	0.395	4	1.500	0.904	4	6.500	0.923	2153	1.00406017430734	0.310811759353552	NA
k141_7632	281	0.363	2	1.000	0.923	8	2.625	0.919	2154	1.99445073670118	0.407267673682969	Homo sapiens
k141_2590	425	0.386	2	1.000	0.756	3	1.667	0.833	2154	1.66485441330274	0.244558101066315	Homo sapiens
k141_6266	641	0.401	4	3.500	0.869	8	4.250	0.812	2154	1.40828963786291	0.319887888034991	NA
k141_2672	305	0.367	5	2.800	0.925	4	5.500	0.909	2154	0.966123429257455	0.338646473543437	NA
k141_2990	417	0.415	3	1.667	0.978	2	2.500	0.866	2154	0.73925605032629	0.283701197939611	NA
k141_5165	599	0.376	4	2.750	0.803	7	14.143	0.882	2154	0.621124908296181	0.200570780156957	Homo sapiens
k141_2760	310	0.387	2	2.000	0.848	4	2.250	0.750	2155	1.69387315741346	0.477636858774821	Homo sapiens
k141_5645	390	0.413	2	3.500	0.892	2	1.500	0.541	2155	0.815846248019609	0.302056007219172	Homo sapiens
k141_1655	387	0.370	5	15.400	1.000	9	17.111	0.998	2155	0.774555581147243	0.275354605040889	NA
k141_182	531	0.399	3	4.667	0.985	9	3.444	0.728	2157	1.0000304109567	0.203144600621149	Homo sapiens
k141_384	556	0.379	3	1.667	0.628	3	3.000	0.640	2158	1.01661531173216	0.299928236113018	Naegleria fowleri
k141_6319	283	0.382	2	1.000	0.919	3	3.000	0.953	2158	1.00426634678799	0.353053817058941	NA
k141_8738	488	0.410	3	5.333	0.804	8	7.250	0.710	2158	0.857559757460448	0.218421282438949	Homo sapiens
k141_5181	839	0.390	3	5.667	0.989	8	4.875	0.807	2158	0.732745392181665	0.247789608825327	Homo sapiens
k141_5756	477	0.417	4	2.250	0.951	7	3.714	0.826	2158	0.664522044241459	0.260003379262465	Homo sapiens
k141_10068	770	0.401	5	24.600	0.779	16	12.625	0.654	2158	0.639798575659195	0.107294777883537	Homo sapiens
k141_6909	412	0.403	5	25.600	1.000	12	33.333	0.938	2159	0.735522300311981	0.270970120222709	NA
k141_4747	377	0.393	4	2.000	0.993	4	10.250	0.997	2160	0.852912919115657	0.250900393937244	NA
k141_2237	428	0.383	3	1.000	0.844	3	1.333	0.812	2160	0.825741938425517	0.335380745285161	Homo sapiens
k141_4218	710	0.401	4	3.500	0.871	7	6.429	0.834	2160	0.630831489179177	0.251713901060564	NA
k141_7700	618	0.403	3	3.000	0.754	5	4.400	0.754	2161	0.901488765998131	0.264741699795418	Naegleria fowleri
k141_1902	388	0.394	5	7.200	0.953	8	12.250	0.869	2161	0.718127749400143	0.291688306504538	NA
k141_8198	438	0.377	5	18.200	0.966	11	16.818	0.947	2161	0.675429648517684	0.285444506902801	Homo sapiens
k141_8101	435	0.411	3	3.667	0.998	4	1.750	0.979	2161	0.666618104017649	0.238119534563506	NA
k141_8271	490	0.390	3	1.000	0.873	3	1.000	0.822	2161	0.620781616004447	0.2356883790206	NA
k141_9673	656	0.428	5	4.200	0.909	5	9.800	0.859	2161	0.463865866069495	0.164959644332932	NA
k141_5963	1038	0.408	5	3.600	0.859	14	3.429	0.597	2161	0.378614821574545	0.174957582462693	Homo sapiens
k141_2653	561	0.376	4	2.250	0.479	8	4.125	0.489	2162	1.71808053897548	0.195945408840225	Homo sapiens
k141_8440	348	0.420	4	2.000	0.982	8	1.250	0.575	2163	0.934236950603505	0.216236412187937	Homo sapiens
k141_6719	359	0.390	5	2.000	0.943	7	10.143	0.924	2163	0.853722520037142	0.273735515441538	NA
k141_4762	625	0.378	4	6.000	0.953	8	4.500	0.821	2163	0.650778845700494	0.253249655006557	Homo sapiens
k141_3660	517	0.412	2	3.000	0.806	2	1.000	0.597	2164	1.05524298927353	0.22160798665344	Homo sapiens
k141_2128	651	0.372	5	12.000	0.943	9	18.333	0.905	2164	0.431914044138194	0.196059779330858	Homo sapiens
k141_4380	562	0.393	4	2.000	0.887	5	2.800	0.822	2167	0.543024752862968	0.201403017418942	Homo sapiens
k141_7465	584	0.385	3	2.333	0.713	5	4.200	0.793	2170	0.565676206227878	0.221950814730311	NA
k141_6349	687	0.373	5	15.800	0.997	16	7.562	0.894	2170	0.539509120191403	0.254365175291296	Homo sapiens
k141_3601	335	0.394	3	1.667	0.825	2	1.000	0.582	2171	1.23599586146761	0.26173506300273	NA
k141_8366	526	0.397	3	2.333	0.738	2	2.000	0.561	2171	0.764663063107236	0.256499543440587	Homo sapiens
k141_4608	1527	0.392	5	26.200	0.956	15	24.867	0.842	2171	0.407171217316245	0.218842260736598	Homo sapiens
k141_4514	513	0.409	2	2.500	0.892	3	1.333	0.890	2172	0.579931818700735	0.237063581408697	NA
k141_8772	709	0.408	2	1.500	0.693	4	1.750	0.600	2173	0.816056402185168	0.167253186779355	NA
k141_5855	376	0.410	3	1.333	0.902	4	1.750	0.808	2173	0.797773144079655	0.278056462190559	NA
k141_3076	646	0.395	5	23.200	1.000	13	31.692	0.933	2173	0.738387207201315	0.27918820742539	NA
k141_5080	496	0.387	2	1.500	0.837	4	2.250	0.774	2173	0.629450900208221	0.247087533857947	Homo sapiens
k141_6321	529	0.401	4	5.000	0.829	6	13.667	0.922	2174	0.864475616380376	0.321125811487437	NA
k141_6235	567	0.400	3	1.333	0.770	2	4.500	0.921	2174	0.604110395943999	0.245431429794875	Homo sapiens
k141_8625	389	0.414	4	6.500	0.982	4	6.250	0.926	2175	0.795692277735707	0.250816393206908	NA
k141_9208	893	0.370	4	3.750	1.000	4	2.000	0.521	2175	0.432924526469145	0.216598847847773	Homo sapiens
k141_6677	446	0.377	5	11.000	0.955	13	8.231	0.882	2176	0.962201559659256	0.383799061969768	NA
k141_9335	498	0.369	4	3.250	0.913	8	2.750	0.825	2176	0.785057596080791	0.307704828143944	Homo sapiens
k141_3315	431	0.394	2	1.000	0.706	3	2.333	0.916	2177	0.715192113519253	0.28036113796436	NA
k141_8586	461	0.395	4	4.000	0.950	5	6.000	0.989	2178	0.743941480324814	0.258263279348626	NA
k141_2642	564	0.388	5	24.600	0.980	12	23.500	0.825	2178	0.551694776965072	0.22592224772094	Homo sapiens
k141_8511	474	0.392	3	3.333	0.741	4	2.750	0.865	2179	0.684663952121426	0.209026462919019	NA
k141_7712	776	0.374	4	3.500	0.826	6	4.667	0.926	2179	0.612529337210041	0.219606571631367	Homo sapiens
k141_3444	366	0.396	2	3.000	1.000	4	4.000	0.899	2180	0.884971771419389	0.305700975072291	NA
k141_391	330	0.385	3	1.000	0.940	4	4.750	1.000	2181	0.999887545632637	0.301947305767707	NA
k141_6821	447	0.385	2	1.500	0.622	4	2.500	0.749	2182	2.07357029917436	0.199232683586747	Homo sapiens
k141_6704	432	0.433	3	1.000	0.789	2	2.000	0.473	2182	0.727778389144003	0.295543597898168	NA
k141_4417	1200	0.396	4	33.750	0.877	5	34.000	0.701	2183	8.47623593694411	0.346449122152009	Homo sapiens
k141_3080	328	0.421	4	2.000	0.875	5	3.600	1.000	2183	1.02625726653973	0.286470249098017	NA
k141_4729	394	0.406	3	2.000	0.934	4	4.000	0.976	2184	0.949851764595615	0.331739860960616	NA
k141_8284	454	0.379	2	1.500	0.763	3	1.000	0.543	2184	0.883447735969593	0.255919289108686	Homo sapiens
k141_9659	399	0.401	2	1.000	0.796	4	2.000	0.765	2184	0.8334615918789	0.250556427933114	Pan troglodytes
k141_8035	553	0.383	4	1.250	0.803	8	1.125	0.584	2184	0.810892922513742	0.289987952451232	Homo sapiens
k141_8057	1004	0.397	5	56.000	0.977	16	37.125	0.790	2184	0.58054439599726	0.182062824899471	Naegleria fowleri
k141_1945	457	0.392	4	2.750	0.960	7	4.143	0.906	2185	1.61862582182062	0.392615008648667	Naegleria fowleri
k141_10076	730	0.367	3	2.667	0.879	10	1.400	0.872	2185	0.693281436076841	0.121581491780007	Homo sapiens
k141_8543	377	0.361	4	1.500	0.849	2	2.500	0.736	2186	2.73030895102359	0.299440750991118	Homo sapiens
k141_8795	509	0.367	3	1.667	0.752	2	3.500	0.796	2187	0.70925419495671	0.185049165904926	NA
k141_953	394	0.414	2	1.500	0.873	4	2.500	0.841	2188	0.997273538465118	0.291929885076502	NA
k141_4981	405	0.375	3	13.333	1.000	4	17.500	0.983	2189	2.29767142782378	0.337381949548223	NA
k141_497	450	0.344	5	3.000	0.937	9	3.667	0.808	2190	1.33345261643951	0.316137527957141	Homo sapiens
k141_6635	355	0.400	2	2.500	0.966	4	2.750	0.906	2190	0.969702930590456	0.43122859978361	NA
k141_6437	552	0.402	3	2.667	0.751	2	1.500	0.665	2191	0.58082316617129	0.176997676496301	NA
k141_3158	322	0.382	5	6.400	0.976	5	12.200	0.976	2192	1.09284775111877	0.317835078063126	NA
k141_1674	871	0.390	4	6.750	0.886	5	4.600	0.761	2192	0.503778026963961	0.16590354094166	Homo sapiens
k141_7344	343	0.414	2	1.000	0.917	2	1.000	0.780	2193	0.976580646492707	0.285608981296801	Naegleria fowleri
k141_4734	382	0.346	3	2.667	0.815	3	1.000	0.923	2194	3.30840950070337	0.316556849432314	Homo sapiens
k141_7842	790	0.376	3	1.333	0.897	2	2.500	0.728	2194	0.576166787261922	0.216425923830691	Homo sapiens
k141_1493	638	0.406	3	12.000	0.969	5	6.000	0.810	2195	21.0704814797264	0.341152079661834	Homo sapiens
k141_1236	614	0.409	3	47.000	0.937	6	19.000	0.826	2195	1.38278444399226	0.25192274410179	Homo sapiens
k141_6796	354	0.410	2	1.500	0.822	3	1.000	0.753	2195	1.22514141183543	0.415725625342984	NA
k141_66	357	0.406	3	1.333	0.845	2	6.500	0.814	2195	0.993732846343958	0.270589626063308	Homo sapiens
k141_4059	1140	0.365	5	7.000	0.654	12	3.750	0.462	2195	0.552707128866733	0.0966084129932576	Homo sapiens
k141_3970	1038	0.385	5	64.600	0.968	16	38.750	0.918	2195	0.542033557137131	0.268146687823441	Homo sapiens
k141_5182	579	0.392	3	1.667	0.704	5	2.000	0.756	2196	2.00858634343404	0.288956178875558	Homo sapiens
k141_383	417	0.369	2	1.000	0.512	3	2.333	0.671	2196	1.53981964816621	0.26473397781697	Homo sapiens
k141_1770	377	0.403	2	3.500	1.000	5	9.600	0.927	2196	0.996247540111606	0.29807789464371	NA
k141_10086	444	0.414	3	2.000	0.867	5	2.000	0.814	2196	0.841334021664387	0.402242082342136	NA
k141_10461	583	0.405	5	36.800	0.982	13	44.385	0.937	2196	0.598825340116188	0.270757134835203	NA
k141_7900	375	0.349	2	1.500	1.000	2	2.500	0.959	2197	1.56706428308375	0.355140314287577	Homo sapiens
k141_8556	668	0.406	5	6.400	0.992	7	10.286	0.891	2198	0.51257259046385	0.216753380544311	NA
k141_3840	502	0.396	4	1.750	0.816	6	2.333	0.600	2199	1.31745143337364	0.240336968851801	Homo sapiens
k141_3070	813	0.390	3	1.000	0.601	2	3.000	0.686	2199	0.80180821150533	0.211003779718944	Homo sapiens
k141_8312	763	0.396	3	5.667	0.855	6	9.333	0.872	2199	0.689704660847449	0.239393011081812	NA
k141_1995	331	0.372	3	1.000	0.996	3	1.333	0.728	2200	8.27515286262444	0.283246166538609	Homo sapiens
k141_10477	723	0.386	4	3.250	0.825	7	3.714	0.801	2200	0.863930083741961	0.300940664210862	Ursus arctos
k141_8213	283	0.385	4	1.500	0.962	3	4.667	0.988	2201	1.27783649264851	0.423373209316432	NA
k141_3405	699	0.405	5	9.800	0.736	8	23.000	0.579	2201	0.53988687192754	0.206465734889252	Naegleria fowleri
k141_8098	323	0.427	2	2.500	0.707	4	2.250	0.652	2202	5.81821639437961	0.247125189210662	Homo sapiens
k141_3979	589	0.396	5	4.200	0.691	12	4.417	0.774	2202	1.6495482291829	0.253418469439044	Homo sapiens
k141_8168	592	0.370	5	4.000	0.712	9	7.000	0.589	2202	0.844178899600472	0.202359925778623	Homo sapiens
k141_3225	912	0.410	4	4.250	0.752	3	4.667	0.713	2202	0.437883990014497	0.182228562669009	NA
k141_9677	377	0.401	4	2.500	0.953	2	2.500	0.916	2203	0.971958571047072	0.261275835969183	NA
k141_9232	521	0.367	2	1.000	0.549	3	1.000	0.770	2203	0.698981701494891	0.219818063919793	Homo sapiens
k141_2360	544	0.406	2	1.500	1.000	2	2.000	0.278	2204	3.61567401934319	0.171762206518559	Homo sapiens
k141_1739	331	0.387	5	2.400	0.972	5	15.200	0.994	2204	1.14438733615394	0.316570051914977	NA
k141_136	358	0.408	3	1.000	0.912	3	9.333	0.998	2206	1.12818967185035	0.288564288447416	NA
k141_2686	410	0.400	3	1.333	0.818	2	2.500	0.829	2207	0.918967061630663	0.300495218124247	NA
k141_2976	419	0.406	5	12.200	1.000	11	14.727	0.991	2207	0.91673240112616	0.297233636492948	NA
k141_8997	412	0.369	4	1.250	0.783	5	2.600	0.781	2208	0.94211190112596	0.266625933079778	Homo sapiens
k141_7249	430	0.393	2	2.500	0.979	4	4.250	0.626	2209	1.54661480399678	0.307020999352148	Homo sapiens
k141_3246	314	0.404	3	1.667	0.620	4	2.750	0.731	2209	1.19545965306365	0.337743927913265	NA
k141_8379	564	0.420	5	5.400	0.803	9	11.000	0.868	2209	0.721288613306202	0.261855766814682	NA
k141_7768	908	0.421	5	239.200	0.462	17	216.353	0.265	2209	0.512056094389101	0.167017037871793	Homo sapiens
k141_917	444	0.376	4	2.750	0.885	6	3.833	0.706	2210	2.60450475169653	0.270179547135677	Homo sapiens
k141_4768	384	0.370	5	6.200	1.000	10	4.000	0.955	2210	1.82508159319345	0.343246803824649	Homo sapiens
k141_6565	514	0.379	2	1.000	0.995	7	8.714	0.667	2210	1.22857427608184	0.27342104398835	Homo sapiens
k141_10520	686	0.394	2	2.500	1.000	2	1.500	0.897	2210	1.01408398938388	0.245461688524443	Homo sapiens
k141_6650	785	0.378	5	27.400	0.871	11	30.818	0.783	2211	0.592827111381492	0.16629730296645	Homo sapiens
k141_1834	417	0.384	5	9.200	1.000	10	7.900	0.991	2212	0.941743096232374	0.267488752256098	NA
k141_6886	315	0.365	5	2.800	0.978	6	3.167	0.938	2213	2.13829631170253	0.43361480366717	Homo sapiens
k141_84	314	0.395	2	1.000	0.941	4	3.750	0.916	2213	1.28610407113534	0.395905415601314	NA
k141_4787	1046	0.380	5	49.600	0.986	17	34.059	0.893	2213	0.568779594900863	0.258053658781283	Homo sapiens
k141_8090	645	0.412	5	17.000	0.967	14	15.429	0.899	2214	0.601604677255966	0.234224724762119	NA
k141_5565	807	0.388	3	3.000	0.905	2	4.000	0.643	2214	0.559922977344957	0.151970917214963	Homo sapiens
k141_940	439	0.403	3	5.000	0.968	3	6.667	0.793	2215	10.0299316838726	0.370124854182812	Homo sapiens
k141_146	301	0.399	3	2.000	0.938	4	3.250	0.932	2215	1.24700682710916	0.339308717019327	NA
k141_2309	373	0.370	5	11.000	0.982	9	12.556	0.981	2215	1.0569493930922	0.326003894924796	Homo sapiens
k141_3331	596	0.371	5	37.600	0.996	15	23.600	0.910	2215	0.82127280616968	0.238491966238747	Homo sapiens
k141_4536	500	0.388	5	27.000	0.998	12	23.250	0.924	2215	0.8205704570533	0.253635228243193	Naegleria fowleri
k141_4626	467	0.403	3	2.000	0.777	6	2.333	0.671	2216	0.84107792000381	0.343973778351212	NA
k141_2346	459	0.353	3	1.000	0.569	4	1.250	0.857	2218	1.8110225492365	0.321446465525237	Homo sapiens
k141_9658	626	0.390	3	31.667	0.998	4	11.750	0.921	2218	1.37507543260923	0.240222950881978	Homo sapiens
k141_9139	693	0.395	5	24.400	0.988	13	18.846	0.818	2218	0.567374533770788	0.161558448224708	Naegleria fowleri
k141_6511	283	0.392	2	2.500	0.837	5	2.200	0.843	2219	1.40514618607746	0.378734484255886	NA
k141_4696	365	0.400	5	22.800	1.000	10	38.000	0.964	2219	1.13443333476232	0.339937434140559	NA
k141_1575	689	0.395	3	9.667	0.995	3	5.333	0.717	2220	9.33164787687686	0.356058826639541	Homo sapiens
k141_9109	455	0.391	4	2.500	0.642	5	5.200	0.844	2220	1.19979239479572	0.423537987252119	NA
k141_9609	562	0.393	3	1.000	0.736	6	1.167	0.693	2220	1.06033909728271	0.308235634266726	Homo sapiens
k141_8426	651	0.409	4	5.750	0.777	10	6.500	0.879	2220	0.962772338346914	0.176480580601749	Homo sapiens
k141_9150	893	0.368	3	3.667	0.954	7	2.143	0.320	2220	0.58258696054811	0.194447720409098	Homo sapiens
k141_5317	443	0.375	5	25.000	1.000	12	22.333	0.968	2221	0.944874681395906	0.290700009942592	Naegleria fowleri
k141_10382	556	0.383	2	1.500	0.911	2	1.500	0.417	2222	0.851988883214568	0.261075479455283	Homo sapiens
k141_7746	622	0.391	3	1.333	0.700	2	2.500	0.314	2223	0.602503326656113	0.281435109140903	Bradyrhizobium sp. WBOS01
k141_3454	313	0.387	2	1.500	1.000	3	1.000	0.772	2224	2.19869524885539	0.488280230068817	Naegleria fowleri
k141_8505	317	0.388	2	1.000	0.874	3	1.333	0.853	2224	1.38790971694201	0.38204961914446	NA
k141_5732	440	0.380	2	2.000	0.988	5	6.800	0.980	2224	1.11408320363815	0.267843324271342	NA
k141_10346	485	0.412	5	4.600	0.965	6	9.667	0.986	2224	0.873398446389901	0.268181315919966	NA
k141_6584	498	0.392	3	2.667	0.976	5	10.200	0.982	2224	0.83099150133674	0.274759825253642	NA
k141_4906	432	0.396	4	2.500	0.840	4	5.750	0.984	2225	1.04399029500656	0.330965698543194	NA
k141_9513	523	0.392	3	3.667	0.931	5	3.800	0.980	2225	0.750918955877769	0.263338668920554	Homo sapiens
k141_4618	330	0.391	4	3.000	0.979	5	6.000	0.987	2226	1.28868839270122	0.396903647202818	NA
k141_290	968	0.399	3	6.000	0.845	2	2.500	0.924	2226	0.873534132550473	0.26060031883789	Homo sapiens
k141_51	535	0.407	3	2.667	0.930	2	8.000	0.961	2227	1.1309782493731	0.262561280688166	Homo sapiens
k141_264	518	0.398	5	7.600	0.964	7	11.143	0.956	2227	0.768806769943903	0.232923315662777	NA
k141_8254	586	0.418	5	6.400	0.876	8	7.875	0.882	2227	0.736630958948842	0.191140155490414	NA
k141_801	324	0.426	4	2.000	0.819	4	1.250	0.411	2228	2.05277105444476	0.356959389513878	NA
k141_7389	291	0.381	3	1.333	0.956	4	4.000	0.997	2228	1.38603930958766	0.415560853772714	NA
k141_8473	380	0.397	2	2.500	0.734	3	2.000	0.835	2228	1.30464497504978	0.347560801903013	NA
k141_6043	360	0.408	4	1.750	0.963	2	4.500	0.928	2228	1.12790267126958	0.360308123893734	NA
k141_10411	430	0.421	4	1.000	0.654	4	3.250	0.742	2228	1.11825040370468	0.305245018598958	Homo sapiens
k141_7330	696	0.401	3	2.333	0.855	2	1.000	0.374	2228	0.994598896348395	0.218633750046642	Homo sapiens
k141_8835	712	0.396	4	18.750	0.731	3	11.667	0.573	2229	1.27337711778141	0.203828928333431	NA
k141_9130	442	0.407	5	30.600	1.000	12	37.083	0.907	2229	1.02517442617586	0.291589781003366	NA
k141_1740	451	0.388	4	4.000	0.910	7	4.143	0.787	2229	0.908583324851598	0.259212009149611	eukaryotic synthetic construct
k141_4272	473	0.389	3	22.000	1.000	4	13.750	0.946	2230	28.727385894077	0.408790711398127	Homo sapiens
k141_1314	354	0.364	5	8.400	1.000	11	5.636	0.941	2230	2.635230645158	0.404458882796644	Homo sapiens
k141_10525	661	0.416	5	11.600	0.762	14	14.500	0.839	2230	1.79961625382762	0.147118775778779	Homo sapiens
k141_8119	456	0.373	2	1.000	0.884	2	1.500	0.700	2230	1.25025355199131	0.372686385796765	NA
k141_1127	538	0.353	4	2.750	0.617	3	1.667	0.635	2230	0.881524066450032	0.281864099731141	Homo sapiens
k141_2953	352	0.386	2	1.000	0.699	2	1.500	0.385	2231	1.42081872397125	0.269850850828372	Homo sapiens
k141_4265	485	0.423	3	11.000	0.996	3	9.333	0.868	2231	1.12349999834388	0.219846873834421	Homo sapiens
k141_4107	421	0.390	4	1.750	0.929	4	1.750	0.831	2231	1.05132410379383	0.307464275449363	NA
k141_2257	640	0.373	5	4.200	0.963	8	10.000	0.906	2231	0.861222861490088	0.247869399806854	Homo sapiens
k141_6086	837	0.404	4	3.000	0.887	5	3.200	0.914	2231	0.542183207198111	0.213990485400485	Homo sapiens
k141_97	389	0.393	4	1.750	0.852	4	6.000	0.995	2232	1.1619308696185	0.327658950628777	NA
k141_2210	500	0.408	3	1.333	0.601	3	6.000	0.945	2232	1.01315796904637	0.346567363282557	NA
k141_7296	422	0.431	3	1.333	0.966	3	2.000	0.553	2232	0.802668059307847	0.271049440236103	NA
k141_5980	497	0.382	5	15.400	1.000	9	18.444	0.915	2233	0.849525133414153	0.289039337462978	NA
k141_2586	395	0.397	3	2.667	1.000	6	8.333	0.999	2234	1.14010340612723	0.341000781865029	NA
k141_4526	356	0.404	2	3.500	0.999	4	4.000	0.961	2235	2.35052043785235	0.51507957764271	NA
k141_866	590	0.390	3	4.333	0.850	2	7.000	0.793	2235	1.29789445406516	0.294247773747669	Homo sapiens
k141_9582	383	0.394	4	3.750	0.975	3	6.000	0.929	2236	1.36136289562981	0.380030807730739	NA
k141_7227	689	0.402	5	25.400	1.000	10	28.000	0.925	2237	0.649628430388849	0.218299788340183	Homo sapiens
k141_8416	599	0.372	5	2.800	0.712	14	3.500	0.603	2238	2.67645009705653	0.150590486970101	Homo sapiens
k141_2853	511	0.391	3	1.667	0.948	3	2.333	0.849	2238	1.07145032802537	0.315163499441513	NA
k141_9833	648	0.373	3	5.000	0.735	4	1.750	0.544	2238	1.01433107020782	0.213938105745843	Homo sapiens
k141_1432	1022	0.404	5	4.800	0.811	8	7.750	0.718	2238	0.542525352200779	0.263709055636677	NA
k141_9288	431	0.420	2	1.000	0.686	2	1.000	0.348	2239	1.31611429608303	0.344773627986899	NA
k141_6439	1014	0.393	3	19.667	0.849	3	26.000	0.776	2240	2.82542398375127	0.244747943885632	Homo sapiens
k141_3960	664	0.389	5	2.200	0.890	7	9.143	0.972	2240	0.903579068654419	0.303233232848296	NA
k141_4008	283	0.413	3	1.333	0.934	3	3.333	0.873	2241	2.15464175836119	0.530773265646622	NA
k141_8100	435	0.389	3	2.000	0.797	3	1.000	0.634	2241	1.03737581072663	0.308216178631149	Homo sapiens
k141_2914	691	0.391	5	8.600	0.921	8	10.750	0.732	2241	0.808569818442135	0.289191417597968	NA
k141_2241	816	0.374	3	13.333	1.000	3	9.333	0.887	2242	1.34505850157189	0.266632407499708	NA
k141_4834	329	0.359	3	1.333	0.909	3	1.000	0.834	2243	3.57021321978029	0.389801917633213	Homo sapiens
k141_6090	408	0.400	3	1.000	0.753	2	1.500	0.888	2243	1.14917376790489	0.333469826089452	Homo sapiens
k141_10309	781	0.393	4	4.500	0.861	7	7.429	0.713	2243	1.00310113018964	0.346508977796508	Homo sapiens
k141_6643	490	0.410	4	2.250	0.684	6	3.833	0.781	2243	0.835231798802746	0.339633722987408	NA
k141_9310	634	0.377	4	1.000	0.761	2	7.000	0.838	2243	0.830102772582131	0.327224023838743	Pan troglodytes
k141_4846	846	0.396	5	15.400	0.954	14	18.000	0.798	2243	0.715741102603817	0.242401604749225	NA
k141_4553	931	0.388	5	11.400	0.976	14	16.000	0.781	2243	0.5487006850715	0.202398495733293	NA
k141_5740	830	0.396	5	13.000	0.893	9	10.889	0.694	2244	0.557743381966825	0.207874912518623	Homo sapiens
k141_5222	498	0.396	2	2.000	0.976	4	4.000	0.995	2245	1.32809692355673	0.402577307737072	NA
k141_3294	606	0.398	2	2.500	0.828	3	3.000	0.585	2245	1.15036503226079	0.304221608649943	NA
k141_9622	379	0.417	3	2.000	0.797	5	3.600	0.791	2246	1.26021745337173	0.380618653159612	Naegleria fowleri
k141_2464	466	0.371	3	1.667	0.483	3	2.667	0.941	2246	0.978761990197231	0.33765851197563	NA
k141_5947	574	0.406	4	6.750	0.974	6	13.167	0.978	2246	0.895685113173683	0.272174010679681	NA
k141_8566	682	0.377	4	1.500	0.688	4	3.750	0.761	2246	0.710534679217535	0.255481648163619	Homo sapiens
k141_10250	490	0.410	2	3.500	0.786	4	3.500	0.913	2247	1.10395496889439	0.383427916208426	NA
k141_6224	437	0.485	4	2.250	0.800	6	2.333	0.505	2248	1.58127720153532	0.149790958861487	Homo sapiens
k141_2784	671	0.387	4	1.500	0.688	10	3.100	0.734	2248	1.11297211839022	0.368304298302302	Naegleria fowleri
k141_1514	754	0.395	5	2.800	0.674	5	4.600	0.510	2248	0.878954401736939	0.288652714290687	Homo sapiens
k141_4416	336	0.381	3	1.667	0.764	5	1.200	0.955	2249	3.66868544352768	0.458607584192142	Homo sapiens
k141_1318	461	0.373	5	8.600	0.980	8	7.000	0.957	2249	2.12763810936343	0.377113893132352	Homo sapiens
k141_2158	571	0.391	4	2.500	0.924	5	9.800	0.936	2249	2.03728058255439	0.398355233125576	NA
k141_2225	536	0.390	2	1.000	0.565	3	1.000	0.374	2250	1.47344454120602	0.31869453901084	Homo sapiens
k141_2781	283	0.375	2	1.500	0.951	2	1.500	0.822	2251	4.1263646571789	0.473489818906699	Homo sapiens
k141_9281	457	0.409	3	4.000	0.987	2	2.000	0.720	2252	1.29182709241455	0.295399879688364	NA
k141_6134	746	0.412	5	24.200	0.960	10	32.800	0.826	2252	0.845237428331172	0.293091240615188	NA
k141_1567	703	0.371	3	2.000	0.721	5	1.200	0.735	2253	1.78684924069764	0.446363879909503	Homo sapiens
k141_5229	875	0.390	4	15.000	0.892	4	11.000	0.921	2253	1.23289617072782	0.226103924595154	Homo sapiens
k141_6556	711	0.406	3	23.000	0.767	7	9.571	0.651	2253	0.822245846712851	0.223771917781399	Homo sapiens
k141_4678	660	0.371	5	32.400	0.985	15	19.600	0.994	2254	1.3774994982298	0.338071482404629	Homo sapiens
k141_8888	372	0.398	2	1.000	0.855	3	2.000	0.894	2254	1.35626861094051	0.470073655010186	NA
k141_5849	560	0.366	5	3.000	0.959	10	4.100	0.936	2255	1.32823093963671	0.30641652543026	Homo sapiens
k141_10266	957	0.403	5	44.400	0.854	16	41.438	0.742	2256	0.568156624601748	0.215033433228213	Homo sapiens
k141_101	305	0.380	3	2.000	0.997	4	1.500	0.989	2258	1.91988781029979	0.501636910911387	NA
k141_234	723	0.396	5	9.000	1.000	10	22.600	0.910	2258	1.07473491633	0.362669916154572	NA
k141_3884	1290	0.387	3	94.667	0.990	6	40.833	0.590	2260	1.03901679668532	0.214930546728071	Homo sapiens
k141_7235	625	0.384	3	2.000	0.638	6	2.000	0.680	2261	1.66121263553586	0.36823805342239	Homo sapiens
k141_2154	436	0.388	3	1.333	0.675	4	4.750	0.950	2262	3.10673245994172	0.426143072308567	NA
k141_9612	399	0.406	3	1.667	0.746	4	2.750	0.790	2262	1.89014796881904	0.418208871193472	NA
k141_8729	519	0.383	3	1.333	0.641	3	8.333	0.910	2263	1.48539487158372	0.448909796016005	Naegleria fowleri
k141_5314	494	0.411	4	1.750	0.515	5	1.400	0.638	2264	2.24519044088341	0.252561272120567	Homo sapiens
k141_1229	379	0.404	5	3.600	0.941	9	7.889	0.984	2264	1.34058709021974	0.38301916182276	NA
k141_1459	442	0.389	3	1.000	0.925	4	4.750	0.856	2265	1.28576442306573	0.489052686517746	NA
k141_5921	589	0.394	5	5.400	0.877	8	7.375	0.956	2265	1.08073111000383	0.276746642744539	Homo sapiens
k141_10100	668	0.394	4	6.000	0.755	3	6.667	0.599	2266	1.08400042869151	0.2677446257664	Homo sapiens
k141_5878	654	0.399	5	6.200	0.961	5	1.800	0.832	2266	1.04252420339532	0.286653597755849	Homo sapiens
k141_2144	613	0.378	3	5.333	0.960	3	8.333	0.758	2268	1.35771282749802	0.277580465490212	Homo sapiens
k141_6850	609	0.401	5	15.200	0.945	13	16.077	0.839	2268	0.981551591683274	0.300691732256459	NA
k141_1617	424	0.370	5	4.400	1.000	8	4.125	0.973	2269	2.80254408115138	0.457584774130574	Homo sapiens
k141_9185	593	0.384	2	2.500	0.966	2	6.000	0.858	2270	12.0239585485653	0.410705271978696	Homo sapiens
k141_1820	380	0.389	3	1.000	0.954	2	2.000	0.801	2270	1.48898759262812	0.469243469282526	NA
k141_5925	578	0.398	4	1.250	0.616	3	1.667	0.639	2270	1.37377791030697	0.384484036462141	NA
k141_8791	777	0.400	3	3.667	0.999	8	6.250	0.732	2271	1.63342614706839	0.258344388806532	Homo sapiens
k141_7621	937	0.359	5	4.400	0.679	13	6.923	0.665	2271	1.13292904680758	0.125022921509261	Homo sapiens
k141_7254	481	0.401	2	4.500	0.998	4	5.000	0.999	2272	1.21939974454667	0.421363182549956	NA
k141_4483	1779	0.363	5	187.600	0.983	18	106.667	0.865	2273	0.685725827870222	0.214557888934203	Homo sapiens
k141_8302	459	0.381	3	2.667	0.952	4	4.250	0.857	2274	1.58281213292102	0.416716553860038	Homo sapiens
k141_8904	531	0.405	4	1.250	0.639	4	5.500	0.858	2274	1.48002495228485	0.387597940587298	NA
k141_2542	361	0.399	3	1.000	0.502	4	1.500	0.492	2275	2.25838197376269	0.288133084579052	Homo sapiens
k141_6423	544	0.371	5	12.000	0.959	13	8.846	0.882	2276	2.40827705928293	0.3853830371287	Homo sapiens
k141_5379	526	0.411	3	1.667	0.862	7	2.286	0.762	2276	1.5162729836582	0.450879628036495	Naegleria fowleri
k141_722	361	0.393	3	2.000	0.932	3	3.000	0.907	2277	2.34291929110074	0.529325604172554	NA
k141_10141	384	0.398	2	1.500	0.844	2	2.500	0.839	2279	2.01960281353036	0.42945588629246	NA
k141_7426	492	0.388	3	4.000	0.976	7	4.000	0.862	2279	1.4215266097215	0.478105271988322	NA
k141_4856	622	0.386	3	5.333	0.962	2	6.000	0.672	2280	1.46223383450794	0.308764024474312	Homo sapiens
k141_2787	581	0.408	4	3.000	0.821	3	1.667	0.570	2281	1.56218404542839	0.407758038917393	NA
k141_2857	540	0.383	3	11.667	0.940	5	10.400	0.835	2282	2.0499440596523	0.366464044189803	Homo sapiens
k141_7372	913	0.399	5	70.800	1.000	18	40.333	0.777	2282	0.655365813361456	0.222031973304318	Homo sapiens
k141_7985	414	0.454	5	2.600	0.861	2	14.000	0.982	2283	2.28107944640544	0.509710719078373	NA
k141_719	366	0.399	3	1.667	0.924	3	3.000	0.718	2284	2.25917548794248	0.532802588579098	NA
k141_10506	1086	0.397	3	20.333	0.929	5	12.000	0.530	2286	1.43736672492354	0.260226045367567	Homo sapiens
k141_3088	863	0.393	5	6.600	0.738	7	10.000	0.947	2287	1.12805202190094	0.448075721066361	NA
k141_3883	507	0.363	4	1.750	0.643	4	1.500	0.558	2288	2.59893820530242	0.300378532991688	Homo sapiens
k141_3230	524	0.403	4	2.500	0.954	6	3.833	0.844	2288	1.82779580896567	0.502178702930262	NA
k141_8803	445	0.411	4	1.750	0.834	2	1.500	0.793	2291	1.14946285424939	0.454187231607847	NA
k141_8522	478	0.402	3	1.333	0.846	3	1.333	0.699	2292	4.48962006196392	0.610651140667543	NA
k141_9070	471	0.359	4	3.250	0.888	6	2.833	0.855	2293	3.37373920732013	0.150115687440552	Homo sapiens
k141_7653	950	0.364	4	9.750	0.873	15	5.600	0.615	2294	1.41547352829116	0.183574404057237	Homo sapiens
k141_4088	677	0.406	5	7.800	0.892	13	3.846	0.809	2294	1.00932420280595	0.214951421343077	Homo sapiens
k141_3222	856	0.367	5	4.600	0.815	10	6.500	0.708	2296	3.48965870516775	0.233421231882579	Homo sapiens
k141_7860	439	0.385	2	2.000	0.744	4	2.000	0.850	2297	2.1681363878369	0.427210885492899	Homo sapiens
k141_7584	722	0.406	4	3.750	0.806	5	9.000	0.752	2298	1.70291554168671	0.484896106789124	NA
k141_1253	354	0.370	3	1.667	0.963	5	4.800	0.861	2299	4.62417739046098	0.219167099031899	Homo sapiens
k141_3630	322	0.348	2	1.500	1.000	5	1.600	0.862	2300	5.34638765816991	0.205560674065543	Homo sapiens
k141_6355	398	0.344	2	2.000	0.907	6	2.667	0.849	2301	4.47516748843233	0.166616909951981	Homo sapiens
k141_5015	1063	0.350	2	2.500	0.693	5	1.800	0.627	2301	3.42111153510139	0.140566180595785	Homo sapiens
k141_4479	550	0.349	4	2.000	0.885	10	1.600	0.690	2301	3.20890520862514	0.140029420076294	Homo sapiens
k141_1301	603	0.375	3	1.000	0.595	3	2.333	0.674	2301	2.93667616269158	0.122080345316406	Homo sapiens
k141_6931	421	0.363	2	2.500	0.667	5	1.800	0.536	2302	4.3632829527188	0.16247511692179	Homo sapiens
k141_2204	522	0.402	4	1.250	0.627	4	1.750	0.674	2302	2.02490647621114	0.398833261039698	NA
k141_9008	618	0.396	3	2.000	0.700	4	7.000	0.846	2302	1.79872008103831	0.458221125559155	NA
k141_10106	471	0.361	4	1.500	0.790	6	2.000	0.772	2304	3.95578650967349	0.158636525632801	Homo sapiens
k141_4328	413	0.412	4	3.750	0.912	5	3.800	0.839	2304	2.69710105817973	0.323854141820773	Homo sapiens
k141_10205	681	0.383	4	2.250	0.793	8	3.875	0.776	2304	2.67076793005593	0.164257055920233	Homo sapiens
k141_9263	707	0.365	3	3.000	0.959	8	2.125	0.851	2304	2.54768028719628	0.136202798719588	Homo sapiens
k141_4995	1822	0.396	5	12.200	0.756	11	13.182	0.505	2305	0.486569174243932	0.241167827115456	Homo sapiens
k141_3120	642	0.350	4	6.000	0.891	13	4.692	0.931	2306	2.90009478503562	0.140206916350959	Homo sapiens
k141_10422	691	0.399	3	12.667	0.743	2	11.500	0.745	2306	2.62690933857868	0.303759301854536	Homo sapiens
k141_10527	762	0.367	4	8.250	0.901	12	6.417	0.877	2306	2.41480258592178	0.155118471274648	Homo sapiens
k141_157	518	0.361	2	1.500	0.996	5	1.400	0.892	2307	5.87251409575921	0.4210588936473	Homo sapiens
k141_10323	981	0.389	4	3.500	0.760	7	11.000	0.932	2307	1.96182959799429	0.409582838994818	NA
k141_9678	1136	0.405	4	1.500	0.480	4	2.250	0.558	2308	2.40363806730409	0.272652254442884	Homo sapiens
k141_6347	924	0.376	5	4.400	0.736	13	3.154	0.690	2313	2.22490246942523	0.166633648795915	Homo sapiens
k141_7905	918	0.399	3	1.333	0.721	2	3.500	0.838	2314	1.17142023310245	0.351202820578823	NA
k141_6684	782	0.386	3	2.333	0.754	3	2.333	0.870	2317	1.50121881235199	0.395306434012154	Naegleria fowleri
k141_9775	965	0.396	3	2.333	0.720	4	6.000	0.609	2317	1.3591532347473	0.413045495062062	Naegleria fowleri
k141_1469	609	0.404	3	1.667	0.812	5	4.000	0.781	2318	2.34414064336526	0.498256722360876	NA
k141_3803	695	0.409	2	1.500	0.801	4	1.250	0.474	2320	2.02267015601717	0.377683985047171	NA
k141_7343	840	0.410	3	23.667	0.975	6	10.833	0.805	2322	1.82671665780333	0.345747296327683	Homo sapiens
k141_5483	478	0.397	4	4.250	0.838	13	2.923	0.712	2323	1.80819281660467	0.217254522523745	Homo sapiens
k141_10260	608	0.416	3	2.000	0.721	5	2.600	0.827	2326	2.99038921455595	0.362062773166128	Homo sapiens
k141_3449	786	0.385	2	2.000	0.737	2	1.000	0.332	2326	1.86038196875777	0.337192204157895	Homo sapiens
k141_3658	556	0.403	2	1.500	0.872	2	2.000	0.855	2328	2.4487838700291	0.44374912856905	NA
k141_8608	325	0.415	2	1.500	0.815	3	1.000	0.877	2330	4.41021836193893	0.683970179041971	NA
k141_7845	615	0.400	2	2.000	0.935	4	1.500	0.650	2331	2.6609639190319	0.492496477123723	NA
k141_7634	392	0.418	4	2.000	0.793	5	3.200	0.881	2333	3.50217488675699	0.62258845415227	NA
k141_10120	668	0.416	4	3.000	0.656	5	5.600	0.769	2341	3.61495372411566	0.61762759149512	NA
k141_9547	357	0.401	4	2.250	0.894	4	3.250	0.905	2348	6.70701783114376	0.697405648847563	NA
k141_10336	767	0.403	4	4.250	0.890	7	8.429	0.802	2352	3.38150559941981	0.57453110463742	NA
k141_10206	1009	0.389	4	6.500	0.774	9	5.778	0.632	2354	2.62573305386736	0.47255181632877	Pan troglodytes
k141_815	515	0.435	3	1.333	0.724	4	6.250	0.736	2355	4.1276494223126	0.384826959212293	Homo sapiens
k141_10415	625	0.429	3	4.000	0.803	5	5.600	0.708	2357	5.00365713352033	0.634227495397032	NA
k141_2852	542	0.437	2	2.000	0.883	3	5.667	0.825	2357	3.96634058616182	0.638440648931603	NA
k141_10476	1041	0.387	5	4.600	0.743	10	5.700	0.632	2357	2.17131251349618	0.490967223623699	NA
k141_8797	360	0.425	2	1.500	0.804	5	1.800	0.836	2358	6.26030297508379	0.739074234836086	NA
k141_254	353	0.411	3	1.667	0.982	5	3.000	0.914	2359	12.9761030996488	0.8363383595365	NA
k141_6017	377	0.424	5	1.400	0.899	3	5.333	0.826	2359	6.21610119882084	0.697233209364099	NA
k141_5737	579	0.392	3	1.000	0.862	3	1.333	0.523	2359	3.49540040562841	0.392688203843576	NA
k141_10217	767	0.392	2	2.000	0.936	2	3.000	0.740	2360	17.8551739211836	0.297604151264964	Homo sapiens
k141_10528	797	0.398	3	3.000	0.854	3	3.333	0.787	2361	2.68501323179442	0.400603733112235	Homo sapiens
k141_7578	380	0.426	3	2.333	0.861	5	2.000	0.717	2364	7.3623079008449	0.724981726865473	NA
k141_9531	604	0.411	3	3.000	0.838	5	6.800	0.772	2364	6.5697063565195	0.738112107887171	NA
k141_6977	375	0.376	5	4.000	0.890	10	4.300	0.861	2367	5.6049816635243	0.330504440114783	Homo sapiens
k141_6951	499	0.415	2	1.000	0.864	4	1.000	0.744	2368	7.76886699025021	0.738142184454045	NA
k141_8384	332	0.434	2	1.500	0.938	2	1.000	0.839	2370	8.64838194665873	0.744281185841336	NA
k141_5526	457	0.427	4	2.500	0.805	4	5.250	0.902	2370	7.95623261672646	0.632987482593643	NA
k141_10150	358	0.433	3	2.333	0.827	2	1.000	0.824	2372	8.84834151138011	0.675720954609144	NA
k141_10258	481	0.432	4	3.500	0.784	7	6.143	0.781	2373	9.10309835517349	0.75971253146859	Homo sapiens
k141_8077	309	0.437	3	2.667	0.928	4	3.500	0.820	2374	6.89251913258934	0.823688389571597	NA
k141_6012	728	0.397	3	1.333	0.757	3	4.667	0.709	2374	2.63878733043102	0.363155906647869	NA
k141_3974	532	0.389	4	3.000	0.887	6	4.000	0.815	2378	8.55122748844382	0.598201759451638	NA
k141_8751	581	0.394	3	1.667	0.807	4	3.750	0.915	2379	7.26859461962913	0.565934174744112	NA
k141_82	827	0.412	5	3.000	0.737	6	7.333	0.871	2381	5.55703319637888	0.516583170338752	NA
k141_9909	1222	0.406	3	2.000	0.785	3	4.000	0.681	2382	3.17535031352257	0.442215996243644	NA
k141_3001	427	0.405	3	3.333	0.847	4	1.750	0.916	2384	10.1128658354395	0.597604946090697	NA
k141_10315	515	0.423	4	2.000	0.856	4	2.500	0.817	2384	5.92108962584863	0.650253813304391	NA
k141_3707	661	0.408	5	1.600	0.647	4	2.250	0.614	2384	4.65574344851245	0.367734987926347	NA
k141_8988	315	0.438	4	1.500	0.837	5	3.400	0.769	2385	10.0791332493291	0.891155423195962	Homo sapiens
k141_8746	454	0.432	3	2.333	0.691	5	5.000	0.949	2385	9.26714038916367	0.669271466875075	NA
k141_9354	589	0.413	4	4.750	0.874	6	4.833	0.746	2386	7.96215607473106	0.716867711038386	NA
k141_8912	406	0.406	3	1.333	0.797	2	1.500	0.482	2391	20.3433586362571	0.429262276426126	Homo sapiens
k141_1710	1223	0.404	4	5.250	0.624	5	10.200	0.702	2391	2.29090152413196	0.456499150721169	NA
k141_9636	578	0.375	5	4.800	0.899	14	3.071	0.812	2393	7.35404338878312	0.25451621666844	Homo sapiens
k141_1408	417	0.420	2	1.500	0.950	4	3.000	0.888	2394	23.4400875936197	0.708873933922892	NA
k141_6294	360	0.431	2	2.500	0.935	5	1.800	0.624	2395	11.3057867133481	0.890757029381841	Homo sapiens
k141_7291	427	0.391	2	1.000	0.837	2	2.500	0.958	2399	9.90728466819595	0.644579414242317	NA
k141_4194	1032	0.403	3	22.667	0.916	7	13.429	0.643	2405	139.435634924345	0.702717481464753	Homo sapiens
k141_6392	330	0.424	3	1.000	0.752	2	3.500	0.973	2405	33.1560383927793	0.824301961042965	NA
k141_6798	331	0.438	3	1.333	0.945	2	1.500	0.668	2405	29.4435769858566	0.822839699802478	NA
k141_6446	346	0.436	2	1.500	0.851	2	2.500	0.896	2406	28.6738540400415	0.855160663884889	NA
k141_7299	369	0.423	2	1.000	0.852	2	3.500	0.967	2406	19.4132350104264	0.838290832322912	NA
k141_8538	520	0.421	3	2.000	0.729	3	1.667	0.652	2409	19.6849846569715	0.74458741475162	NA
k141_8279	818	0.414	4	2.750	0.696	3	6.000	0.909	2409	17.2702819350893	0.685919109177581	NA
k141_9470	565	0.427	3	2.000	0.905	4	4.500	0.812	2409	15.6371101976732	0.867830252624181	NA
k141_3770	420	0.431	5	1.000	0.816	2	5.000	0.833	2411	23.3122652953331	0.771432221676737	NA
k141_10409	717	0.402	5	1.200	0.632	4	1.750	0.824	2411	17.0565325074927	0.50032034218282	Homo sapiens
k141_8883	483	0.414	2	1.000	0.839	2	3.000	0.797	2411	8.21276641208379	0.659029387314674	Homo sapiens
k141_7342	510	0.408	4	1.500	0.747	5	4.600	0.820	2413	27.6396433165982	0.811248131005283	NA
k141_5729	339	0.407	2	1.000	0.981	3	2.000	0.861	2413	27.3338846012262	0.696286071298566	NA
k141_3744	391	0.414	2	1.500	0.621	4	3.000	0.664	2413	21.091775690276	0.820805946733164	NA
k141_8872	293	0.430	4	5.000	1.000	8	6.875	0.945	2413	21.0341537283507	0.918286659053965	NA
k141_10215	640	0.423	2	1.500	0.547	3	1.667	0.567	2414	29.5490189091681	0.898443482057472	NA
k141_10444	581	0.427	4	4.000	0.686	6	2.000	0.693	2415	21.0183153369599	0.585262129686982	NA
k141_9657	414	0.423	5	2.800	0.916	5	6.000	0.813	2416	19.1976692482151	0.837364609860299	Homo sapiens
k141_9394	320	0.412	2	1.500	0.692	2	2.500	0.958	2417	41.680575644625	0.801601167333148	NA
k141_2599	318	0.403	4	2.250	0.959	9	4.889	0.948	2417	34.820929903286	0.834102460717848	Homo sapiens
k141_8274	238	0.424	3	2.333	0.934	3	3.667	0.992	2418	58.1943992839082	0.828835274607432	NA
k141_1294	467	0.435	4	1.250	0.749	3	9.667	0.992	2419	44.5806030282883	0.927302881100122	NA
k141_9196	301	0.435	2	1.500	1.000	3	3.000	0.970	2419	41.6840671686462	0.85712142905928	NA
k141_9843	449	0.421	3	1.000	0.641	3	3.000	0.693	2419	32.5595973469434	0.806562058466372	NA
k141_4145	466	0.429	3	1.333	0.669	2	1.000	0.729	2419	30.7864255026273	0.82125292235081	NA
k141_10502	480	0.423	2	1.000	0.713	2	2.500	0.869	2419	19.1979731168091	0.827041149434822	NA
k141_2812	440	0.425	2	1.500	0.874	5	1.600	0.702	2419	17.4988800113664	0.762894391799273	NA
k141_9826	331	0.429	2	1.500	0.964	3	3.000	0.934	2420	47.7248292210183	0.79935263031493	Homo sapiens
k141_8263	383	0.410	3	1.333	0.783	3	2.333	0.836	2420	40.0048757935248	0.760224659492973	Homo sapiens
k141_3234	380	0.416	4	4.250	0.922	5	9.800	0.894	2420	33.8721328339568	0.824158909994171	NA
k141_3696	395	0.423	4	5.750	0.947	8	9.625	0.925	2420	29.7886039839253	0.819103237558207	NA
k141_2238	529	0.416	4	2.750	0.850	5	5.400	0.755	2420	27.9784200651254	0.861396169251177	NA
k141_9972	527	0.416	2	1.000	1.000	3	3.000	0.791	2420	24.8139183231107	0.807480149103862	NA
k141_10219	935	0.433	2	3.000	0.657	4	3.250	0.534	2420	16.5498565872908	0.804730354445589	NA
k141_6770	309	0.414	2	1.000	0.841	3	1.667	0.833	2421	49.7169485815802	0.812435352784786	Homo sapiens
k141_4580	312	0.417	4	1.750	0.870	6	5.333	0.770	2421	44.3955547344903	0.823869302228583	NA
k141_3107	411	0.426	3	1.333	0.815	4	2.500	0.942	2421	31.71736695274	0.803638619383613	NA
k141_4019	373	0.418	2	1.000	0.897	2	2.500	0.914	2421	31.5015790324047	0.765732780981321	NA
k141_9632	436	0.420	4	4.250	0.901	6	6.833	0.795	2421	30.1699885490586	0.831238719737412	NA
k141_10449	565	0.425	2	3.500	0.870	6	2.000	0.683	2421	19.3897473839494	0.732327009840816	NA
k141_10347	403	0.442	2	2.000	0.885	2	1.000	0.681	2422	28.866679029777	0.805522419379886	NA
k141_3749	406	0.389	3	1.333	0.646	2	1.500	0.592	2423	30.6034833321406	0.491248611594241	Homo sapiens
k141_5073	448	0.458	4	2.250	0.907	5	6.600	0.932	2423	26.0270203191268	0.744218052166197	NA
k141_6547	579	0.423	2	1.000	0.747	3	3.000	0.736	2423	18.4800005058334	0.796535506981283	NA
k141_4386	413	0.392	2	2.000	0.856	2	1.000	0.576	2424	52.4809299267607	0.696494366575182	Homo sapiens
k141_2305	342	0.415	2	1.500	0.901	3	1.333	0.646	2424	47.2052167021111	0.702018159299109	Homo sapiens
k141_3432	415	0.414	3	2.667	0.953	4	5.750	0.806	2424	43.596436840006	0.826113987021507	Homo sapiens
k141_3069	788	0.437	5	2.400	0.517	5	6.600	0.526	2424	22.0566282756716	0.515875902589765	NA
k141_127	357	0.412	4	2.500	0.922	6	5.500	0.923	2425	44.8884224804482	0.881775621372646	NA
k141_1635	429	0.417	5	2.400	0.878	8	7.125	0.961	2425	37.0760900851823	0.86126048836637	NA
k141_6027	505	0.424	3	1.333	0.814	2	4.000	0.856	2425	33.7112220923593	0.74480608593201	NA
k141_10460	557	0.418	4	1.750	0.888	3	3.000	0.703	2425	31.3676335046591	0.793667834173025	Homo sapiens
k141_2982	510	0.422	5	3.600	0.927	6	9.500	0.877	2425	27.8454342529892	0.837604004324852	NA
k141_7699	544	0.412	2	1.000	0.555	3	3.000	0.898	2426	51.5207774727895	0.768816694649153	NA
k141_228	452	0.409	3	2.667	0.934	8	4.375	0.865	2426	41.5479805957477	0.776470701705963	NA
k141_193	354	0.401	3	1.667	0.812	5	3.200	0.910	2426	37.6986539618166	0.893584033246327	NA
k141_7921	344	0.422	3	1.000	0.863	2	3.500	1.000	2427	69.3014422450471	0.88467212723856	NA
k141_3792	313	0.425	4	1.000	0.843	5	3.600	0.911	2427	40.9717491342552	0.931510153871753	NA
k141_2778	476	0.412	2	3.500	0.991	6	4.167	0.834	2427	39.2611578581478	0.775388996005225	Homo sapiens
k141_5534	579	0.415	2	1.500	0.900	3	6.000	0.940	2427	35.7540095033039	0.794869026514438	NA
k141_8301	320	0.403	2	1.500	0.883	3	3.667	0.980	2428	61.0441650314559	0.832992447644824	NA
k141_8154	304	0.418	2	1.000	0.732	2	3.500	1.000	2428	53.5796800112974	0.82421996149725	Homo sapiens
k141_341	506	0.429	3	2.667	0.941	6	4.500	0.719	2428	48.151284528017	0.838083864551728	Homo sapiens
k141_229	503	0.406	3	3.333	0.999	5	11.600	0.996	2428	45.5750707009569	0.903485469959457	NA
k141_8021	603	0.418	3	1.667	0.676	4	4.250	0.926	2428	39.2959941060978	0.842976616841495	NA
k141_1430	449	0.423	4	1.750	0.714	8	5.375	0.813	2428	38.052135507403	0.839051954895211	NA
k141_9361	686	0.410	4	1.500	0.646	5	1.200	0.393	2428	32.5798148481902	0.87816634503713	NA
k141_6223	641	0.409	3	2.333	0.613	3	4.667	0.692	2428	32.0394468609084	0.847136265620921	Homo sapiens
k141_2228	421	0.418	3	1.333	0.606	3	5.000	0.989	2428	25.8509568475714	0.787602822750884	NA
k141_6710	637	0.414	5	2.800	0.899	5	4.000	0.866	2428	23.8879728994243	0.713486467915434	NA
k141_5834	318	0.431	3	1.000	0.726	3	1.667	0.776	2429	63.9600885630562	0.880562695527378	NA
k141_8239	286	0.420	3	1.333	0.971	3	1.667	0.978	2429	54.7545504976356	0.927977864401584	NA
k141_1029	484	0.413	4	1.750	0.761	5	3.000	0.785	2429	52.8989194093715	0.736323576866549	NA
k141_1402	414	0.432	3	1.667	0.688	4	1.750	0.807	2429	52.1125788624379	0.881139965717124	Homo sapiens
k141_10042	331	0.438	3	1.333	0.828	2	2.000	0.763	2429	49.9281663060317	0.875010409046134	NA
k141_709	423	0.437	2	1.000	0.738	3	4.000	0.890	2429	46.5733830172936	0.888449044177021	NA
k141_9090	495	0.424	2	1.000	0.942	2	1.500	0.457	2429	40.7895788347098	0.81797300418874	NA
k141_1169	469	0.426	3	1.667	0.765	3	3.000	0.667	2429	37.8207106161827	0.83739697490133	Naegleria fowleri
k141_10350	513	0.411	2	1.000	0.983	4	1.000	0.664	2429	35.9162676916718	0.646699506965358	NA
k141_2681	691	0.428	3	2.333	0.709	4	5.250	0.688	2429	31.8781256594262	0.759621598402748	NA
k141_8424	489	0.407	4	1.750	0.810	5	3.800	0.915	2429	29.3471933926624	0.866028592922391	NA
k141_4121	385	0.431	2	1.500	0.949	2	1.500	0.739	2430	61.265251137037	0.87107742467847	NA
k141_10210	503	0.427	3	2.000	0.746	6	3.333	0.735	2430	49.6191177517115	0.828867938338733	NA
k141_8706	387	0.421	2	1.000	0.749	2	1.000	0.541	2430	48.8699314162792	0.85317996219953	NA
k141_9725	479	0.426	4	1.750	0.889	4	4.250	0.871	2430	47.1013203623663	0.838751244946161	NA
k141_1512	475	0.417	3	1.667	0.650	4	2.250	0.765	2430	36.4275076413011	0.84569545971252	NA
k141_9957	543	0.420	4	7.750	0.962	10	13.000	0.866	2430	33.2050949168246	0.846098490559889	NA
k141_8307	531	0.426	5	2.200	0.670	2	6.000	0.947	2430	27.2146141917184	0.860534733705397	NA
k141_1987	412	0.422	2	1.000	0.706	4	1.750	0.792	2431	58.2928451451527	0.872369981431194	NA
k141_6035	384	0.438	3	1.333	0.694	2	1.500	0.958	2431	52.0911202666587	0.917931741106685	NA
k141_1017	379	0.412	3	4.333	0.999	6	10.833	0.960	2431	49.4289448866101	0.857020463424323	NA
k141_9742	410	0.410	4	2.000	0.904	7	5.143	0.929	2431	45.7494305799023	0.790089431525946	NA
k141_9736	597	0.444	4	2.250	0.900	6	5.500	0.749	2431	44.7295337395702	0.848441954813554	NA
k141_8529	583	0.443	2	2.000	0.753	3	2.667	0.774	2431	44.2797609754635	0.904815971656457	NA
k141_8487	663	0.430	2	2.000	0.849	4	4.250	0.650	2431	44.0653784442952	0.895124399265266	NA
k141_762	337	0.424	2	1.500	0.981	2	2.000	0.788	2432	73.1917215722013	0.909382170926665	NA
k141_8632	413	0.414	3	1.667	0.750	3	2.667	0.857	2432	69.8217303944339	0.878845890102042	NA
k141_7631	436	0.447	5	3.000	0.813	6	8.500	0.833	2432	49.8242801174398	0.843280841388386	NA
k141_9289	494	0.441	3	2.000	0.811	5	3.800	0.753	2432	46.6967239610042	0.860930952503095	NA
k141_6433	529	0.418	5	6.000	0.862	7	11.857	0.884	2432	44.9330361645225	0.900329924300336	NA
k141_5528	446	0.410	2	1.500	0.778	5	2.600	0.880	2432	44.292547725542	0.925089516838264	NA
k141_930	437	0.403	3	4.333	0.998	5	4.800	0.895	2432	43.9905007008355	0.885382893842723	NA
k141_9910	711	0.423	4	1.750	0.750	9	4.000	0.683	2432	41.5967432250788	0.84992941532979	NA
k141_4968	579	0.418	2	1.000	0.822	5	1.800	0.677	2432	41.5583835444287	0.795234476285308	NA
k141_10074	480	0.419	2	1.500	0.978	5	2.000	0.639	2432	28.062937611034	0.842600938535611	NA
k141_3172	697	0.415	3	2.000	0.962	3	2.000	0.862	2432	21.8369771047979	0.819215604401684	NA
k141_2175	221	0.421	2	1.000	0.839	2	3.500	0.946	2433	67.4555645543007	0.897698532439838	NA
k141_5100	300	0.423	2	1.500	0.963	4	2.500	0.874	2433	62.1494530630904	0.839796697382819	NA
k141_8875	423	0.416	3	1.333	0.790	3	4.000	0.858	2433	59.4917493336587	0.851058814062457	NA
k141_5325	467	0.422	2	2.500	0.974	5	4.400	0.910	2433	50.0316603667161	0.899435904350304	NA
k141_10166	491	0.434	2	1.000	0.914	3	3.333	0.856	2433	49.8579416392679	0.841531473041764	NA
k141_10292	558	0.444	5	10.400	0.962	11	16.818	0.826	2433	48.9216700395047	0.883819608727517	NA
k141_8371	535	0.432	3	1.667	0.842	4	6.000	0.886	2433	46.0226516038095	0.841133988621428	NA
k141_9434	428	0.435	2	1.500	0.571	2	2.000	0.629	2433	42.6166922721309	0.872517362672657	NA
k141_8841	787	0.422	5	8.200	0.951	11	15.273	0.810	2433	40.0552801132593	0.879487036576437	NA
k141_10480	762	0.419	4	4.500	0.953	6	4.333	0.761	2433	36.8247328882872	0.770146593407078	NA
k141_10023	741	0.413	4	3.750	0.947	6	3.500	0.871	2433	35.4281881382571	0.668750279926438	NA
k141_2514	457	0.409	4	2.750	0.809	6	7.000	0.899	2434	84.5248178754269	0.899991473486279	Homo sapiens
k141_4337	316	0.415	5	3.000	0.982	6	7.000	0.939	2434	81.7959142582487	0.88758578211199	NA
k141_4613	370	0.416	2	1.500	0.986	4	4.000	0.920	2434	69.9455890889096	0.903521214985089	NA
k141_3146	254	0.433	2	1.500	0.959	4	1.500	0.892	2434	68.717014399897	0.779463861441637	NA
k141_6041	665	0.441	5	4.200	0.865	9	11.111	0.823	2434	63.1426413694322	0.878728078151027	Homo sapiens
k141_9011	377	0.424	3	2.000	0.982	3	6.333	0.909	2434	60.0233008236226	0.868329844723432	NA
k141_3893	769	0.425	4	2.000	0.704	5	4.800	0.741	2434	58.7754001504478	0.81096887604737	NA
k141_266	457	0.433	3	1.667	0.796	3	6.000	0.798	2434	58.0188726820322	0.826894669838563	Homo sapiens
k141_2793	448	0.429	4	2.250	0.901	2	2.500	0.858	2434	56.3366799399067	0.897328804669696	Gossypium hirsutum
k141_7597	382	0.442	2	1.000	0.606	4	1.750	0.726	2434	53.1293755330752	0.938763272849228	NA
k141_6427	512	0.412	3	1.000	0.702	6	3.500	0.825	2434	51.903723743802	0.850429472593197	NA
k141_4522	440	0.432	2	2.500	0.955	5	4.200	0.874	2434	51.4430505964297	0.912918200045214	NA
k141_9684	480	0.421	3	1.333	0.905	5	5.200	0.802	2434	49.9882454268622	0.808048473608767	NA
k141_9186	471	0.429	4	1.500	0.739	5	4.400	0.720	2434	47.7502610541406	0.841830790609056	NA
k141_9694	871	0.389	4	1.250	0.636	5	2.400	0.559	2434	37.2185629022181	0.771714719718669	NA
k141_1766	602	0.412	2	1.500	0.850	2	2.500	0.775	2434	34.3633345285706	0.848897007968316	NA
k141_6361	364	0.420	3	1.333	0.853	2	3.000	0.959	2435	92.2498735929807	0.82495017905034	Homo sapiens
k141_1112	428	0.421	3	3.667	0.924	7	7.714	0.919	2435	89.9907383089108	0.92750462639939	NA
k141_6587	318	0.431	2	1.000	0.843	3	3.333	0.975	2435	71.6267801943529	0.884092906648328	NA
k141_4610	516	0.417	4	1.500	0.947	4	9.750	0.968	2435	67.4203665537581	0.907466776495764	NA
k141_3363	466	0.421	5	2.200	0.879	6	8.667	0.986	2435	60.9280035338601	0.858928368077644	NA
k141_6175	439	0.426	2	1.000	0.699	2	1.500	0.605	2435	60.1480890323163	0.909379974098651	NA
k141_10107	654	0.430	4	4.000	0.864	8	8.375	0.798	2435	58.6153888841263	0.87397369343928	NA
k141_4665	339	0.416	4	3.500	0.911	5	12.600	0.891	2435	55.8538860481606	0.844949860221656	NA
k141_452	352	0.420	4	1.250	0.790	2	4.500	1.000	2435	53.6762633603085	0.928136145196393	NA
k141_4781	351	0.422	2	2.000	0.993	4	2.500	0.844	2435	50.6998750511869	0.872503392689655	NA
k141_9885	453	0.430	4	4.250	0.967	7	9.000	0.929	2435	48.5240466257045	0.871178422007984	NA
k141_9825	877	0.423	2	3.500	0.793	6	4.833	0.833	2435	45.7101086328501	0.885673973254797	NA
k141_5568	447	0.418	5	8.200	0.959	11	12.455	0.924	2435	43.6114955103488	0.840465918928528	NA
k141_5956	585	0.427	2	1.000	0.905	2	1.000	0.425	2435	39.3269372675609	0.801658499815937	NA
k141_3006	628	0.412	5	4.200	0.808	7	9.286	0.848	2435	37.1115983515021	0.844063923546575	NA
k141_8313	609	0.415	4	4.250	0.914	7	6.429	0.849	2435	36.6502360546773	0.903943376415307	NA
k141_10464	629	0.432	3	4.000	0.974	6	6.833	0.779	2435	35.8601229555984	0.850420858653636	NA
k141_220	377	0.414	4	1.250	0.803	2	2.500	0.995	2436	86.2710303111353	0.912493876829524	NA
k141_1818	313	0.431	4	2.000	0.832	4	3.750	0.960	2436	83.6506541477773	0.827219536878813	NA
k141_9739	376	0.418	3	2.000	0.980	2	4.000	1.000	2436	80.4166382769972	0.857242568545954	NA
k141_3925	338	0.429	2	1.000	0.867	3	4.000	0.845	2436	75.1368189933902	0.901189271178086	NA
k141_6837	336	0.432	4	2.500	0.943	4	6.500	0.974	2436	67.0282606328598	0.927606493574135	NA
k141_5632	399	0.426	3	1.667	0.977	6	4.000	0.838	2436	56.0984135237251	0.914441178083044	NA
k141_9672	443	0.427	5	2.400	0.859	6	4.500	0.929	2436	55.8055111762425	0.903239779669584	NA
k141_10045	476	0.420	5	5.800	0.931	8	13.500	0.899	2436	51.7007715636462	0.846508319922813	NA
k141_6069	426	0.411	3	2.000	0.899	4	7.000	0.926	2436	51.1564754029882	0.829546206750521	NA
k141_732	394	0.421	2	1.000	0.640	3	1.000	0.475	2436	47.2413333054666	0.752083167911484	NA
k141_10384	826	0.425	4	3.000	0.888	7	8.714	0.883	2436	46.9663900039612	0.789310549737016	NA
k141_3653	644	0.422	2	1.000	0.955	5	3.400	0.679	2436	39.2241371236262	0.905341139562988	NA
k141_9010	607	0.433	3	1.667	0.942	4	4.750	0.771	2436	37.4107691519524	0.774441713476477	NA
k141_1569	404	0.428	4	1.000	0.913	5	2.800	0.977	2436	36.1207708317252	0.907369054163246	Homo sapiens
k141_10019	932	0.417	4	2.500	0.668	6	4.833	0.641	2436	30.4168421137528	0.877839837619161	NA
k141_144	438	0.438	3	2.667	0.997	5	6.000	0.874	2437	99.6317342904953	0.96303355281617	NA
k141_8174	473	0.419	2	1.500	0.761	6	6.167	0.899	2437	94.085779677098	0.916768659217857	NA
k141_9364	301	0.429	3	1.667	0.898	2	3.000	0.895	2437	89.6470497599011	0.892238400641431	NA
k141_1916	307	0.423	3	1.333	0.832	2	1.500	0.780	2437	82.1301544974089	0.867186600491493	NA
k141_7095	494	0.429	2	3.000	0.928	4	6.500	0.798	2437	78.393218537341	0.910120588078927	NA
k141_7769	416	0.433	4	1.250	0.585	3	2.000	0.833	2437	70.4223712183051	0.865495583005503	NA
k141_2331	461	0.430	2	1.000	0.638	2	3.500	0.894	2437	65.7968433984989	0.893940598529303	NA
k141_8856	382	0.427	3	1.333	0.760	2	5.000	0.899	2437	65.3086318939973	0.907069873438959	NA
k141_9259	440	0.423	2	2.000	0.876	5	5.600	0.695	2437	63.616647984025	0.834672581943389	NA
k141_3509	545	0.424	3	2.000	0.893	4	2.000	0.832	2437	62.6677999463581	0.884357800907985	NA
k141_7515	330	0.424	3	1.667	0.855	4	2.750	0.977	2437	62.127577232885	0.909249461801394	NA
k141_2968	827	0.420	5	4.800	0.800	9	6.000	0.752	2437	61.0189493093437	0.940924702820013	NA
k141_10090	504	0.425	4	2.500	0.865	6	5.500	0.802	2437	59.1337453211192	0.874582915612118	NA
k141_9348	460	0.428	3	1.333	0.772	3	1.667	0.812	2437	58.9850832486945	0.903947500936876	NA
k141_10510	534	0.433	3	1.667	0.722	5	3.200	0.788	2437	56.6809417548627	0.891849376000572	NA
k141_5384	606	0.421	4	4.500	0.960	10	6.000	0.808	2437	54.6627435611123	0.851053651070403	NA
k141_3994	507	0.426	4	3.000	0.863	7	7.143	0.788	2437	53.4253497135492	0.828431546868338	NA
k141_10272	524	0.420	3	1.333	0.845	2	1.000	0.510	2437	51.2222139420936	0.86695185149524	NA
k141_3224	464	0.420	4	4.500	0.913	6	17.167	0.984	2437	50.0838377595768	0.925456578501306	NA
k141_3643	589	0.406	3	3.000	0.728	8	3.500	0.782	2437	45.6100598594822	0.91099799169991	Homo sapiens
k141_8445	693	0.424	4	4.000	0.950	8	12.000	0.909	2437	44.6710383732241	0.842936765151282	NA
k141_9733	889	0.408	3	5.000	0.942	7	6.571	0.794	2437	41.7373651049728	0.779468261131672	NA
k141_8982	1146	0.421	4	4.500	0.607	11	4.636	0.518	2437	31.5661472307013	0.776533316381949	Homo sapiens
k141_4642	360	0.408	3	2.000	0.761	3	2.333	0.803	2438	114.457824659242	0.907040790605494	NA
k141_6373	328	0.421	5	2.600	0.984	6	7.167	0.965	2438	98.1856528456607	0.954729321452606	NA
k141_8164	516	0.421	2	1.500	0.739	5	2.800	0.868	2438	93.4587696424981	0.909236451662553	NA
k141_3408	489	0.425	5	2.600	0.908	6	4.500	0.881	2438	88.1200577508216	0.955726890385259	NA
k141_2289	306	0.448	4	2.500	0.992	8	6.125	0.917	2438	80.3372867728327	0.937034147252723	Homo sapiens
k141_335	312	0.410	3	1.000	0.949	4	2.750	0.897	2438	74.6134655219209	0.951751572156618	NA
k141_8267	509	0.426	3	4.333	0.911	6	8.333	0.875	2438	74.0561140501077	0.87492818989496	NA
k141_10352	501	0.431	5	7.400	0.883	6	13.500	0.865	2438	71.2388420630128	0.864385416292356	NA
k141_10165	432	0.444	3	2.333	0.910	5	3.000	0.652	2438	68.929285206473	0.865531072643367	Homo sapiens
k141_450	312	0.417	4	1.750	0.909	5	4.200	0.956	2438	68.6306145448081	0.951365983387993	NA
k141_1422	432	0.433	2	1.500	0.869	3	2.333	0.816	2438	68.3829798061832	0.947146102627119	NA
k141_1009	662	0.414	4	3.750	0.892	8	5.500	0.677	2438	65.4821628291853	0.85737661356559	NA
k141_3127	632	0.410	2	2.000	0.935	5	6.600	0.884	2438	63.3626076514677	0.920120187086547	NA
k141_9859	466	0.433	5	4.600	0.961	6	9.667	0.941	2438	62.7640244556337	0.894594533112746	NA
k141_7433	611	0.424	4	1.500	0.513	5	3.200	0.432	2438	61.0280754060013	0.907320962024413	NA
k141_6956	524	0.418	3	3.000	0.968	6	3.167	0.868	2438	60.5058250972412	0.877233637320917	NA
k141_9475	722	0.425	4	2.500	0.748	4	5.250	0.748	2438	56.8091651945789	0.888871719993747	NA
k141_8226	546	0.430	3	2.667	0.976	4	4.750	0.936	2438	56.4840894746831	0.80425464605759	Homo sapiens
k141_6499	635	0.422	4	3.500	0.887	5	8.000	0.829	2438	53.5166370975745	0.876384869898069	NA
k141_7602	382	0.414	2	1.500	0.954	3	2.667	0.881	2438	53.023575472897	0.913002960543757	NA
k141_9097	566	0.417	4	7.500	0.914	8	12.750	0.828	2438	51.9519386828755	0.787671055784734	NA
k141_1010	813	0.412	5	4.600	0.831	6	13.500	0.899	2438	51.3559617104995	0.921831818467333	NA
k141_3756	612	0.426	3	1.333	0.631	5	2.200	0.809	2438	43.1108990941868	0.912990738887451	NA
k141_8294	1105	0.417	4	5.750	0.857	8	10.000	0.652	2438	39.9552489240992	0.741717876031629	Homo sapiens
k141_2759	447	0.438	2	1.000	0.636	2	2.000	0.418	2438	39.7840933863479	0.877194660562049	NA
k141_555	341	0.425	3	3.000	0.862	6	7.167	0.898	2439	110.413920852819	0.867936738957682	NA
k141_9425	291	0.405	4	2.750	0.917	3	2.000	1.000	2439	96.6710868427217	0.958600480605324	NA
k141_422	369	0.423	5	10.600	0.998	10	16.800	0.941	2439	94.5183729283232	0.919029933879166	NA
k141_577	465	0.430	3	2.333	0.882	4	7.750	0.982	2439	91.8492188518098	0.94937588607743	Homo sapiens
k141_1227	368	0.421	3	2.667	0.993	4	9.500	0.953	2439	80.6365819950029	0.940063229235528	Homo sapiens
k141_5619	549	0.424	5	2.800	0.904	7	5.714	0.838	2439	77.5777985974785	0.89173915801092	NA
k141_5747	472	0.419	2	1.000	0.739	2	4.500	0.578	2439	67.1141593182059	0.936468915544938	NA
k141_10360	653	0.432	5	1.800	0.819	7	5.286	0.771	2439	66.2817238849976	0.891364961544993	NA
k141_10286	472	0.422	2	1.500	0.710	6	2.167	0.717	2439	61.0139836738508	0.863472920214924	NA
k141_2821	616	0.412	5	7.600	0.977	9	20.889	0.941	2439	59.9907208229568	0.906209810350609	NA
k141_10334	619	0.428	3	2.000	0.752	3	6.333	0.917	2439	59.5106731321387	0.88324355533705	NA
k141_9017	474	0.418	4	2.500	0.756	3	6.000	0.984	2439	56.9505757710498	0.888711487632892	Homo sapiens
k141_7804	781	0.421	4	2.250	0.850	4	5.500	0.728	2439	54.5396735540627	0.911151764585651	NA
k141_7109	672	0.417	4	1.500	0.778	7	5.286	0.825	2439	52.9627085183964	0.868336994244267	NA
k141_10509	623	0.435	4	2.250	0.839	5	3.400	0.778	2439	52.5337296696362	0.870314231938143	NA
k141_7274	789	0.414	4	3.000	0.734	6	4.167	0.735	2439	50.8568887985871	0.855281494927158	Spirometra erinaceieuropaei
k141_9952	604	0.424	3	1.667	0.810	4	1.500	0.721	2439	48.0432795032689	0.85177933883047	Homo sapiens
k141_948	477	0.426	2	1.000	0.731	2	2.000	0.800	2439	46.7125885953734	0.922113358390806	NA
k141_8559	579	0.408	2	1.000	0.761	4	3.500	0.567	2439	42.7863573161854	0.836206485747055	NA
k141_1597	379	0.409	5	2.000	0.966	4	4.750	0.906	2440	154.798077216926	0.879089780362268	NA
k141_3388	312	0.410	2	1.500	0.793	2	1.000	0.304	2440	138.923920635966	0.891736540194708	Homo sapiens
k141_8902	346	0.436	2	1.000	0.958	4	2.500	0.960	2440	117.615650522487	0.931832175065682	NA
k141_8996	429	0.403	5	2.800	0.889	11	5.545	0.857	2440	109.190427332515	0.955204879554809	NA
k141_1163	436	0.429	3	1.000	0.654	5	2.200	0.813	2440	104.108208939971	0.943962428945494	Naegleria fowleri
k141_9428	527	0.427	2	2.000	0.744	2	5.500	0.920	2440	102.856424439966	0.887124630457232	NA
k141_591	471	0.418	5	5.400	0.964	8	17.125	0.889	2440	97.7605555749539	0.962366229375637	NA
k141_1260	395	0.423	3	2.667	0.811	7	4.143	0.833	2440	95.6966980552043	0.869204573267497	Homo sapiens
k141_5771	445	0.429	4	6.500	1.000	6	12.667	0.998	2440	92.5951734026906	0.937523699695248	NA
k141_7637	556	0.423	2	1.500	0.808	2	1.500	0.726	2440	82.8458945684285	0.856883790104393	NA
k141_7052	546	0.412	4	2.250	0.824	5	3.600	0.778	2440	81.097544874246	0.904496369557247	NA
k141_765	361	0.413	3	2.333	0.810	6	4.833	0.873	2440	80.3507962283226	0.934725616752524	NA
k141_9262	656	0.422	3	1.333	0.638	2	3.000	0.692	2440	79.6143584944789	0.90939145183324	Homo sapiens
k141_9503	372	0.425	2	3.500	0.993	6	6.500	0.897	2440	78.6498694721362	0.903911833718398	NA
k141_6764	402	0.428	2	1.000	0.781	6	1.000	0.722	2440	77.6778255476514	0.956534850513419	NA
k141_2684	678	0.420	5	6.000	0.858	8	13.000	0.898	2440	71.8963789652701	0.888410411329955	NA
k141_5798	455	0.435	3	1.667	0.965	7	3.143	0.859	2440	68.6547838976167	0.920185303217664	NA
k141_7240	719	0.423	5	10.200	0.838	10	20.600	0.800	2440	68.6179705172361	0.90304814072808	NA
k141_9753	456	0.428	3	1.333	0.870	6	2.000	0.889	2440	66.7874294975361	0.849232183858374	NA
k141_7516	444	0.414	3	1.000	0.787	2	3.000	0.876	2440	66.1318202629115	0.942715373969939	Naegleria fowleri
k141_5270	626	0.420	5	2.800	0.964	10	9.200	0.863	2440	62.3678517638759	0.824103704976205	Homo sapiens
k141_7500	675	0.407	5	3.200	0.884	9	6.556	0.694	2440	62.1761488536619	0.817796109616073	NA
k141_1525	978	0.412	3	2.000	0.571	8	3.375	0.534	2440	56.1802226413483	0.877849296735551	NA
k141_10473	686	0.420	3	3.667	0.923	5	7.400	0.743	2440	55.8212930698195	0.861038394733088	NA
k141_7781	848	0.422	2	3.500	0.791	5	3.400	0.564	2440	46.2886034311966	0.884603715675454	NA
k141_886	764	0.416	3	2.333	0.804	3	3.333	0.646	2440	45.4726168128433	0.890440694815225	NA
k141_4401	305	0.403	2	1.000	0.826	3	2.667	0.742	2441	296.571866527704	0.80161696242537	NA
k141_9144	471	0.418	3	1.667	0.865	5	3.600	0.774	2441	184.063226635716	0.855595001056347	NA
k141_8205	354	0.381	4	2.750	0.825	4	9.500	1.000	2441	168.192355953078	0.943100006579116	NA
k141_7569	397	0.403	2	1.000	0.923	3	1.000	0.620	2441	132.325204654479	0.874581627745967	Homo sapiens
k141_1137	503	0.419	4	1.000	0.793	4	2.500	0.696	2441	129.606155639614	0.892510966259662	NA
k141_10193	447	0.423	2	1.500	0.993	3	2.333	0.872	2441	117.993523270409	0.864877448612908	NA
k141_9596	524	0.429	2	1.500	0.866	7	3.286	0.884	2441	93.1573815110427	0.958262093558873	NA
k141_3392	435	0.418	3	3.000	0.980	6	4.500	0.898	2441	92.5818573394131	0.87007567586654	NA
k141_10051	543	0.407	4	2.750	0.911	9	7.333	0.797	2441	88.2865253942048	0.911527026254669	NA
k141_10011	593	0.400	3	2.333	0.722	5	4.800	0.731	2441	88.0577462170288	0.89755576133913	NA
k141_9685	472	0.430	2	3.000	0.914	5	4.200	0.783	2441	87.5215628111147	0.797457919912932	NA
k141_3567	563	0.409	5	4.800	0.882	5	13.800	0.942	2441	86.3535381652313	0.918282751752141	Naegleria fowleri
k141_273	464	0.420	5	6.600	0.959	11	11.636	0.930	2441	80.5737665514259	0.952026905412901	NA
k141_9903	775	0.431	5	12.000	0.891	8	26.625	0.926	2441	80.1880517977075	0.925197564554202	NA
k141_9992	504	0.435	5	8.800	0.929	11	17.091	0.853	2441	80.1043307310966	0.88053164721223	NA
k141_1853	665	0.438	4	2.000	0.759	5	6.800	0.857	2441	77.279403685722	0.888370191630629	NA
k141_6922	650	0.418	4	3.000	0.777	7	6.571	0.705	2441	74.7629767849276	0.815333542840185	NA
k141_10440	818	0.429	4	1.750	0.753	7	4.429	0.739	2441	70.0372735922381	0.886806229145044	NA
k141_3349	645	0.433	4	3.750	0.909	7	9.286	0.874	2441	68.6091310646267	0.927474101608695	NA
k141_1551	697	0.429	2	1.000	0.643	2	1.000	0.546	2441	68.0663173585181	0.897147598968965	NA
k141_2376	805	0.424	4	1.750	0.638	10	3.400	0.581	2441	58.8087232065883	0.892376357329343	NA
k141_9212	591	0.413	3	1.667	0.861	4	2.500	0.628	2441	46.5272858940587	0.809282137531527	NA
k141_4001	537	0.413	2	1.000	0.642	3	1.667	0.786	2442	239.133584418868	0.905455803072137	NA
k141_4466	679	0.406	5	2.000	0.651	6	5.500	0.768	2442	174.784773252715	0.827310082905008	NA
k141_4149	375	0.451	3	1.333	0.716	5	3.800	0.901	2442	166.338037148413	0.93497405418035	NA
k141_10066	630	0.430	4	2.000	0.800	3	3.667	0.812	2442	165.894085062203	0.907940982113319	Homo sapiens
k141_880	598	0.393	2	1.500	0.839	2	1.500	0.735	2442	151.649936592183	0.77696543297061	NA
k141_8288	480	0.425	4	1.000	0.878	2	4.500	0.707	2442	137.707211762376	0.918750061037801	Homo sapiens
k141_8278	345	0.432	2	1.500	0.848	2	1.000	0.759	2442	133.167736631959	0.940251781217634	NA
k141_4653	724	0.412	3	2.000	0.606	5	5.000	0.656	2442	120.57708968176	0.844764396042519	NA
k141_9171	488	0.416	4	1.750	0.794	6	3.667	0.915	2442	116.072752432577	0.871805626642251	NA
k141_155	460	0.417	5	3.800	0.984	7	6.714	0.944	2442	99.1431773522903	0.884421613007865	NA
k141_7557	610	0.430	5	3.200	0.835	8	7.375	0.936	2442	91.1186902294072	0.920237499076627	NA
k141_7324	465	0.424	3	1.000	0.690	4	2.250	0.906	2442	90.7401478582855	0.928065639543123	NA
k141_6228	468	0.425	5	3.800	0.947	6	12.833	0.979	2442	90.0865060003281	0.900660490988856	NA
k141_9291	435	0.416	4	2.250	0.841	4	5.250	0.746	2442	88.4433783335001	0.94706111294422	NA
k141_2174	610	0.431	4	1.250	0.577	2	1.500	0.825	2442	86.7770192694356	0.880647186192314	NA
k141_1411	698	0.424	3	1.333	0.634	4	6.250	0.951	2442	81.3010754348238	0.912825000739514	NA
k141_7762	783	0.424	4	3.750	0.861	6	7.667	0.822	2442	80.672820979577	0.88903310338237	Homo sapiens
k141_9430	519	0.428	4	2.000	0.847	5	5.000	0.866	2442	77.0462452128664	0.954532257769318	NA
k141_10494	570	0.416	5	5.000	0.956	8	10.750	0.838	2442	74.666411652606	0.821995642627453	NA
k141_6449	1220	0.425	4	13.250	0.855	9	24.111	0.749	2442	35.2590880583723	0.880644840904792	NA
k141_1767	395	0.408	2	4.000	0.957	2	2.500	0.987	2443	490.637320027937	0.791358120256431	NA
k141_5838	555	0.418	2	1.000	0.798	3	2.333	0.838	2443	377.512518306513	0.838436850232375	NA
k141_7521	518	0.413	4	2.250	0.806	4	3.000	0.755	2443	345.930837948374	0.829132950304545	NA
k141_10439	459	0.429	2	1.500	0.920	3	4.667	0.887	2443	317.297708798177	0.801658909084258	NA
k141_8562	236	0.432	2	1.000	0.985	2	3.500	1.000	2443	260.333913468066	0.951674963865655	NA
k141_4980	431	0.445	3	1.333	0.843	3	9.000	0.964	2443	260.198035115286	0.925786591297701	NA
k141_7805	783	0.414	3	1.333	0.560	6	5.500	0.861	2443	251.266948895019	0.886437780164211	NA
k141_784	587	0.416	4	3.000	0.903	5	9.600	0.745	2443	236.173188229797	0.920874900658214	NA
k141_161	567	0.443	4	1.750	0.772	3	7.000	0.786	2443	190.814908621474	0.873005272902112	NA
k141_8540	406	0.416	5	1.200	0.731	4	6.750	0.899	2443	179.818323785699	0.761254772422071	NA
k141_8199	738	0.435	2	2.000	0.974	3	2.000	0.558	2443	171.53862250864	0.893554618728403	NA
k141_10031	537	0.419	4	3.000	0.911	5	6.600	0.883	2443	152.868124219171	0.903206465720321	NA
k141_9197	565	0.425	2	2.500	0.703	5	4.000	0.787	2443	144.466502130285	0.801942100781636	NA
k141_6561	807	0.413	3	3.333	0.734	6	5.333	0.745	2443	141.195606768533	0.910408750565407	NA
k141_7546	374	0.430	2	1.500	0.775	2	4.000	0.999	2443	137.400437300302	0.926053980861988	NA
k141_9509	534	0.412	4	2.500	0.826	5	9.000	0.921	2443	130.767518068682	0.924434197605925	NA
k141_1502	507	0.426	3	2.667	1.000	7	4.714	0.870	2443	107.394231089063	0.963802125635718	NA
k141_3721	652	0.428	2	1.500	0.797	3	3.000	0.564	2443	96.2698151062544	0.918236454891411	Homo sapiens
k141_8478	384	0.409	4	3.500	0.981	5	3.600	0.942	2443	89.8254162424422	0.915010435472521	NA
k141_9713	670	0.415	5	2.200	0.690	8	2.625	0.690	2444	596.174684701094	0.935814163522441	Homo sapiens
k141_3321	365	0.416	3	1.333	0.975	3	2.000	0.891	2444	556.67627620632	0.915625616356192	NA
k141_5780	324	0.410	2	1.000	1.000	4	1.500	0.710	2444	486.859890350366	0.908917822202293	NA
k141_330	326	0.417	3	1.333	0.791	4	2.500	0.845	2444	466.558818607279	0.939809685694048	NA
k141_7149	350	0.420	4	5.750	0.962	6	12.333	0.969	2444	447.321872882162	0.967582375970029	NA
k141_9603	345	0.441	2	1.000	0.880	3	1.000	0.913	2444	441.291962968199	0.959697573389427	Homo sapiens
k141_6436	497	0.425	5	5.600	0.924	7	20.143	0.947	2444	428.765538938005	0.929193831606456	NA
k141_151	311	0.392	2	1.000	0.952	4	6.250	0.935	2444	428.669188252509	0.957470015718148	Naegleria fowleri
k141_9988	414	0.428	2	1.000	0.908	2	3.500	0.829	2444	422.989104336056	0.836942606099382	Homo sapiens
k141_1810	461	0.410	5	1.000	0.703	4	2.500	0.698	2444	404.080190193704	0.935538074767767	NA
k141_3336	229	0.428	2	1.500	0.983	3	3.667	0.918	2444	387.230205403283	0.961405802531431	NA
k141_6680	500	0.426	3	2.333	0.857	3	3.333	0.988	2444	384.525033041534	0.901905634781501	NA
k141_10245	634	0.424	4	3.750	0.950	7	10.429	0.844	2444	355.782573830852	0.883049943324839	NA
k141_9620	601	0.404	3	1.667	0.678	4	2.250	0.717	2444	335.875990317879	0.823897007000347	NA
k141_6707	390	0.441	2	1.000	0.823	2	2.000	0.574	2444	319.742440482722	0.929921288214431	NA
k141_10331	545	0.422	4	1.750	0.874	3	13.667	0.966	2444	318.544651701571	0.880007320553158	Homo sapiens
k141_8851	738	0.423	2	1.000	0.555	4	1.750	0.449	2444	316.506037309233	0.707813901103808	Homo sapiens
k141_5785	441	0.415	2	1.000	0.588	3	5.000	0.878	2444	313.745747376497	0.909227054717945	NA
k141_7282	518	0.436	3	1.333	0.875	4	4.750	0.846	2444	309.17306520124	0.933453764868459	NA
k141_1248	677	0.424	2	1.500	0.945	2	2.000	0.710	2444	299.258634681749	0.893445610387812	NA
k141_2816	432	0.431	4	4.250	0.988	6	7.167	0.902	2444	297.113308902168	0.945791893824108	Homo sapiens
k141_8614	622	0.415	5	11.800	0.903	9	14.778	0.863	2444	281.294293949069	0.902663666949703	NA
k141_9479	447	0.432	3	1.333	0.826	4	4.500	0.863	2444	277.002055621258	0.911144666915979	NA
k141_4351	558	0.435	4	1.250	0.653	4	2.250	0.640	2444	276.000114914264	0.895414285600952	Homo sapiens
k141_10244	410	0.424	2	1.500	0.851	3	7.000	0.836	2444	265.62608447492	0.855562866439321	NA
k141_10329	679	0.414	4	3.000	0.809	6	4.667	0.803	2444	264.785166283228	0.880686263354032	Homo sapiens
k141_10299	499	0.433	5	3.800	0.838	7	8.429	0.830	2444	254.361286247095	0.89690609051993	NA
k141_4301	388	0.420	3	1.000	0.830	4	2.250	0.959	2444	251.351504388062	0.914090902625362	NA
k141_5180	451	0.419	4	2.500	0.802	4	8.500	0.860	2444	246.326402582295	0.925823189460484	NA
k141_8306	717	0.423	2	1.500	0.805	3	4.000	0.789	2444	245.688286445423	0.77931885522914	NA
k141_3582	497	0.416	5	6.400	0.901	8	11.750	0.852	2444	241.138171372237	0.932456181299502	NA
k141_1812	462	0.446	2	1.000	0.852	2	3.000	0.637	2444	240.524492756331	0.922288564316226	Homo sapiens
k141_5538	679	0.418	4	4.250	0.928	8	6.125	0.812	2444	238.816337756702	0.915605194931464	Mycobacterium tuberculosis
k141_9563	549	0.424	4	3.500	0.873	8	9.500	0.827	2444	230.618761432711	0.881849782626473	Homo sapiens
k141_4062	653	0.429	3	2.000	0.701	4	5.250	0.905	2444	229.256732099779	0.842581338458775	NA
k141_8289	393	0.410	4	1.500	0.827	4	10.000	0.966	2444	225.752256112173	0.885768368330326	NA
k141_9423	568	0.431	3	3.000	0.881	5	7.200	0.941	2444	225.397333763703	0.93012892698337	Homo sapiens
k141_9724	613	0.400	4	4.000	0.867	5	15.400	0.918	2444	223.237754353492	0.942191108442819	NA
k141_6458	508	0.417	3	3.667	0.894	4	10.250	0.944	2444	209.057190611353	0.902077056815838	NA
k141_9699	692	0.418	3	1.333	0.815	5	2.200	0.602	2444	189.65889341342	0.897082941045772	NA
k141_9894	772	0.415	5	6.200	0.788	5	23.000	0.776	2444	181.847155509222	0.843029647130589	NA
k141_6808	532	0.434	4	3.500	0.969	7	8.857	0.906	2444	178.286434027547	0.938128795439438	NA
k141_2823	773	0.432	4	2.250	0.593	4	5.250	0.853	2444	163.433769680221	0.884475901314978	NA
k141_10297	534	0.408	4	1.500	0.670	4	3.000	0.626	2444	158.673801311912	0.892921761178777	NA
k141_9618	713	0.408	5	5.200	0.803	8	8.750	0.753	2444	154.574890504834	0.896286246637128	Homo sapiens
k141_9437	673	0.419	5	4.000	0.857	6	9.333	0.839	2444	151.322491469466	0.892655634975061	Homo sapiens
k141_9956	504	0.413	2	1.500	0.565	3	4.333	0.657	2444	140.10094185642	0.818621484605944	NA
k141_10220	384	0.438	2	1.500	0.944	3	3.333	0.801	2444	134.045683864297	0.863892506640271	NA
k141_1692	591	0.420	2	1.000	0.644	4	1.500	0.530	2444	131.156719384463	0.929344573248727	NA
k141_9015	575	0.433	2	1.000	0.849	3	1.667	0.682	2444	128.67709684751	0.835863315652784	NA
k141_3239	860	0.417	5	3.600	0.763	6	16.833	0.919	2444	106.450316395005	0.935906430968671	NA
k141_6212	629	0.412	4	3.000	0.920	7	6.286	0.773	2444	101.819920689189	0.929227116578838	Homo sapiens
k141_68	758	0.433	4	5.500	0.830	6	9.500	0.894	2444	72.4228301423478	0.875142664608526	NA
k141_2302	871	0.418	3	5.000	0.819	9	4.000	0.661	2444	61.6936158273627	0.853564118240802	NA
k141_1723	283	0.428	3	1.667	0.978	2	5.000	0.966	2445	742.253107896111	0.956823356430448	NA
k141_6301	346	0.410	2	1.500	0.828	3	4.000	0.793	2445	739.255164570594	0.954699948461905	Homo sapiens
k141_8712	283	0.428	2	2.000	0.995	4	3.250	0.948	2445	731.863987475326	0.952576804847508	Homo sapiens
k141_1576	298	0.443	4	6.500	0.981	5	13.600	0.860	2445	724.623910413814	0.97528545504255	Naegleria fowleri
k141_8055	333	0.417	4	1.250	0.878	2	5.500	0.992	2445	719.827489400584	0.926262653660874	NA
k141_584	301	0.422	3	4.000	1.000	6	5.333	0.986	2445	713.131599079347	0.939536074111612	NA
k141_8238	329	0.410	4	4.000	1.000	6	5.500	0.998	2445	690.330971030508	0.921058685984851	NA
k141_2713	243	0.399	4	1.000	0.954	2	4.500	1.000	2445	665.657725121151	0.975959406088582	NA
k141_2956	568	0.431	5	5.400	0.875	8	14.125	0.868	2445	662.23324112363	0.95073385037854	NA
k141_10209	374	0.422	2	1.000	0.817	2	1.000	0.402	2445	648.517886296498	0.780664565623447	NA
k141_4676	320	0.425	2	1.000	1.000	3	1.333	0.989	2445	598.939950746097	0.980010364122811	Homo sapiens
k141_1115	415	0.405	4	7.500	0.978	11	10.818	0.875	2445	593.549820230173	0.874384084722345	Naegleria fowleri
k141_8885	401	0.419	2	3.000	1.000	3	3.000	0.996	2445	582.613353932877	0.95168613320949	NA
k141_1527	343	0.423	2	2.000	0.931	4	1.250	0.721	2445	579.631184606234	0.931030782580242	NA
k141_2833	407	0.420	5	4.600	0.946	6	15.667	0.968	2445	573.167564590635	0.938488905868524	Homo sapiens
k141_6685	346	0.413	2	1.000	0.842	3	3.000	0.935	2445	568.573303762834	0.829086836004351	Homo sapiens
k141_9553	365	0.441	4	2.250	0.932	5	5.400	0.922	2445	565.684658964397	0.932721462152435	Homo sapiens
k141_4332	432	0.417	5	1.800	0.862	4	5.250	0.924	2445	557.958212944329	0.840187267503216	Homo sapiens
k141_9426	339	0.425	4	2.250	0.875	4	7.000	0.987	2445	557.638358043833	0.957452504524973	NA
k141_1361	370	0.419	5	1.200	0.937	3	1.667	0.834	2445	556.948839196668	0.966902593580476	NA
k141_4078	390	0.397	3	2.667	0.804	8	4.875	0.921	2445	554.103707852875	0.952913520700131	NA
k141_2145	430	0.423	4	2.000	0.880	6	4.167	0.914	2445	552.888379367126	0.918407698958587	NA
k141_9117	492	0.411	4	1.750	0.787	5	4.200	0.831	2445	551.552706331414	0.85961491012407	NA
k141_3237	439	0.417	2	1.000	0.576	4	3.000	0.801	2445	548.559209012957	0.907205608533201	NA
k141_2858	578	0.431	4	2.250	0.932	7	4.571	0.752	2445	545.683156358839	0.94423590916899	NA
k141_4034	400	0.417	4	3.000	0.849	8	4.250	0.798	2445	544.131864796491	0.9030098651691	NA
k141_8403	427	0.417	4	2.500	0.869	7	3.429	0.757	2445	528.991395112855	0.954822655039854	NA
k141_132	424	0.434	5	7.400	0.998	8	13.625	0.904	2445	523.098133424936	0.912092665496648	NA
k141_7252	431	0.411	4	2.500	0.969	5	12.000	0.968	2445	505.886949664555	0.957088860944658	NA
k141_2069	380	0.424	2	1.500	0.991	4	2.250	0.851	2445	504.349537551153	0.910204529862127	NA
k141_10257	452	0.409	5	7.200	0.946	8	17.875	0.936	2445	501.677861904966	0.878165026861389	Homo sapiens
k141_3118	709	0.423	5	2.800	0.753	6	6.000	0.812	2445	498.748579602887	0.934044806753177	Homo sapiens
k141_7050	404	0.428	4	6.250	0.999	5	15.200	0.916	2445	490.997390137469	0.97902123540812	Homo sapiens
k141_3171	514	0.409	3	1.667	0.768	7	2.857	0.855	2445	490.823982186454	0.90757200837591	Homo sapiens
k141_3786	930	0.406	5	8.600	0.906	13	20.846	0.735	2445	484.640207857758	0.955218222625946	NA
k141_5351	328	0.424	4	3.000	0.945	5	10.200	0.962	2445	471.183276998232	0.910940113145516	Homo sapiens
k141_7120	448	0.417	4	2.000	0.905	3	6.333	0.731	2445	470.005295156474	0.913551060806037	NA
k141_2758	322	0.425	2	1.000	0.961	2	2.000	0.761	2445	448.508103386297	0.958480299642789	NA
k141_2405	406	0.431	2	1.500	0.966	4	1.500	0.775	2445	447.076087895284	0.950890155238052	Homo sapiens
k141_7414	598	0.426	3	1.667	0.610	6	4.000	0.730	2445	443.348695502878	0.799476803775657	NA
k141_2156	429	0.434	3	1.667	0.979	3	3.667	0.792	2445	437.767136349717	0.909779720177091	NA
k141_8418	668	0.416	3	3.667	0.913	7	9.143	0.879	2445	437.617900146323	0.909095436065064	NA
k141_3446	444	0.410	4	1.250	0.690	5	3.600	0.797	2445	428.369173466004	0.860337935503268	NA
k141_418	375	0.424	4	1.750	0.925	3	5.000	0.974	2445	405.424860022995	0.956512071507212	Homo sapiens
k141_4292	558	0.423	3	5.000	0.978	6	4.333	0.901	2445	403.292938999953	0.926429179051082	NA
k141_10373	497	0.439	4	3.500	0.937	8	6.000	0.754	2445	400.113580078229	0.888251496381681	Homo sapiens
k141_10508	631	0.415	4	8.000	0.903	7	11.857	0.917	2445	398.2707911958	0.867252045592038	NA
k141_10456	460	0.420	4	2.500	0.896	2	7.500	0.986	2445	394.732811737268	0.880925657585679	NA
k141_9983	595	0.429	4	4.750	0.961	6	12.333	0.952	2445	387.301386800765	0.912344076994139	NA
k141_3932	354	0.404	2	1.000	0.754	4	2.500	0.779	2445	378.981614199745	0.939822351751179	Homo sapiens
k141_967	442	0.410	3	1.667	0.950	2	5.000	0.883	2445	376.061382314104	0.961144380600444	NA
k141_4092	847	0.424	4	2.500	0.633	4	6.500	0.632	2445	375.848534398338	0.939250889333728	Homo sapiens
k141_9123	947	0.424	5	4.200	0.803	10	15.000	0.766	2445	373.084433031722	0.931960425149912	NA
k141_6700	422	0.398	2	1.500	0.618	3	1.000	0.374	2445	363.869596697845	0.814818782406516	Homo sapiens
k141_8048	547	0.426	4	5.250	0.834	6	11.833	0.816	2445	363.234738245922	0.860605942298796	NA
k141_9947	629	0.401	2	2.500	0.984	4	3.000	0.712	2445	360.119864993003	0.907456870980948	NA
k141_5431	371	0.423	4	4.000	0.887	6	8.833	0.959	2445	359.921290418939	0.911898169766912	NA
k141_2521	435	0.414	5	8.200	1.000	10	18.200	0.942	2445	358.54824049557	0.970300555484873	NA
k141_46	665	0.435	4	1.500	0.811	2	3.500	0.621	2445	349.368916656624	0.883832163549659	NA
k141_6522	491	0.424	4	3.750	0.850	5	9.800	0.870	2445	343.505708373571	0.830100161008414	NA
k141_8394	552	0.422	5	2.800	0.830	5	8.000	0.827	2445	338.65427531564	0.905929242526289	NA
k141_9190	443	0.420	2	1.000	0.875	3	3.667	0.904	2445	335.772353051875	0.897515867968493	NA
k141_6720	453	0.430	3	1.000	0.712	2	4.500	0.891	2445	334.931948814134	0.907849084790731	Homo sapiens
k141_745	734	0.416	2	1.000	0.595	4	3.250	0.675	2445	330.764423664386	0.890548739879177	NA
k141_4418	717	0.416	5	3.400	0.849	8	6.375	0.706	2445	330.404552261289	0.869097157796649	NA
k141_2845	377	0.432	4	2.250	0.866	3	4.000	0.920	2445	330.304038741542	0.957346065442169	NA
k141_810	425	0.421	3	2.333	0.981	5	2.400	0.921	2445	327.815899982704	0.906787313332868	NA
k141_9422	624	0.428	5	5.200	0.888	6	14.333	0.786	2445	327.473828819245	0.833857257010703	Homo sapiens
k141_6409	829	0.422	5	4.000	0.825	6	16.167	0.838	2445	326.143411178059	0.910795437238001	NA
k141_6718	966	0.417	5	11.400	0.989	14	17.000	0.705	2445	320.241166741839	0.944159898842721	Homo sapiens
k141_7462	346	0.442	2	1.000	0.899	2	2.000	0.793	2445	318.766773832019	0.934461704779522	NA
k141_107	432	0.410	2	2.000	0.917	3	2.333	0.881	2445	311.847758317457	0.89824008356691	NA
k141_2948	603	0.428	3	1.667	0.802	5	1.800	0.739	2445	309.747642929943	0.912982370226047	NA
k141_9614	589	0.419	4	2.750	0.900	6	6.333	0.817	2445	309.587412200317	0.944774616462629	Homo sapiens
k141_10404	740	0.401	4	2.750	0.892	8	8.500	0.812	2445	307.712510748989	0.894541526937539	NA
k141_9886	729	0.429	5	17.200	0.974	12	29.000	0.935	2445	305.694728758566	0.876067143285547	Homo sapiens
k141_5665	838	0.422	4	7.750	0.907	11	11.273	0.787	2445	304.844120688717	0.888194834853862	NA
k141_8628	569	0.413	4	2.750	0.812	5	4.600	0.654	2445	302.850433038291	0.946285693850569	Homo sapiens
k141_9497	578	0.412	4	4.750	0.856	9	7.556	0.858	2445	294.685217725028	0.91152099285702	NA
k141_7517	473	0.412	5	5.000	0.771	6	11.000	0.918	2445	293.648521099658	0.939829551523177	NA
k141_3663	529	0.418	3	1.000	0.840	2	1.000	0.411	2445	287.417320823332	0.867597315663803	NA
k141_10235	628	0.412	5	5.200	0.865	7	8.286	0.804	2445	284.622354023371	0.90585185588329	NA
k141_553	264	0.417	2	1.000	0.894	4	2.500	0.967	2445	284.455118896382	0.926947027328839	NA
k141_3611	621	0.417	4	2.750	0.635	6	5.833	0.901	2445	284.140832834557	0.924936864432471	NA
k141_10012	480	0.431	3	2.000	0.803	7	2.429	0.724	2445	280.516082208965	0.893842080905143	Homo sapiens
k141_8893	720	0.428	5	9.600	0.956	7	20.571	0.894	2445	272.897917857865	0.913585388111739	NA
k141_83	642	0.405	5	2.800	0.843	5	7.800	0.722	2445	268.997167874919	0.894285640876423	NA
k141_8918	613	0.414	3	1.333	0.562	4	6.250	0.812	2445	259.244812168828	0.895375883633196	NA
k141_10038	633	0.425	3	2.000	0.736	5	4.800	0.603	2445	230.374849686914	0.899507422260321	Homo sapiens
k141_9135	610	0.420	3	1.333	0.741	4	1.500	0.499	2445	223.053865477125	0.912912303422686	NA
k141_6926	535	0.404	4	1.750	0.841	5	5.600	0.787	2445	207.442916162602	0.907947858319368	Homo sapiens
k141_7307	564	0.410	2	1.500	0.758	4	2.250	0.781	2445	203.172220630762	0.855500353363957	NA
k141_4345	506	0.429	2	1.000	0.960	2	1.500	0.761	2445	177.013233988201	0.844874440194079	Homo sapiens
k141_7390	595	0.434	2	2.000	0.773	4	3.750	0.887	2445	169.600881989161	0.92712020467154	NA
k141_1445	557	0.413	3	2.000	0.879	4	3.250	0.896	2445	169.230905889664	0.843453911243107	Homo sapiens
k141_571	916	0.424	4	4.000	0.806	4	9.250	0.901	2445	98.9568073617282	0.869147999285685	NA
k141_6865	311	0.405	3	1.000	0.889	6	4.500	0.992	2446	923.179551872459	0.959063942350057	Homo sapiens
k141_8127	280	0.425	3	2.667	0.973	3	3.667	0.871	2446	814.870138509437	0.88613184190572	NA
k141_7585	736	0.408	5	2.400	0.789	6	7.833	0.710	2446	785.619870780222	0.972706523876025	NA
k141_8716	375	0.413	4	3.000	0.965	6	7.000	0.887	2446	762.892092845369	0.917039156528932	Homo sapiens
k141_5831	421	0.418	4	2.250	0.960	8	4.875	0.917	2446	758.480410629871	0.924348113574484	NA
k141_9832	380	0.411	2	2.500	0.784	5	3.400	0.904	2446	756.429306350522	0.921819666721126	Homo sapiens
k141_4254	403	0.422	5	1.800	0.917	4	3.750	0.893	2446	724.520065300722	0.936620966290767	NA
k141_7907	309	0.424	4	1.250	0.821	3	1.667	0.888	2446	713.981585190965	0.957394475005097	NA
k141_5046	317	0.410	2	2.500	0.991	3	2.333	0.834	2446	703.226916358106	0.954807070582251	NA
k141_1183	596	0.431	4	3.250	0.883	5	6.200	0.651	2446	678.188040995964	0.931239411985365	NA
k141_8796	557	0.406	4	2.750	0.692	4	6.250	0.822	2446	664.076347738076	0.96202451571777	NA
k141_305	291	0.430	2	2.000	1.000	3	5.333	0.983	2446	640.381376349667	0.957230788674424	NA
k141_5549	642	0.411	2	3.500	0.988	4	6.000	0.978	2446	626.840878728864	0.953424269487049	Naegleria fowleri
k141_6928	705	0.424	5	12.200	0.967	12	21.333	0.879	2446	613.039322132128	0.935673683111142	NA
k141_3242	395	0.415	3	2.333	0.979	4	11.750	0.892	2446	605.872282896752	0.915625014354392	NA
k141_8877	673	0.421	5	6.800	0.922	11	9.000	0.773	2446	593.707768113173	0.92278011142372	NA
k141_5567	417	0.415	4	4.000	0.960	4	7.750	0.966	2446	585.811276246615	0.867185137306291	NA
k141_8049	637	0.419	4	3.500	0.816	8	8.875	0.895	2446	584.39610706318	0.966451065494921	Homo sapiens
k141_8615	449	0.421	5	4.200	0.998	6	8.333	0.844	2446	571.483730367673	0.912611591975835	NA
k141_7090	417	0.434	3	5.333	0.982	8	6.500	0.947	2446	565.463699098811	0.938020795812045	NA
k141_6248	606	0.414	5	3.000	0.924	7	12.429	0.785	2446	553.483211336411	0.966483355988397	NA
k141_3394	615	0.415	4	6.750	0.977	9	10.778	0.799	2446	550.248721972879	0.930527432498812	NA
k141_8622	431	0.432	4	3.500	0.974	7	4.857	0.953	2446	538.807485664951	0.960823112392196	NA
k141_7797	461	0.412	5	5.200	0.973	10	8.000	0.906	2446	535.689388355031	0.895038706683708	NA
k141_57	528	0.405	3	2.000	0.620	3	3.667	0.853	2446	507.929944178838	0.931307341320303	Homo sapiens
k141_3966	878	0.417	4	3.000	0.838	6	5.833	0.679	2446	499.484800231249	0.907118687125995	Homo sapiens
k141_9311	526	0.407	4	3.000	0.855	6	5.333	0.841	2446	480.716508100753	0.889868316313017	Homo sapiens
k141_4358	352	0.420	2	1.500	0.960	3	1.000	0.856	2446	475.738054509861	0.949706604162237	NA
k141_10330	539	0.419	5	4.600	0.968	10	9.700	0.872	2446	466.738496591852	0.899131095111724	Homo sapiens
k141_4138	718	0.425	4	6.750	0.953	9	15.667	0.733	2446	460.896097386793	0.929750989081138	NA
k141_3023	491	0.418	5	6.200	0.986	8	14.375	0.987	2446	459.155265425198	0.944220000049796	Naegleria fowleri
k141_8977	453	0.424	4	1.000	0.891	2	2.000	0.736	2446	452.365708856043	0.910243905893376	NA
k141_4455	949	0.421	2	4.000	0.771	8	8.500	0.605	2446	452.033925674029	0.868001829259672	Homo sapiens
k141_1531	317	0.420	3	1.333	0.858	3	5.667	0.878	2446	450.133780667119	0.963629698894969	NA
k141_5478	523	0.421	4	4.750	0.950	7	9.000	0.830	2446	444.31157079404	0.844641071939824	NA
k141_7814	533	0.426	4	4.000	0.879	6	8.500	0.902	2446	440.94923821775	0.938933911876221	NA
k141_2800	478	0.416	3	1.333	0.720	5	3.800	0.702	2446	438.536356574901	0.857136706272025	NA
k141_4295	506	0.415	5	3.600	0.845	8	6.250	0.816	2446	437.753629573161	0.92519650394605	Homo sapiens
k141_9030	471	0.414	4	2.000	0.896	3	4.333	0.996	2446	432.266991468892	0.937326552512853	Homo sapiens
k141_2151	468	0.427	4	1.500	0.690	4	4.500	0.883	2446	428.8326050516	0.924946930789222	NA
k141_4600	517	0.433	5	5.200	0.956	7	13.286	0.946	2446	427.89863098532	0.928578896150757	NA
k141_263	376	0.418	2	1.500	0.971	2	2.500	0.900	2446	422.516185984789	0.943782066588125	NA
k141_7520	559	0.431	3	2.667	0.735	5	7.400	0.809	2446	416.469695625487	0.9354555416062	Naegleria fowleri
k141_10113	651	0.435	4	3.750	0.975	7	2.857	0.775	2446	410.978256612083	0.935040478591067	NA
k141_9049	560	0.420	5	4.400	0.939	9	7.111	0.929	2446	396.993391786675	0.909081675421374	NA
k141_9691	846	0.420	4	7.000	0.906	8	8.375	0.758	2446	393.029465344213	0.933486227096479	NA
k141_2287	350	0.440	2	2.500	0.976	4	5.000	0.919	2446	392.253795261026	0.903542409947927	Homo sapiens
k141_1557	498	0.420	3	2.667	0.829	5	5.600	0.889	2446	388.788138288472	0.817162084857644	Homo sapiens
k141_8896	594	0.434	5	7.600	0.909	7	23.571	0.916	2446	388.373230497267	0.936328616535433	NA
k141_6757	675	0.424	5	5.000	0.639	8	6.125	0.703	2446	387.637780822333	0.917362539992957	NA
k141_5868	673	0.419	5	6.800	0.935	9	11.222	0.865	2446	387.591084952104	0.868161579812155	NA
k141_7899	723	0.416	5	6.000	0.898	7	13.429	0.844	2446	378.407351106472	0.953810052931487	NA
k141_6695	610	0.411	4	1.750	0.818	5	3.800	0.832	2446	375.165667883526	0.910575924143703	NA
k141_1541	765	0.426	4	7.500	0.901	11	7.545	0.835	2446	365.660811425255	0.944522993894377	Homo sapiens
k141_1910	743	0.429	5	4.200	0.831	6	21.333	0.813	2446	364.950245588062	0.962847964382435	Homo sapiens
k141_7541	680	0.412	5	7.200	0.869	9	15.556	0.835	2446	364.528298732791	0.82299928129681	NA
k141_3439	793	0.419	5	9.400	0.893	9	19.444	0.830	2446	360.567108188486	0.919118000272302	NA
k141_8932	846	0.387	4	1.750	0.765	6	3.500	0.739	2446	355.241054870522	0.518171132886115	NA
k141_5060	496	0.419	4	1.750	0.992	5	4.200	0.923	2446	346.864011961139	0.954969752953726	NA
k141_218	734	0.432	4	1.500	0.671	7	2.714	0.747	2446	344.949936171702	0.950967027449628	NA
k141_2408	528	0.422	4	2.750	0.740	4	6.250	0.838	2446	319.140965617118	0.895351033255251	Homo sapiens
k141_4133	938	0.435	4	2.750	0.785	6	3.167	0.712	2446	314.152221633052	0.93634498735209	NA
k141_580	749	0.426	3	1.000	0.512	7	2.857	0.735	2446	312.457865918946	0.900680644491871	NA
k141_2707	1053	0.414	5	8.000	0.876	11	17.636	0.815	2446	302.006961499906	0.903049501029335	NA
k141_4163	882	0.424	4	4.000	0.946	6	13.667	0.893	2446	286.736788447666	0.944077719114154	NA
k141_1846	1373	0.417	5	35.200	0.954	18	74.444	0.714	2446	272.175827773316	0.876968788884782	Homo sapiens
k141_10417	707	0.427	5	5.000	0.901	9	11.111	0.848	2446	255.266378495761	0.878597402496465	Homo sapiens
k141_9177	737	0.411	3	1.333	0.550	3	2.667	0.781	2446	214.717120378791	0.914028131617993	NA
k141_10389	795	0.423	4	7.250	0.950	10	8.200	0.665	2446	180.374662710283	0.876084787238959	NA
k141_4397	1331	0.423	3	3.000	0.637	4	4.250	0.731	2446	147.21127362627	0.829913595437726	NA
k141_318	1003	0.415	3	1.667	0.727	4	5.250	0.771	2446	108.116607605439	0.887860185163196	NA
k141_336	1308	0.380	1	11.000	1.000	0	0.000	0.000	NA	NA	NA	NA
k141_2859	1208	0.391	1	166.000	0.997	10	69.500	0.452	NA	NA	NA	NA
k141_10030	1178	0.374	1	8.000	1.000	0	0.000	0.000	NA	NA	NA	NA
k141_10216	1116	0.395	1	100.000	1.000	6	129.333	0.750	NA	NA	NA	NA
k141_1618	1109	0.393	1	16.000	1.000	1	15.000	0.328	NA	NA	NA	NA
k141_4061	1056	0.377	2	1.000	0.609	0	0.000	0.000	NA	NA	NA	NA
k141_9948	1047	0.458	1	7.000	1.000	1	11.000	0.827	NA	NA	NA	NA
k141_4143	1011	0.381	1	189.000	1.000	3	28.000	0.763	NA	NA	NA	NA
k141_5982	992	0.362	1	6.000	1.000	0	0.000	0.000	NA	NA	NA	NA
k141_2316	974	0.338	1	3.000	1.000	0	0.000	0.000	NA	NA	NA	NA
k141_4419	967	0.384	3	4.000	0.795	1	6.000	0.805	NA	NA	NA	NA
k141_8730	965	0.446	1	36.000	1.000	0	0.000	0.000	NA	NA	NA	NA
k141_10451	965	0.399	1	2.000	1.000	3	3.000	0.567	NA	NA	NA	NA
k141_4020	962	0.378	1	88.000	1.000	2	25.500	0.857	NA	NA	NA	NA
k141_10469	957	0.375	1	8.000	1.000	0	0.000	0.000	NA	NA	NA	NA
k141_1793	926	0.354	1	7.000	1.000	0	0.000	0.000	NA	NA	NA	NA
k141_9615	922	0.364	1	3.000	1.000	0	0.000	0.000	NA	NA	NA	NA
k141_4959	885	0.367	2	1.000	0.648	1	2.000	0.576	NA	NA	NA	NA
k141_6817	883	0.364	1	8.000	1.000	5	13.200	0.452	NA	NA	NA	NA
k141_9362	851	0.435	1	9.000	1.000	1	1.000	0.422	NA	NA	NA	NA
k141_9040	851	0.357	1	10.000	1.000	0	0.000	0.000	NA	NA	NA	NA
k141_1878	849	0.329	1	2.000	1.000	0	0.000	0.000	NA	NA	NA	NA
k141_2196	849	0.395	2	2.000	0.657	1	1.000	0.420	NA	NA	NA	NA
k141_1855	843	0.383	2	2.000	0.646	0	0.000	0.000	NA	NA	NA	NA
k141_8003	834	0.371	1	1.000	0.963	2	1.500	0.454	NA	NA	NA	NA
k141_7895	815	0.373	1	121.000	1.000	4	11.500	0.494	NA	NA	NA	NA
k141_10523	812	0.367	1	210.000	1.000	9	45.222	0.443	NA	NA	NA	NA
k141_3360	811	0.290	1	16.000	1.000	3	16.333	0.524	NA	NA	NA	NA
k141_131	805	0.399	3	1.000	0.800	1	7.000	0.963	NA	NA	NA	NA
k141_9744	805	0.394	1	6.000	1.000	1	24.000	0.627	NA	NA	NA	NA
k141_4271	800	0.352	1	15.000	1.000	0	0.000	0.000	NA	NA	NA	NA
k141_2705	791	0.399	1	43.000	1.000	7	66.714	0.665	NA	NA	NA	NA
k141_5027	779	0.393	1	1.000	1.000	2	1.500	0.660	NA	NA	NA	NA
k141_9419	771	0.433	3	2.667	0.744	1	9.000	0.975	NA	NA	NA	NA
k141_10318	763	0.374	1	1.000	1.000	2	1.500	0.625	NA	NA	NA	NA
k141_9737	762	0.411	1	7.000	1.000	0	0.000	0.000	NA	NA	NA	NA
k141_3429	760	0.367	1	72.000	1.000	5	65.000	0.736	NA	NA	NA	NA
k141_921	748	0.370	1	147.000	1.000	2	36.500	0.798	NA	NA	NA	NA
k141_8535	744	0.363	2	1.000	0.874	0	0.000	0.000	NA	NA	NA	NA
k141_10301	739	0.372	2	2.500	0.968	1	1.000	0.242	NA	NA	NA	NA
k141_3724	739	0.402	3	2.333	0.963	1	6.000	0.954	NA	NA	NA	NA
k141_6523	734	0.425	1	5.000	1.000	4	2.000	0.563	NA	NA	NA	NA
k141_9528	726	0.405	1	7.000	1.000	4	9.750	0.589	NA	NA	NA	NA
k141_924	723	0.385	3	2.000	0.763	0	0.000	0.000	NA	NA	NA	NA
k141_10345	721	0.424	1	3.000	1.000	1	2.000	0.639	NA	NA	NA	NA
k141_9698	716	0.399	1	50.000	1.000	7	29.286	0.610	NA	NA	NA	NA
k141_9816	711	0.373	1	1.000	1.000	0	0.000	0.000	NA	NA	NA	NA
k141_6982	702	0.363	1	1.000	0.943	3	2.667	0.480	NA	NA	NA	NA
k141_10192	698	0.381	2	1.500	0.756	1	2.000	0.699	NA	NA	NA	NA
k141_2389	696	0.343	1	51.000	1.000	6	39.167	0.614	NA	NA	NA	NA
k141_6898	695	0.377	2	1.500	0.897	1	6.000	1.000	NA	NA	NA	NA
k141_10003	692	0.396	1	32.000	1.000	1	11.000	1.000	NA	NA	NA	NA
k141_1032	692	0.367	1	8.000	1.000	1	5.000	0.895	NA	NA	NA	NA
k141_8439	687	0.402	1	3.000	1.000	2	1.000	0.505	NA	NA	NA	NA
k141_9597	679	0.381	2	1.500	0.566	1	6.000	0.976	NA	NA	NA	NA
k141_9944	678	0.397	3	2.000	0.613	0	0.000	0.000	NA	NA	NA	NA
k141_2430	677	0.374	1	1.000	0.880	0	0.000	0.000	NA	NA	NA	NA
k141_2867	676	0.420	3	1.333	0.969	1	1.000	0.251	NA	NA	NA	NA
k141_4711	673	0.367	3	2.667	0.969	1	3.000	0.856	NA	NA	NA	NA
k141_4643	670	0.369	1	1.000	1.000	3	1.333	0.430	NA	NA	NA	NA
k141_3015	669	0.407	1	4.000	0.997	2	1.000	0.658	NA	NA	NA	NA
k141_3807	668	0.368	1	1.000	1.000	0	0.000	0.000	NA	NA	NA	NA
k141_9274	667	0.369	1	1.000	1.000	5	1.200	0.764	NA	NA	NA	NA
k141_6450	667	0.387	1	3.000	0.868	3	2.000	0.825	NA	NA	NA	NA
k141_4607	667	0.405	1	3.000	1.000	2	1.500	0.708	NA	NA	NA	NA
k141_4521	666	0.392	2	2.000	0.893	1	3.000	0.851	NA	NA	NA	NA
k141_8062	664	0.395	1	1.000	0.916	1	1.000	0.096	NA	NA	NA	NA
k141_1179	662	0.373	4	1.500	0.894	1	6.000	0.971	NA	NA	NA	NA
k141_8758	660	0.395	1	27.000	1.000	5	18.000	0.614	NA	NA	NA	NA
k141_7825	658	0.409	1	34.000	1.000	4	12.500	0.681	NA	NA	NA	NA
k141_9032	656	0.386	1	1.000	1.000	0	0.000	0.000	NA	NA	NA	NA
k141_4854	656	0.372	1	1.000	0.973	4	1.500	0.537	NA	NA	NA	NA
k141_10307	654	0.341	1	4.000	1.000	2	2.000	0.482	NA	NA	NA	NA
k141_9643	653	0.375	2	2.000	0.573	1	2.000	0.479	NA	NA	NA	NA
k141_1612	652	0.397	3	3.667	0.924	1	16.000	0.974	NA	NA	NA	NA
k141_9164	652	0.385	1	3.000	1.000	1	2.000	0.805	NA	NA	NA	NA
k141_10259	651	0.518	1	4.000	1.000	1	1.000	0.553	NA	NA	NA	NA
k141_2851	650	0.366	4	2.250	0.820	1	4.000	0.660	NA	NA	NA	NA
k141_10519	650	0.346	2	1.500	0.735	1	4.000	0.668	NA	NA	NA	NA
k141_9370	649	0.391	3	3.000	0.914	1	1.000	0.809	NA	NA	NA	NA
k141_3337	648	0.355	1	17.000	1.000	2	27.500	0.953	NA	NA	NA	NA
k141_3927	646	0.409	3	2.000	0.693	1	6.000	0.878	NA	NA	NA	NA
k141_6578	645	0.375	2	1.000	0.782	0	0.000	0.000	NA	NA	NA	NA
k141_8245	644	0.438	1	3.000	1.000	6	2.000	0.584	NA	NA	NA	NA
k141_1604	642	0.394	1	1.000	0.819	6	2.500	0.735	NA	NA	NA	NA
k141_7651	642	0.354	1	22.000	1.000	3	24.667	0.456	NA	NA	NA	NA
k141_944	642	0.405	2	2.000	0.759	1	2.000	0.693	NA	NA	NA	NA
k141_9204	641	0.417	1	1.000	1.000	0	0.000	0.000	NA	NA	NA	NA
k141_4210	640	0.389	2	1.500	0.836	1	1.000	0.589	NA	NA	NA	NA
k141_4565	640	0.386	1	10.000	1.000	2	2.500	0.634	NA	NA	NA	NA
k141_2578	639	0.379	1	1.000	1.000	2	2.000	0.669	NA	NA	NA	NA
k141_4883	638	0.303	2	2.500	0.607	1	1.000	0.083	NA	NA	NA	NA
k141_3411	637	0.359	1	18.000	1.000	4	9.250	0.653	NA	NA	NA	NA
k141_1652	636	0.368	1	75.000	1.000	4	50.250	0.868	NA	NA	NA	NA
k141_4766	634	0.379	1	6.000	1.000	2	21.000	0.578	NA	NA	NA	NA
k141_9928	634	0.427	1	1.000	1.000	2	1.000	0.707	NA	NA	NA	NA
k141_10052	633	0.384	3	1.333	0.836	1	1.000	0.825	NA	NA	NA	NA
k141_4716	632	0.400	1	7.000	1.000	1	3.000	0.995	NA	NA	NA	NA
k141_9726	631	0.391	2	1.000	0.609	1	1.000	0.983	NA	NA	NA	NA
k141_952	630	0.362	1	25.000	1.000	3	10.667	0.563	NA	NA	NA	NA
k141_8125	630	0.537	1	10.000	1.000	0	0.000	0.000	NA	NA	NA	NA
k141_3081	627	0.389	1	2.000	1.000	3	2.333	0.864	NA	NA	NA	NA
k141_9511	627	0.386	2	1.500	0.749	1	3.000	0.786	NA	NA	NA	NA
k141_5012	627	0.388	1	1.000	1.000	0	0.000	0.000	NA	NA	NA	NA
k141_245	626	0.390	2	2.500	0.950	1	2.000	0.331	NA	NA	NA	NA
k141_10223	625	0.386	2	1.000	0.773	1	3.000	0.966	NA	NA	NA	NA
k141_10087	621	0.386	1	1.000	1.000	0	0.000	0.000	NA	NA	NA	NA
k141_1828	620	0.327	1	26.000	1.000	3	19.000	0.798	NA	NA	NA	NA
k141_7524	620	0.437	1	1.000	1.000	4	2.750	0.892	NA	NA	NA	NA
k141_6073	620	0.356	1	3.000	1.000	2	2.000	0.752	NA	NA	NA	NA
k141_3888	617	0.397	2	2.500	0.890	1	6.000	0.994	NA	NA	NA	NA
k141_10325	616	0.414	1	2.000	1.000	1	1.000	0.998	NA	NA	NA	NA
k141_2667	615	0.385	1	12.000	1.000	1	24.000	0.826	NA	NA	NA	NA
k141_7914	614	0.383	1	4.000	1.000	1	1.000	0.492	NA	NA	NA	NA
k141_9391	611	0.432	2	1.000	0.765	1	2.000	0.560	NA	NA	NA	NA
k141_956	609	0.406	1	2.000	1.000	4	1.500	0.390	NA	NA	NA	NA
k141_5609	609	0.391	1	2.000	1.000	1	1.000	0.133	NA	NA	NA	NA
k141_10522	608	0.413	2	1.500	0.982	0	0.000	0.000	NA	NA	NA	NA
k141_527	607	0.344	1	2.000	1.000	0	0.000	0.000	NA	NA	NA	NA
k141_626	607	0.369	3	1.000	0.615	1	1.000	0.738	NA	NA	NA	NA
k141_9984	607	0.292	1	5.000	1.000	1	8.000	0.947	NA	NA	NA	NA
k141_5997	607	0.382	1	2.000	0.997	2	1.500	0.163	NA	NA	NA	NA
k141_667	606	0.351	1	1.000	1.000	2	3.000	0.559	NA	NA	NA	NA
k141_8731	606	0.366	2	1.000	0.655	0	0.000	0.000	NA	NA	NA	NA
k141_152	606	0.432	3	1.000	0.617	1	2.000	0.175	NA	NA	NA	NA
k141_9924	606	0.411	3	1.000	0.778	1	1.000	0.345	NA	NA	NA	NA
k141_10231	601	0.384	1	2.000	1.000	5	1.400	0.583	NA	NA	NA	NA
k141_8446	601	0.378	1	9.000	1.000	0	0.000	0.000	NA	NA	NA	NA
k141_9925	600	0.380	2	1.000	0.555	1	1.000	0.888	NA	NA	NA	NA
k141_7986	599	0.406	1	3.000	1.000	3	3.000	0.698	NA	NA	NA	NA
k141_2769	597	0.375	1	53.000	1.000	2	11.500	0.563	NA	NA	NA	NA
k141_9854	597	0.402	1	36.000	1.000	6	29.000	0.646	NA	NA	NA	NA
k141_10455	594	0.357	1	2.000	1.000	3	1.000	0.407	NA	NA	NA	NA
k141_8974	594	0.386	1	46.000	1.000	1	33.000	0.997	NA	NA	NA	NA
k141_9914	594	0.379	1	1.000	1.000	7	1.429	0.446	NA	NA	NA	NA
k141_7248	593	0.364	2	1.000	0.829	1	1.000	0.509	NA	NA	NA	NA
k141_8966	593	0.373	2	1.000	0.693	1	1.000	0.776	NA	NA	NA	NA
k141_5887	592	0.417	1	1.000	1.000	4	3.000	0.859	NA	NA	NA	NA
k141_4798	591	0.403	2	2.000	0.883	1	4.000	0.646	NA	NA	NA	NA
k141_7178	591	0.411	1	1.000	1.000	1	2.000	0.853	NA	NA	NA	NA
k141_2479	590	0.369	1	3.000	1.000	2	5.000	0.573	NA	NA	NA	NA
k141_7561	590	0.363	1	3.000	1.000	0	0.000	0.000	NA	NA	NA	NA
k141_10294	590	0.381	1	1.000	1.000	1	1.000	0.286	NA	NA	NA	NA
k141_6571	588	0.400	1	1.000	1.000	0	0.000	0.000	NA	NA	NA	NA
k141_9918	588	0.369	1	14.000	1.000	1	16.000	1.000	NA	NA	NA	NA
k141_8122	587	0.376	3	6.333	0.935	1	9.000	0.991	NA	NA	NA	NA
k141_7506	587	0.399	2	3.000	0.676	1	2.000	0.620	NA	NA	NA	NA
k141_9877	586	0.367	1	7.000	1.000	2	8.000	0.468	NA	NA	NA	NA
k141_9820	585	0.364	1	1.000	1.000	1	1.000	0.280	NA	NA	NA	NA
k141_6897	585	0.393	1	1.000	1.000	1	3.000	0.603	NA	NA	NA	NA
k141_89	584	0.396	1	1.000	0.978	1	1.000	0.433	NA	NA	NA	NA
k141_5022	584	0.390	1	1.000	1.000	2	1.000	0.505	NA	NA	NA	NA
k141_10287	584	0.380	1	1.000	1.000	2	1.000	0.377	NA	NA	NA	NA
k141_1932	583	0.425	3	2.000	0.726	1	2.000	0.696	NA	NA	NA	NA
k141_5851	583	0.391	1	1.000	0.887	1	2.000	0.777	NA	NA	NA	NA
k141_10443	583	0.400	2	1.500	0.797	1	1.000	0.592	NA	NA	NA	NA
k141_5340	582	0.436	3	1.333	0.774	1	5.000	0.521	NA	NA	NA	NA
k141_1254	582	0.383	3	4.667	0.837	1	3.000	0.742	NA	NA	NA	NA
k141_1397	581	0.384	2	1.000	0.584	1	1.000	1.000	NA	NA	NA	NA
k141_8747	580	0.376	1	1.000	1.000	6	1.333	0.756	NA	NA	NA	NA
k141_6979	577	0.373	1	1.000	0.974	0	0.000	0.000	NA	NA	NA	NA
k141_10459	576	0.394	1	2.000	1.000	2	1.000	0.406	NA	NA	NA	NA
k141_855	575	0.341	1	1.000	1.000	1	1.000	0.579	NA	NA	NA	NA
k141_8788	575	0.362	1	1.000	1.000	3	1.333	0.713	NA	NA	NA	NA
k141_31	574	0.437	3	1.333	0.668	1	2.000	0.866	NA	NA	NA	NA
k141_10403	573	0.410	1	3.000	1.000	0	0.000	0.000	NA	NA	NA	NA
k141_4451	572	0.357	2	1.000	0.524	0	0.000	0.000	NA	NA	NA	NA
k141_10357	570	0.419	1	1.000	1.000	2	5.000	0.912	NA	NA	NA	NA
k141_5608	570	0.416	3	1.667	0.902	1	1.000	0.421	NA	NA	NA	NA
k141_8765	569	0.420	2	3.500	0.907	1	2.000	0.715	NA	NA	NA	NA
k141_7133	568	0.356	1	17.000	1.000	4	25.000	0.890	NA	NA	NA	NA
k141_10174	568	0.394	3	1.000	0.691	1	1.000	0.660	NA	NA	NA	NA
k141_9958	567	0.370	1	11.000	1.000	0	0.000	0.000	NA	NA	NA	NA
k141_490	567	0.416	2	1.000	0.893	0	0.000	0.000	NA	NA	NA	NA
k141_5028	567	0.353	1	23.000	0.986	6	34.500	0.468	NA	NA	NA	NA
k141_9723	566	0.376	1	1.000	1.000	0	0.000	0.000	NA	NA	NA	NA
k141_9682	566	0.396	1	1.000	0.998	6	1.667	0.720	NA	NA	NA	NA
k141_8845	564	0.358	3	1.333	0.677	1	1.000	0.647	NA	NA	NA	NA
k141_6933	563	0.430	2	1.000	0.955	0	0.000	0.000	NA	NA	NA	NA
k141_2398	563	0.435	1	1.000	1.000	0	0.000	0.000	NA	NA	NA	NA
k141_8560	563	0.371	1	1.000	1.000	0	0.000	0.000	NA	NA	NA	NA
k141_10349	562	0.352	3	2.333	0.890	1	3.000	0.852	NA	NA	NA	NA
k141_5808	562	0.381	1	1.000	0.886	1	4.000	0.881	NA	NA	NA	NA
k141_2371	562	0.399	2	1.500	0.886	0	0.000	0.000	NA	NA	NA	NA
k141_10046	562	0.351	1	2.000	1.000	2	1.000	0.825	NA	NA	NA	NA
k141_7951	561	0.385	1	1.000	1.000	0	0.000	0.000	NA	NA	NA	NA
k141_1580	560	0.425	3	3.000	1.000	1	8.000	1.000	NA	NA	NA	NA
k141_10118	560	0.373	2	1.000	0.829	1	1.000	0.623	NA	NA	NA	NA
k141_5341	559	0.381	1	2.000	0.977	0	0.000	0.000	NA	NA	NA	NA
k141_5854	557	0.364	1	5.000	1.000	10	8.500	0.933	NA	NA	NA	NA
k141_10097	557	0.366	1	1.000	1.000	3	3.333	0.835	NA	NA	NA	NA
k141_10445	557	0.382	3	1.000	0.398	0	0.000	0.000	NA	NA	NA	NA
k141_8286	556	0.387	1	1.000	1.000	2	2.500	0.937	NA	NA	NA	NA
k141_4973	556	0.363	1	1.000	1.000	0	0.000	0.000	NA	NA	NA	NA
k141_9600	556	0.371	2	2.500	0.976	0	0.000	0.000	NA	NA	NA	NA
k141_3986	556	0.360	1	1.000	1.000	3	3.000	0.291	NA	NA	NA	NA
k141_2202	555	0.393	1	3.000	1.000	1	2.000	0.708	NA	NA	NA	NA
k141_10092	555	0.382	1	1.000	1.000	1	1.000	0.137	NA	NA	NA	NA
k141_5651	554	0.421	3	2.667	0.948	1	11.000	0.993	NA	NA	NA	NA
k141_8280	553	0.412	2	1.000	0.806	1	1.000	0.946	NA	NA	NA	NA
k141_7380	553	0.394	1	4.000	1.000	0	0.000	0.000	NA	NA	NA	NA
k141_8697	552	0.279	1	2.000	1.000	2	1.500	0.508	NA	NA	NA	NA
k141_9038	552	0.353	1	3.000	1.000	2	4.500	0.500	NA	NA	NA	NA
k141_10546	552	0.368	1	1.000	0.969	0	0.000	0.000	NA	NA	NA	NA
k141_1890	552	0.399	1	34.000	1.000	4	49.000	0.845	NA	NA	NA	NA
k141_4872	552	0.332	1	7.000	1.000	0	0.000	0.000	NA	NA	NA	NA
k141_3688	551	0.419	2	1.000	0.775	1	1.000	0.927	NA	NA	NA	NA
k141_10311	551	0.388	1	17.000	1.000	2	6.000	0.567	NA	NA	NA	NA
k141_10300	550	0.404	2	2.000	0.763	1	5.000	0.889	NA	NA	NA	NA
k141_1247	549	0.377	1	2.000	1.000	8	1.625	0.713	NA	NA	NA	NA
k141_8074	548	0.352	1	54.000	1.000	1	25.000	0.996	NA	NA	NA	NA
k141_9836	548	0.398	1	91.000	1.000	5	51.800	0.740	NA	NA	NA	NA
k141_9688	547	0.377	1	1.000	1.000	1	1.000	0.499	NA	NA	NA	NA
k141_4393	547	0.388	2	1.500	0.927	1	1.000	0.987	NA	NA	NA	NA
k141_9322	546	0.359	1	1.000	1.000	2	1.000	0.349	NA	NA	NA	NA
k141_10274	545	0.424	1	1.000	1.000	1	2.000	0.442	NA	NA	NA	NA
k141_3638	545	0.365	1	1.000	1.000	1	1.000	0.420	NA	NA	NA	NA
k141_4000	545	0.418	2	1.000	0.739	1	3.000	0.703	NA	NA	NA	NA
k141_7923	544	0.421	3	2.333	0.779	1	1.000	0.528	NA	NA	NA	NA
k141_4030	544	0.377	2	1.500	0.725	0	0.000	0.000	NA	NA	NA	NA
k141_3528	543	0.381	2	1.500	0.987	1	2.000	0.672	NA	NA	NA	NA
k141_9162	542	0.423	2	2.000	0.872	1	1.000	0.323	NA	NA	NA	NA
k141_2841	542	0.373	1	6.000	1.000	2	2.500	0.696	NA	NA	NA	NA
k141_4385	542	0.399	3	1.333	0.718	1	1.000	0.810	NA	NA	NA	NA
k141_8766	541	0.370	4	10.500	0.810	1	14.000	0.847	NA	NA	NA	NA
k141_10189	541	0.392	1	31.000	1.000	1	26.000	1.000	NA	NA	NA	NA
k141_6030	541	0.377	2	1.000	0.663	1	7.000	0.941	NA	NA	NA	NA
k141_9955	541	0.399	1	2.000	1.000	2	1.000	0.614	NA	NA	NA	NA
k141_6323	541	0.401	1	1.000	0.954	0	0.000	0.000	NA	NA	NA	NA
k141_10370	539	0.410	2	1.500	0.667	0	0.000	0.000	NA	NA	NA	NA
k141_3541	538	0.407	3	8.000	0.981	1	27.000	0.987	NA	NA	NA	NA
k141_1382	538	0.422	2	1.000	0.979	1	2.000	0.632	NA	NA	NA	NA
k141_4862	538	0.405	1	1.000	1.000	2	1.000	0.488	NA	NA	NA	NA
k141_111	538	0.418	1	1.000	1.000	0	0.000	0.000	NA	NA	NA	NA
k141_9088	538	0.407	1	1.000	1.000	1	1.000	0.993	NA	NA	NA	NA
k141_2566	537	0.413	1	1.000	1.000	0	0.000	0.000	NA	NA	NA	NA
k141_9357	536	0.384	3	1.667	0.808	1	1.000	0.528	NA	NA	NA	NA
k141_10481	536	0.397	1	1.000	1.000	1	2.000	0.336	NA	NA	NA	NA
k141_8454	535	0.436	1	1.000	1.000	6	2.167	0.677	NA	NA	NA	NA
k141_5601	534	0.412	2	1.500	1.000	1	1.000	0.360	NA	NA	NA	NA
k141_4517	533	0.392	3	4.333	0.875	1	13.000	1.000	NA	NA	NA	NA
k141_7509	533	0.415	2	1.500	0.758	1	1.000	0.859	NA	NA	NA	NA
k141_4296	532	0.370	1	107.000	1.000	1	63.000	1.000	NA	NA	NA	NA
k141_7696	531	0.348	1	9.000	1.000	0	0.000	0.000	NA	NA	NA	NA
k141_1108	531	0.371	2	1.000	1.000	1	2.000	0.416	NA	NA	NA	NA
k141_3279	530	0.423	4	1.000	0.781	1	5.000	0.972	NA	NA	NA	NA
k141_7458	530	0.417	1	2.000	1.000	4	7.250	0.842	NA	NA	NA	NA
k141_10009	529	0.403	2	1.500	0.999	1	1.000	0.998	NA	NA	NA	NA
k141_919	529	0.397	2	1.500	0.840	1	3.000	0.592	NA	NA	NA	NA
k141_8162	528	0.277	1	1.000	1.000	0	0.000	0.000	NA	NA	NA	NA
k141_4428	528	0.394	3	4.667	0.947	1	19.000	1.000	NA	NA	NA	NA
k141_5319	527	0.383	1	2.000	1.000	4	4.750	0.788	NA	NA	NA	NA
k141_10083	527	0.408	1	1.000	1.000	3	1.000	0.544	NA	NA	NA	NA
k141_3876	526	0.407	1	6.000	1.000	4	7.500	0.652	NA	NA	NA	NA
k141_8350	526	0.388	1	3.000	0.804	1	1.000	0.563	NA	NA	NA	NA
k141_5496	526	0.411	2	1.500	0.922	1	2.000	0.576	NA	NA	NA	NA
k141_9158	525	0.377	2	1.000	0.853	1	1.000	0.893	NA	NA	NA	NA
k141_8504	524	0.410	1	1.000	0.868	1	2.000	0.645	NA	NA	NA	NA
k141_10430	524	0.437	1	4.000	1.000	2	2.000	0.767	NA	NA	NA	NA
k141_4819	524	0.403	1	3.000	1.000	2	1.500	0.461	NA	NA	NA	NA
k141_3329	522	0.400	3	2.000	0.934	0	0.000	0.000	NA	NA	NA	NA
k141_8756	522	0.433	1	1.000	0.927	1	2.000	0.734	NA	NA	NA	NA
k141_4055	522	0.425	1	2.000	1.000	2	1.500	0.562	NA	NA	NA	NA
k141_10402	520	0.425	1	7.000	1.000	0	0.000	0.000	NA	NA	NA	NA
k141_4688	520	0.406	2	4.500	0.901	1	4.000	1.000	NA	NA	NA	NA
k141_6324	519	0.418	1	1.000	1.000	1	1.000	0.642	NA	NA	NA	NA
k141_8804	519	0.403	1	40.000	1.000	5	76.200	0.656	NA	NA	NA	NA
k141_10482	519	0.437	1	1.000	1.000	2	2.500	0.876	NA	NA	NA	NA
k141_5533	519	0.414	1	3.000	1.000	1	4.000	0.636	NA	NA	NA	NA
k141_4173	516	0.364	1	1.000	1.000	3	1.333	0.561	NA	NA	NA	NA
k141_7374	516	0.401	1	1.000	1.000	1	4.000	0.484	NA	NA	NA	NA
k141_2478	515	0.400	1	4.000	1.000	3	1.000	0.531	NA	NA	NA	NA
k141_9680	515	0.431	3	1.667	0.833	1	7.000	0.961	NA	NA	NA	NA
k141_10529	515	0.367	1	1.000	1.000	0	0.000	0.000	NA	NA	NA	NA
k141_10179	515	0.441	1	1.000	1.000	1	2.000	0.911	NA	NA	NA	NA
k141_3106	513	0.363	1	1.000	1.000	2	1.500	0.472	NA	NA	NA	NA
k141_9821	512	0.396	2	3.500	0.735	1	1.000	0.395	NA	NA	NA	NA
k141_2864	512	0.367	1	4.000	0.439	1	1.000	0.266	NA	NA	NA	NA
k141_8143	512	0.402	2	1.500	0.679	1	1.000	0.225	NA	NA	NA	NA
k141_2789	511	0.401	1	2.000	1.000	2	4.000	0.886	NA	NA	NA	NA
k141_5527	511	0.376	1	2.000	1.000	1	1.000	0.491	NA	NA	NA	NA
k141_7550	511	0.419	1	4.000	1.000	4	3.500	0.831	NA	NA	NA	NA
k141_1398	511	0.393	2	2.500	0.857	1	2.000	0.986	NA	NA	NA	NA
k141_10378	511	0.399	1	1.000	1.000	4	1.250	0.694	NA	NA	NA	NA
k141_12	510	0.431	1	3.000	1.000	3	1.333	0.616	NA	NA	NA	NA
k141_4604	510	0.384	1	1.000	1.000	0	0.000	0.000	NA	NA	NA	NA
k141_7581	509	0.361	1	3.000	1.000	0	0.000	0.000	NA	NA	NA	NA
k141_8563	509	0.387	3	7.000	0.999	1	10.000	0.955	NA	NA	NA	NA
k141_9115	509	0.424	3	1.333	0.616	1	1.000	0.809	NA	NA	NA	NA
k141_7087	509	0.407	2	1.000	0.651	0	0.000	0.000	NA	NA	NA	NA
k141_964	508	0.374	3	1.333	0.771	1	8.000	0.978	NA	NA	NA	NA
k141_4081	508	0.402	1	2.000	1.000	0	0.000	0.000	NA	NA	NA	NA
k141_366	508	0.354	1	1.000	1.000	4	1.750	0.809	NA	NA	NA	NA
k141_5628	508	0.417	1	2.000	1.000	1	1.000	0.553	NA	NA	NA	NA
k141_10340	508	0.406	1	1101.000	1.000	5	90.200	0.813	NA	NA	NA	NA
k141_9343	508	0.396	4	1.250	0.661	1	2.000	0.890	NA	NA	NA	NA
k141_9021	507	0.394	1	1.000	1.000	1	1.000	0.408	NA	NA	NA	NA
k141_7421	507	0.367	1	1.000	1.000	2	2.000	0.783	NA	NA	NA	NA
k141_9645	506	0.366	1	3.000	1.000	5	1.200	0.617	NA	NA	NA	NA
k141_8382	506	0.387	1	1.000	1.000	5	1.000	0.625	NA	NA	NA	NA
k141_9522	506	0.375	2	7.000	1.000	1	12.000	0.887	NA	NA	NA	NA
k141_413	505	0.406	1	1.000	1.000	1	1.000	0.416	NA	NA	NA	NA
k141_9965	505	0.402	1	1.000	1.000	0	0.000	0.000	NA	NA	NA	NA
k141_8613	505	0.364	1	1.000	1.000	2	1.000	0.324	NA	NA	NA	NA
k141_2788	505	0.349	2	1.500	0.829	0	0.000	0.000	NA	NA	NA	NA
k141_6762	504	0.415	3	2.000	0.552	1	2.000	0.494	NA	NA	NA	NA
k141_2835	504	0.421	3	1.333	0.612	0	0.000	0.000	NA	NA	NA	NA
k141_6470	504	0.351	1	40.000	1.000	1	52.000	1.000	NA	NA	NA	NA
k141_9720	504	0.359	1	1.000	1.000	3	5.667	0.937	NA	NA	NA	NA
k141_2089	502	0.369	2	4.500	0.866	1	12.000	1.000	NA	NA	NA	NA
k141_487	502	0.384	3	18.667	1.000	1	46.000	1.000	NA	NA	NA	NA
k141_4529	501	0.289	1	2.000	1.000	1	9.000	0.569	NA	NA	NA	NA
k141_8601	501	0.421	3	1.000	0.760	1	1.000	0.958	NA	NA	NA	NA
k141_6535	501	0.383	1	1.000	1.000	0	0.000	0.000	NA	NA	NA	NA
k141_3877	501	0.427	1	3.000	1.000	3	1.000	0.823	NA	NA	NA	NA
k141_10447	501	0.393	1	1.000	1.000	3	1.333	0.607	NA	NA	NA	NA
k141_2076	500	0.408	1	1.000	0.964	2	1.000	0.703	NA	NA	NA	NA
k141_9823	500	0.420	1	1.000	1.000	2	1.000	0.834	NA	NA	NA	NA
k141_9244	500	0.424	1	1.000	0.950	2	2.500	0.886	NA	NA	NA	NA
k141_10356	500	0.386	1	1.000	1.000	0	0.000	0.000	NA	NA	NA	NA
k141_6525	500	0.362	1	1.000	1.000	1	3.000	0.888	NA	NA	NA	NA
k141_10437	500	0.398	2	1.500	0.683	0	0.000	0.000	NA	NA	NA	NA
k141_8565	499	0.417	1	3.000	1.000	2	2.500	0.633	NA	NA	NA	NA
k141_9540	499	0.393	2	5.000	0.995	1	1.000	0.613	NA	NA	NA	NA
k141_405	497	0.394	2	1.000	0.816	1	1.000	1.000	NA	NA	NA	NA
k141_870	497	0.386	1	25.000	1.000	1	4.000	0.984	NA	NA	NA	NA
k141_8726	496	0.397	1	1.000	0.998	0	0.000	0.000	NA	NA	NA	NA
k141_10029	496	0.407	1	1.000	1.000	1	1.000	0.371	NA	NA	NA	NA
k141_7735	496	0.387	1	1.000	0.891	0	0.000	0.000	NA	NA	NA	NA
k141_9670	496	0.440	1	2.000	1.000	3	1.000	0.442	NA	NA	NA	NA
k141_10386	496	0.377	1	8.000	1.000	2	5.000	0.748	NA	NA	NA	NA
k141_5121	495	0.390	1	2.000	1.000	1	1.000	0.164	NA	NA	NA	NA
k141_10290	495	0.366	1	2.000	1.000	2	1.000	0.599	NA	NA	NA	NA
k141_2572	495	0.410	2	1.000	0.731	1	1.000	0.838	NA	NA	NA	NA
k141_4847	494	0.379	3	2.000	0.772	1	2.000	0.455	NA	NA	NA	NA
k141_9824	494	0.383	1	1.000	0.858	4	2.000	0.716	NA	NA	NA	NA
k141_6198	494	0.399	1	2.000	1.000	1	1.000	0.998	NA	NA	NA	NA
k141_9319	494	0.385	1	351.000	1.000	3	39.000	0.767	NA	NA	NA	NA
k141_9993	493	0.408	1	6.000	1.000	3	3.000	0.681	NA	NA	NA	NA
k141_9111	492	0.400	1	14.000	1.000	1	7.000	0.949	NA	NA	NA	NA
k141_10060	492	0.404	1	490.000	1.000	1	127.000	1.000	NA	NA	NA	NA
k141_4820	492	0.409	1	1.000	1.000	0	0.000	0.000	NA	NA	NA	NA
k141_10433	491	0.381	1	63.000	1.000	1	25.000	1.000	NA	NA	NA	NA
k141_9207	491	0.385	3	1.333	0.706	1	4.000	0.621	NA	NA	NA	NA
k141_3004	491	0.381	2	1.500	0.860	1	1.000	0.507	NA	NA	NA	NA
k141_7224	491	0.375	1	2.000	1.000	3	1.000	0.306	NA	NA	NA	NA
k141_6986	491	0.387	1	10.000	1.000	0	0.000	0.000	NA	NA	NA	NA
k141_1494	490	0.373	1	1.000	1.000	2	1.000	0.168	NA	NA	NA	NA
k141_7849	490	0.420	1	2.000	1.000	2	1.000	0.318	NA	NA	NA	NA
k141_9951	490	0.400	1	456.000	1.000	4	64.750	0.876	NA	NA	NA	NA
k141_8292	490	0.424	1	1.000	1.000	4	1.500	0.698	NA	NA	NA	NA
k141_1174	489	0.372	2	1.500	0.832	1	1.000	0.928	NA	NA	NA	NA
k141_1976	489	0.407	2	2.000	0.765	1	3.000	0.963	NA	NA	NA	NA
k141_5530	489	0.380	1	9.000	1.000	1	4.000	0.814	NA	NA	NA	NA
k141_3903	489	0.393	1	2.000	1.000	1	1.000	0.524	NA	NA	NA	NA
k141_5572	489	0.407	1	1.000	1.000	4	3.750	0.968	NA	NA	NA	NA
k141_4151	487	0.380	1	1.000	1.000	0	0.000	0.000	NA	NA	NA	NA
k141_10028	487	0.400	1	358.000	1.000	3	40.333	0.834	NA	NA	NA	NA
k141_7883	487	0.368	1	1.000	1.000	1	1.000	0.232	NA	NA	NA	NA
k141_10518	487	0.419	1	2.000	1.000	2	3.500	0.597	NA	NA	NA	NA
k141_1825	487	0.374	1	1.000	0.924	2	1.000	0.567	NA	NA	NA	NA
k141_9561	486	0.432	1	1.000	1.000	1	1.000	0.895	NA	NA	NA	NA
k141_9922	486	0.385	1	17.000	1.000	3	83.333	0.820	NA	NA	NA	NA
k141_1859	485	0.400	1	2.000	1.000	1	1.000	0.520	NA	NA	NA	NA
k141_8467	485	0.355	1	4.000	1.000	1	1.000	0.243	NA	NA	NA	NA
k141_1501	485	0.445	1	2.000	1.000	1	1.000	0.800	NA	NA	NA	NA
k141_7497	485	0.386	3	1.000	0.654	0	0.000	0.000	NA	NA	NA	NA
k141_4276	485	0.404	3	2.333	0.921	0	0.000	0.000	NA	NA	NA	NA
k141_9114	484	0.415	1	1.000	1.000	1	1.000	0.769	NA	NA	NA	NA
k141_8871	484	0.403	1	1045.000	1.000	4	101.000	0.896	NA	NA	NA	NA
k141_9398	484	0.399	1	1.000	1.000	0	0.000	0.000	NA	NA	NA	NA
k141_4617	484	0.376	1	2.000	1.000	0	0.000	0.000	NA	NA	NA	NA
k141_7510	484	0.409	1	1.000	1.000	0	0.000	0.000	NA	NA	NA	NA
k141_1776	483	0.358	1	1.000	1.000	0	0.000	0.000	NA	NA	NA	NA
k141_4813	483	0.400	1	1.000	1.000	0	0.000	0.000	NA	NA	NA	NA
k141_8130	483	0.404	3	3.000	0.903	1	5.000	1.000	NA	NA	NA	NA
k141_52	483	0.418	1	2.000	1.000	3	6.000	0.692	NA	NA	NA	NA
k141_9292	483	0.414	1	1.000	1.000	3	2.333	0.749	NA	NA	NA	NA
k141_7001	483	0.398	1	1.000	0.957	1	1.000	0.708	NA	NA	NA	NA
k141_5214	483	0.379	2	2.000	0.857	0	0.000	0.000	NA	NA	NA	NA
k141_9544	483	0.387	1	2.000	1.000	3	1.333	0.678	NA	NA	NA	NA
k141_8437	483	0.387	1	11.000	0.990	3	3.667	0.674	NA	NA	NA	NA
k141_7625	482	0.388	2	1.000	0.760	1	2.000	0.614	NA	NA	NA	NA
k141_4801	482	0.396	1	1.000	1.000	1	2.000	0.539	NA	NA	NA	NA
k141_3768	482	0.405	3	4.667	0.977	1	11.000	0.932	NA	NA	NA	NA
k141_5816	481	0.380	1	1.000	0.726	1	1.000	0.622	NA	NA	NA	NA
k141_10302	480	0.367	3	1.000	0.969	0	0.000	0.000	NA	NA	NA	NA
k141_7007	480	0.379	1	4.000	1.000	0	0.000	0.000	NA	NA	NA	NA
k141_1505	480	0.419	1	1.000	1.000	3	1.000	0.759	NA	NA	NA	NA
k141_2104	480	0.398	1	1.000	0.988	3	1.000	0.443	NA	NA	NA	NA
k141_9137	480	0.415	1	1.000	1.000	0	0.000	0.000	NA	NA	NA	NA
k141_7526	480	0.390	1	429.000	1.000	4	44.000	0.921	NA	NA	NA	NA
k141_10381	479	0.395	1	1.000	1.000	1	1.000	0.962	NA	NA	NA	NA
k141_7874	479	0.372	2	1.500	0.793	0	0.000	0.000	NA	NA	NA	NA
k141_10405	479	0.403	1	1.000	1.000	1	3.000	0.580	NA	NA	NA	NA
k141_9931	479	0.357	1	1.000	1.000	2	1.000	0.435	NA	NA	NA	NA
k141_9619	478	0.387	2	1.000	0.888	0	0.000	0.000	NA	NA	NA	NA
k141_2794	477	0.371	1	1.000	0.994	1	1.000	0.392	NA	NA	NA	NA
k141_1410	476	0.387	1	6.000	1.000	5	1.600	0.739	NA	NA	NA	NA
k141_9219	476	0.395	1	1.000	1.000	1	1.000	0.372	NA	NA	NA	NA
k141_6326	476	0.387	2	1.500	0.963	0	0.000	0.000	NA	NA	NA	NA
k141_6114	476	0.384	1	1.000	0.935	0	0.000	0.000	NA	NA	NA	NA
k141_8407	475	0.402	1	398.000	1.000	3	77.667	0.881	NA	NA	NA	NA
k141_7036	475	0.415	2	1.000	0.468	1	1.000	0.724	NA	NA	NA	NA
k141_9598	475	0.392	3	2.333	0.965	1	3.000	0.914	NA	NA	NA	NA
k141_9856	474	0.352	1	36.000	1.000	7	22.429	0.763	NA	NA	NA	NA
k141_2608	474	0.414	2	1.000	0.603	1	1.000	0.867	NA	NA	NA	NA
k141_5164	474	0.401	2	1.000	0.620	0	0.000	0.000	NA	NA	NA	NA
k141_746	474	0.392	4	1.500	0.866	1	2.000	0.614	NA	NA	NA	NA
k141_9750	473	0.410	1	1.000	1.000	1	1.000	0.939	NA	NA	NA	NA
k141_2052	473	0.362	1	3.000	1.000	1	2.000	0.996	NA	NA	NA	NA
k141_5738	473	0.366	1	1.000	1.000	0	0.000	0.000	NA	NA	NA	NA
k141_2937	473	0.400	2	1.000	0.601	1	1.000	0.205	NA	NA	NA	NA
k141_6946	472	0.381	2	1.000	0.769	1	1.000	0.782	NA	NA	NA	NA
k141_9214	472	0.383	1	2.000	1.000	1	2.000	0.731	NA	NA	NA	NA
k141_3042	472	0.424	1	1.000	1.000	3	1.667	0.604	NA	NA	NA	NA
k141_3948	472	0.386	1	1.000	1.000	0	0.000	0.000	NA	NA	NA	NA
k141_9671	471	0.399	1	1.000	1.000	1	1.000	0.136	NA	NA	NA	NA
k141_8474	471	0.393	1	1.000	1.000	0	0.000	0.000	NA	NA	NA	NA
k141_4535	471	0.435	1	1.000	1.000	2	3.000	0.826	NA	NA	NA	NA
k141_3931	471	0.420	2	1.000	0.961	0	0.000	0.000	NA	NA	NA	NA
k141_6553	471	0.397	1	51.000	1.000	1	16.000	0.994	NA	NA	NA	NA
k141_484	471	0.350	1	3.000	1.000	1	4.000	0.890	NA	NA	NA	NA
k141_9297	470	0.396	1	2.000	1.000	4	2.250	0.556	NA	NA	NA	NA
k141_508	470	0.409	3	1.333	0.581	1	1.000	0.366	NA	NA	NA	NA
k141_1595	469	0.301	1	8.000	1.000	1	17.000	1.000	NA	NA	NA	NA
k141_9359	469	0.422	1	1.000	1.000	1	2.000	0.748	NA	NA	NA	NA
k141_6767	469	0.412	1	1.000	1.000	1	1.000	0.162	NA	NA	NA	NA
k141_5914	468	0.372	1	124.000	1.000	4	32.750	0.789	NA	NA	NA	NA
k141_4412	468	0.372	1	1.000	1.000	2	1.000	0.629	NA	NA	NA	NA
k141_9403	468	0.363	1	1.000	1.000	4	3.000	0.374	NA	NA	NA	NA
k141_5424	468	0.400	1	3.000	1.000	5	1.600	0.532	NA	NA	NA	NA
k141_2785	467	0.426	3	1.000	0.782	0	0.000	0.000	NA	NA	NA	NA
k141_4695	467	0.390	2	2.000	0.838	1	1.000	0.358	NA	NA	NA	NA
k141_6166	467	0.418	1	1.000	0.946	0	0.000	0.000	NA	NA	NA	NA
k141_1762	466	0.416	1	2.000	1.000	0	0.000	0.000	NA	NA	NA	NA
k141_8564	465	0.370	1	1.000	1.000	0	0.000	0.000	NA	NA	NA	NA
k141_9730	465	0.398	1	1.000	1.000	3	1.333	0.676	NA	NA	NA	NA
k141_8840	465	0.361	2	1.000	0.797	0	0.000	0.000	NA	NA	NA	NA
k141_647	465	0.359	1	1.000	1.000	3	1.333	0.553	NA	NA	NA	NA
k141_4157	465	0.419	1	1.000	1.000	4	2.000	0.841	NA	NA	NA	NA
k141_6557	465	0.387	2	3.000	0.916	1	1.000	0.925	NA	NA	NA	NA
k141_1845	464	0.422	1	1.000	1.000	2	1.500	0.792	NA	NA	NA	NA
k141_5300	464	0.390	3	1.000	0.850	1	1.000	0.720	NA	NA	NA	NA
k141_9746	464	0.397	1	1.000	1.000	0	0.000	0.000	NA	NA	NA	NA
k141_612	463	0.369	2	2.500	0.915	1	5.000	1.000	NA	NA	NA	NA
k141_1519	463	0.404	1	1.000	1.000	4	3.000	0.747	NA	NA	NA	NA
k141_10108	462	0.424	2	1.000	0.963	0	0.000	0.000	NA	NA	NA	NA
k141_8477	462	0.418	2	1.500	0.788	1	3.000	0.758	NA	NA	NA	NA
k141_7284	462	0.431	2	1.500	0.963	1	1.000	0.874	NA	NA	NA	NA
k141_4202	462	0.385	1	2.000	1.000	1	1.000	0.394	NA	NA	NA	NA
k141_10288	462	0.426	1	1.000	1.000	1	1.000	0.403	NA	NA	NA	NA
k141_2602	462	0.433	1	1.000	1.000	0	0.000	0.000	NA	NA	NA	NA
k141_4497	462	0.387	2	1.000	0.686	1	1.000	0.374	NA	NA	NA	NA
k141_4629	461	0.356	3	1.000	0.732	1	2.000	0.577	NA	NA	NA	NA
k141_3667	461	0.377	3	4.667	0.999	1	12.000	1.000	NA	NA	NA	NA
k141_7207	461	0.408	1	8.000	1.000	5	21.400	0.732	NA	NA	NA	NA
k141_4366	460	0.383	3	1.667	0.443	1	1.000	0.715	NA	NA	NA	NA
k141_9116	460	0.391	3	6.000	0.978	1	14.000	0.970	NA	NA	NA	NA
k141_7437	460	0.365	1	2.000	1.000	2	4.500	0.620	NA	NA	NA	NA
k141_8544	460	0.407	1	1.000	1.000	0	0.000	0.000	NA	NA	NA	NA
k141_9634	459	0.407	1	3.000	1.000	4	2.750	0.875	NA	NA	NA	NA
k141_3286	459	0.366	1	2.000	1.000	1	1.000	0.407	NA	NA	NA	NA
k141_10353	459	0.390	1	14.000	1.000	1	38.000	1.000	NA	NA	NA	NA
k141_9483	459	0.423	2	1.000	0.754	0	0.000	0.000	NA	NA	NA	NA
k141_10214	459	0.388	1	1.000	1.000	0	0.000	0.000	NA	NA	NA	NA
k141_9788	458	0.380	1	9.000	1.000	1	1.000	0.561	NA	NA	NA	NA
k141_2619	458	0.400	1	1.000	0.801	4	1.500	0.846	NA	NA	NA	NA
k141_10452	458	0.443	1	1.000	1.000	3	1.667	0.892	NA	NA	NA	NA
k141_4979	458	0.378	1	2.000	0.828	2	2.000	0.834	NA	NA	NA	NA
k141_4972	458	0.395	2	1.000	0.797	1	1.000	0.498	NA	NA	NA	NA
k141_9930	457	0.405	1	3.000	1.000	1	1.000	0.247	NA	NA	NA	NA
k141_661	457	0.381	1	2.000	1.000	0	0.000	0.000	NA	NA	NA	NA
k141_470	457	0.405	3	1.333	0.810	0	0.000	0.000	NA	NA	NA	NA
k141_4155	456	0.382	1	1.000	1.000	1	1.000	0.768	NA	NA	NA	NA
k141_7218	456	0.360	1	2.000	1.000	3	80.333	0.487	NA	NA	NA	NA
k141_2379	455	0.411	1	1.000	1.000	0	0.000	0.000	NA	NA	NA	NA
k141_9155	455	0.360	1	1.000	1.000	0	0.000	0.000	NA	NA	NA	NA
k141_9418	455	0.376	1	1.000	1.000	0	0.000	0.000	NA	NA	NA	NA
k141_7364	454	0.366	3	1.333	0.729	1	2.000	0.694	NA	NA	NA	NA
k141_9911	454	0.401	2	3.000	0.982	1	5.000	0.885	NA	NA	NA	NA
k141_10054	454	0.370	1	1.000	1.000	0	0.000	0.000	NA	NA	NA	NA
k141_8494	453	0.442	2	1.000	0.709	0	0.000	0.000	NA	NA	NA	NA
k141_4556	453	0.371	1	6.000	1.000	0	0.000	0.000	NA	NA	NA	NA
k141_4840	453	0.391	2	1.000	0.949	0	0.000	0.000	NA	NA	NA	NA
k141_6697	453	0.395	1	2.000	1.000	1	1.000	0.965	NA	NA	NA	NA
k141_1181	453	0.424	2	1.500	0.825	1	2.000	0.757	NA	NA	NA	NA
k141_3690	453	0.411	1	1.000	1.000	3	1.667	0.610	NA	NA	NA	NA
k141_4784	452	0.431	2	1.000	0.946	1	5.000	0.854	NA	NA	NA	NA
k141_6408	452	0.378	2	1.000	0.913	1	5.000	0.650	NA	NA	NA	NA
k141_6498	452	0.367	1	1.000	0.996	0	0.000	0.000	NA	NA	NA	NA
k141_8377	452	0.398	1	1.000	1.000	1	2.000	0.947	NA	NA	NA	NA
k141_9022	452	0.396	1	197.000	1.000	2	12.500	0.956	NA	NA	NA	NA
k141_5186	451	0.388	1	1.000	0.672	2	1.500	0.598	NA	NA	NA	NA
k141_10468	451	0.388	4	1.000	0.778	0	0.000	0.000	NA	NA	NA	NA
k141_9751	451	0.419	1	3.000	1.000	1	4.000	0.896	NA	NA	NA	NA
k141_10062	451	0.435	2	1.000	0.946	0	0.000	0.000	NA	NA	NA	NA
k141_9976	451	0.426	1	1.000	1.000	1	1.000	0.869	NA	NA	NA	NA
k141_7793	450	0.402	1	1.000	0.980	2	3.000	0.852	NA	NA	NA	NA
k141_9860	450	0.387	3	1.333	0.777	1	2.000	0.413	NA	NA	NA	NA
k141_7091	450	0.387	2	3.000	0.969	1	1.000	0.840	NA	NA	NA	NA
k141_1128	450	0.433	3	4.667	0.943	1	2.000	0.736	NA	NA	NA	NA
k141_9165	449	0.419	1	1.000	1.000	0	0.000	0.000	NA	NA	NA	NA
k141_6701	449	0.408	1	2.000	1.000	4	1.000	0.722	NA	NA	NA	NA
k141_5728	449	0.372	2	1.000	0.728	0	0.000	0.000	NA	NA	NA	NA
k141_4388	448	0.413	1	2.000	1.000	2	1.000	0.374	NA	NA	NA	NA
k141_10026	448	0.417	1	3.000	1.000	0	0.000	0.000	NA	NA	NA	NA
k141_7192	448	0.424	1	1.000	1.000	1	2.000	1.000	NA	NA	NA	NA
k141_6872	448	0.420	1	2.000	1.000	3	1.333	0.857	NA	NA	NA	NA
k141_9102	448	0.411	2	1.000	0.570	1	1.000	0.828	NA	NA	NA	NA
k141_9989	447	0.427	1	1.000	1.000	0	0.000	0.000	NA	NA	NA	NA
k141_9293	447	0.409	3	1.000	0.632	1	1.000	0.702	NA	NA	NA	NA
k141_9120	447	0.394	1	3.000	1.000	3	1.000	0.485	NA	NA	NA	NA
k141_6335	447	0.391	2	1.000	1.000	0	0.000	0.000	NA	NA	NA	NA
k141_2813	447	0.378	1	2.000	1.000	1	1.000	1.000	NA	NA	NA	NA
k141_511	447	0.311	1	10.000	1.000	3	6.333	0.858	NA	NA	NA	NA
k141_6960	446	0.383	1	1.000	1.000	0	0.000	0.000	NA	NA	NA	NA
k141_3075	446	0.413	1	2.000	1.000	1	2.000	0.933	NA	NA	NA	NA
k141_6310	445	0.380	1	1.000	1.000	1	1.000	0.984	NA	NA	NA	NA
k141_8401	445	0.398	1	2.000	1.000	0	0.000	0.000	NA	NA	NA	NA
k141_2827	445	0.402	1	1.000	1.000	0	0.000	0.000	NA	NA	NA	NA
k141_8320	445	0.375	2	2.000	0.791	1	1.000	0.202	NA	NA	NA	NA
k141_2883	445	0.337	1	4.000	1.000	2	1.000	0.691	NA	NA	NA	NA
k141_7116	445	0.418	1	1.000	1.000	1	1.000	0.571	NA	NA	NA	NA
k141_9336	445	0.429	1	3.000	1.000	3	2.333	0.767	NA	NA	NA	NA
k141_2575	444	0.374	2	1.000	0.759	1	1.000	0.786	NA	NA	NA	NA
k141_6816	444	0.378	1	2.000	1.000	3	2.333	0.849	NA	NA	NA	NA
k141_6593	444	0.394	2	2.000	0.952	1	3.000	1.000	NA	NA	NA	NA
k141_6022	444	0.428	3	2.000	0.947	1	3.000	1.000	NA	NA	NA	NA
k141_9414	444	0.381	1	1.000	0.872	1	5.000	0.998	NA	NA	NA	NA
k141_9777	444	0.448	1	2.000	1.000	0	0.000	0.000	NA	NA	NA	NA
k141_135	444	0.358	3	3.667	1.000	1	11.000	1.000	NA	NA	NA	NA
k141_4336	444	0.396	2	1.500	0.718	1	1.000	0.162	NA	NA	NA	NA
k141_3873	444	0.360	1	1.000	0.811	1	1.000	0.545	NA	NA	NA	NA
k141_7469	443	0.379	2	1.000	0.673	0	0.000	0.000	NA	NA	NA	NA
k141_6401	443	0.379	1	1.000	0.792	1	3.000	0.939	NA	NA	NA	NA
k141_5348	443	0.359	1	65.000	1.000	2	35.500	0.804	NA	NA	NA	NA
k141_10014	443	0.422	2	1.500	0.960	0	0.000	0.000	NA	NA	NA	NA
k141_5405	443	0.433	1	4.000	1.000	0	0.000	0.000	NA	NA	NA	NA
k141_2779	442	0.425	3	1.333	0.772	1	10.000	1.000	NA	NA	NA	NA
k141_3929	442	0.382	1	1.000	1.000	2	2.000	0.840	NA	NA	NA	NA
k141_9132	442	0.441	1	2.000	1.000	3	1.000	0.577	NA	NA	NA	NA
k141_9648	442	0.414	1	2.000	1.000	2	1.000	0.317	NA	NA	NA	NA
k141_8842	442	0.371	1	1.000	0.799	1	1.000	0.851	NA	NA	NA	NA
k141_457	442	0.403	3	1.000	0.925	1	1.000	0.629	NA	NA	NA	NA
k141_8750	442	0.382	2	2.000	0.748	1	2.000	0.710	NA	NA	NA	NA
k141_3983	441	0.379	1	2.000	1.000	3	3.000	0.902	NA	NA	NA	NA
k141_6471	440	0.425	1	1.000	0.882	4	1.000	0.693	NA	NA	NA	NA
k141_4211	440	0.375	1	1.000	1.000	1	4.000	0.955	NA	NA	NA	NA
k141_7518	440	0.441	3	2.667	0.999	1	1.000	0.843	NA	NA	NA	NA
k141_9792	440	0.400	3	1.333	0.748	1	6.000	1.000	NA	NA	NA	NA
k141_761	440	0.359	1	2.000	1.000	3	1.333	0.723	NA	NA	NA	NA
k141_10316	439	0.394	3	1.000	0.905	1	1.000	0.558	NA	NA	NA	NA
k141_7353	439	0.358	1	1.000	0.656	1	1.000	0.606	NA	NA	NA	NA
k141_8067	439	0.376	1	3.000	1.000	0	0.000	0.000	NA	NA	NA	NA
k141_2003	439	0.374	1	1.000	1.000	0	0.000	0.000	NA	NA	NA	NA
k141_8527	439	0.424	1	3.000	1.000	3	2.000	0.793	NA	NA	NA	NA
k141_10442	438	0.397	1	144.000	1.000	1	62.000	1.000	NA	NA	NA	NA
k141_8969	438	0.384	3	3.333	0.887	1	4.000	0.947	NA	NA	NA	NA
k141_1911	438	0.377	1	1.000	1.000	3	1.000	0.645	NA	NA	NA	NA
k141_6272	438	0.374	1	2.000	1.000	5	1.600	0.862	NA	NA	NA	NA
k141_2440	437	0.384	1	1.000	1.000	0	0.000	0.000	NA	NA	NA	NA
k141_10487	437	0.416	1	1.000	1.000	1	1.000	0.945	NA	NA	NA	NA
k141_1165	437	0.453	2	1.000	0.888	1	1.000	0.595	NA	NA	NA	NA
k141_5436	437	0.378	1	1.000	1.000	1	1.000	0.668	NA	NA	NA	NA
k141_971	437	0.444	1	1.000	1.000	1	2.000	0.945	NA	NA	NA	NA
k141_36	437	0.330	1	6.000	1.000	2	2.500	0.764	NA	NA	NA	NA
k141_10463	437	0.391	1	2.000	1.000	0	0.000	0.000	NA	NA	NA	NA
k141_6597	437	0.380	1	1.000	0.966	2	1.000	0.976	NA	NA	NA	NA
k141_8825	437	0.366	1	2.000	1.000	3	1.333	0.829	NA	NA	NA	NA
k141_9923	436	0.369	1	2.000	1.000	2	2.500	0.595	NA	NA	NA	NA
k141_3507	436	0.369	2	2.000	0.568	0	0.000	0.000	NA	NA	NA	NA
k141_10149	435	0.386	2	1.000	0.763	1	3.000	0.961	NA	NA	NA	NA
k141_10383	435	0.375	2	1.000	0.866	0	0.000	0.000	NA	NA	NA	NA
k141_10540	435	0.368	1	1.000	1.000	0	0.000	0.000	NA	NA	NA	NA
k141_6633	435	0.379	1	1.000	1.000	2	1.000	0.601	NA	NA	NA	NA
k141_7551	435	0.379	1	1.000	1.000	3	1.000	0.523	NA	NA	NA	NA
k141_6679	435	0.434	2	1.000	0.640	0	0.000	0.000	NA	NA	NA	NA
k141_1809	435	0.382	1	1.000	1.000	3	1.000	0.451	NA	NA	NA	NA
k141_5641	434	0.424	1	1.000	1.000	1	1.000	0.638	NA	NA	NA	NA
k141_10162	434	0.408	1	1.000	1.000	0	0.000	0.000	NA	NA	NA	NA
k141_4775	434	0.387	1	4.000	1.000	4	2.000	0.589	NA	NA	NA	NA
k141_4718	434	0.387	1	1.000	0.599	1	2.000	0.465	NA	NA	NA	NA
k141_9393	434	0.424	1	2.000	1.000	1	1.000	0.940	NA	NA	NA	NA
k141_8	434	0.415	1	1.000	1.000	2	4.500	0.955	NA	NA	NA	NA
k141_7361	434	0.401	1	1.000	0.705	2	1.500	0.743	NA	NA	NA	NA
k141_8947	433	0.379	3	3.000	0.891	1	8.000	0.674	NA	NA	NA	NA
k141_10004	433	0.432	2	1.000	0.963	1	1.000	0.758	NA	NA	NA	NA
k141_5175	433	0.291	1	8.000	1.000	3	9.000	0.731	NA	NA	NA	NA
k141_8884	433	0.339	2	1.500	0.711	0	0.000	0.000	NA	NA	NA	NA
k141_8016	432	0.438	3	1.333	0.920	1	3.000	0.926	NA	NA	NA	NA
k141_6003	432	0.407	1	1.000	1.000	0	0.000	0.000	NA	NA	NA	NA
k141_5147	432	0.363	1	2.000	1.000	1	14.000	1.000	NA	NA	NA	NA
k141_8683	431	0.418	2	1.500	0.753	1	2.000	0.513	NA	NA	NA	NA
k141_10343	431	0.411	1	2.000	1.000	4	4.500	0.854	NA	NA	NA	NA
k141_7575	431	0.371	2	2.000	0.973	0	0.000	0.000	NA	NA	NA	NA
k141_887	431	0.394	1	1.000	1.000	0	0.000	0.000	NA	NA	NA	NA
k141_2421	431	0.392	3	4.333	0.871	1	11.000	1.000	NA	NA	NA	NA
k141_5727	430	0.363	1	1.000	1.000	1	1.000	0.821	NA	NA	NA	NA
k141_2361	430	0.426	1	1.000	1.000	0	0.000	0.000	NA	NA	NA	NA
k141_168	430	0.409	1	1.000	1.000	1	1.000	0.993	NA	NA	NA	NA
k141_10479	430	0.398	1	1.000	1.000	0	0.000	0.000	NA	NA	NA	NA
k141_5218	430	0.379	2	1.500	0.859	1	1.000	0.923	NA	NA	NA	NA
k141_2413	430	0.398	1	1.000	1.000	3	2.000	0.881	NA	NA	NA	NA
k141_10333	429	0.408	1	2.000	1.000	6	2.833	0.766	NA	NA	NA	NA
k141_4966	429	0.415	1	3.000	1.000	0	0.000	0.000	NA	NA	NA	NA
k141_2500	429	0.417	1	1.000	1.000	0	0.000	0.000	NA	NA	NA	NA
k141_8491	429	0.431	1	2.000	1.000	2	1.500	0.670	NA	NA	NA	NA
k141_5769	429	0.389	1	3.000	1.000	1	2.000	0.965	NA	NA	NA	NA
k141_9556	429	0.406	1	3.000	1.000	1	1.000	0.200	NA	NA	NA	NA
k141_3516	428	0.411	2	1.000	0.797	0	0.000	0.000	NA	NA	NA	NA
k141_3240	428	0.388	4	2.500	0.891	1	1.000	1.000	NA	NA	NA	NA
k141_3808	428	0.421	1	2.000	1.000	0	0.000	0.000	NA	NA	NA	NA
k141_3720	428	0.386	1	1.000	1.000	0	0.000	0.000	NA	NA	NA	NA
k141_2526	428	0.381	1	4.000	1.000	1	3.000	0.977	NA	NA	NA	NA
k141_4816	428	0.371	4	2.000	0.879	1	4.000	0.558	NA	NA	NA	NA
k141_6214	428	0.395	1	2.000	1.000	7	2.143	0.634	NA	NA	NA	NA
k141_4206	428	0.446	3	2.000	0.912	1	3.000	0.988	NA	NA	NA	NA
k141_7093	428	0.364	1	3.000	1.000	1	1.000	0.967	NA	NA	NA	NA
k141_10040	428	0.416	1	1.000	1.000	0	0.000	0.000	NA	NA	NA	NA
k141_2675	428	0.414	2	1.000	0.704	1	2.000	0.951	NA	NA	NA	NA
k141_9001	428	0.402	1	1.000	1.000	3	2.333	0.712	NA	NA	NA	NA
k141_6120	428	0.409	2	1.500	0.807	1	4.000	0.780	NA	NA	NA	NA
k141_1291	427	0.436	1	1.000	0.815	1	4.000	0.913	NA	NA	NA	NA
k141_3202	427	0.375	1	1.000	1.000	0	0.000	0.000	NA	NA	NA	NA
k141_594	427	0.290	1	5.000	1.000	1	6.000	0.670	NA	NA	NA	NA
k141_9687	427	0.445	2	2.000	0.965	0	0.000	0.000	NA	NA	NA	NA
k141_6042	427	0.386	3	1.000	0.793	1	4.000	0.693	NA	NA	NA	NA
k141_9570	427	0.424	3	5.000	0.979	1	4.000	0.979	NA	NA	NA	NA
k141_6857	426	0.420	1	1.000	1.000	1	1.000	0.838	NA	NA	NA	NA
k141_5304	426	0.340	1	7.000	1.000	0	0.000	0.000	NA	NA	NA	NA
k141_6417	425	0.428	1	1.000	1.000	2	2.000	0.946	NA	NA	NA	NA
k141_7773	425	0.386	1	3.000	1.000	0	0.000	0.000	NA	NA	NA	NA
k141_5867	425	0.391	2	1.500	0.775	0	0.000	0.000	NA	NA	NA	NA
k141_5115	425	0.407	3	1.000	0.771	0	0.000	0.000	NA	NA	NA	NA
k141_1827	425	0.393	1	1.000	1.000	1	1.000	0.856	NA	NA	NA	NA
k141_5754	425	0.384	1	1.000	0.835	2	1.000	0.429	NA	NA	NA	NA
k141_9538	425	0.355	1	1.000	1.000	1	1.000	0.214	NA	NA	NA	NA
k141_3666	424	0.420	1	1.000	1.000	1	1.000	0.608	NA	NA	NA	NA
k141_6911	424	0.429	2	1.000	0.787	0	0.000	0.000	NA	NA	NA	NA
k141_7926	424	0.387	3	2.333	0.619	1	7.000	0.962	NA	NA	NA	NA
k141_10486	424	0.422	1	1.000	1.000	1	1.000	0.903	NA	NA	NA	NA
k141_5588	424	0.399	1	1.000	1.000	1	1.000	0.410	NA	NA	NA	NA
k141_6397	423	0.352	1	7.000	1.000	4	20.500	0.612	NA	NA	NA	NA
k141_7817	423	0.374	1	1.000	1.000	1	110.000	1.000	NA	NA	NA	NA
k141_3445	422	0.410	2	2.500	0.979	1	1.000	0.552	NA	NA	NA	NA
k141_5438	422	0.379	1	1.000	0.630	0	0.000	0.000	NA	NA	NA	NA
k141_6341	422	0.410	1	1.000	0.945	2	1.000	0.806	NA	NA	NA	NA
k141_147	422	0.410	2	2.000	0.775	1	2.000	0.697	NA	NA	NA	NA
k141_1284	422	0.386	1	1.000	1.000	1	1.000	0.995	NA	NA	NA	NA
k141_9552	422	0.389	2	1.000	0.594	1	1.000	0.780	NA	NA	NA	NA
k141_10102	421	0.349	1	1.000	1.000	0	0.000	0.000	NA	NA	NA	NA
k141_1898	421	0.352	1	1.000	1.000	1	2.000	1.000	NA	NA	NA	NA
k141_6485	421	0.392	1	1.000	1.000	4	1.250	0.509	NA	NA	NA	NA
k141_7063	420	0.367	1	1.000	1.000	6	1.167	0.791	NA	NA	NA	NA
k141_6150	420	0.412	2	1.000	0.871	1	1.000	0.674	NA	NA	NA	NA
k141_4575	420	0.419	2	1.000	0.614	0	0.000	0.000	NA	NA	NA	NA
k141_5002	419	0.406	1	1.000	1.000	2	1.000	0.369	NA	NA	NA	NA
k141_1021	419	0.375	1	1.000	0.859	0	0.000	0.000	NA	NA	NA	NA
k141_9224	419	0.375	2	1.000	0.982	0	0.000	0.000	NA	NA	NA	NA
k141_4796	419	0.420	1	1.000	1.000	2	1.000	0.665	NA	NA	NA	NA
k141_10362	419	0.420	1	1.000	1.000	4	1.500	0.724	NA	NA	NA	NA
k141_10096	419	0.420	1	3.000	1.000	0	0.000	0.000	NA	NA	NA	NA
k141_1143	419	0.411	1	1.000	1.000	1	1.000	0.594	NA	NA	NA	NA
k141_6583	419	0.411	1	1.000	1.000	1	1.000	0.800	NA	NA	NA	NA
k141_2481	419	0.394	1	1.000	1.000	2	1.000	0.597	NA	NA	NA	NA
k141_6140	418	0.421	2	1.000	0.694	0	0.000	0.000	NA	NA	NA	NA
k141_7591	418	0.411	1	1.000	0.844	2	1.000	0.455	NA	NA	NA	NA
k141_5702	418	0.445	1	1.000	1.000	0	0.000	0.000	NA	NA	NA	NA
k141_5136	418	0.419	1	1.000	0.935	0	0.000	0.000	NA	NA	NA	NA
k141_5862	417	0.376	1	3.000	1.000	1	1.000	0.338	NA	NA	NA	NA
k141_10398	417	0.381	1	1.000	1.000	0	0.000	0.000	NA	NA	NA	NA
k141_1634	417	0.367	2	1.000	0.576	1	1.000	0.259	NA	NA	NA	NA
k141_1524	417	0.427	1	2.000	1.000	1	1.000	0.871	NA	NA	NA	NA
k141_1989	417	0.405	1	1.000	1.000	1	2.000	0.875	NA	NA	NA	NA
k141_8592	417	0.412	1	1.000	1.000	2	6.000	0.764	NA	NA	NA	NA
k141_5682	417	0.333	1	10.000	1.000	1	18.000	1.000	NA	NA	NA	NA
k141_4566	417	0.393	2	1.500	0.652	1	2.000	0.604	NA	NA	NA	NA
k141_7346	417	0.384	2	2.000	0.910	1	1.000	0.880	NA	NA	NA	NA
k141_10047	417	0.429	1	1.000	1.000	2	1.500	0.535	NA	NA	NA	NA
k141_3135	416	0.404	2	2.000	0.957	0	0.000	0.000	NA	NA	NA	NA
k141_5692	416	0.413	2	1.000	0.971	1	1.000	0.853	NA	NA	NA	NA
k141_6180	416	0.399	2	1.500	0.999	1	1.000	0.755	NA	NA	NA	NA
k141_8499	416	0.428	1	8.000	1.000	4	5.750	0.832	NA	NA	NA	NA
k141_1011	416	0.375	1	1.000	0.998	4	1.000	0.433	NA	NA	NA	NA
k141_10183	416	0.373	1	1.000	1.000	0	0.000	0.000	NA	NA	NA	NA
k141_9128	416	0.416	4	1.250	0.637	1	1.000	0.385	NA	NA	NA	NA
k141_8380	415	0.378	3	1.667	0.817	1	1.000	0.959	NA	NA	NA	NA
k141_3519	415	0.422	1	1.000	1.000	0	0.000	0.000	NA	NA	NA	NA
k141_3742	415	0.405	1	84.000	1.000	2	27.500	0.905	NA	NA	NA	NA
k141_3788	415	0.405	3	1.000	0.651	1	2.000	1.000	NA	NA	NA	NA
k141_3705	415	0.393	1	7.000	1.000	3	5.000	0.722	NA	NA	NA	NA
k141_10359	415	0.429	1	2.000	1.000	4	1.500	0.781	NA	NA	NA	NA
k141_6131	415	0.429	1	2.000	1.000	1	2.000	0.335	NA	NA	NA	NA
k141_3752	415	0.427	1	2.000	1.000	5	1.800	0.411	NA	NA	NA	NA
k141_3173	415	0.364	2	1.000	0.633	0	0.000	0.000	NA	NA	NA	NA
k141_7032	415	0.398	1	2.000	1.000	0	0.000	0.000	NA	NA	NA	NA
k141_9235	415	0.386	3	1.000	0.741	1	1.000	0.477	NA	NA	NA	NA
k141_2166	415	0.395	3	1.333	0.851	1	3.000	0.998	NA	NA	NA	NA
k141_4732	414	0.401	1	1.000	1.000	0	0.000	0.000	NA	NA	NA	NA
k141_10022	414	0.423	1	1.000	1.000	4	2.500	0.858	NA	NA	NA	NA
k141_10387	414	0.382	1	1.000	1.000	2	2.500	0.862	NA	NA	NA	NA
k141_8255	414	0.411	3	1.333	0.955	1	3.000	0.940	NA	NA	NA	NA
k141_4415	414	0.401	1	2.000	1.000	2	2.000	0.777	NA	NA	NA	NA
k141_9050	414	0.391	1	1.000	1.000	1	1.000	0.524	NA	NA	NA	NA
k141_999	414	0.386	1	1.000	1.000	0	0.000	0.000	NA	NA	NA	NA
k141_9811	413	0.407	1	7.000	1.000	1	1.000	0.288	NA	NA	NA	NA
k141_3139	413	0.390	2	1.500	0.987	1	3.000	0.920	NA	NA	NA	NA
k141_6959	412	0.391	2	2.000	0.601	1	1.000	0.153	NA	NA	NA	NA
k141_4343	412	0.371	1	1.000	0.898	0	0.000	0.000	NA	NA	NA	NA
k141_3898	412	0.420	1	1.000	1.000	1	1.000	0.711	NA	NA	NA	NA
k141_10239	411	0.409	2	1.000	0.898	0	0.000	0.000	NA	NA	NA	NA
k141_9987	411	0.436	1	1.000	1.000	0	0.000	0.000	NA	NA	NA	NA
k141_9604	411	0.365	1	2.000	1.000	0	0.000	0.000	NA	NA	NA	NA
k141_9568	411	0.377	1	2.000	1.000	1	1.000	0.822	NA	NA	NA	NA
k141_1069	411	0.416	1	2.000	1.000	0	0.000	0.000	NA	NA	NA	NA
k141_3799	410	0.434	2	1.000	0.817	1	2.000	0.620	NA	NA	NA	NA
k141_7537	410	0.412	1	1.000	1.000	2	1.500	0.446	NA	NA	NA	NA
k141_1223	410	0.180	1	3.000	1.000	1	3.000	0.310	NA	NA	NA	NA
k141_9058	409	0.384	1	1.000	1.000	0	0.000	0.000	NA	NA	NA	NA
k141_6793	409	0.394	1	1.000	1.000	1	1.000	0.836	NA	NA	NA	NA
k141_6016	409	0.631	1	8.000	1.000	0	0.000	0.000	NA	NA	NA	NA
k141_2941	409	0.377	1	1.000	1.000	0	0.000	0.000	NA	NA	NA	NA
k141_9681	409	0.408	1	1.000	1.000	0	0.000	0.000	NA	NA	NA	NA
k141_1594	408	0.380	1	2.000	1.000	0	0.000	0.000	NA	NA	NA	NA
k141_1081	408	0.417	1	3.000	1.000	0	0.000	0.000	NA	NA	NA	NA
k141_8089	408	0.353	1	6.000	1.000	2	22.000	0.975	NA	NA	NA	NA
k141_6477	408	0.392	2	2.000	0.832	0	0.000	0.000	NA	NA	NA	NA
k141_5034	407	0.405	1	1.000	1.000	1	1.000	0.853	NA	NA	NA	NA
k141_1787	407	0.405	1	1.000	1.000	0	0.000	0.000	NA	NA	NA	NA
k141_6325	407	0.403	1	2.000	1.000	1	1.000	0.528	NA	NA	NA	NA
k141_1558	407	0.366	2	3.500	0.849	1	7.000	0.993	NA	NA	NA	NA
k141_9690	406	0.409	1	1.000	1.000	0	0.000	0.000	NA	NA	NA	NA
k141_5928	406	0.433	2	1.000	0.899	1	1.000	0.803	NA	NA	NA	NA
k141_5263	406	0.414	2	1.000	0.784	1	1.000	0.663	NA	NA	NA	NA
k141_7243	406	0.401	1	3.000	1.000	2	4.000	0.908	NA	NA	NA	NA
k141_10401	405	0.353	1	5.000	1.000	2	5.500	0.698	NA	NA	NA	NA
k141_5562	405	0.368	2	1.500	0.986	0	0.000	0.000	NA	NA	NA	NA
k141_3087	405	0.385	1	1.000	1.000	2	1.500	0.265	NA	NA	NA	NA
k141_3777	405	0.420	1	1.000	1.000	0	0.000	0.000	NA	NA	NA	NA
k141_203	405	0.417	1	1.000	0.805	0	0.000	0.000	NA	NA	NA	NA
k141_4449	405	0.370	1	1.000	0.696	0	0.000	0.000	NA	NA	NA	NA
k141_3415	405	0.417	3	1.000	0.814	1	2.000	0.975	NA	NA	NA	NA
k141_8868	404	0.408	1	1.000	1.000	1	6.000	0.968	NA	NA	NA	NA
k141_6479	404	0.376	1	1.000	1.000	1	1.000	0.926	NA	NA	NA	NA
k141_2401	404	0.366	2	1.000	0.848	1	1.000	1.000	NA	NA	NA	NA
k141_9653	404	0.371	2	2.000	0.891	1	8.000	0.955	NA	NA	NA	NA
k141_7572	404	0.403	1	1.000	0.960	1	1.000	0.998	NA	NA	NA	NA
k141_532	403	0.380	1	15.000	1.000	2	2.000	0.445	NA	NA	NA	NA
k141_6932	403	0.400	1	2.000	1.000	4	1.500	0.605	NA	NA	NA	NA
k141_5646	403	0.395	1	3.000	1.000	4	1.250	0.857	NA	NA	NA	NA
k141_9231	403	0.395	2	1.000	0.928	1	2.000	0.891	NA	NA	NA	NA
k141_8531	403	0.432	1	1.000	1.000	1	1.000	0.665	NA	NA	NA	NA
k141_6412	403	0.382	1	5.000	1.000	1	4.000	0.973	NA	NA	NA	NA
k141_6197	403	0.412	1	1.000	1.000	1	1.000	0.439	NA	NA	NA	NA
k141_5604	403	0.414	1	2.000	1.000	1	2.000	0.839	NA	NA	NA	NA
k141_1234	403	0.422	1	2.000	1.000	1	4.000	0.953	NA	NA	NA	NA
k141_8408	402	0.408	3	1.000	0.763	0	0.000	0.000	NA	NA	NA	NA
k141_3914	402	0.430	1	1.000	1.000	1	1.000	0.420	NA	NA	NA	NA
k141_10128	402	0.391	3	1.000	0.536	0	0.000	0.000	NA	NA	NA	NA
k141_6630	402	0.400	1	1.000	0.943	0	0.000	0.000	NA	NA	NA	NA
k141_8273	402	0.400	1	1.000	1.000	0	0.000	0.000	NA	NA	NA	NA
k141_2169	402	0.371	1	1.000	1.000	0	0.000	0.000	NA	NA	NA	NA
k141_8160	402	0.376	1	5.000	1.000	5	1.600	0.695	NA	NA	NA	NA
k141_6270	402	0.403	1	1.000	1.000	1	1.000	0.470	NA	NA	NA	NA
k141_1256	402	0.378	1	1.000	1.000	2	1.000	0.430	NA	NA	NA	NA
k141_5631	402	0.373	1	1.000	1.000	0	0.000	0.000	NA	NA	NA	NA
k141_5344	402	0.368	1	1.000	1.000	3	1.667	0.597	NA	NA	NA	NA
k141_9222	401	0.419	3	1.000	0.573	1	1.000	0.641	NA	NA	NA	NA
k141_2889	401	0.394	1	1.000	1.000	0	0.000	0.000	NA	NA	NA	NA
k141_679	401	0.357	1	4.000	1.000	4	1.750	0.846	NA	NA	NA	NA
k141_3832	401	0.379	1	1.000	1.000	0	0.000	0.000	NA	NA	NA	NA
k141_3058	401	0.431	1	3.000	1.000	0	0.000	0.000	NA	NA	NA	NA
k141_582	401	0.354	2	1.000	0.938	1	4.000	0.748	NA	NA	NA	NA
k141_9558	400	0.403	2	1.500	0.620	0	0.000	0.000	NA	NA	NA	NA
k141_8311	400	0.380	2	1.000	0.870	1	1.000	0.595	NA	NA	NA	NA
k141_9283	400	0.438	1	1.000	1.000	1	1.000	0.642	NA	NA	NA	NA
k141_7495	400	0.400	1	1.000	0.955	4	6.500	0.774	NA	NA	NA	NA
k141_7995	400	0.388	1	1.000	0.917	0	0.000	0.000	NA	NA	NA	NA
k141_3917	400	0.372	2	1.500	0.655	1	5.000	1.000	NA	NA	NA	NA
k141_2580	399	0.411	2	1.000	0.718	0	0.000	0.000	NA	NA	NA	NA
k141_7807	399	0.421	1	2.000	1.000	2	2.000	0.786	NA	NA	NA	NA
k141_5194	399	0.383	1	4.000	0.842	3	3.667	0.628	NA	NA	NA	NA
k141_1640	399	0.381	1	1.000	1.000	0	0.000	0.000	NA	NA	NA	NA
k141_2097	398	0.399	2	1.500	1.000	1	6.000	0.995	NA	NA	NA	NA
k141_945	398	0.367	1	22.000	1.000	1	41.000	1.000	NA	NA	NA	NA
k141_5284	398	0.362	1	1.000	1.000	1	4.000	1.000	NA	NA	NA	NA
k141_1666	398	0.397	3	1.667	0.888	1	3.000	0.997	NA	NA	NA	NA
k141_1994	398	0.357	2	1.000	1.000	1	1.000	0.319	NA	NA	NA	NA
k141_4245	397	0.408	2	1.000	0.640	1	4.000	0.982	NA	NA	NA	NA
k141_9667	397	0.416	1	2.000	1.000	5	1.800	0.748	NA	NA	NA	NA
k141_6558	397	0.368	1	1.000	1.000	2	1.500	0.997	NA	NA	NA	NA
k141_4581	397	0.438	2	1.500	0.976	0	0.000	0.000	NA	NA	NA	NA
k141_6190	397	0.411	3	4.333	1.000	1	17.000	1.000	NA	NA	NA	NA
k141_2007	397	0.373	2	1.000	0.661	0	0.000	0.000	NA	NA	NA	NA
k141_3251	396	0.364	1	1.000	1.000	0	0.000	0.000	NA	NA	NA	NA
k141_4024	396	0.376	1	1.000	1.000	2	3.000	0.718	NA	NA	NA	NA
k141_10069	396	0.389	1	1.000	1.000	1	1.000	0.376	NA	NA	NA	NA
k141_1656	396	0.341	1	1.000	1.000	5	1.600	0.633	NA	NA	NA	NA
k141_10099	396	0.419	1	1.000	1.000	1	1.000	0.846	NA	NA	NA	NA
k141_10407	396	0.412	2	1.000	0.742	1	4.000	0.944	NA	NA	NA	NA
k141_6274	396	0.399	2	1.000	0.822	1	2.000	0.949	NA	NA	NA	NA
k141_5922	396	0.396	3	2.000	0.711	0	0.000	0.000	NA	NA	NA	NA
k141_2985	396	0.422	1	2.000	1.000	3	1.667	0.933	NA	NA	NA	NA
k141_9482	395	0.443	1	1.000	1.000	1	2.000	0.957	NA	NA	NA	NA
k141_9526	395	0.395	1	1.000	1.000	0	0.000	0.000	NA	NA	NA	NA
k141_9125	395	0.387	1	2.000	1.000	2	1.500	0.808	NA	NA	NA	NA
k141_10252	395	0.413	1	2.000	1.000	2	3.500	0.578	NA	NA	NA	NA
k141_6199	395	0.408	1	1.000	1.000	1	1.000	0.544	NA	NA	NA	NA
k141_1200	394	0.365	2	1.000	0.694	1	1.000	0.827	NA	NA	NA	NA
k141_8314	394	0.355	0	0.000	0.000	1	2.000	0.533	NA	NA	NA	NA
k141_5076	394	0.363	1	5.000	1.000	3	6.000	0.687	NA	NA	NA	NA
k141_3365	394	0.398	2	1.000	0.857	0	0.000	0.000	NA	NA	NA	NA
k141_757	394	0.393	3	1.667	0.726	1	1.000	0.297	NA	NA	NA	NA
k141_8317	394	0.393	1	1.000	1.000	1	1.000	0.949	NA	NA	NA	NA
k141_6491	394	0.429	1	1.000	0.929	2	4.000	0.900	NA	NA	NA	NA
k141_5070	394	0.381	2	1.000	0.655	1	2.000	0.266	NA	NA	NA	NA
k141_7692	394	0.419	1	1.000	0.327	2	1.000	0.890	NA	NA	NA	NA
k141_4217	394	0.406	0	0.000	0.000	3	2.333	0.829	NA	NA	NA	NA
k141_4070	394	0.391	1	1.000	1.000	2	2.000	0.832	NA	NA	NA	NA
k141_7449	394	0.419	2	1.000	0.999	0	0.000	0.000	NA	NA	NA	NA
k141_1380	393	0.405	1	1.000	1.000	2	2.000	0.528	NA	NA	NA	NA
k141_10063	393	0.387	1	2.000	1.000	3	3.000	0.757	NA	NA	NA	NA
k141_3010	393	0.387	2	1.000	0.770	1	4.000	1.000	NA	NA	NA	NA
k141_4454	393	0.366	1	2.000	1.000	1	1.000	0.206	NA	NA	NA	NA
k141_1176	393	0.384	2	1.500	0.971	1	1.000	0.461	NA	NA	NA	NA
k141_6690	393	0.394	2	4.000	0.761	1	21.000	0.997	NA	NA	NA	NA
k141_3826	393	0.389	1	1.000	0.908	2	1.000	0.725	NA	NA	NA	NA
k141_5581	393	0.399	1	1.000	1.000	0	0.000	0.000	NA	NA	NA	NA
k141_9686	392	0.378	1	1.000	1.000	0	0.000	0.000	NA	NA	NA	NA
k141_41	392	0.421	2	1.500	0.795	1	3.000	0.704	NA	NA	NA	NA
k141_158	392	0.385	2	1.500	0.899	1	7.000	0.819	NA	NA	NA	NA
k141_9308	392	0.385	1	1.000	1.000	0	0.000	0.000	NA	NA	NA	NA
k141_5353	391	0.409	3	1.000	0.497	1	1.000	0.320	NA	NA	NA	NA
k141_10458	391	0.399	1	1.000	1.000	1	2.000	0.872	NA	NA	NA	NA
k141_2598	391	0.384	1	2.000	1.000	1	1.000	0.192	NA	NA	NA	NA
k141_9967	391	0.361	1	1.000	1.000	1	2.000	0.389	NA	NA	NA	NA
k141_2714	391	0.399	1	1.000	1.000	0	0.000	0.000	NA	NA	NA	NA
k141_8152	391	0.394	1	4.000	1.000	4	1.000	0.716	NA	NA	NA	NA
k141_7085	390	0.372	1	1.000	1.000	1	1.000	0.600	NA	NA	NA	NA
k141_8698	390	0.367	3	1.667	0.708	1	4.000	1.000	NA	NA	NA	NA
k141_5449	390	0.433	2	1.500	0.926	1	1.000	0.936	NA	NA	NA	NA
k141_8646	390	0.397	1	2.000	1.000	2	1.500	0.899	NA	NA	NA	NA
k141_9574	390	0.433	2	1.000	0.786	1	5.000	0.867	NA	NA	NA	NA
k141_7644	390	0.385	1	1.000	1.000	1	1.000	0.431	NA	NA	NA	NA
k141_2503	390	0.403	1	1.000	1.000	1	1.000	0.210	NA	NA	NA	NA
k141_7074	390	0.349	1	2.000	0.833	4	2.250	0.911	NA	NA	NA	NA
k141_9985	390	0.364	1	1.000	1.000	2	3.000	0.558	NA	NA	NA	NA
k141_10306	390	0.446	2	2.000	0.703	1	1.000	0.208	NA	NA	NA	NA
k141_1981	390	0.359	1	1.000	0.836	0	0.000	0.000	NA	NA	NA	NA
k141_8482	390	0.385	1	2.000	1.000	3	1.333	0.480	NA	NA	NA	NA
k141_5786	389	0.398	1	1.000	1.000	1	1.000	0.679	NA	NA	NA	NA
k141_9974	389	0.404	2	1.000	0.951	0	0.000	0.000	NA	NA	NA	NA
k141_6758	388	0.405	1	2.000	1.000	0	0.000	0.000	NA	NA	NA	NA
k141_2402	388	0.381	2	1.500	0.880	0	0.000	0.000	NA	NA	NA	NA
k141_5750	388	0.379	1	1.000	1.000	2	1.000	0.865	NA	NA	NA	NA
k141_2265	388	0.438	2	1.000	0.905	0	0.000	0.000	NA	NA	NA	NA
k141_10058	388	0.353	1	1.000	1.000	1	1.000	0.209	NA	NA	NA	NA
k141_9616	388	0.446	1	4.000	1.000	3	2.333	0.748	NA	NA	NA	NA
k141_10423	388	0.415	1	1.000	1.000	0	0.000	0.000	NA	NA	NA	NA
k141_7009	387	0.377	1	1.000	0.912	0	0.000	0.000	NA	NA	NA	NA
k141_5804	387	0.434	2	1.000	0.849	0	0.000	0.000	NA	NA	NA	NA
k141_4505	387	0.393	2	1.000	0.788	1	1.000	0.499	NA	NA	NA	NA
k141_3325	387	0.377	1	1.000	1.000	0	0.000	0.000	NA	NA	NA	NA
k141_2563	387	0.367	1	4.000	1.000	3	2.667	0.850	NA	NA	NA	NA
k141_3677	387	0.372	0	0.000	0.000	1	2.000	0.388	NA	NA	NA	NA
k141_3559	387	0.406	1	1.000	1.000	1	2.000	1.000	NA	NA	NA	NA
k141_3292	386	0.363	1	1.000	1.000	1	1.000	1.000	NA	NA	NA	NA
k141_1412	386	0.396	1	1.000	1.000	3	3.333	0.894	NA	NA	NA	NA
k141_9321	386	0.373	1	1.000	1.000	0	0.000	0.000	NA	NA	NA	NA
k141_6626	386	0.383	1	1.000	0.927	0	0.000	0.000	NA	NA	NA	NA
k141_2559	386	0.420	1	3.000	1.000	0	0.000	0.000	NA	NA	NA	NA
k141_8203	385	0.405	3	1.000	0.494	0	0.000	0.000	NA	NA	NA	NA
k141_7175	385	0.343	1	2.000	1.000	1	2.000	0.717	NA	NA	NA	NA
k141_8490	385	0.395	1	1.000	1.000	4	2.000	0.789	NA	NA	NA	NA
k141_8861	385	0.434	1	1.000	1.000	2	1.000	0.630	NA	NA	NA	NA
k141_806	385	0.397	1	1.000	1.000	2	1.000	0.782	NA	NA	NA	NA
k141_8931	385	0.395	1	38.000	1.000	1	9.000	1.000	NA	NA	NA	NA
k141_7256	385	0.403	1	1.000	1.000	2	8.500	0.662	NA	NA	NA	NA
k141_4682	385	0.418	1	7.000	1.000	1	2.000	1.000	NA	NA	NA	NA
k141_9660	385	0.395	1	2.000	1.000	0	0.000	0.000	NA	NA	NA	NA
k141_5494	385	0.408	2	1.000	0.839	1	1.000	0.278	NA	NA	NA	NA
k141_10017	384	0.401	1	1.000	1.000	0	0.000	0.000	NA	NA	NA	NA
k141_191	384	0.367	2	2.000	1.000	1	4.000	1.000	NA	NA	NA	NA
k141_10035	384	0.404	1	76.000	1.000	4	19.500	0.930	NA	NA	NA	NA
k141_2187	384	0.383	2	1.500	0.958	1	4.000	1.000	NA	NA	NA	NA
k141_7132	384	0.409	1	1.000	1.000	1	3.000	1.000	NA	NA	NA	NA
k141_5112	384	0.370	4	1.750	0.841	1	1.000	0.518	NA	NA	NA	NA
k141_3554	384	0.354	1	5.000	1.000	2	10.000	0.639	NA	NA	NA	NA
k141_8223	384	0.435	1	1.000	1.000	1	2.000	0.906	NA	NA	NA	NA
k141_5176	384	0.401	2	1.000	0.600	1	1.000	0.305	NA	NA	NA	NA
k141_9492	384	0.411	3	1.000	0.707	1	1.000	0.714	NA	NA	NA	NA
k141_262	384	0.354	1	1.000	1.000	3	1.667	0.570	NA	NA	NA	NA
k141_4899	384	0.370	1	1.000	1.000	2	2.000	0.809	NA	NA	NA	NA
k141_10181	384	0.370	1	3.000	1.000	1	1.000	0.297	NA	NA	NA	NA
k141_5476	384	0.372	1	1.000	0.685	1	1.000	0.461	NA	NA	NA	NA
k141_7718	383	0.397	3	1.000	0.820	1	5.000	1.000	NA	NA	NA	NA
k141_831	383	0.415	2	1.000	0.963	1	1.000	0.935	NA	NA	NA	NA
k141_6708	383	0.426	1	2.000	1.000	1	2.000	0.982	NA	NA	NA	NA
k141_5724	383	0.418	1	1.000	1.000	0	0.000	0.000	NA	NA	NA	NA
k141_9218	383	0.381	1	1.000	1.000	2	2.500	0.574	NA	NA	NA	NA
k141_5685	383	0.363	3	1.333	0.921	1	4.000	0.979	NA	NA	NA	NA
k141_3223	382	0.385	2	1.500	0.933	1	4.000	0.987	NA	NA	NA	NA
k141_7901	382	0.424	2	1.000	0.581	0	0.000	0.000	NA	NA	NA	NA
k141_5872	382	0.380	1	1.000	1.000	1	1.000	0.448	NA	NA	NA	NA
k141_4573	381	0.388	1	1.000	1.000	1	1.000	0.278	NA	NA	NA	NA
k141_7223	381	0.388	1	1.000	1.000	0	0.000	0.000	NA	NA	NA	NA
k141_3258	381	0.357	2	1.000	1.000	1	1.000	0.147	NA	NA	NA	NA
k141_73	381	0.425	1	3.000	1.000	0	0.000	0.000	NA	NA	NA	NA
k141_2973	381	0.383	1	1.000	1.000	0	0.000	0.000	NA	NA	NA	NA
k141_8828	381	0.394	1	15.000	0.969	1	2.000	0.953	NA	NA	NA	NA
k141_2938	381	0.341	1	1.000	0.955	1	2.000	0.612	NA	NA	NA	NA
k141_3704	381	0.381	1	1.000	1.000	0	0.000	0.000	NA	NA	NA	NA
k141_2213	381	0.402	1	1.000	0.924	2	1.000	0.890	NA	NA	NA	NA
k141_6085	381	0.407	1	1.000	1.000	1	1.000	0.688	NA	NA	NA	NA
k141_8684	380	0.408	1	2.000	0.997	4	2.500	0.663	NA	NA	NA	NA
k141_2792	380	0.429	2	1.000	0.818	1	2.000	0.789	NA	NA	NA	NA
k141_9254	380	0.379	1	1.000	1.000	0	0.000	0.000	NA	NA	NA	NA
k141_5620	380	0.429	2	1.000	0.866	1	1.000	0.318	NA	NA	NA	NA
k141_6375	380	0.387	2	1.500	0.934	1	1.000	0.163	NA	NA	NA	NA
k141_360	380	0.347	1	3.000	1.000	0	0.000	0.000	NA	NA	NA	NA
k141_2557	380	0.429	3	3.333	0.754	1	5.000	0.792	NA	NA	NA	NA
k141_445	380	0.408	1	1.000	1.000	0	0.000	0.000	NA	NA	NA	NA
k141_2687	379	0.346	1	5.000	1.000	1	6.000	1.000	NA	NA	NA	NA
k141_5752	379	0.446	1	1.000	1.000	0	0.000	0.000	NA	NA	NA	NA
k141_6769	379	0.422	1	1.000	1.000	1	1.000	0.887	NA	NA	NA	NA
k141_3531	379	0.361	2	1.000	0.749	0	0.000	0.000	NA	NA	NA	NA
k141_904	379	0.420	1	1.000	1.000	0	0.000	0.000	NA	NA	NA	NA
k141_9939	379	0.441	2	2.000	0.633	0	0.000	0.000	NA	NA	NA	NA
k141_6984	379	0.414	1	1.000	0.931	0	0.000	0.000	NA	NA	NA	NA
k141_9484	379	0.406	1	1.000	0.889	0	0.000	0.000	NA	NA	NA	NA
k141_1889	379	0.391	1	2.000	0.950	1	2.000	0.992	NA	NA	NA	NA
k141_4141	379	0.396	1	7.000	1.000	1	6.000	0.997	NA	NA	NA	NA
k141_3527	379	0.385	1	85.000	1.000	3	44.667	0.967	NA	NA	NA	NA
k141_828	378	0.402	1	4.000	1.000	2	1.000	0.882	NA	NA	NA	NA
k141_2565	378	0.394	1	1.000	1.000	0	0.000	0.000	NA	NA	NA	NA
k141_7920	378	0.402	3	1.000	0.789	1	1.000	0.921	NA	NA	NA	NA
k141_780	378	0.423	1	1.000	0.997	1	2.000	0.995	NA	NA	NA	NA
k141_165	378	0.362	1	1.000	1.000	1	1.000	1.000	NA	NA	NA	NA
k141_1735	377	0.366	3	1.333	0.763	1	2.000	0.973	NA	NA	NA	NA
k141_5241	377	0.390	2	1.000	0.951	1	1.000	0.393	NA	NA	NA	NA
k141_4246	377	0.440	2	1.000	0.634	1	1.000	1.000	NA	NA	NA	NA
k141_6082	377	0.393	2	1.500	0.639	0	0.000	0.000	NA	NA	NA	NA
k141_5500	377	0.408	2	1.500	0.634	1	2.000	0.804	NA	NA	NA	NA
k141_8281	377	0.385	2	3.500	0.989	1	12.000	0.973	NA	NA	NA	NA
k141_1157	377	0.398	1	1.000	1.000	2	1.500	0.635	NA	NA	NA	NA
k141_1694	377	0.371	2	1.500	0.569	1	2.000	0.576	NA	NA	NA	NA
k141_4219	377	0.334	1	4.000	1.000	0	0.000	0.000	NA	NA	NA	NA
k141_10495	377	0.424	1	1.000	1.000	0	0.000	0.000	NA	NA	NA	NA
k141_5994	377	0.345	2	1.500	0.592	1	1.000	0.180	NA	NA	NA	NA
k141_6406	377	0.408	2	2.000	0.855	1	1.000	0.623	NA	NA	NA	NA
k141_9448	376	0.396	2	3.000	0.858	1	11.000	1.000	NA	NA	NA	NA
k141_6351	376	0.418	1	1.000	1.000	3	1.333	0.787	NA	NA	NA	NA
k141_194	376	0.428	2	1.500	1.000	0	0.000	0.000	NA	NA	NA	NA
k141_9323	376	0.380	1	2.000	1.000	0	0.000	0.000	NA	NA	NA	NA
k141_4196	376	0.412	1	2.000	1.000	1	2.000	0.723	NA	NA	NA	NA
k141_3989	375	0.408	1	1.000	1.000	1	3.000	0.795	NA	NA	NA	NA
k141_601	375	0.432	1	1.000	0.483	1	2.000	0.827	NA	NA	NA	NA
k141_5844	375	0.355	1	1.000	1.000	4	2.250	0.957	NA	NA	NA	NA
k141_2326	375	0.389	1	1.000	0.616	2	2.000	0.573	NA	NA	NA	NA
k141_8432	375	0.379	1	2.000	1.000	1	1.000	0.707	NA	NA	NA	NA
k141_8547	375	0.384	1	1.000	1.000	2	1.000	0.635	NA	NA	NA	NA
k141_10111	375	0.413	1	1.000	1.000	3	1.667	0.796	NA	NA	NA	NA
k141_9966	375	0.405	1	3.000	1.000	1	2.000	0.533	NA	NA	NA	NA
k141_692	375	0.368	1	1.000	1.000	1	1.000	0.928	NA	NA	NA	NA
k141_1495	375	0.355	1	1.000	1.000	2	1.500	0.429	NA	NA	NA	NA
k141_4728	375	0.381	1	1.000	1.000	0	0.000	0.000	NA	NA	NA	NA
k141_2719	375	0.416	1	1.000	1.000	2	1.500	0.475	NA	NA	NA	NA
k141_6568	374	0.372	2	1.000	1.000	0	0.000	0.000	NA	NA	NA	NA
k141_7711	374	0.364	3	1.000	0.488	1	1.000	0.176	NA	NA	NA	NA
k141_8025	374	0.393	1	4.000	0.989	5	1.400	0.657	NA	NA	NA	NA
k141_8268	374	0.420	1	1.000	1.000	2	3.500	0.854	NA	NA	NA	NA
k141_2161	374	0.412	1	2.000	1.000	1	3.000	0.960	NA	NA	NA	NA
k141_3815	373	0.421	1	1.000	1.000	0	0.000	0.000	NA	NA	NA	NA
k141_7384	373	0.359	1	1.000	1.000	0	0.000	0.000	NA	NA	NA	NA
k141_10152	373	0.405	1	1.000	1.000	1	1.000	0.206	NA	NA	NA	NA
k141_656	373	0.367	2	1.000	0.590	0	0.000	0.000	NA	NA	NA	NA
k141_2295	373	0.418	1	1.000	1.000	4	3.250	0.832	NA	NA	NA	NA
k141_6105	373	0.370	1	2.000	1.000	0	0.000	0.000	NA	NA	NA	NA
k141_2877	372	0.366	1	1.000	0.995	0	0.000	0.000	NA	NA	NA	NA
k141_8911	372	0.384	1	2.000	1.000	5	1.800	0.540	NA	NA	NA	NA
k141_8934	372	0.419	2	1.000	1.000	1	1.000	0.384	NA	NA	NA	NA
k141_8464	372	0.409	1	1.000	1.000	2	1.000	0.671	NA	NA	NA	NA
k141_7864	372	0.379	3	1.000	0.478	0	0.000	0.000	NA	NA	NA	NA
k141_7425	372	0.411	1	1.000	1.000	0	0.000	0.000	NA	NA	NA	NA
k141_5937	372	0.395	1	1.000	1.000	0	0.000	0.000	NA	NA	NA	NA
k141_3097	372	0.363	0	0.000	0.000	3	2.000	0.595	NA	NA	NA	NA
k141_2218	371	0.394	0	0.000	0.000	2	1.500	0.776	NA	NA	NA	NA
k141_6367	371	0.439	1	2.000	1.000	1	1.000	0.485	NA	NA	NA	NA
k141_1092	371	0.369	2	1.000	0.643	1	1.000	0.946	NA	NA	NA	NA
k141_3553	371	0.420	0	0.000	0.000	1	1.000	0.221	NA	NA	NA	NA
k141_7709	371	0.364	2	1.000	0.903	0	0.000	0.000	NA	NA	NA	NA
k141_1624	371	0.388	3	5.333	0.971	1	2.000	0.957	NA	NA	NA	NA
k141_7170	370	0.400	3	1.333	0.822	0	0.000	0.000	NA	NA	NA	NA
k141_10355	370	0.376	1	1.000	1.000	0	0.000	0.000	NA	NA	NA	NA
k141_6775	370	0.397	3	1.333	0.864	1	1.000	0.384	NA	NA	NA	NA
k141_2879	370	0.384	1	1.000	1.000	1	1.000	1.000	NA	NA	NA	NA
k141_9126	370	0.400	1	1.000	0.765	2	6.000	0.972	NA	NA	NA	NA
k141_8807	370	0.403	1	1.000	0.832	1	6.000	0.973	NA	NA	NA	NA
k141_6970	370	0.400	0	0.000	0.000	1	1.000	0.984	NA	NA	NA	NA
k141_846	369	0.407	2	1.000	0.824	0	0.000	0.000	NA	NA	NA	NA
k141_1852	369	0.379	1	1.000	0.260	0	0.000	0.000	NA	NA	NA	NA
k141_1047	369	0.336	1	2.000	1.000	0	0.000	0.000	NA	NA	NA	NA
k141_4183	369	0.398	1	1.000	0.875	1	1.000	0.287	NA	NA	NA	NA
k141_3021	369	0.385	0	0.000	0.000	0	0.000	0.000	NA	NA	NA	NA
k141_1406	369	0.401	2	1.000	0.741	1	2.000	0.916	NA	NA	NA	NA
k141_8039	369	0.420	1	1.000	1.000	2	4.000	0.995	NA	NA	NA	NA
k141_8308	369	0.407	1	2.000	1.000	4	1.500	0.496	NA	NA	NA	NA
k141_8072	369	0.385	1	1.000	0.981	0	0.000	0.000	NA	NA	NA	NA
k141_3853	369	0.396	1	1.000	0.848	1	1.000	0.282	NA	NA	NA	NA
k141_9201	369	0.401	1	1.000	1.000	0	0.000	0.000	NA	NA	NA	NA
k141_8953	369	0.390	3	1.333	0.678	1	1.000	0.393	NA	NA	NA	NA
k141_7866	368	0.408	1	2.000	1.000	1	2.000	0.986	NA	NA	NA	NA
k141_9033	368	0.405	1	1.000	1.000	0	0.000	0.000	NA	NA	NA	NA
k141_8001	368	0.372	1	3.000	1.000	1	1.000	0.940	NA	NA	NA	NA
k141_7871	368	0.378	1	1.000	1.000	1	1.000	0.783	NA	NA	NA	NA
k141_3771	368	0.399	1	1.000	0.810	1	1.000	0.997	NA	NA	NA	NA
k141_8951	368	0.391	1	10.000	1.000	1	6.000	0.995	NA	NA	NA	NA
k141_8604	368	0.421	1	2.000	0.997	2	1.500	0.958	NA	NA	NA	NA
k141_3741	368	0.380	2	1.000	0.658	0	0.000	0.000	NA	NA	NA	NA
k141_3259	368	0.399	2	1.000	0.859	1	2.000	0.992	NA	NA	NA	NA
k141_8010	368	0.399	2	1.000	0.686	1	2.000	0.454	NA	NA	NA	NA
k141_7939	368	0.394	1	1.000	1.000	0	0.000	0.000	NA	NA	NA	NA
k141_1670	368	0.394	3	1.333	0.735	1	2.000	0.614	NA	NA	NA	NA
k141_9316	367	0.441	1	1.000	1.000	3	2.667	0.866	NA	NA	NA	NA
k141_6206	367	0.360	1	1.000	0.984	0	0.000	0.000	NA	NA	NA	NA
k141_3480	367	0.379	1	1.000	1.000	1	1.000	0.155	NA	NA	NA	NA
k141_7345	367	0.409	1	1.000	1.000	2	1.000	0.877	NA	NA	NA	NA
k141_10396	367	0.401	1	1.000	1.000	1	1.000	0.556	NA	NA	NA	NA
k141_7368	367	0.379	1	2.000	1.000	1	1.000	0.308	NA	NA	NA	NA
k141_7790	367	0.368	1	1.000	1.000	3	1.333	0.423	NA	NA	NA	NA
k141_8663	367	0.403	1	1.000	1.000	6	2.000	0.632	NA	NA	NA	NA
k141_8002	366	0.396	1	1.000	0.486	0	0.000	0.000	NA	NA	NA	NA
k141_1971	366	0.432	1	1.000	1.000	1	1.000	0.669	NA	NA	NA	NA
k141_7593	366	0.421	1	2.000	1.000	3	3.000	0.968	NA	NA	NA	NA
k141_5333	366	0.440	1	1.000	1.000	1	1.000	0.557	NA	NA	NA	NA
k141_8068	366	0.377	1	1.000	1.000	0	0.000	0.000	NA	NA	NA	NA
k141_3850	366	0.385	1	1.000	0.648	4	1.250	0.921	NA	NA	NA	NA
k141_8097	366	0.383	0	0.000	0.000	1	1.000	0.374	NA	NA	NA	NA
k141_3148	366	0.426	1	1.000	1.000	3	1.667	0.975	NA	NA	NA	NA
k141_2049	365	0.389	1	1.000	0.995	0	0.000	0.000	NA	NA	NA	NA
k141_389	365	0.356	2	1.000	0.710	1	1.000	0.764	NA	NA	NA	NA
k141_1867	365	0.419	1	1.000	1.000	1	2.000	0.959	NA	NA	NA	NA
k141_4961	365	0.416	2	4.000	0.797	1	5.000	0.907	NA	NA	NA	NA
k141_8425	364	0.401	1	1.000	1.000	1	2.000	0.464	NA	NA	NA	NA
k141_9213	364	0.401	1	1.000	1.000	0	0.000	0.000	NA	NA	NA	NA
k141_9507	364	0.423	2	1.500	0.999	0	0.000	0.000	NA	NA	NA	NA
k141_374	364	0.404	2	1.000	0.856	1	1.000	1.000	NA	NA	NA	NA
k141_9921	364	0.382	3	5.667	0.979	1	10.000	1.000	NA	NA	NA	NA
k141_9047	364	0.420	1	1.000	0.679	2	1.500	0.740	NA	NA	NA	NA
k141_7656	363	0.383	1	1.000	1.000	2	2.000	0.598	NA	NA	NA	NA
k141_2750	363	0.427	1	2.000	1.000	0	0.000	0.000	NA	NA	NA	NA
k141_5918	363	0.364	1	2.000	1.000	0	0.000	0.000	NA	NA	NA	NA
k141_5395	363	0.391	2	1.000	0.813	0	0.000	0.000	NA	NA	NA	NA
k141_1881	363	0.391	3	1.667	0.845	1	1.000	0.766	NA	NA	NA	NA
k141_2691	363	0.388	2	1.500	0.736	1	1.000	0.625	NA	NA	NA	NA
k141_425	363	0.377	1	3.000	1.000	3	1.667	0.858	NA	NA	NA	NA
k141_7706	362	0.304	1	2.000	1.000	3	3.333	0.666	NA	NA	NA	NA
k141_9149	362	0.356	1	8.000	1.000	1	34.000	1.000	NA	NA	NA	NA
k141_7824	362	0.423	1	1.000	1.000	0	0.000	0.000	NA	NA	NA	NA
k141_9505	362	0.406	2	3.500	0.689	1	13.000	1.000	NA	NA	NA	NA
k141_664	362	0.425	1	1.000	1.000	4	1.000	0.910	NA	NA	NA	NA
k141_9514	362	0.431	2	1.000	0.732	1	1.000	0.412	NA	NA	NA	NA
k141_5615	361	0.416	1	3.000	1.000	0	0.000	0.000	NA	NA	NA	NA
k141_8088	361	0.410	1	1.000	0.839	1	2.000	0.848	NA	NA	NA	NA
k141_1210	361	0.377	1	1.000	1.000	0	0.000	0.000	NA	NA	NA	NA
k141_6961	361	0.388	1	1.000	1.000	0	0.000	0.000	NA	NA	NA	NA
k141_4828	361	0.413	2	1.000	0.787	1	1.000	0.546	NA	NA	NA	NA
k141_5765	361	0.355	2	1.000	1.000	0	0.000	0.000	NA	NA	NA	NA
k141_5443	361	0.346	1	1.000	0.524	4	2.250	0.943	NA	NA	NA	NA
k141_5126	360	0.375	1	2.000	0.931	2	4.000	0.975	NA	NA	NA	NA
k141_5969	360	0.403	1	2.000	0.978	6	4.000	0.682	NA	NA	NA	NA
k141_8019	360	0.428	0	0.000	0.000	2	1.000	0.982	NA	NA	NA	NA
k141_6496	360	0.356	1	1.000	1.000	1	1.000	1.000	NA	NA	NA	NA
k141_927	360	0.400	2	1.500	0.893	1	1.000	0.889	NA	NA	NA	NA
k141_3123	360	0.383	1	1.000	0.875	0	0.000	0.000	NA	NA	NA	NA
k141_2062	359	0.404	1	6.000	1.000	1	1.000	0.997	NA	NA	NA	NA
k141_1870	359	0.401	2	1.000	0.687	0	0.000	0.000	NA	NA	NA	NA
k141_6952	359	0.396	1	2.000	1.000	7	2.143	0.734	NA	NA	NA	NA
k141_4916	359	0.384	2	1.500	0.689	1	3.000	0.967	NA	NA	NA	NA
k141_6830	359	0.368	1	1.000	1.000	0	0.000	0.000	NA	NA	NA	NA
k141_7917	359	0.390	1	1.000	1.000	0	0.000	0.000	NA	NA	NA	NA
k141_1084	359	0.415	2	1.000	0.930	1	4.000	0.964	NA	NA	NA	NA
k141_3904	359	0.382	1	1.000	1.000	3	1.000	0.701	NA	NA	NA	NA
k141_9037	358	0.299	1	2.000	1.000	2	5.500	0.723	NA	NA	NA	NA
k141_4912	358	0.380	2	2.000	0.976	1	3.000	0.961	NA	NA	NA	NA
k141_673	358	0.358	0	0.000	0.000	1	1.000	0.268	NA	NA	NA	NA
k141_437	358	0.422	1	1.000	1.000	0	0.000	0.000	NA	NA	NA	NA
k141_242	358	0.385	1	1.000	1.000	1	1.000	0.492	NA	NA	NA	NA
k141_6585	357	0.398	1	2.000	1.000	3	2.333	0.788	NA	NA	NA	NA
k141_8249	357	0.398	3	2.333	0.765	1	1.000	0.490	NA	NA	NA	NA
k141_6400	357	0.392	1	1.000	1.000	1	3.000	0.686	NA	NA	NA	NA
k141_3764	357	0.359	1	4.000	1.000	2	14.000	0.654	NA	NA	NA	NA
k141_1758	357	0.398	1	1.000	1.000	1	1.000	0.157	NA	NA	NA	NA
k141_7110	357	0.384	1	1.000	1.000	0	0.000	0.000	NA	NA	NA	NA
k141_1262	357	0.423	2	1.000	0.982	1	6.000	1.000	NA	NA	NA	NA
k141_1874	357	0.431	1	1.000	1.000	3	1.333	0.779	NA	NA	NA	NA
k141_3678	356	0.371	2	1.000	0.678	0	0.000	0.000	NA	NA	NA	NA
k141_9998	356	0.466	1	3.000	1.000	5	4.600	0.828	NA	NA	NA	NA
k141_9066	356	0.416	5	1.200	0.939	1	2.000	1.000	NA	NA	NA	NA
k141_3866	356	0.362	1	1.000	1.000	0	0.000	0.000	NA	NA	NA	NA
k141_5520	356	0.382	1	1.000	0.716	1	2.000	0.997	NA	NA	NA	NA
k141_10515	356	0.413	2	1.000	0.830	0	0.000	0.000	NA	NA	NA	NA
k141_2392	356	0.421	1	1.000	1.000	0	0.000	0.000	NA	NA	NA	NA
k141_222	356	0.441	1	1.000	0.806	2	1.500	0.562	NA	NA	NA	NA
k141_3437	356	0.390	1	1.000	1.000	2	1.000	0.853	NA	NA	NA	NA
k141_873	356	0.421	2	1.000	0.834	0	0.000	0.000	NA	NA	NA	NA
k141_8759	356	0.371	1	1.000	0.955	3	1.667	0.783	NA	NA	NA	NA
k141_10371	356	0.407	1	2.000	1.000	1	1.000	0.716	NA	NA	NA	NA
k141_172	356	0.360	1	2.000	0.958	2	1.500	0.747	NA	NA	NA	NA
k141_10169	355	0.462	1	1.000	1.000	0	0.000	0.000	NA	NA	NA	NA
k141_8073	355	0.386	1	1.000	1.000	1	3.000	0.887	NA	NA	NA	NA
k141_7154	355	0.397	2	1.500	0.875	1	2.000	0.713	NA	NA	NA	NA
k141_8318	355	0.375	1	1.000	1.000	1	1.000	0.287	NA	NA	NA	NA
k141_1496	355	0.386	1	1.000	1.000	0	0.000	0.000	NA	NA	NA	NA
k141_3810	355	0.397	1	2.000	1.000	0	0.000	0.000	NA	NA	NA	NA
k141_3498	355	0.380	1	4.000	1.000	4	1.250	0.793	NA	NA	NA	NA
k141_6805	355	0.380	3	2.000	0.976	1	5.000	1.000	NA	NA	NA	NA
k141_8941	354	0.412	0	0.000	0.000	2	2.500	0.949	NA	NA	NA	NA
k141_2344	354	0.395	1	3.000	0.929	1	3.000	0.975	NA	NA	NA	NA
k141_9242	354	0.362	1	2.000	1.000	1	1.000	0.167	NA	NA	NA	NA
k141_6945	353	0.380	1	1.000	1.000	2	1.500	0.908	NA	NA	NA	NA
k141_4065	353	0.377	1	3.000	1.000	5	2.000	0.725	NA	NA	NA	NA
k141_3137	353	0.416	1	1.000	1.000	1	1.000	0.657	NA	NA	NA	NA
k141_6164	353	0.377	1	1.000	0.813	1	1.000	0.688	NA	NA	NA	NA
k141_10032	353	0.419	2	1.000	0.687	1	1.000	0.765	NA	NA	NA	NA
k141_2485	353	0.414	0	0.000	0.000	1	1.000	0.686	NA	NA	NA	NA
k141_213	353	0.391	1	2.000	0.986	1	1.000	0.394	NA	NA	NA	NA
k141_4725	353	0.405	1	1.000	1.000	1	1.000	0.501	NA	NA	NA	NA
k141_5759	353	0.360	1	1.000	1.000	1	1.000	0.997	NA	NA	NA	NA
k141_4040	353	0.368	1	1.000	1.000	1	3.000	0.972	NA	NA	NA	NA
k141_10397	353	0.397	2	3.000	0.953	1	2.000	0.561	NA	NA	NA	NA
k141_7066	352	0.412	1	2.000	1.000	2	1.000	0.730	NA	NA	NA	NA
k141_6524	352	0.338	1	1.000	1.000	1	10.000	1.000	NA	NA	NA	NA
k141_3232	352	0.418	1	1.000	1.000	0	0.000	0.000	NA	NA	NA	NA
k141_1790	352	0.389	1	1.000	1.000	3	1.000	0.686	NA	NA	NA	NA
k141_590	352	0.415	1	1.000	1.000	0	0.000	0.000	NA	NA	NA	NA
k141_9006	352	0.435	0	0.000	0.000	0	0.000	0.000	NA	NA	NA	NA
k141_1366	352	0.369	2	1.000	0.602	1	1.000	0.733	NA	NA	NA	NA
k141_2390	351	0.376	1	1.000	1.000	0	0.000	0.000	NA	NA	NA	NA
k141_1651	351	0.410	2	1.000	0.950	1	13.000	1.000	NA	NA	NA	NA
k141_2646	350	0.406	1	1.000	0.903	3	1.333	0.481	NA	NA	NA	NA
k141_4597	350	0.414	1	2.000	1.000	2	1.500	0.427	NA	NA	NA	NA
k141_277	350	0.423	1	1.000	1.000	1	1.000	0.806	NA	NA	NA	NA
k141_4559	350	0.409	1	1.000	1.000	2	1.000	0.786	NA	NA	NA	NA
k141_10434	350	0.417	1	1.000	1.000	1	1.000	0.689	NA	NA	NA	NA
k141_4585	349	0.390	1	1.000	1.000	1	2.000	0.335	NA	NA	NA	NA
k141_5086	349	0.367	3	1.667	0.718	0	0.000	0.000	NA	NA	NA	NA
k141_6588	349	0.418	3	1.000	0.921	1	1.000	0.989	NA	NA	NA	NA
k141_9834	349	0.390	1	2.000	1.000	1	1.000	0.215	NA	NA	NA	NA
k141_417	349	0.393	1	1.000	0.989	2	3.000	0.777	NA	NA	NA	NA
k141_10436	349	0.436	2	1.500	0.874	0	0.000	0.000	NA	NA	NA	NA
k141_25	349	0.404	1	1.000	1.000	1	3.000	0.883	NA	NA	NA	NA
k141_4087	349	0.387	1	1.000	1.000	0	0.000	0.000	NA	NA	NA	NA
k141_1991	349	0.378	2	1.000	0.936	0	0.000	0.000	NA	NA	NA	NA
k141_4717	349	0.372	1	2.000	1.000	0	0.000	0.000	NA	NA	NA	NA
k141_4051	349	0.344	1	1.000	0.885	1	1.000	0.501	NA	NA	NA	NA
k141_271	349	0.367	2	1.000	0.688	1	1.000	0.418	NA	NA	NA	NA
k141_5064	349	0.438	1	1.000	1.000	1	1.000	0.691	NA	NA	NA	NA
k141_6969	349	0.370	2	1.000	0.860	1	1.000	0.587	NA	NA	NA	NA
k141_503	349	0.372	1	3.000	1.000	1	1.000	0.467	NA	NA	NA	NA
k141_9555	349	0.381	1	1.000	0.923	2	1.000	0.864	NA	NA	NA	NA
k141_3813	349	0.424	1	1.000	0.989	1	1.000	0.954	NA	NA	NA	NA
k141_403	349	0.375	1	1.000	1.000	1	2.000	0.951	NA	NA	NA	NA
k141_4188	348	0.402	2	1.000	0.760	1	1.000	0.589	NA	NA	NA	NA
k141_1088	348	0.417	1	1.000	1.000	1	1.000	0.621	NA	NA	NA	NA
k141_7981	348	0.379	1	1.000	0.925	1	1.000	0.592	NA	NA	NA	NA
k141_8581	348	0.399	2	2.000	0.885	1	3.000	1.000	NA	NA	NA	NA
k141_8339	348	0.371	1	1.000	1.000	0	0.000	0.000	NA	NA	NA	NA
k141_7775	348	0.440	1	1.000	1.000	1	3.000	0.980	NA	NA	NA	NA
k141_4918	348	0.374	3	1.000	0.884	0	0.000	0.000	NA	NA	NA	NA
k141_5666	348	0.351	2	2.500	0.908	1	1.000	0.874	NA	NA	NA	NA
k141_1975	347	0.360	1	1.000	1.000	0	0.000	0.000	NA	NA	NA	NA
k141_7664	347	0.401	1	2.000	1.000	3	1.000	0.666	NA	NA	NA	NA
k141_6744	347	0.389	1	1.000	0.974	0	0.000	0.000	NA	NA	NA	NA
k141_5094	347	0.418	2	2.000	0.863	0	0.000	0.000	NA	NA	NA	NA
k141_3278	347	0.398	1	1.000	1.000	2	1.500	0.519	NA	NA	NA	NA
k141_7877	347	0.375	2	1.500	0.967	1	1.000	0.813	NA	NA	NA	NA
k141_5085	347	0.432	2	1.000	0.647	0	0.000	0.000	NA	NA	NA	NA
k141_8252	347	0.412	1	2.000	1.000	2	2.500	0.898	NA	NA	NA	NA
k141_396	347	0.403	1	1.000	1.000	4	3.750	0.749	NA	NA	NA	NA
k141_149	347	0.334	1	1.000	1.000	0	0.000	0.000	NA	NA	NA	NA
k141_9395	346	0.399	1	2.000	0.971	2	1.500	0.882	NA	NA	NA	NA
k141_7329	346	0.402	1	2.000	1.000	0	0.000	0.000	NA	NA	NA	NA
k141_8334	346	0.355	1	4.000	1.000	3	1.333	0.943	NA	NA	NA	NA
k141_3072	346	0.367	1	1.000	1.000	1	1.000	0.422	NA	NA	NA	NA
k141_1228	346	0.434	1	3.000	1.000	1	2.000	0.763	NA	NA	NA	NA
k141_568	346	0.373	1	1.000	1.000	1	1.000	0.223	NA	NA	NA	NA
k141_9586	346	0.382	2	1.000	0.740	1	1.000	0.471	NA	NA	NA	NA
k141_4789	346	0.439	2	2.000	0.646	0	0.000	0.000	NA	NA	NA	NA
k141_327	346	0.413	1	1.000	1.000	1	2.000	0.789	NA	NA	NA	NA
k141_7387	346	0.399	0	0.000	0.000	1	1.000	0.855	NA	NA	NA	NA
k141_5551	346	0.384	1	1.000	1.000	2	1.000	0.532	NA	NA	NA	NA
k141_1669	346	0.405	1	1.000	1.000	0	0.000	0.000	NA	NA	NA	NA
k141_9350	345	0.348	1	3.000	1.000	3	2.333	0.392	NA	NA	NA	NA
k141_1154	345	0.386	1	3.000	1.000	1	3.000	0.733	NA	NA	NA	NA
k141_9862	345	0.438	1	1.000	1.000	0	0.000	0.000	NA	NA	NA	NA
k141_7826	345	0.368	3	1.000	0.613	1	1.000	1.000	NA	NA	NA	NA
k141_72	345	0.388	3	3.000	0.885	1	4.000	0.777	NA	NA	NA	NA
k141_4873	345	0.397	1	1.000	1.000	0	0.000	0.000	NA	NA	NA	NA
k141_2896	345	0.386	1	1.000	0.672	1	8.000	1.000	NA	NA	NA	NA
k141_4010	345	0.377	0	0.000	0.000	1	3.000	0.528	NA	NA	NA	NA
k141_10095	344	0.436	2	1.000	0.778	1	1.000	0.997	NA	NA	NA	NA
k141_7376	344	0.363	1	1.000	1.000	0	0.000	0.000	NA	NA	NA	NA
k141_1979	344	0.445	1	1.000	1.000	0	0.000	0.000	NA	NA	NA	NA
k141_7812	344	0.422	2	2.000	0.836	1	2.000	0.401	NA	NA	NA	NA
k141_5574	344	0.404	1	1.000	1.000	1	2.000	0.863	NA	NA	NA	NA
k141_3423	343	0.373	1	1.000	1.000	0	0.000	0.000	NA	NA	NA	NA
k141_8548	343	0.394	1	1.000	1.000	0	0.000	0.000	NA	NA	NA	NA
k141_4491	343	0.379	1	1.000	1.000	3	1.333	0.587	NA	NA	NA	NA
k141_4726	343	0.394	1	1.000	1.000	1	3.000	0.924	NA	NA	NA	NA
k141_6566	343	0.353	1	1.000	1.000	1	1.000	0.551	NA	NA	NA	NA
k141_6691	343	0.414	1	1.000	0.915	2	1.500	0.733	NA	NA	NA	NA
k141_1678	343	0.411	1	1.000	1.000	0	0.000	0.000	NA	NA	NA	NA
k141_9625	343	0.405	1	1.000	1.000	0	0.000	0.000	NA	NA	NA	NA
k141_3227	343	0.420	4	1.250	0.579	0	0.000	0.000	NA	NA	NA	NA
k141_1860	342	0.447	1	7.000	1.000	1	12.000	0.865	NA	NA	NA	NA
k141_9889	342	0.389	0	0.000	0.000	2	1.000	0.887	NA	NA	NA	NA
k141_8645	342	0.363	1	1.000	1.000	2	1.500	0.651	NA	NA	NA	NA
k141_10055	342	0.401	3	1.000	0.590	0	0.000	0.000	NA	NA	NA	NA
k141_10089	342	0.377	2	1.000	0.810	0	0.000	0.000	NA	NA	NA	NA
k141_7185	342	0.345	1	3.000	1.000	2	1.500	0.871	NA	NA	NA	NA
k141_467	342	0.439	2	2.000	0.901	1	2.000	0.942	NA	NA	NA	NA
k141_8546	342	0.357	3	3.667	0.994	1	7.000	1.000	NA	NA	NA	NA
k141_3248	342	0.415	1	5.000	1.000	4	4.250	0.884	NA	NA	NA	NA
k141_464	342	0.442	2	1.000	0.753	1	1.000	0.980	NA	NA	NA	NA
k141_792	342	0.415	1	1.000	1.000	2	1.500	0.823	NA	NA	NA	NA
k141_4818	342	0.412	2	1.500	0.572	1	1.000	0.371	NA	NA	NA	NA
k141_8492	342	0.424	1	1.000	1.000	2	1.000	0.731	NA	NA	NA	NA
k141_6851	342	0.363	2	1.000	0.759	1	1.000	0.322	NA	NA	NA	NA
k141_4870	342	0.398	1	2.000	1.000	1	2.000	0.865	NA	NA	NA	NA
k141_10332	342	0.406	1	1.000	1.000	4	1.250	0.721	NA	NA	NA	NA
k141_9153	342	0.404	1	1.000	1.000	0	0.000	0.000	NA	NA	NA	NA
k141_10412	341	0.396	1	2.000	1.000	1	1.000	0.877	NA	NA	NA	NA
k141_6870	341	0.390	2	1.500	0.780	1	3.000	0.809	NA	NA	NA	NA
k141_3215	341	0.346	1	1.000	1.000	1	2.000	0.982	NA	NA	NA	NA
k141_9376	341	0.390	2	1.500	0.959	1	4.000	0.918	NA	NA	NA	NA
k141_4658	341	0.372	0	0.000	0.000	3	1.000	0.902	NA	NA	NA	NA
k141_5056	341	0.419	1	1.000	1.000	1	1.000	0.783	NA	NA	NA	NA
k141_3780	341	0.367	3	3.000	0.977	1	5.000	1.000	NA	NA	NA	NA
k141_1315	341	0.370	1	1.000	1.000	1	2.000	0.859	NA	NA	NA	NA
k141_5446	341	0.402	2	1.000	0.427	0	0.000	0.000	NA	NA	NA	NA
k141_10151	341	0.378	2	1.000	0.751	1	1.000	0.938	NA	NA	NA	NA
k141_8695	340	0.588	1	2.000	1.000	4	21.750	0.974	NA	NA	NA	NA
k141_7672	340	0.385	0	0.000	0.000	0	0.000	0.000	NA	NA	NA	NA
k141_7852	340	0.409	1	1.000	1.000	0	0.000	0.000	NA	NA	NA	NA
k141_7519	340	0.394	1	1.000	1.000	4	1.250	0.512	NA	NA	NA	NA
k141_3603	340	0.359	2	2.000	1.000	1	8.000	0.965	NA	NA	NA	NA
k141_3859	340	0.359	1	2.000	0.985	0	0.000	0.000	NA	NA	NA	NA
k141_8064	340	0.412	1	1.000	1.000	2	1.500	0.801	NA	NA	NA	NA
k141_1671	340	0.374	2	1.000	0.921	0	0.000	0.000	NA	NA	NA	NA
k141_6273	339	0.422	1	2.000	1.000	0	0.000	0.000	NA	NA	NA	NA
k141_9810	339	0.398	1	1.000	1.000	0	0.000	0.000	NA	NA	NA	NA
k141_4172	339	0.404	1	2.000	0.938	3	4.333	0.912	NA	NA	NA	NA
k141_8967	339	0.428	1	2.000	1.000	1	3.000	1.000	NA	NA	NA	NA
k141_7340	339	0.401	3	1.667	0.712	1	2.000	0.516	NA	NA	NA	NA
k141_96	339	0.407	1	2.000	0.962	0	0.000	0.000	NA	NA	NA	NA
k141_8987	339	0.383	1	1.000	0.876	0	0.000	0.000	NA	NA	NA	NA
k141_1416	339	0.386	1	2.000	0.914	2	1.000	0.559	NA	NA	NA	NA
k141_6327	339	0.404	1	1.000	1.000	0	0.000	0.000	NA	NA	NA	NA
k141_10524	339	0.442	1	4.000	1.000	1	1.000	0.546	NA	NA	NA	NA
k141_8915	339	0.407	1	2.000	1.000	1	2.000	0.549	NA	NA	NA	NA
k141_3182	339	0.392	3	1.000	0.630	1	1.000	0.153	NA	NA	NA	NA
k141_8518	338	0.435	2	1.000	0.820	1	3.000	0.997	NA	NA	NA	NA
k141_9471	338	0.373	1	1.000	1.000	0	0.000	0.000	NA	NA	NA	NA
k141_8998	338	0.367	1	2.000	1.000	2	3.000	0.710	NA	NA	NA	NA
k141_8994	337	0.404	1	4.000	1.000	1	7.000	1.000	NA	NA	NA	NA
k141_2752	337	0.350	3	1.000	0.780	1	6.000	1.000	NA	NA	NA	NA
k141_1871	337	0.454	1	11.000	0.997	6	6.167	0.848	NA	NA	NA	NA
k141_7236	337	0.418	1	1.000	1.000	0	0.000	0.000	NA	NA	NA	NA
k141_894	337	0.380	2	1.000	0.700	1	1.000	0.246	NA	NA	NA	NA
k141_3662	337	0.389	1	1.000	1.000	0	0.000	0.000	NA	NA	NA	NA
k141_4827	337	0.365	1	1.000	1.000	1	1.000	0.335	NA	NA	NA	NA
k141_9241	337	0.433	1	1.000	1.000	1	1.000	0.656	NA	NA	NA	NA
k141_9410	337	0.374	1	1.000	1.000	0	0.000	0.000	NA	NA	NA	NA
k141_7647	337	0.436	1	2.000	1.000	4	1.500	0.610	NA	NA	NA	NA
k141_2197	337	0.404	2	1.000	0.660	1	4.000	0.712	NA	NA	NA	NA
k141_9347	337	0.392	1	1.000	1.000	1	1.000	0.671	NA	NA	NA	NA
k141_2466	337	0.398	1	2.000	1.000	1	1.000	1.000	NA	NA	NA	NA
k141_644	337	0.365	2	1.000	0.639	1	1.000	0.588	NA	NA	NA	NA
k141_426	337	0.427	1	2.000	1.000	2	1.000	0.774	NA	NA	NA	NA
k141_10474	336	0.417	1	1.000	1.000	1	1.000	0.839	NA	NA	NA	NA
k141_2622	336	0.336	0	0.000	0.000	1	2.000	0.935	NA	NA	NA	NA
k141_589	336	0.393	3	1.000	0.863	1	1.000	0.685	NA	NA	NA	NA
k141_9112	336	0.408	1	1.000	0.935	1	1.000	0.387	NA	NA	NA	NA
k141_3255	336	0.417	1	1.000	1.000	1	1.000	0.896	NA	NA	NA	NA
k141_7428	335	0.373	1	1.000	1.000	1	2.000	0.818	NA	NA	NA	NA
k141_8722	335	0.391	1	2.000	1.000	3	1.333	0.682	NA	NA	NA	NA
k141_4663	335	0.421	2	1.000	0.710	1	1.000	0.863	NA	NA	NA	NA
k141_5045	335	0.412	1	2.000	1.000	3	1.000	0.790	NA	NA	NA	NA
k141_2807	335	0.421	2	2.000	0.999	0	0.000	0.000	NA	NA	NA	NA
k141_4507	335	0.421	2	1.000	0.916	1	2.000	0.854	NA	NA	NA	NA
k141_7513	335	0.418	1	2.000	1.000	4	2.250	0.881	NA	NA	NA	NA
k141_3618	335	0.358	1	1.000	0.788	2	1.000	0.555	NA	NA	NA	NA
k141_8979	335	0.403	2	1.000	0.785	0	0.000	0.000	NA	NA	NA	NA
k141_2260	335	0.394	1	2.000	1.000	0	0.000	0.000	NA	NA	NA	NA
k141_3412	335	0.445	1	1.000	1.000	3	1.667	0.929	NA	NA	NA	NA
k141_8579	334	0.410	1	1.000	1.000	1	1.000	0.713	NA	NA	NA	NA
k141_1334	334	0.398	2	1.000	0.614	1	2.000	0.997	NA	NA	NA	NA
k141_3270	334	0.377	2	1.000	0.576	0	0.000	0.000	NA	NA	NA	NA
k141_4724	334	0.383	1	5.000	1.000	3	1.333	0.210	NA	NA	NA	NA
k141_615	334	0.383	1	1.000	1.000	0	0.000	0.000	NA	NA	NA	NA
k141_7395	334	0.428	1	1.000	1.000	0	0.000	0.000	NA	NA	NA	NA
k141_2981	334	0.368	0	0.000	0.000	1	2.000	0.880	NA	NA	NA	NA
k141_399	334	0.377	1	1.000	0.725	4	7.000	0.933	NA	NA	NA	NA
k141_10532	334	0.440	2	2.000	0.949	0	0.000	0.000	NA	NA	NA	NA
k141_8304	333	0.372	1	1.000	1.000	0	0.000	0.000	NA	NA	NA	NA
k141_2741	333	0.405	1	1.000	0.387	4	1.500	0.541	NA	NA	NA	NA
k141_2189	333	0.378	2	1.000	0.994	0	0.000	0.000	NA	NA	NA	NA
k141_3578	333	0.384	1	1.000	1.000	1	2.000	1.000	NA	NA	NA	NA
k141_7427	333	0.408	1	3.000	1.000	4	2.500	0.508	NA	NA	NA	NA
k141_392	333	0.360	2	1.000	0.607	1	2.000	0.748	NA	NA	NA	NA
k141_4063	333	0.405	1	2.000	1.000	1	1.000	0.514	NA	NA	NA	NA
k141_9174	333	0.378	2	1.000	0.602	1	3.000	0.928	NA	NA	NA	NA
k141_10137	332	0.389	1	1.000	1.000	0	0.000	0.000	NA	NA	NA	NA
k141_3661	332	0.392	3	1.333	0.845	1	3.000	0.943	NA	NA	NA	NA
k141_4069	332	0.364	1	1.000	1.000	1	2.000	0.750	NA	NA	NA	NA
k141_7648	332	0.419	1	2.000	1.000	1	1.000	0.852	NA	NA	NA	NA
k141_4344	332	0.395	1	1.000	1.000	2	1.000	0.952	NA	NA	NA	NA
k141_2363	332	0.392	1	1.000	0.976	1	1.000	0.473	NA	NA	NA	NA
k141_8864	332	0.425	3	1.667	0.968	1	1.000	0.849	NA	NA	NA	NA
k141_3858	332	0.407	0	0.000	0.000	0	0.000	0.000	NA	NA	NA	NA
k141_9892	332	0.464	1	1.000	0.867	0	0.000	0.000	NA	NA	NA	NA
k141_570	331	0.426	1	2.000	1.000	0	0.000	0.000	NA	NA	NA	NA
k141_8158	331	0.369	1	1.000	0.900	1	4.000	0.961	NA	NA	NA	NA
k141_6779	331	0.366	1	1.000	0.758	1	1.000	0.931	NA	NA	NA	NA
k141_3244	331	0.417	1	1.000	1.000	1	1.000	0.589	NA	NA	NA	NA
k141_5966	330	0.379	1	1.000	1.000	0	0.000	0.000	NA	NA	NA	NA
k141_3576	330	0.382	0	0.000	0.000	2	1.000	0.662	NA	NA	NA	NA
k141_9829	330	0.421	1	2.000	1.000	5	1.800	0.901	NA	NA	NA	NA
k141_1095	330	0.367	1	2.000	1.000	1	1.000	0.964	NA	NA	NA	NA
k141_1303	330	0.367	2	1.500	0.929	1	1.000	0.685	NA	NA	NA	NA
k141_5909	330	0.403	2	2.500	0.609	1	2.000	0.618	NA	NA	NA	NA
k141_3471	330	0.379	2	2.000	0.986	1	14.000	1.000	NA	NA	NA	NA
k141_8346	330	0.367	2	1.500	0.929	1	1.000	0.288	NA	NA	NA	NA
k141_9250	330	0.430	1	1.000	0.379	4	2.750	0.891	NA	NA	NA	NA
k141_5830	329	0.365	1	1.000	1.000	0	0.000	0.000	NA	NA	NA	NA
k141_4089	329	0.383	1	1.000	0.912	3	1.667	0.595	NA	NA	NA	NA
k141_5519	329	0.441	0	0.000	0.000	1	1.000	0.675	NA	NA	NA	NA
k141_9016	329	0.374	2	1.500	0.998	1	1.000	0.918	NA	NA	NA	NA
k141_3594	329	0.386	1	2.000	1.000	3	1.667	0.575	NA	NA	NA	NA
k141_6353	329	0.319	1	1.000	1.000	3	1.000	0.419	NA	NA	NA	NA
k141_7736	329	0.371	1	1.000	1.000	1	1.000	1.000	NA	NA	NA	NA
k141_10117	329	0.401	1	2.000	1.000	1	2.000	0.948	NA	NA	NA	NA
k141_495	329	0.435	1	1.000	1.000	0	0.000	0.000	NA	NA	NA	NA
k141_9766	329	0.422	3	1.000	0.670	0	0.000	0.000	NA	NA	NA	NA
k141_9134	329	0.413	2	1.000	0.801	1	1.000	0.906	NA	NA	NA	NA
k141_2613	329	0.377	1	2.000	1.000	1	1.000	0.289	NA	NA	NA	NA
k141_3791	329	0.392	2	1.000	0.573	0	0.000	0.000	NA	NA	NA	NA
k141_7682	329	0.389	1	1.000	0.790	1	1.000	0.520	NA	NA	NA	NA
k141_8810	329	0.410	1	1.000	0.933	1	1.000	0.474	NA	NA	NA	NA
k141_2470	329	0.422	3	1.000	0.871	1	2.000	0.845	NA	NA	NA	NA
k141_477	329	0.416	1	1.000	1.000	1	2.000	0.909	NA	NA	NA	NA
k141_4733	329	0.398	1	1.000	1.000	3	1.333	0.876	NA	NA	NA	NA
k141_2075	329	0.356	0	0.000	0.000	2	2.500	1.000	NA	NA	NA	NA
k141_10448	329	0.383	1	1.000	1.000	1	1.000	0.201	NA	NA	NA	NA
k141_2636	328	0.424	3	1.333	0.555	1	1.000	0.207	NA	NA	NA	NA
k141_6916	328	0.375	1	3.000	1.000	4	4.500	0.993	NA	NA	NA	NA
k141_4029	328	0.393	1	1.000	1.000	0	0.000	0.000	NA	NA	NA	NA
k141_5822	328	0.378	1	2.000	0.991	1	2.000	0.960	NA	NA	NA	NA
k141_616	328	0.387	2	1.000	0.989	0	0.000	0.000	NA	NA	NA	NA
k141_2072	328	0.412	1	2.000	1.000	0	0.000	0.000	NA	NA	NA	NA
k141_4123	328	0.363	1	4.000	1.000	1	2.000	0.902	NA	NA	NA	NA
k141_333	328	0.457	1	2.000	1.000	3	3.000	0.812	NA	NA	NA	NA
k141_5409	327	0.376	2	1.000	0.823	1	2.000	0.939	NA	NA	NA	NA
k141_7418	327	0.388	1	1.000	0.636	5	1.200	0.792	NA	NA	NA	NA
k141_9704	327	0.419	1	3.000	0.914	1	4.000	0.997	NA	NA	NA	NA
k141_8962	327	0.394	0	0.000	0.000	2	1.000	0.217	NA	NA	NA	NA
k141_3372	327	0.401	1	1.000	1.000	1	1.000	0.229	NA	NA	NA	NA
k141_9559	327	0.419	1	1.000	1.000	0	0.000	0.000	NA	NA	NA	NA
k141_9349	327	0.385	1	1.000	1.000	0	0.000	0.000	NA	NA	NA	NA
k141_898	326	0.374	2	1.000	0.929	1	1.000	0.531	NA	NA	NA	NA
k141_3892	326	0.387	3	2.000	0.998	1	2.000	0.997	NA	NA	NA	NA
k141_2548	326	0.405	1	1.000	0.561	3	6.000	0.500	NA	NA	NA	NA
k141_5515	326	0.377	2	1.000	0.867	1	1.000	0.816	NA	NA	NA	NA
k141_10048	326	0.420	1	1.000	1.000	1	1.000	0.518	NA	NA	NA	NA
k141_9868	326	0.433	1	1.000	1.000	1	2.000	1.000	NA	NA	NA	NA
k141_1379	326	0.368	0	0.000	0.000	0	0.000	0.000	NA	NA	NA	NA
k141_2403	326	0.429	1	1.000	1.000	1	1.000	0.543	NA	NA	NA	NA
k141_5707	326	0.402	2	1.000	0.862	1	1.000	0.666	NA	NA	NA	NA
k141_3440	326	0.393	0	0.000	0.000	2	4.000	0.929	NA	NA	NA	NA
k141_2826	325	0.409	1	1.000	1.000	3	3.667	0.892	NA	NA	NA	NA
k141_5219	325	0.342	1	1.000	1.000	1	3.000	0.615	NA	NA	NA	NA
k141_8723	325	0.397	1	1.000	1.000	0	0.000	0.000	NA	NA	NA	NA
k141_4475	325	0.418	1	1.000	0.929	1	1.000	0.963	NA	NA	NA	NA
k141_6187	325	0.403	1	2.000	1.000	2	1.000	0.978	NA	NA	NA	NA
k141_164	325	0.422	1	1.000	1.000	1	2.000	0.957	NA	NA	NA	NA
k141_8819	325	0.400	2	1.500	1.000	0	0.000	0.000	NA	NA	NA	NA
k141_9154	325	0.400	1	1.000	0.492	2	1.000	0.248	NA	NA	NA	NA
k141_2621	325	0.394	1	2.000	1.000	2	1.500	0.971	NA	NA	NA	NA
k141_1434	325	0.382	1	1.000	1.000	0	0.000	0.000	NA	NA	NA	NA
k141_8572	324	0.398	2	1.000	0.676	0	0.000	0.000	NA	NA	NA	NA
k141_2513	324	0.395	1	1.000	1.000	1	1.000	0.750	NA	NA	NA	NA
k141_6604	324	0.392	1	2.000	0.843	1	1.000	0.164	NA	NA	NA	NA
k141_5792	324	0.377	0	0.000	0.000	0	0.000	0.000	NA	NA	NA	NA
k141_5706	324	0.410	0	0.000	0.000	0	0.000	0.000	NA	NA	NA	NA
k141_4712	324	0.364	1	1.000	1.000	2	1.000	0.346	NA	NA	NA	NA
k141_10033	324	0.407	1	2.000	1.000	3	2.000	0.609	NA	NA	NA	NA
k141_5931	324	0.414	2	1.500	0.921	0	0.000	0.000	NA	NA	NA	NA
k141_6532	324	0.367	1	1.000	1.000	0	0.000	0.000	NA	NA	NA	NA
k141_8283	324	0.420	1	1.000	1.000	2	1.000	0.784	NA	NA	NA	NA
k141_8724	324	0.389	3	1.667	0.826	0	0.000	0.000	NA	NA	NA	NA
k141_9373	323	0.387	0	0.000	0.000	2	1.500	0.912	NA	NA	NA	NA
k141_8639	323	0.458	2	1.500	0.831	0	0.000	0.000	NA	NA	NA	NA
k141_1375	323	0.440	2	1.000	0.681	1	1.000	0.313	NA	NA	NA	NA
k141_9496	323	0.375	2	1.000	0.757	1	1.000	0.954	NA	NA	NA	NA
k141_9575	323	0.390	2	2.500	1.000	1	2.000	0.969	NA	NA	NA	NA
k141_9656	323	0.390	1	2.000	1.000	1	5.000	0.994	NA	NA	NA	NA
k141_8870	323	0.372	1	1.000	1.000	0	0.000	0.000	NA	NA	NA	NA
k141_9459	323	0.372	3	2.667	0.966	1	9.000	1.000	NA	NA	NA	NA
k141_7434	322	0.410	1	1.000	1.000	0	0.000	0.000	NA	NA	NA	NA
k141_6590	322	0.413	2	1.000	0.604	1	2.000	0.183	NA	NA	NA	NA
k141_7046	322	0.373	2	1.000	0.744	0	0.000	0.000	NA	NA	NA	NA
k141_9791	322	0.351	1	1.000	0.767	0	0.000	0.000	NA	NA	NA	NA
k141_167	322	0.394	0	0.000	0.000	7	2.000	0.228	NA	NA	NA	NA
k141_6724	322	0.366	2	1.000	0.742	0	0.000	0.000	NA	NA	NA	NA
k141_3881	322	0.370	1	1.000	1.000	0	0.000	0.000	NA	NA	NA	NA
k141_6092	322	0.373	2	1.000	0.638	1	2.000	0.978	NA	NA	NA	NA
k141_3940	322	0.360	2	1.000	0.873	0	0.000	0.000	NA	NA	NA	NA
k141_215	322	0.410	1	1.000	0.944	0	0.000	0.000	NA	NA	NA	NA
k141_6703	322	0.413	1	1.000	1.000	1	1.000	0.789	NA	NA	NA	NA
k141_4780	322	0.450	3	1.000	0.923	1	4.000	1.000	NA	NA	NA	NA
k141_1969	322	0.407	1	1.000	0.885	1	6.000	1.000	NA	NA	NA	NA
k141_981	322	0.435	1	1.000	1.000	0	0.000	0.000	NA	NA	NA	NA
k141_4439	322	0.438	0	0.000	0.000	0	0.000	0.000	NA	NA	NA	NA
k141_180	322	0.370	1	1.000	1.000	0	0.000	0.000	NA	NA	NA	NA
k141_7628	322	0.413	1	1.000	0.736	1	1.000	0.317	NA	NA	NA	NA
k141_9189	322	0.394	1	1.000	0.820	0	0.000	0.000	NA	NA	NA	NA
k141_9450	321	0.355	2	1.500	0.626	1	1.000	0.377	NA	NA	NA	NA
k141_8528	321	0.436	1	1.000	1.000	0	0.000	0.000	NA	NA	NA	NA
k141_2271	321	0.349	1	1.000	1.000	2	1.000	0.738	NA	NA	NA	NA
k141_8886	321	0.349	0	0.000	0.000	1	3.000	0.935	NA	NA	NA	NA
k141_5906	321	0.455	0	0.000	0.000	0	0.000	0.000	NA	NA	NA	NA
k141_3470	321	0.442	1	3.000	1.000	1	1.000	0.336	NA	NA	NA	NA
k141_10507	321	0.414	2	1.000	0.684	0	0.000	0.000	NA	NA	NA	NA
k141_7262	321	0.424	1	1.000	1.000	3	1.000	0.765	NA	NA	NA	NA
k141_8550	321	0.386	1	1.000	1.000	2	1.000	0.614	NA	NA	NA	NA
k141_5113	321	0.299	3	1.667	1.000	1	1.000	0.907	NA	NA	NA	NA
k141_10164	321	0.442	1	2.000	1.000	5	2.000	0.740	NA	NA	NA	NA
k141_7053	321	0.380	1	3.000	1.000	1	7.000	0.991	NA	NA	NA	NA
k141_1319	321	0.374	1	1.000	1.000	0	0.000	0.000	NA	NA	NA	NA
k141_1348	321	0.402	2	1.500	0.807	1	3.000	0.916	NA	NA	NA	NA
k141_108	321	0.402	1	1.000	1.000	1	1.000	0.944	NA	NA	NA	NA
k141_6985	321	0.383	3	1.000	0.513	0	0.000	0.000	NA	NA	NA	NA
k141_4720	321	0.414	2	1.000	0.595	0	0.000	0.000	NA	NA	NA	NA
k141_6275	320	0.375	1	2.000	1.000	1	1.000	0.778	NA	NA	NA	NA
k141_6891	320	0.359	1	1.000	1.000	1	2.000	0.950	NA	NA	NA	NA
k141_3111	320	0.397	4	1.250	0.955	1	1.000	0.984	NA	NA	NA	NA
k141_7128	320	0.406	1	1.000	0.887	2	1.500	0.762	NA	NA	NA	NA
k141_7990	320	0.366	1	2.000	1.000	4	2.000	0.972	NA	NA	NA	NA
k141_313	320	0.369	1	1.000	1.000	2	1.000	0.525	NA	NA	NA	NA
k141_3762	320	0.403	0	0.000	0.000	7	1.286	0.558	NA	NA	NA	NA
k141_3191	320	0.388	1	2.000	1.000	2	1.000	0.759	NA	NA	NA	NA
k141_6345	320	0.447	1	1.000	1.000	0	0.000	0.000	NA	NA	NA	NA
k141_8026	320	0.434	1	1.000	0.759	2	1.500	0.758	NA	NA	NA	NA
k141_3284	320	0.425	1	1.000	1.000	0	0.000	0.000	NA	NA	NA	NA
k141_9046	320	0.412	2	1.000	0.908	1	7.000	1.000	NA	NA	NA	NA
k141_5840	320	0.372	1	1.000	1.000	0	0.000	0.000	NA	NA	NA	NA
k141_4619	320	0.372	0	0.000	0.000	0	0.000	0.000	NA	NA	NA	NA
k141_4744	320	0.369	2	1.500	0.887	0	0.000	0.000	NA	NA	NA	NA
k141_9550	320	0.356	1	1.000	1.000	0	0.000	0.000	NA	NA	NA	NA
k141_8438	319	0.367	1	2.000	1.000	5	2.600	0.732	NA	NA	NA	NA
k141_8649	319	0.364	1	3.000	1.000	4	3.250	0.912	NA	NA	NA	NA
k141_1684	319	0.395	2	1.500	0.998	1	1.000	1.000	NA	NA	NA	NA
k141_6259	319	0.373	2	1.500	0.981	0	0.000	0.000	NA	NA	NA	NA
k141_7688	319	0.426	1	1.000	1.000	3	1.333	0.749	NA	NA	NA	NA
k141_5068	319	0.361	1	1.000	1.000	4	1.500	0.700	NA	NA	NA	NA
k141_2397	319	0.404	1	1.000	0.937	0	0.000	0.000	NA	NA	NA	NA
k141_6743	319	0.392	1	1.000	1.000	2	1.500	0.992	NA	NA	NA	NA
k141_3712	319	0.357	1	1.000	1.000	0	0.000	0.000	NA	NA	NA	NA
k141_6858	319	0.395	1	2.000	1.000	0	0.000	0.000	NA	NA	NA	NA
k141_1457	319	0.376	1	1.000	1.000	0	0.000	0.000	NA	NA	NA	NA
k141_3149	319	0.364	2	1.000	0.608	0	0.000	0.000	NA	NA	NA	NA
k141_24	319	0.285	1	2.000	0.906	1	6.000	0.661	NA	NA	NA	NA
k141_632	319	0.417	3	3.333	0.978	1	6.000	0.984	NA	NA	NA	NA
k141_8506	319	0.414	1	1.000	0.351	1	1.000	1.000	NA	NA	NA	NA
k141_1561	319	0.376	2	3.500	0.978	1	3.000	0.991	NA	NA	NA	NA
k141_3997	318	0.387	0	0.000	0.000	3	1.333	0.563	NA	NA	NA	NA
k141_2438	318	0.418	1	1.000	0.635	1	3.000	0.940	NA	NA	NA	NA
k141_2751	318	0.418	1	1.000	1.000	3	2.333	0.841	NA	NA	NA	NA
k141_6739	318	0.412	1	1.000	1.000	0	0.000	0.000	NA	NA	NA	NA
k141_8676	318	0.396	2	1.000	0.940	1	1.000	0.676	NA	NA	NA	NA
k141_4960	318	0.390	1	1.000	0.899	2	1.000	0.593	NA	NA	NA	NA
k141_2489	318	0.358	1	1.000	1.000	0	0.000	0.000	NA	NA	NA	NA
k141_7054	318	0.371	1	1.000	1.000	0	0.000	0.000	NA	NA	NA	NA
k141_10191	318	0.403	1	1.000	1.000	2	2.500	0.854	NA	NA	NA	NA
k141_9313	318	0.403	1	1.000	1.000	1	1.000	0.723	NA	NA	NA	NA
k141_10176	318	0.390	1	1.000	1.000	1	1.000	0.786	NA	NA	NA	NA
k141_6971	318	0.412	3	1.000	0.943	1	2.000	0.928	NA	NA	NA	NA
k141_4005	318	0.381	1	3.000	1.000	0	0.000	0.000	NA	NA	NA	NA
k141_634	317	0.448	3	1.333	1.000	1	5.000	1.000	NA	NA	NA	NA
k141_7130	317	0.401	1	2.000	1.000	0	0.000	0.000	NA	NA	NA	NA
k141_3901	317	0.382	1	1.000	1.000	0	0.000	0.000	NA	NA	NA	NA
k141_5989	317	0.410	2	1.000	0.932	0	0.000	0.000	NA	NA	NA	NA
k141_552	317	0.372	0	0.000	0.000	3	1.333	0.835	NA	NA	NA	NA
k141_3457	317	0.379	2	1.500	0.970	1	3.000	1.000	NA	NA	NA	NA
k141_8241	317	0.413	2	1.000	0.708	0	0.000	0.000	NA	NA	NA	NA
k141_7896	317	0.360	1	2.000	1.000	0	0.000	0.000	NA	NA	NA	NA
k141_3375	317	0.382	1	1.000	1.000	0	0.000	0.000	NA	NA	NA	NA
k141_6541	317	0.344	1	4.000	0.991	2	9.000	0.815	NA	NA	NA	NA
k141_6755	316	0.383	1	1.000	1.000	1	1.000	0.500	NA	NA	NA	NA
k141_3685	316	0.427	1	1.000	1.000	0	0.000	0.000	NA	NA	NA	NA
k141_1665	316	0.377	1	1.000	1.000	1	1.000	0.263	NA	NA	NA	NA
k141_8552	316	0.411	1	1.000	1.000	0	0.000	0.000	NA	NA	NA	NA
k141_7257	316	0.370	2	1.500	0.856	1	6.000	0.978	NA	NA	NA	NA
k141_8959	316	0.418	2	1.000	0.391	1	2.000	0.535	NA	NA	NA	NA
k141_7568	316	0.396	1	1.000	1.000	0	0.000	0.000	NA	NA	NA	NA
k141_4199	316	0.345	0	0.000	0.000	0	0.000	0.000	NA	NA	NA	NA
k141_3848	315	0.425	1	2.000	1.000	2	2.500	0.819	NA	NA	NA	NA
k141_4858	315	0.387	1	3.000	1.000	1	2.000	0.908	NA	NA	NA	NA
k141_7611	315	0.394	1	1.000	1.000	1	1.000	1.000	NA	NA	NA	NA
k141_7784	315	0.378	1	1.000	0.737	0	0.000	0.000	NA	NA	NA	NA
k141_5802	315	0.375	1	2.000	1.000	1	1.000	0.927	NA	NA	NA	NA
k141_7599	315	0.410	0	0.000	0.000	2	1.500	0.781	NA	NA	NA	NA
k141_7779	315	0.371	2	1.000	0.641	0	0.000	0.000	NA	NA	NA	NA
k141_9752	315	0.429	1	1.000	1.000	0	0.000	0.000	NA	NA	NA	NA
k141_7394	314	0.357	1	1.000	1.000	0	0.000	0.000	NA	NA	NA	NA
k141_8020	314	0.385	1	1.000	1.000	1	1.000	0.637	NA	NA	NA	NA
k141_2550	314	0.382	2	1.500	0.959	1	4.000	1.000	NA	NA	NA	NA
k141_8675	314	0.369	1	1.000	1.000	0	0.000	0.000	NA	NA	NA	NA
k141_4269	314	0.433	2	2.500	0.925	1	1.000	0.774	NA	NA	NA	NA
k141_2222	314	0.414	2	1.500	0.774	1	2.000	0.971	NA	NA	NA	NA
k141_3608	314	0.395	1	1.000	0.529	1	2.000	0.943	NA	NA	NA	NA
k141_3129	313	0.383	1	3.000	1.000	5	3.600	0.949	NA	NA	NA	NA
k141_6033	313	0.383	1	1.000	0.629	1	1.000	0.665	NA	NA	NA	NA
k141_8043	313	0.431	0	0.000	0.000	0	0.000	0.000	NA	NA	NA	NA
k141_5036	313	0.403	3	1.333	0.712	1	1.000	1.000	NA	NA	NA	NA
k141_1296	313	0.441	1	1.000	1.000	1	1.000	0.169	NA	NA	NA	NA
k141_5053	313	0.422	2	3.000	0.847	1	2.000	0.693	NA	NA	NA	NA
k141_9170	313	0.406	3	4.000	0.969	1	7.000	1.000	NA	NA	NA	NA
k141_8399	313	0.412	1	1.000	1.000	0	0.000	0.000	NA	NA	NA	NA
k141_2996	313	0.422	1	4.000	1.000	1	2.000	0.783	NA	NA	NA	NA
k141_1858	312	0.429	1	1.000	0.513	2	2.500	0.915	NA	NA	NA	NA
k141_7317	312	0.381	1	1.000	1.000	0	0.000	0.000	NA	NA	NA	NA
k141_9352	312	0.381	1	1.000	1.000	0	0.000	0.000	NA	NA	NA	NA
k141_9429	312	0.356	1	1.000	1.000	2	1.000	0.521	NA	NA	NA	NA
k141_1006	312	0.388	1	1.000	1.000	2	2.000	0.877	NA	NA	NA	NA
k141_5287	312	0.420	1	1.000	0.907	2	1.000	0.579	NA	NA	NA	NA
k141_3050	312	0.388	1	2.000	1.000	0	0.000	0.000	NA	NA	NA	NA
k141_10426	312	0.391	2	1.000	0.819	0	0.000	0.000	NA	NA	NA	NA
k141_5269	312	0.369	1	1.000	1.000	2	6.000	0.931	NA	NA	NA	NA
k141_6504	312	0.429	1	2.000	1.000	3	1.000	0.689	NA	NA	NA	NA
k141_2081	312	0.391	1	1.000	1.000	0	0.000	0.000	NA	NA	NA	NA
k141_8829	311	0.386	2	2.000	0.796	1	4.000	1.000	NA	NA	NA	NA
k141_3616	311	0.389	1	2.000	0.994	2	2.000	0.905	NA	NA	NA	NA
k141_4802	311	0.383	2	4.000	1.000	1	6.000	0.952	NA	NA	NA	NA
k141_8838	311	0.421	0	0.000	0.000	1	2.000	1.000	NA	NA	NA	NA
k141_10275	311	0.450	1	1.000	1.000	3	1.333	0.879	NA	NA	NA	NA
k141_10438	311	0.421	1	1.000	1.000	0	0.000	0.000	NA	NA	NA	NA
k141_3977	311	0.392	1	2.000	1.000	5	2.200	0.860	NA	NA	NA	NA
k141_2997	311	0.431	1	1.000	1.000	1	1.000	0.518	NA	NA	NA	NA
k141_6065	311	0.357	1	3.000	1.000	0	0.000	0.000	NA	NA	NA	NA
k141_1063	311	0.434	2	1.000	0.941	0	0.000	0.000	NA	NA	NA	NA
k141_465	310	0.406	2	1.000	0.706	1	2.000	0.971	NA	NA	NA	NA
k141_7534	310	0.394	1	1.000	1.000	0	0.000	0.000	NA	NA	NA	NA
k141_5359	310	0.429	0	0.000	0.000	1	2.000	0.923	NA	NA	NA	NA
k141_6376	310	0.426	1	1.000	0.997	2	1.000	0.627	NA	NA	NA	NA
k141_9340	310	0.390	0	0.000	0.000	1	1.000	0.997	NA	NA	NA	NA
k141_2307	310	0.406	1	1.000	1.000	1	1.000	0.910	NA	NA	NA	NA
k141_6731	310	0.368	2	1.000	0.990	1	3.000	0.974	NA	NA	NA	NA
k141_1052	310	0.384	2	1.000	0.802	1	6.000	1.000	NA	NA	NA	NA
k141_3478	310	0.394	1	1.000	1.000	0	0.000	0.000	NA	NA	NA	NA
k141_730	310	0.429	0	0.000	0.000	1	1.000	0.761	NA	NA	NA	NA
k141_91	309	0.395	1	1.000	0.981	0	0.000	0.000	NA	NA	NA	NA
k141_8233	309	0.430	1	4.000	1.000	1	3.000	0.922	NA	NA	NA	NA
k141_2454	309	0.398	1	1.000	1.000	0	0.000	0.000	NA	NA	NA	NA
k141_10142	309	0.340	1	2.000	1.000	1	1.000	0.547	NA	NA	NA	NA
k141_868	309	0.382	1	1.000	1.000	1	8.000	1.000	NA	NA	NA	NA
k141_668	309	0.405	2	1.000	0.757	1	1.000	0.553	NA	NA	NA	NA
k141_3560	309	0.375	1	1.000	1.000	1	3.000	0.909	NA	NA	NA	NA
k141_5274	309	0.453	1	1.000	1.000	0	0.000	0.000	NA	NA	NA	NA
k141_2451	309	0.369	0	0.000	0.000	0	0.000	0.000	NA	NA	NA	NA
k141_7101	308	0.364	1	2.000	1.000	0	0.000	0.000	NA	NA	NA	NA
k141_6129	308	0.380	1	2.000	1.000	0	0.000	0.000	NA	NA	NA	NA
k141_5390	308	0.373	1	1.000	1.000	0	0.000	0.000	NA	NA	NA	NA
k141_10143	308	0.373	1	1.000	0.961	0	0.000	0.000	NA	NA	NA	NA
k141_3263	308	0.448	3	1.333	0.861	0	0.000	0.000	NA	NA	NA	NA
k141_9607	308	0.429	1	1.000	1.000	1	1.000	0.724	NA	NA	NA	NA
k141_5362	307	0.362	1	1.000	1.000	1	1.000	0.645	NA	NA	NA	NA
k141_6737	307	0.420	1	2.000	1.000	1	3.000	0.397	NA	NA	NA	NA
k141_181	307	0.371	3	2.667	0.470	0	0.000	0.000	NA	NA	NA	NA
k141_5823	307	0.391	2	1.500	0.495	1	1.000	0.404	NA	NA	NA	NA
k141_900	307	0.397	2	1.000	0.236	1	1.000	0.554	NA	NA	NA	NA
k141_4502	307	0.407	3	1.333	0.795	1	6.000	0.980	NA	NA	NA	NA
k141_8387	307	0.423	2	3.500	1.000	0	0.000	0.000	NA	NA	NA	NA
k141_9738	307	0.375	1	2.000	1.000	1	1.000	1.000	NA	NA	NA	NA
k141_444	307	0.427	1	1.000	0.941	1	1.000	0.821	NA	NA	NA	NA
k141_5725	307	0.371	1	1.000	1.000	1	1.000	0.990	NA	NA	NA	NA
k141_2079	307	0.414	1	1.000	1.000	2	1.000	0.446	NA	NA	NA	NA
k141_8475	307	0.433	1	1.000	1.000	2	3.000	0.751	NA	NA	NA	NA
k141_9968	307	0.420	1	1.000	1.000	0	0.000	0.000	NA	NA	NA	NA
k141_6904	307	0.355	1	1.000	0.668	1	1.000	0.179	NA	NA	NA	NA
k141_10533	307	0.407	1	2.000	1.000	2	1.500	0.368	NA	NA	NA	NA
k141_9485	307	0.407	2	1.000	0.588	1	1.000	0.410	NA	NA	NA	NA
k141_8110	306	0.376	1	2.000	1.000	0	0.000	0.000	NA	NA	NA	NA
k141_6296	306	0.389	2	1.000	0.966	1	5.000	0.980	NA	NA	NA	NA
k141_9781	306	0.402	2	1.500	0.985	0	0.000	0.000	NA	NA	NA	NA
k141_5639	306	0.359	1	1.000	1.000	0	0.000	0.000	NA	NA	NA	NA
k141_3992	306	0.395	0	0.000	0.000	0	0.000	0.000	NA	NA	NA	NA
k141_5418	306	0.425	1	1.000	1.000	0	0.000	0.000	NA	NA	NA	NA
k141_7540	306	0.402	2	1.500	0.866	1	1.000	0.964	NA	NA	NA	NA
k141_2569	306	0.389	1	1.000	0.575	3	1.667	0.680	NA	NA	NA	NA
k141_4493	306	0.379	1	1.000	1.000	2	1.000	0.642	NA	NA	NA	NA
k141_1589	306	0.408	1	3.000	1.000	8	1.375	0.520	NA	NA	NA	NA
k141_6564	306	0.373	2	1.500	0.876	1	1.000	0.333	NA	NA	NA	NA
k141_4644	306	0.366	2	1.000	0.724	1	1.000	0.428	NA	NA	NA	NA
k141_9588	306	0.392	2	1.000	0.920	1	1.000	0.248	NA	NA	NA	NA
k141_8704	306	0.408	2	1.000	0.717	0	0.000	0.000	NA	NA	NA	NA
k141_7473	305	0.370	0	0.000	0.000	0	0.000	0.000	NA	NA	NA	NA
k141_4425	305	0.374	0	0.000	0.000	0	0.000	0.000	NA	NA	NA	NA
k141_2330	305	0.397	1	1.000	1.000	0	0.000	0.000	NA	NA	NA	NA
k141_5577	305	0.426	1	1.000	1.000	2	2.000	0.639	NA	NA	NA	NA
k141_1307	305	0.377	1	1.000	0.974	1	1.000	1.000	NA	NA	NA	NA
k141_3706	305	0.338	1	1.000	1.000	0	0.000	0.000	NA	NA	NA	NA
k141_9474	305	0.410	2	1.000	0.493	0	0.000	0.000	NA	NA	NA	NA
k141_3745	305	0.416	1	1.000	0.934	1	2.000	0.977	NA	NA	NA	NA
k141_456	305	0.420	1	1.000	1.000	1	5.000	1.000	NA	NA	NA	NA
k141_8922	305	0.387	1	1.000	1.000	0	0.000	0.000	NA	NA	NA	NA
k141_188	305	0.393	1	1.000	1.000	0	0.000	0.000	NA	NA	NA	NA
k141_9064	305	0.403	2	1.000	0.731	0	0.000	0.000	NA	NA	NA	NA
k141_10061	305	0.466	1	1.000	1.000	5	3.000	0.815	NA	NA	NA	NA
k141_332	304	0.408	2	1.000	0.952	0	0.000	0.000	NA	NA	NA	NA
k141_7567	304	0.408	1	1.000	1.000	0	0.000	0.000	NA	NA	NA	NA
k141_6099	304	0.355	1	2.000	1.000	0	0.000	0.000	NA	NA	NA	NA
k141_9838	304	0.368	1	2.000	1.000	0	0.000	0.000	NA	NA	NA	NA
k141_9666	304	0.385	0	0.000	0.000	0	0.000	0.000	NA	NA	NA	NA
k141_2091	304	0.418	0	0.000	0.000	1	1.000	0.938	NA	NA	NA	NA
k141_5216	304	0.388	1	1.000	1.000	0	0.000	0.000	NA	NA	NA	NA
k141_1464	304	0.385	2	1.000	0.618	0	0.000	0.000	NA	NA	NA	NA
k141_3358	304	0.405	2	1.000	0.882	0	0.000	0.000	NA	NA	NA	NA
k141_9893	304	0.411	1	1.000	0.849	1	1.000	0.980	NA	NA	NA	NA
k141_7266	304	0.441	1	2.000	0.849	2	2.000	0.895	NA	NA	NA	NA
k141_8309	304	0.391	1	1.000	0.911	3	2.000	0.868	NA	NA	NA	NA
k141_5504	303	0.409	2	1.500	0.847	1	4.000	0.832	NA	NA	NA	NA
k141_8995	303	0.380	2	1.500	0.729	1	1.000	0.485	NA	NA	NA	NA
k141_5440	303	0.403	2	1.500	0.741	1	1.000	0.884	NA	NA	NA	NA
k141_4144	303	0.393	1	1.000	1.000	2	1.000	0.300	NA	NA	NA	NA
k141_1358	303	0.389	1	1.000	1.000	0	0.000	0.000	NA	NA	NA	NA
k141_2670	303	0.429	1	1.000	0.558	2	1.000	0.533	NA	NA	NA	NA
k141_8926	303	0.370	2	1.000	0.998	1	1.000	0.908	NA	NA	NA	NA
k141_9233	303	0.380	2	1.000	0.952	1	1.000	0.624	NA	NA	NA	NA
k141_8853	303	0.426	0	0.000	0.000	1	1.000	0.172	NA	NA	NA	NA
k141_1515	303	0.409	1	1.000	0.710	2	1.500	0.776	NA	NA	NA	NA
k141_1160	303	0.386	1	1.000	1.000	1	1.000	1.000	NA	NA	NA	NA
k141_5591	302	0.417	1	2.000	1.000	0	0.000	0.000	NA	NA	NA	NA
k141_3972	302	0.414	0	0.000	0.000	0	0.000	0.000	NA	NA	NA	NA
k141_9299	302	0.391	1	1.000	0.639	0	0.000	0.000	NA	NA	NA	NA
k141_8846	302	0.434	1	1.000	1.000	0	0.000	0.000	NA	NA	NA	NA
k141_6253	302	0.430	0	0.000	0.000	0	0.000	0.000	NA	NA	NA	NA
k141_1682	302	0.368	1	1.000	1.000	0	0.000	0.000	NA	NA	NA	NA
k141_817	302	0.417	1	2.000	1.000	1	1.000	0.305	NA	NA	NA	NA
k141_3181	301	0.389	1	1.000	1.000	1	1.000	0.329	NA	NA	NA	NA
k141_7660	301	0.385	2	1.500	1.000	1	5.000	1.000	NA	NA	NA	NA
k141_9649	301	0.389	2	1.000	0.968	0	0.000	0.000	NA	NA	NA	NA
k141_9567	301	0.449	0	0.000	0.000	1	1.000	0.635	NA	NA	NA	NA
k141_6123	301	0.402	1	1.000	1.000	0	0.000	0.000	NA	NA	NA	NA
k141_6403	301	0.385	1	1.000	0.757	2	2.000	0.754	NA	NA	NA	NA
k141_10203	301	0.405	2	1.000	0.767	0	0.000	0.000	NA	NA	NA	NA
k141_1149	301	0.362	0	0.000	0.000	0	0.000	0.000	NA	NA	NA	NA
k141_10148	301	0.355	1	1.000	1.000	1	2.000	0.618	NA	NA	NA	NA
k141_3220	300	0.397	1	1.000	0.820	1	6.000	1.000	NA	NA	NA	NA
k141_7290	300	0.360	1	1.000	0.280	4	1.250	0.843	NA	NA	NA	NA
k141_8694	300	0.400	2	1.000	0.992	1	1.000	0.413	NA	NA	NA	NA
k141_2987	299	0.415	1	1.000	1.000	1	1.000	0.913	NA	NA	NA	NA
k141_3157	299	0.378	2	1.000	0.796	1	1.000	0.997	NA	NA	NA	NA
k141_2727	298	0.349	1	2.000	1.000	1	2.000	0.466	NA	NA	NA	NA
k141_8303	298	0.403	1	1.000	0.842	2	2.000	0.878	NA	NA	NA	NA
k141_5475	297	0.364	1	1.000	1.000	2	1.000	0.574	NA	NA	NA	NA
k141_5482	297	0.384	1	1.000	1.000	3	1.000	0.934	NA	NA	NA	NA
k141_3517	296	0.402	1	1.000	0.997	1	1.000	0.865	NA	NA	NA	NA
k141_3029	295	0.403	3	1.667	0.911	1	1.000	0.993	NA	NA	NA	NA
k141_869	295	0.332	0	0.000	0.000	0	0.000	0.000	NA	NA	NA	NA
k141_7040	295	0.414	0	0.000	0.000	3	1.667	0.713	NA	NA	NA	NA
k141_8720	295	0.444	3	1.000	0.931	0	0.000	0.000	NA	NA	NA	NA
k141_3472	295	0.400	2	1.000	0.954	1	1.000	0.895	NA	NA	NA	NA
k141_3579	294	0.391	0	0.000	0.000	1	1.000	0.847	NA	NA	NA	NA
k141_9439	294	0.371	1	2.000	1.000	0	0.000	0.000	NA	NA	NA	NA
k141_6441	293	0.406	3	6.667	0.973	1	17.000	0.986	NA	NA	NA	NA
k141_62	293	0.399	1	1.000	0.645	0	0.000	0.000	NA	NA	NA	NA
k141_6709	292	0.366	3	1.667	0.919	1	2.000	1.000	NA	NA	NA	NA
k141_6126	291	0.416	1	1.000	0.715	3	1.333	0.781	NA	NA	NA	NA
k141_3824	291	0.361	1	1.000	1.000	0	0.000	0.000	NA	NA	NA	NA
k141_3401	291	0.402	3	2.667	0.708	1	4.000	0.973	NA	NA	NA	NA
k141_9330	291	0.385	0	0.000	0.000	0	0.000	0.000	NA	NA	NA	NA
k141_8328	290	0.572	1	3.000	1.000	0	0.000	0.000	NA	NA	NA	NA
k141_8448	290	0.397	1	1.000	0.297	1	1.000	0.631	NA	NA	NA	NA
k141_2515	290	0.397	1	1.000	0.779	2	1.000	0.819	NA	NA	NA	NA
k141_1195	290	0.386	2	1.000	0.590	0	0.000	0.000	NA	NA	NA	NA
k141_6480	289	0.363	1	1.000	1.000	0	0.000	0.000	NA	NA	NA	NA
k141_1205	289	0.384	1	1.000	0.180	0	0.000	0.000	NA	NA	NA	NA
k141_4885	289	0.370	2	3.000	0.983	1	1.000	0.993	NA	NA	NA	NA
k141_5108	289	0.377	1	1.000	1.000	1	3.000	0.972	NA	NA	NA	NA
k141_3381	289	0.419	1	1.000	0.997	3	4.333	0.993	NA	NA	NA	NA
k141_6045	289	0.412	0	0.000	0.000	2	1.500	0.939	NA	NA	NA	NA
k141_4263	288	0.417	1	1.000	1.000	2	1.000	0.976	NA	NA	NA	NA
k141_4929	288	0.378	1	1.000	0.684	1	1.000	0.663	NA	NA	NA	NA
k141_1184	288	0.392	1	1.000	1.000	0	0.000	0.000	NA	NA	NA	NA
k141_1020	287	0.390	0	0.000	0.000	1	1.000	0.836	NA	NA	NA	NA
k141_3529	287	0.362	0	0.000	0.000	0	0.000	0.000	NA	NA	NA	NA
k141_6575	287	0.401	1	1.000	1.000	0	0.000	0.000	NA	NA	NA	NA
k141_5721	287	0.359	1	2.000	1.000	0	0.000	0.000	NA	NA	NA	NA
k141_1482	287	0.341	1	1.000	1.000	1	2.000	1.000	NA	NA	NA	NA
k141_9515	287	0.425	1	1.000	0.885	0	0.000	0.000	NA	NA	NA	NA
k141_1292	286	0.392	1	2.000	0.787	1	1.000	0.678	NA	NA	NA	NA
k141_6780	286	0.378	2	1.000	0.867	0	0.000	0.000	NA	NA	NA	NA
k141_1626	285	0.386	3	2.333	0.744	1	2.000	1.000	NA	NA	NA	NA
k141_1884	285	0.365	2	2.500	0.896	0	0.000	0.000	NA	NA	NA	NA
k141_8200	285	0.382	3	2.000	0.931	1	4.000	1.000	NA	NA	NA	NA
k141_4824	285	0.354	1	1.000	0.512	4	1.250	0.918	NA	NA	NA	NA
k141_2338	284	0.398	1	1.000	0.817	2	2.000	0.831	NA	NA	NA	NA
k141_1542	284	0.373	2	1.500	0.794	1	1.000	0.989	NA	NA	NA	NA
k141_547	284	0.359	1	1.000	0.746	1	1.000	0.761	NA	NA	NA	NA
k141_3159	284	0.366	0	0.000	0.000	1	1.000	0.912	NA	NA	NA	NA
k141_350	283	0.367	3	2.333	0.995	1	6.000	1.000	NA	NA	NA	NA
k141_5364	283	0.357	1	1.000	0.968	4	2.250	0.947	NA	NA	NA	NA
k141_10535	283	0.396	3	1.000	0.856	1	1.000	0.728	NA	NA	NA	NA
k141_6074	283	0.420	2	2.000	0.973	1	2.000	0.993	NA	NA	NA	NA
k141_4316	283	0.396	1	1.000	1.000	1	2.000	0.682	NA	NA	NA	NA
k141_2009	283	0.375	3	2.333	0.976	1	5.000	1.000	NA	NA	NA	NA
k141_9104	283	0.431	2	6.000	0.989	1	2.000	1.000	NA	NA	NA	NA
k141_3822	283	0.403	0	0.000	0.000	1	1.000	0.912	NA	NA	NA	NA
k141_4919	283	0.413	1	1.000	0.982	2	2.500	0.892	NA	NA	NA	NA
k141_8860	283	0.392	3	2.333	0.862	1	5.000	0.996	NA	NA	NA	NA
k141_1194	283	0.375	1	1.000	1.000	0	0.000	0.000	NA	NA	NA	NA
k141_6453	283	0.367	1	1.000	0.629	2	1.000	0.931	NA	NA	NA	NA
k141_3167	283	0.424	1	3.000	0.968	1	4.000	1.000	NA	NA	NA	NA
k141_8593	283	0.399	1	1.000	1.000	2	1.500	0.860	NA	NA	NA	NA
k141_7720	283	0.367	1	1.000	1.000	1	1.000	0.894	NA	NA	NA	NA
k141_1008	283	0.389	0	0.000	0.000	1	1.000	0.848	NA	NA	NA	NA
k141_3235	283	0.389	0	0.000	0.000	0	0.000	0.000	NA	NA	NA	NA
k141_3044	282	0.376	2	1.000	0.461	0	0.000	0.000	NA	NA	NA	NA
k141_2936	282	0.372	2	1.000	0.594	0	0.000	0.000	NA	NA	NA	NA
k141_4971	282	0.397	3	1.333	0.696	1	1.000	0.918	NA	NA	NA	NA
k141_1131	282	0.390	2	1.000	0.894	1	1.000	0.355	NA	NA	NA	NA
k141_6434	282	0.369	2	1.000	0.986	1	1.000	0.415	NA	NA	NA	NA
k141_6602	282	0.383	1	1.000	0.723	1	3.000	1.000	NA	NA	NA	NA
k141_1715	282	0.365	0	0.000	0.000	1	1.000	1.000	NA	NA	NA	NA
k141_5788	282	0.383	0	0.000	0.000	1	1.000	0.887	NA	NA	NA	NA
k141_671	281	0.363	1	1.000	1.000	3	1.333	0.700	NA	NA	NA	NA
k141_4714	281	0.381	0	0.000	0.000	0	0.000	0.000	NA	NA	NA	NA
k141_7851	281	0.416	1	2.000	1.000	1	2.000	0.270	NA	NA	NA	NA
k141_3268	281	0.420	3	1.667	0.935	1	5.000	0.996	NA	NA	NA	NA
k141_1963	281	0.399	1	1.000	0.680	2	1.000	0.790	NA	NA	NA	NA
k141_1510	280	0.411	1	1.000	1.000	0	0.000	0.000	NA	NA	NA	NA
k141_8814	280	0.382	2	2.000	0.930	0	0.000	0.000	NA	NA	NA	NA
k141_5262	280	0.393	1	1.000	1.000	0	0.000	0.000	NA	NA	NA	NA
k141_268	280	0.393	0	0.000	0.000	0	0.000	0.000	NA	NA	NA	NA
k141_6620	280	0.443	1	1.000	0.982	2	1.500	0.909	NA	NA	NA	NA
k141_6656	280	0.386	2	1.000	1.000	1	1.000	0.796	NA	NA	NA	NA
k141_2458	280	0.368	1	2.000	1.000	6	2.000	0.979	NA	NA	NA	NA
k141_2088	279	0.387	0	0.000	0.000	2	1.500	0.987	NA	NA	NA	NA
k141_6763	279	0.430	1	2.000	1.000	2	1.000	0.530	NA	NA	NA	NA
k141_5760	279	0.348	1	2.000	1.000	1	3.000	0.774	NA	NA	NA	NA
k141_5701	278	0.381	1	1.000	0.572	1	1.000	0.921	NA	NA	NA	NA
k141_1030	278	0.439	1	1.000	1.000	1	2.000	1.000	NA	NA	NA	NA
k141_3256	278	0.363	3	2.000	1.000	1	3.000	1.000	NA	NA	NA	NA
k141_3462	278	0.399	2	2.500	1.000	1	3.000	0.932	NA	NA	NA	NA
k141_3247	278	0.403	1	1.000	0.424	4	2.250	0.879	NA	NA	NA	NA
k141_2198	278	0.439	3	3.667	0.983	1	10.000	1.000	NA	NA	NA	NA
k141_1323	277	0.343	1	3.000	1.000	5	2.200	0.798	NA	NA	NA	NA
k141_2495	277	0.365	1	2.000	0.859	0	0.000	0.000	NA	NA	NA	NA
k141_8830	277	0.448	1	3.000	0.693	2	1.000	0.614	NA	NA	NA	NA
k141_2977	277	0.383	1	2.000	1.000	3	2.000	0.750	NA	NA	NA	NA
k141_8767	277	0.397	1	2.000	1.000	4	1.500	0.432	NA	NA	NA	NA
k141_6668	275	0.327	1	1.000	1.000	0	0.000	0.000	NA	NA	NA	NA
k141_9573	275	0.393	0	0.000	0.000	1	1.000	0.742	NA	NA	NA	NA
k141_1268	275	0.375	0	0.000	0.000	1	1.000	0.505	NA	NA	NA	NA
k141_156	274	0.343	2	1.000	0.670	0	0.000	0.000	NA	NA	NA	NA
k141_1083	274	0.361	2	1.000	0.447	1	2.000	0.566	NA	NA	NA	NA
k141_7665	274	0.387	1	1.000	0.456	1	1.000	0.956	NA	NA	NA	NA
k141_5011	274	0.416	2	1.500	0.942	0	0.000	0.000	NA	NA	NA	NA
k141_5423	274	0.339	1	1.000	0.281	1	1.000	0.982	NA	NA	NA	NA
k141_2929	273	0.407	1	1.000	1.000	0	0.000	0.000	NA	NA	NA	NA
k141_7234	273	0.366	0	0.000	0.000	1	1.000	0.267	NA	NA	NA	NA
k141_4880	273	0.374	1	1.000	0.963	2	2.000	0.967	NA	NA	NA	NA
k141_4469	273	0.407	3	1.000	0.839	1	1.000	0.971	NA	NA	NA	NA
k141_2179	272	0.371	1	1.000	0.272	1	1.000	0.732	NA	NA	NA	NA
k141_4992	272	0.397	2	1.000	0.684	1	1.000	0.504	NA	NA	NA	NA
k141_7271	272	0.386	1	1.000	1.000	0	0.000	0.000	NA	NA	NA	NA
k141_7979	271	0.395	1	1.000	1.000	0	0.000	0.000	NA	NA	NA	NA
k141_441	271	0.399	2	2.000	0.967	1	1.000	0.852	NA	NA	NA	NA
k141_7279	271	0.435	1	1.000	1.000	0	0.000	0.000	NA	NA	NA	NA
k141_2868	271	0.380	0	0.000	0.000	3	1.333	0.863	NA	NA	NA	NA
k141_6621	270	0.374	1	1.000	1.000	0	0.000	0.000	NA	NA	NA	NA
k141_483	270	0.411	1	1.000	0.363	2	1.000	0.578	NA	NA	NA	NA
k141_6552	270	0.367	1	1.000	0.519	2	1.000	0.872	NA	NA	NA	NA
k141_2463	270	0.370	1	2.000	1.000	4	2.000	0.957	NA	NA	NA	NA
k141_8757	269	0.364	0	0.000	0.000	0	0.000	0.000	NA	NA	NA	NA
k141_1109	269	0.357	1	3.000	1.000	2	2.500	1.000	NA	NA	NA	NA
k141_6060	269	0.375	0	0.000	0.000	0	0.000	0.000	NA	NA	NA	NA
k141_676	267	0.390	0	0.000	0.000	0	0.000	0.000	NA	NA	NA	NA
k141_5590	267	0.393	1	1.000	0.783	0	0.000	0.000	NA	NA	NA	NA
k141_2906	267	0.375	1	1.000	1.000	3	1.000	0.582	NA	NA	NA	NA
k141_8497	266	0.368	1	1.000	1.000	0	0.000	0.000	NA	NA	NA	NA
k141_1895	266	0.414	1	1.000	1.000	2	1.000	0.579	NA	NA	NA	NA
k141_7595	265	0.355	2	1.000	0.951	0	0.000	0.000	NA	NA	NA	NA
k141_3496	265	0.381	1	2.000	1.000	0	0.000	0.000	NA	NA	NA	NA
k141_8617	264	0.360	2	1.000	0.295	1	1.000	0.322	NA	NA	NA	NA
k141_7924	263	0.357	3	1.000	0.984	1	1.000	0.958	NA	NA	NA	NA
k141_5374	262	0.427	1	1.000	0.996	1	1.000	1.000	NA	NA	NA	NA
k141_2579	262	0.397	2	2.000	0.979	0	0.000	0.000	NA	NA	NA	NA
k141_5331	260	0.381	0	0.000	0.000	1	1.000	0.950	NA	NA	NA	NA
k141_9279	260	0.388	1	1.000	0.800	1	1.000	0.938	NA	NA	NA	NA
k141_3477	260	0.354	1	1.000	0.688	1	2.000	0.854	NA	NA	NA	NA
k141_7938	259	0.363	0	0.000	0.000	1	1.000	1.000	NA	NA	NA	NA
k141_2426	259	0.386	0	0.000	0.000	7	1.286	0.648	NA	NA	NA	NA
k141_9043	259	0.375	1	1.000	1.000	1	1.000	0.541	NA	NA	NA	NA
k141_4463	259	0.390	1	1.000	1.000	2	1.000	0.458	NA	NA	NA	NA
k141_2708	259	0.417	0	0.000	0.000	0	0.000	0.000	NA	NA	NA	NA
k141_3296	258	0.407	2	1.000	0.554	1	1.000	0.481	NA	NA	NA	NA
k141_9061	258	0.442	0	0.000	0.000	1	2.000	0.981	NA	NA	NA	NA
k141_6142	258	0.364	0	0.000	0.000	3	2.000	0.956	NA	NA	NA	NA
k141_6154	257	0.366	0	0.000	0.000	0	0.000	0.000	NA	NA	NA	NA
k141_4549	257	0.393	0	0.000	0.000	0	0.000	0.000	NA	NA	NA	NA
k141_3257	257	0.412	0	0.000	0.000	0	0.000	0.000	NA	NA	NA	NA
k141_717	257	0.366	1	1.000	1.000	0	0.000	0.000	NA	NA	NA	NA
k141_1545	257	0.405	0	0.000	0.000	0	0.000	0.000	NA	NA	NA	NA
k141_2012	257	0.374	1	1.000	1.000	0	0.000	0.000	NA	NA	NA	NA
k141_225	257	0.377	3	1.667	0.918	1	2.000	1.000	NA	NA	NA	NA
k141_3708	257	0.381	0	0.000	0.000	0	0.000	0.000	NA	NA	NA	NA
k141_5835	256	0.355	0	0.000	0.000	0	0.000	0.000	NA	NA	NA	NA
k141_204	256	0.387	0	0.000	0.000	0	0.000	0.000	NA	NA	NA	NA
k141_9453	256	0.438	1	1.000	0.734	1	1.000	1.000	NA	NA	NA	NA
k141_4275	256	0.449	0	0.000	0.000	1	1.000	0.559	NA	NA	NA	NA
k141_631	256	0.391	0	0.000	0.000	0	0.000	0.000	NA	NA	NA	NA
k141_1572	255	0.388	0	0.000	0.000	1	1.000	0.749	NA	NA	NA	NA
k141_781	254	0.398	0	0.000	0.000	0	0.000	0.000	NA	NA	NA	NA
k141_1627	253	0.415	2	2.000	0.992	0	0.000	0.000	NA	NA	NA	NA
k141_9099	253	0.391	1	1.000	1.000	0	0.000	0.000	NA	NA	NA	NA
k141_6078	252	0.433	1	2.000	1.000	2	1.000	0.847	NA	NA	NA	NA
k141_5582	251	0.386	0	0.000	0.000	0	0.000	0.000	NA	NA	NA	NA
k141_3359	251	0.390	0	0.000	0.000	0	0.000	0.000	NA	NA	NA	NA
k141_1873	249	0.398	2	1.000	0.584	1	2.000	0.988	NA	NA	NA	NA
k141_2209	249	0.422	0	0.000	0.000	2	1.000	0.705	NA	NA	NA	NA
k141_6949	249	0.365	1	1.000	0.863	4	2.750	0.988	NA	NA	NA	NA
k141_9296	248	0.375	0	0.000	0.000	3	2.000	0.827	NA	NA	NA	NA
k141_8322	248	0.427	1	1.000	1.000	0	0.000	0.000	NA	NA	NA	NA
k141_337	247	0.385	0	0.000	0.000	2	1.000	0.575	NA	NA	NA	NA
k141_9722	247	0.368	0	0.000	0.000	1	1.000	0.672	NA	NA	NA	NA
k141_6729	247	0.385	1	1.000	1.000	0	0.000	0.000	NA	NA	NA	NA
k141_3598	246	0.402	1	1.000	1.000	0	0.000	0.000	NA	NA	NA	NA
k141_5463	245	0.604	1	2.000	1.000	1	2.000	1.000	NA	NA	NA	NA
k141_7182	244	0.398	1	1.000	0.975	4	1.500	0.810	NA	NA	NA	NA
k141_2137	244	0.357	1	1.000	0.836	0	0.000	0.000	NA	NA	NA	NA
k141_1750	244	0.373	1	2.000	1.000	0	0.000	0.000	NA	NA	NA	NA
k141_6863	242	0.401	2	1.500	0.798	0	0.000	0.000	NA	NA	NA	NA
k141_2538	242	0.384	0	0.000	0.000	0	0.000	0.000	NA	NA	NA	NA
k141_2386	242	0.368	0	0.000	0.000	0	0.000	0.000	NA	NA	NA	NA
k141_2541	241	0.382	0	0.000	0.000	1	1.000	0.581	NA	NA	NA	NA
k141_1139	240	0.367	2	1.000	0.929	1	2.000	0.825	NA	NA	NA	NA
k141_7459	240	0.417	0	0.000	0.000	0	0.000	0.000	NA	NA	NA	NA
k141_8800	239	0.435	1	1.000	0.423	0	0.000	0.000	NA	NA	NA	NA
k141_7140	239	0.372	1	2.000	0.937	0	0.000	0.000	NA	NA	NA	NA
k141_7134	239	0.377	1	1.000	0.866	0	0.000	0.000	NA	NA	NA	NA
k141_489	238	0.361	2	1.500	0.889	0	0.000	0.000	NA	NA	NA	NA
k141_3102	238	0.391	0	0.000	0.000	0	0.000	0.000	NA	NA	NA	NA
k141_5430	238	0.382	0	0.000	0.000	0	0.000	0.000	NA	NA	NA	NA
k141_8905	237	0.447	1	1.000	1.000	3	1.000	0.896	NA	NA	NA	NA
k141_1302	237	0.376	0	0.000	0.000	1	1.000	0.996	NA	NA	NA	NA
k141_826	237	0.422	0	0.000	0.000	4	3.250	0.810	NA	NA	NA	NA
k141_1602	237	0.384	2	2.000	0.861	1	3.000	1.000	NA	NA	NA	NA
k141_5605	237	0.397	1	1.000	1.000	1	1.000	0.890	NA	NA	NA	NA
k141_1850	236	0.373	0	0.000	0.000	0	0.000	0.000	NA	NA	NA	NA
k141_3568	236	0.419	0	0.000	0.000	1	2.000	0.881	NA	NA	NA	NA
k141_8999	236	0.394	0	0.000	0.000	0	0.000	0.000	NA	NA	NA	NA
k141_5502	236	0.309	1	1.000	1.000	0	0.000	0.000	NA	NA	NA	NA
k141_7206	236	0.428	1	1.000	1.000	0	0.000	0.000	NA	NA	NA	NA
k141_1054	235	0.340	2	1.000	0.696	1	1.000	0.549	NA	NA	NA	NA
k141_6151	235	0.400	0	0.000	0.000	0	0.000	0.000	NA	NA	NA	NA
k141_729	234	0.419	0	0.000	0.000	1	1.000	0.991	NA	NA	NA	NA
k141_3639	233	0.356	0	0.000	0.000	0	0.000	0.000	NA	NA	NA	NA
k141_7366	233	0.373	3	2.000	0.900	1	3.000	0.888	NA	NA	NA	NA
k141_8561	232	0.401	3	1.667	0.957	1	2.000	0.978	NA	NA	NA	NA
k141_1653	232	0.384	1	1.000	0.966	3	1.333	0.948	NA	NA	NA	NA
k141_2391	232	0.366	1	1.000	0.591	1	1.000	0.603	NA	NA	NA	NA
k141_2278	231	0.385	1	2.000	0.991	0	0.000	0.000	NA	NA	NA	NA
k141_3025	231	0.429	1	29.000	1.000	3	26.667	0.596	NA	NA	NA	NA
k141_5833	231	0.381	1	1.000	1.000	3	1.333	0.628	NA	NA	NA	NA
k141_1249	230	0.378	1	1.000	0.661	0	0.000	0.000	NA	NA	NA	NA
k141_3593	229	0.393	0	0.000	0.000	1	1.000	0.860	NA	NA	NA	NA
k141_4175	229	0.384	1	2.000	1.000	0	0.000	0.000	NA	NA	NA	NA
k141_8180	228	0.360	0	0.000	0.000	2	1.000	0.254	NA	NA	NA	NA
k141_1485	228	0.399	1	1.000	0.535	2	3.000	0.621	NA	NA	NA	NA
k141_48	228	0.360	0	0.000	0.000	0	0.000	0.000	NA	NA	NA	NA
k141_5001	227	0.366	0	0.000	0.000	0	0.000	0.000	NA	NA	NA	NA
k141_5	227	0.370	0	0.000	0.000	2	1.000	0.998	NA	NA	NA	NA
k141_1813	227	0.348	1	1.000	1.000	2	1.000	0.714	NA	NA	NA	NA
k141_7802	227	0.423	1	1.000	0.802	3	1.333	0.881	NA	NA	NA	NA
k141_7799	227	0.432	0	0.000	0.000	2	1.000	0.899	NA	NA	NA	NA
k141_7082	227	0.366	1	1.000	0.577	2	1.000	0.381	NA	NA	NA	NA
k141_7570	227	0.405	0	0.000	0.000	0	0.000	0.000	NA	NA	NA	NA
k141_1610	225	0.369	1	1.000	1.000	2	1.000	0.871	NA	NA	NA	NA
k141_4974	225	0.404	1	2.000	1.000	0	0.000	0.000	NA	NA	NA	NA
k141_5770	224	0.375	3	1.000	0.881	1	5.000	0.987	NA	NA	NA	NA
k141_9168	224	0.371	0	0.000	0.000	0	0.000	0.000	NA	NA	NA	NA
k141_3436	224	0.406	1	2.000	0.960	2	1.500	0.862	NA	NA	NA	NA
k141_1734	223	0.386	2	1.000	0.933	1	2.000	1.000	NA	NA	NA	NA
k141_6350	223	0.404	1	1.000	1.000	1	1.000	0.803	NA	NA	NA	NA
k141_5742	223	0.372	0	0.000	0.000	2	1.000	0.735	NA	NA	NA	NA
k141_8501	223	0.390	1	1.000	0.987	1	5.000	1.000	NA	NA	NA	NA
k141_5745	223	0.368	0	0.000	0.000	0	0.000	0.000	NA	NA	NA	NA
k141_7168	222	0.396	1	1.000	0.950	1	1.000	0.541	NA	NA	NA	NA
k141_3558	222	0.423	0	0.000	0.000	1	1.000	0.995	NA	NA	NA	NA
k141_5995	221	0.371	2	1.000	0.676	0	0.000	0.000	NA	NA	NA	NA
k141_1732	221	0.357	3	1.333	0.851	0	0.000	0.000	NA	NA	NA	NA
k141_8939	221	0.412	1	2.000	0.824	0	0.000	0.000	NA	NA	NA	NA
k141_1761	221	0.371	0	0.000	0.000	1	1.000	0.905	NA	NA	NA	NA
k141_7136	220	0.373	2	2.000	0.998	1	1.000	0.877	NA	NA	NA	NA
k141_9385	220	0.414	0	0.000	0.000	0	0.000	0.000	NA	NA	NA	NA
k141_1443	220	0.391	0	0.000	0.000	0	0.000	0.000	NA	NA	NA	NA
k141_2285	219	0.411	0	0.000	0.000	2	1.000	0.760	NA	NA	NA	NA
k141_3108	219	0.393	1	2.000	0.995	3	2.667	0.790	NA	NA	NA	NA
k141_9239	218	0.413	1	1.000	0.445	0	0.000	0.000	NA	NA	NA	NA
k141_5824	218	0.468	0	0.000	0.000	1	1.000	0.890	NA	NA	NA	NA
k141_7560	218	0.417	0	0.000	0.000	1	1.000	0.972	NA	NA	NA	NA
k141_4324	218	0.413	0	0.000	0.000	0	0.000	0.000	NA	NA	NA	NA
k141_7408	217	0.438	0	0.000	0.000	0	0.000	0.000	NA	NA	NA	NA
k141_5189	217	0.369	0	0.000	0.000	0	0.000	0.000	NA	NA	NA	NA
k141_7281	217	0.382	1	1.000	0.599	1	1.000	0.327	NA	NA	NA	NA
k141_4442	216	0.361	1	1.000	1.000	0	0.000	0.000	NA	NA	NA	NA
k141_6954	216	0.361	0	0.000	0.000	0	0.000	0.000	NA	NA	NA	NA
k141_1285	216	0.407	1	2.000	0.407	3	3.000	0.730	NA	NA	NA	NA
k141_6370	216	0.366	0	0.000	0.000	2	1.000	0.299	NA	NA	NA	NA
k141_1587	216	0.407	1	1.000	0.907	0	0.000	0.000	NA	NA	NA	NA
k141_2282	215	0.381	0	0.000	0.000	0	0.000	0.000	NA	NA	NA	NA
k141_10	215	0.414	0	0.000	0.000	0	0.000	0.000	NA	NA	NA	NA
k141_8460	215	0.358	2	1.000	0.923	1	1.000	0.921	NA	NA	NA	NA
k141_984	214	0.402	1	1.000	0.916	1	1.000	0.953	NA	NA	NA	NA
k141_3615	214	0.355	1	1.000	1.000	0	0.000	0.000	NA	NA	NA	NA
k141_6243	214	0.397	0	0.000	0.000	1	2.000	0.692	NA	NA	NA	NA
k141_1693	213	0.404	0	0.000	0.000	1	1.000	0.986	NA	NA	NA	NA
k141_6774	213	0.380	2	1.000	0.969	1	1.000	0.859	NA	NA	NA	NA
k141_4735	213	0.408	2	1.000	0.826	1	1.000	0.446	NA	NA	NA	NA
k141_7740	213	0.376	2	2.000	0.714	1	1.000	0.291	NA	NA	NA	NA
k141_170	213	0.338	0	0.000	0.000	0	0.000	0.000	NA	NA	NA	NA
k141_7370	213	0.404	0	0.000	0.000	3	1.333	0.762	NA	NA	NA	NA
k141_6866	212	0.377	0	0.000	0.000	0	0.000	0.000	NA	NA	NA	NA
k141_7205	211	0.450	1	2.000	1.000	1	2.000	0.896	NA	NA	NA	NA
k141_8930	211	0.398	1	1.000	1.000	2	1.000	0.960	NA	NA	NA	NA
k141_5714	211	0.393	0	0.000	0.000	0	0.000	0.000	NA	NA	NA	NA
k141_8598	211	0.412	0	0.000	0.000	2	1.000	0.912	NA	NA	NA	NA
k141_1808	210	0.386	0	0.000	0.000	0	0.000	0.000	NA	NA	NA	NA
k141_5368	210	0.381	0	0.000	0.000	0	0.000	0.000	NA	NA	NA	NA
k141_3017	210	0.395	1	1.000	0.386	0	0.000	0.000	NA	NA	NA	NA
k141_291	209	0.359	0	0.000	0.000	0	0.000	0.000	NA	NA	NA	NA
k141_3422	209	0.469	0	0.000	0.000	1	1.000	0.699	NA	NA	NA	NA
k141_1193	209	0.364	0	0.000	0.000	1	1.000	0.560	NA	NA	NA	NA
k141_3207	209	0.402	0	0.000	0.000	1	1.000	1.000	NA	NA	NA	NA
k141_2107	209	0.388	0	0.000	0.000	0	0.000	0.000	NA	NA	NA	NA
k141_5215	209	0.397	1	2.000	1.000	0	0.000	0.000	NA	NA	NA	NA
k141_2958	207	0.411	0	0.000	0.000	0	0.000	0.000	NA	NA	NA	NA
k141_7786	207	0.425	0	0.000	0.000	2	2.500	1.000	NA	NA	NA	NA
k141_8124	207	0.401	1	1.000	1.000	0	0.000	0.000	NA	NA	NA	NA
k141_786	206	0.388	1	1.000	1.000	1	1.000	0.752	NA	NA	NA	NA
k141_6570	206	0.437	0	0.000	0.000	1	1.000	0.990	NA	NA	NA	NA
k141_8889	206	0.398	1	1.000	0.592	0	0.000	0.000	NA	NA	NA	NA
k141_1794	206	0.398	1	1.000	0.956	1	1.000	0.684	NA	NA	NA	NA
k141_3585	206	0.413	1	1.000	0.597	1	1.000	0.544	NA	NA	NA	NA
k141_3074	206	0.383	0	0.000	0.000	2	1.000	0.964	NA	NA	NA	NA
k141_2372	206	0.350	0	0.000	0.000	1	1.000	0.859	NA	NA	NA	NA
k141_304	205	0.371	2	1.500	0.683	0	0.000	0.000	NA	NA	NA	NA
k141_8964	205	0.380	1	1.000	1.000	1	3.000	0.385	NA	NA	NA	NA
k141_9623	205	0.463	1	1.000	0.995	2	1.000	0.783	NA	NA	NA	NA
k141_7600	205	0.385	1	3.000	1.000	3	2.000	0.909	NA	NA	NA	NA
k141_789	204	0.407	0	0.000	0.000	0	0.000	0.000	NA	NA	NA	NA
k141_4258	204	0.417	1	1.000	1.000	0	0.000	0.000	NA	NA	NA	NA
k141_6864	204	0.382	0	0.000	0.000	1	2.000	1.000	NA	NA	NA	NA
k141_6912	204	0.431	0	0.000	0.000	0	0.000	0.000	NA	NA	NA	NA
k141_4903	204	0.358	0	0.000	0.000	3	1.000	0.938	NA	NA	NA	NA
k141_2886	204	0.373	2	1.000	0.654	1	2.000	0.951	NA	NA	NA	NA
k141_6861	204	0.426	0	0.000	0.000	0	0.000	0.000	NA	NA	NA	NA
k141_2185	203	0.389	0	0.000	0.000	0	0.000	0.000	NA	NA	NA	NA
k141_2281	203	0.365	0	0.000	0.000	0	0.000	0.000	NA	NA	NA	NA
k141_7485	203	0.379	0	0.000	0.000	0	0.000	0.000	NA	NA	NA	NA
k141_1231	203	0.360	1	1.000	0.828	1	3.000	1.000	NA	NA	NA	NA
k141_1596	202	0.371	1	1.000	0.990	1	1.000	0.950	NA	NA	NA	NA
k141_974	202	0.421	0	0.000	0.000	0	0.000	0.000	NA	NA	NA	NA
k141_5755	202	0.351	0	0.000	0.000	0	0.000	0.000	NA	NA	NA	NA
k141_2311	202	0.376	0	0.000	0.000	0	0.000	0.000	NA	NA	NA	NA
k141_1736	202	0.376	0	0.000	0.000	0	0.000	0.000	NA	NA	NA	NA
k141_6615	201	0.453	1	1.000	0.995	3	1.667	0.837	NA	NA	NA	NA
k141_373	201	0.388	0	0.000	0.000	2	1.000	0.945	NA	NA	NA	NA
k141_1191	201	0.403	0	0.000	0.000	0	0.000	0.000	NA	NA	NA	NA
k141_1590	201	0.373	1	1.000	0.224	0	0.000	0.000	NA	NA	NA	NA
k141_3007	201	0.338	1	1.000	0.806	0	0.000	0.000	NA	NA	NA	NA
k141_5128	201	0.353	1	1.000	0.886	0	0.000	0.000	NA	NA	NA	NA
k141_3124	200	0.365	0	0.000	0.000	0	0.000	0.000	NA	NA	NA	NA
k141_8234	200	0.420	1	1.000	0.865	0	0.000	0.000	NA	NA	NA	NA
k141_6800	200	0.425	0	0.000	0.000	1	1.000	0.975	NA	NA	NA	NA
k141_1337	200	0.405	0	0.000	0.000	1	1.000	0.345	NA	NA	NA	NA
k141_2797	200	0.425	0	0.000	0.000	1	2.000	1.000	NA	NA	NA	NA
k141_7362	200	0.405	0	0.000	0.000	0	0.000	0.000	NA	NA	NA	NA
