sample	round	prj	nCtg	nPath	cov	signal	annotatedRatio
rand.5	1	LA_SARS2_2024	23	6	99.40806487214	84.2549814347666	NA
rand.78	1	LA_SARS2_2024	102	1	99.7625575846834	44.8466626578473	NA
rand.59	1	LA_SARS2_2024	715	1	99.5953224949698	9.02274317810693	NA
rand.31	1	LA_SARS2_2024	101	5	98.5854441466807	52.1622195484465	NA
rand.42	1	LA_SARS2_2024	210	11	97.8564387990288	29.1057023782289	NA
rand.80	1	LA_SARS2_2024	28	1	99.6154278112854	76.1043407168953	NA
rand.11	1	LA_SARS2_2024	2556	2	99.806044146227	2.42345550894596	NA
rand.20	1	LA_SARS2_2024	197	3	99.5184134713461	21.3460821163171	NA
rand.43	1	LA_SARS2_2024	44	1	99.4850447879296	71.0118635571575	NA
rand.51	1	LA_SARS2_2024	5694	8	99.7558812107367	1.33498203390756	NA
rand.79	1	LA_SARS2_2024	40	1	99.7959675657564	74.9478865811086	NA
rand.63	1	LA_SARS2_2024	214	27	25.7533	13.1349138666212	NA
rand.2	1	LA_SARS2_2024	172	2	99.8963558531115	37.1958660191757	NA
rand.4	1	LA_SARS2_2024	NA	NA	NA	NA	NA
rand.24	1	LA_SARS2_2024	14	4	99.4448704568459	85.977390348975	NA
rand.12	1	LA_SARS2_2024	562	1	99.6320954776899	10.9329702832231	NA
rand.52	1	LA_SARS2_2024	11645	9	98.7058055534786	0.263284066434716	NA
rand.10	1	LA_SARS2_2024	1431	1	99.6087278332552	5.93235529602027	NA
rand.21	1	LA_SARS2_2024	188	1	99.7625315072163	32.7672942158564	NA
rand.71	1	LA_SARS2_2024	477	3	99.7926621907061	17.0594086574741	NA
rand.97	1	LA_SARS2_2024	34	24	94.9369896112173	89.9011970359111	NA
rand.67	1	LA_SARS2_2024	1040	2	99.735767566299	7.25644768856448	NA
rand.39	1	LA_SARS2_2024	192	1	99.7257549169346	32.5453731897107	NA
rand.77	1	LA_SARS2_2024	356	2	99.7658855978808	20.0193261352427	NA
rand.93	1	LA_SARS2_2024	439	8	96.7494531583861	18.2663652894232	NA
rand.41	1	LA_SARS2_2024	223	49	73.7384651644056	30.8879768024991	NA
rand.50	1	LA_SARS2_2024	1554	1	99.7826207287232	5.459395766855	NA
rand.96	1	LA_SARS2_2024	81	30	37.698586685073	42.3637730176625	NA
rand.57	1	LA_SARS2_2024	4600	1	99.5619277993831	1.50182279883232	NA
rand.60	1	LA_SARS2_2024	11794	2	99.7658855978808	0.264777242487868	NA
rand.34	1	LA_SARS2_2024	41	1	99.6087278332552	70.9106058802523	NA
rand.95	1	LA_SARS2_2024	2194	3	99.8628721465477	2.7715747913105	NA
rand.13	1	LA_SARS2_2024	121	1	99.5719846130613	39.4402204148674	NA
rand.18	1	LA_SARS2_2024	973	1	99.7559090299433	10.3025132882735	NA
rand.70	1	LA_SARS2_2024	33	2	99.7893270733425	79.1490941884831	NA
rand.19	1	LA_SARS2_2024	34	10	99.4983976073972	58.5366333516959	NA
rand.53	1	LA_SARS2_2024	43	7	100	74.5693845501907	NA
rand.82	1	LA_SARS2_2024	599	1	99.5686277774053	9.80827513506391	NA
rand.55	1	LA_SARS2_2024	1472	2	99.6956549200925	6.00714118756498	NA
rand.90	1	LA_SARS2_2024	125	27	96.8364226249827	44.1511908029153	NA
rand.25	1	LA_SARS2_2024	20	1	99.6454936772549	79.9576021037943	NA
rand.87	1	LA_SARS2_2024	1363	5	100	6.53916501167397	NA
rand.49	1	LA_SARS2_2024	2541	1	99.7559090299433	2.35313606853519	NA
rand.81	1	LA_SARS2_2024	122	2	99.8461946445927	48.1782095139741	NA
rand.89	1	LA_SARS2_2024	3155	4	100	2.15743033365321	NA
rand.9	1	LA_SARS2_2024	2095	2	99.7625765857584	2.50655795280963	NA
rand.37	1	LA_SARS2_2024	180	2	99.8661946054615	35.9440071254905	NA
rand.54	1	LA_SARS2_2024	227	1	99.6522277842907	26.9876921126276	NA
rand.83	1	LA_SARS2_2024	921	1	99.6087278332552	9.45242213160275	NA
rand.69	1	LA_SARS2_2024	2018	25	97.7560497467875	4.1423874844122	NA
rand.8	1	LA_SARS2_2024	102	23	29.4585468640127	14.0027658999507	NA
rand.73	1	LA_SARS2_2024	575	5	99.4716234159131	9.31289058097158	NA
rand.75	1	LA_SARS2_2024	158	2	99.6723170494552	37.692541163973	NA
rand.47	1	LA_SARS2_2024	16	2	99.7458117100808	88.4470539394479	NA
rand.29	1	LA_SARS2_2024	1372	2	99.7157692472542	6.34439030617673	NA
rand.38	1	LA_SARS2_2024	13	8	97.9801819329308	86.9561346233751	NA
rand.58	1	LA_SARS2_2024	17	2	99.7591846687211	65.924861878453	NA
rand.76	1	LA_SARS2_2024	1295	2	99.7626	6.93472312945886	NA
rand.36	1	LA_SARS2_2024	32	1	99.6288017161052	76.4681724845996	NA
rand.30	1	LA_SARS2_2024	25	6	99.1873738995514	83.4130153551943	NA
rand.16	1	LA_SARS2_2024	938	3	100	8.05020767622927	NA
rand.23	1	LA_SARS2_2024	62	1	99.8261143895251	57.5185941654784	NA
rand.92	1	LA_SARS2_2024	24	2	99.8327504591768	83.69921776432	NA
rand.32	1	LA_SARS2_2024	881	7	100	8.19622724221543	NA
rand.65	1	LA_SARS2_2024	11	1	99.7926531659572	60.9261111905102	NA
rand.35	1	LA_SARS2_2024	25	1	99.7090341907824	81.7772901810203	NA
rand.68	1	LA_SARS2_2024	268	1	99.6923161526871	26.2460051240062	NA
rand.86	1	LA_SARS2_2024	NA	NA	NA	NA	NA
rand.46	1	LA_SARS2_2024	25	2	99.7626	81.4681304276585	NA
rand.98	1	LA_SARS2_2024	3311	3	99.5886936501544	1.92923003768412	NA
rand.14	1	LA_SARS2_2024	2325	2	99.7492377844051	2.64972199594387	NA
rand.61	1	LA_SARS2_2024	186	2	99.6889963465728	26.9573710007054	NA
rand.88	1	LA_SARS2_2024	16	6	98.772679272875	90.8604300612176	NA
rand.3	1	LA_SARS2_2024	291	1	99.8929819575038	21.3467970156933	NA
rand.40	1	LA_SARS2_2024	2316	7	98.3948531803502	3.34013704290651	NA
rand.91	1	LA_SARS2_2024	761	2	99.769272919109	10.8691216974396	NA
rand.6	1	LA_SARS2_2024	1186	2	99.7993441458347	4.43047934630276	NA
rand.84	1	LA_SARS2_2024	59	2	100	64.7037189278065	NA
rand.74	1	LA_SARS2_2024	108	2	99.6254989840738	48.8665441900138	NA
rand.17	1	LA_SARS2_2024	2367	19	99.090352301496	1.63187956110916	NA
rand.85	1	LA_SARS2_2024	2425	1	99.5953278772036	3.22035456123183	NA
rand.28	1	LA_SARS2_2024	1352	1	99.6154394960799	4.73662200045477	NA
rand.64	1	LA_SARS2_2024	171	1	99.7391755987272	40.8103226512684	NA
rand.1	1	LA_SARS2_2024	24	2	99.7626	79.0649598473404	NA
rand.7	1	LA_SARS2_2024	3052	3	99.6789360656839	2.04392585720154	NA
rand.72	1	LA_SARS2_2024	116	38	52.8007595623216	40.5907758753663	NA
rand.15	1	LA_SARS2_2024	246	1	99.4749278974566	26.2074677098201	NA
rand.33	1	LA_SARS2_2024	2214	4	99.3980522034354	2.75528800606621	NA
rand.62	1	LA_SARS2_2024	30	12	98.6791057215706	85.8489468171768	NA
rand.44	1	LA_SARS2_2024	1110	1	99.5685720272218	4.78494735979352	NA
rand.27	1	LA_SARS2_2024	1888	1	99.6589341074361	3.84149839190992	NA
rand.56	1	LA_SARS2_2024	149	20	96.4853046226513	38.6989470860439	NA
rand.66	1	LA_SARS2_2024	4414	4	99.4715774901538	1.59212229982856	NA
rand.22	1	LA_SARS2_2024	61	1	99.6087278332552	40.1753439438899	NA
rand.100	1	LA_SARS2_2024	1594	1	99.6387954545455	5.27643040938158	NA
rand.45	1	LA_SARS2_2024	53	2	99.7658855978808	64.4076944666336	NA
rand.99	1	LA_SARS2_2024	826	5	100	9.69412725628551	NA
rand.94	1	LA_SARS2_2024	620	1	99.6087278332552	13.4269151362706	NA
rand.48	1	LA_SARS2_2024	11905	10	98.5887297363331	0.261098247548169	NA
rand.26	1	LA_SARS2_2024	11078	38	45.7312367021277	0.123642609838263	NA
rand.1	2	LA_SARS2_2024	3	2	99.7625656288667	99.1359829855111	NA
rand.1	3	LA_SARS2_2024	2	2	99.7625656288667	100	NA
rand.10	2	LA_SARS2_2024	226	1	99.6087349095409	25.6069463548831	NA
rand.10	3	LA_SARS2_2024	1	1	99.6087349095409	100	NA
rand.100	2	LA_SARS2_2024	217	1	99.6388322241916	27.5547951539813	NA
rand.100	3	LA_SARS2_2024	1	1	99.6388322241916	100	NA
rand.11	2	LA_SARS2_2024	2184	2	99.8060395278066	2.85582508896644	NA
rand.11	3	LA_SARS2_2024	3	2	99.8060395278066	99.2979771093958	100
rand.12	2	LA_SARS2_2024	140	1	99.632143932047	32.7086489691061	NA
rand.12	3	LA_SARS2_2024	1	1	99.632143932047	100	NA
rand.13	2	LA_SARS2_2024	112	1	99.5719493027455	44.4562231247014	NA
rand.13	3	LA_SARS2_2024	1	1	99.5719493027455	100	NA
rand.14	2	LA_SARS2_2024	11	2	99.7491890445775	89.1505768426086	NA
rand.14	3	LA_SARS2_2024	2	2	99.7491890445775	100	NA
rand.15	2	LA_SARS2_2024	67	1	99.4749690666488	58.7389664501096	NA
rand.15	3	LA_SARS2_2024	1	1	99.4749690666488	100	NA
rand.16	2	LA_SARS2_2024	63	3	100	59.7916749810432	NA
rand.16	3	LA_SARS2_2024	3	3	100	100	NA
rand.17	2	LA_SARS2_2024	27	19	99.0903922683343	78.0708225746957	NA
rand.17	3	LA_SARS2_2024	19	19	99.0903922683343	100	NA
rand.18	2	LA_SARS2_2024	341	1	99.7558773367221	23.9852695227068	NA
rand.18	3	LA_SARS2_2024	1	1	99.7558773367221	100	NA
rand.19	2	LA_SARS2_2024	24	10	99.4983780891549	89.2304462571977	NA
rand.19	3	LA_SARS2_2024	10	10	99.4983780891549	100	NA
rand.2	2	LA_SARS2_2024	76	2	99.8963314717587	60.2877959191911	NA
rand.2	3	LA_SARS2_2024	2	2	99.8963314717587	100	NA
rand.20	2	LA_SARS2_2024	20	3	99.5184429655887	87.2928338857763	NA
rand.20	3	LA_SARS2_2024	3	3	99.5184429655887	100	NA
rand.21	2	LA_SARS2_2024	106	1	99.7625656288667	48.7188280828965	NA
rand.21	3	LA_SARS2_2024	1	1	99.7625656288667	100	NA
rand.22	2	LA_SARS2_2024	9	1	99.6087349095409	75.4438844000912	NA
rand.22	3	LA_SARS2_2024	1	1	99.6087349095409	100	NA
rand.23	2	LA_SARS2_2024	12	1	99.8261044042404	88.7234358745727	NA
rand.23	3	LA_SARS2_2024	1	1	99.8261044042404	100	NA
rand.24	2	LA_SARS2_2024	9	4	99.4448717519981	95.9753421120578	NA
rand.24	3	LA_SARS2_2024	4	4	99.4448717519981	100	NA
rand.25	2	LA_SARS2_2024	14	1	99.6455205163361	84.9788957335159	NA
rand.25	3	LA_SARS2_2024	1	1	99.6455205163361	100	NA
rand.26	2	LA_SARS2_2024	417	38	45.7311975387085	1.00540603331846	NA
rand.26	3	LA_SARS2_2024	40	38	45.7311975387085	94.1156228492774	100
rand.27	2	LA_SARS2_2024	99	1	99.6588971006254	48.9230718718193	NA
rand.27	3	LA_SARS2_2024	1	1	99.6588971006254	100	NA
rand.28	2	LA_SARS2_2024	120	1	99.6154232016854	20.0868533203863	NA
rand.28	3	LA_SARS2_2024	1	1	99.6154232016854	100	NA
rand.29	2	LA_SARS2_2024	754	2	99.7157475838545	11.028916785643	NA
rand.29	3	LA_SARS2_2024	137	2	99.7157475838545	43.9385232011553	99.4348797476672
rand.3	2	LA_SARS2_2024	176	1	99.8929873256864	35.4829896417371	NA
rand.3	3	LA_SARS2_2024	1	1	99.8929873256864	100	NA
rand.30	2	LA_SARS2_2024	10	6	99.187372504431	94.3864562118126	NA
rand.30	3	LA_SARS2_2024	6	6	99.187372504431	100	NA
rand.31	2	LA_SARS2_2024	54	5	98.5854262114169	68.5645176295469	NA
rand.31	3	LA_SARS2_2024	5	5	98.5854262114169	100	NA
rand.32	2	LA_SARS2_2024	60	7	100	52.6098273011853	NA
rand.32	3	LA_SARS2_2024	7	7	100	100	NA
rand.33	2	LA_SARS2_2024	25	4	99.3980537069859	81.933456460016	NA
rand.33	3	LA_SARS2_2024	6	4	99.3980537069859	96.8238973223011	100
rand.34	2	LA_SARS2_2024	11	1	99.6087349095409	91.5675243628762	NA
rand.34	3	LA_SARS2_2024	1	1	99.6087349095409	100	NA
rand.35	2	LA_SARS2_2024	16	1	99.7090592917099	87.3191589058748	NA
rand.35	3	LA_SARS2_2024	1	1	99.7090592917099	100	NA
rand.36	2	LA_SARS2_2024	18	1	99.6287997859746	85.5624802550332	NA
rand.36	3	LA_SARS2_2024	1	1	99.6287997859746	100	NA
rand.37	2	LA_SARS2_2024	164	2	99.866234157108	37.8036584593962	NA
rand.37	3	LA_SARS2_2024	2	2	99.866234157108	100	NA
rand.38	2	LA_SARS2_2024	8	8	97.9801357723305	100	NA
rand.38	3	LA_SARS2_2024	8	8	97.9801357723305	100	NA
rand.39	2	LA_SARS2_2024	105	1	99.7257800220714	49.7871345810308	NA
rand.39	3	LA_SARS2_2024	1	1	99.7257800220714	100	NA
rand.4	2	LA_SARS2_2024	171	0	0	0	NA
rand.4	3	LA_SARS2_2024	0	0	0	0	0
rand.40	2	LA_SARS2_2024	267	7	98.3948098852958	19.4731791257156	NA
rand.40	3	LA_SARS2_2024	7	7	98.3948098852958	100	NA
rand.41	2	LA_SARS2_2024	104	49	73.7384208942247	60.1374570446735	NA
rand.41	3	LA_SARS2_2024	49	49	73.7384208942247	100	NA
rand.42	2	LA_SARS2_2024	21	11	97.8564023676554	90.376181357712	NA
rand.42	3	LA_SARS2_2024	11	11	97.8564023676554	100	NA
rand.43	2	LA_SARS2_2024	16	1	99.4850015048657	87.918550698939	NA
rand.43	3	LA_SARS2_2024	1	1	99.4850015048657	100	NA
rand.44	2	LA_SARS2_2024	44	1	99.5686051566732	40.8613070567892	NA
rand.44	3	LA_SARS2_2024	1	1	99.5686051566732	100	NA
rand.45	2	LA_SARS2_2024	31	2	99.765909774939	73.2727496008842	NA
rand.45	3	LA_SARS2_2024	2	2	99.765909774939	100	NA
rand.46	2	LA_SARS2_2024	4	2	99.7625656288667	97.4487962630255	NA
rand.46	3	LA_SARS2_2024	2	2	99.7625656288667	100	NA
rand.47	2	LA_SARS2_2024	10	2	99.7458448985052	92.959546219535	NA
rand.47	3	LA_SARS2_2024	2	2	99.7458448985052	100	NA
rand.48	2	LA_SARS2_2024	1681	10	98.5887703574892	1.51368042402152	NA
rand.48	3	LA_SARS2_2024	31	10	98.5887703574892	79.7085383658682	100
rand.49	2	LA_SARS2_2024	412	1	99.7558773367221	16.3975879109704	NA
rand.49	3	LA_SARS2_2024	1	1	99.7558773367221	100	NA
rand.5	2	LA_SARS2_2024	16	6	99.4080861452028	90.1252160203741	NA
rand.5	3	LA_SARS2_2024	6	6	99.4080861452028	100	NA
rand.50	2	LA_SARS2_2024	8	1	99.7826305053005	94.3941790572604	NA
rand.50	3	LA_SARS2_2024	1	1	99.7826305053005	100	NA
rand.51	2	LA_SARS2_2024	831	8	99.7558773367221	6.43611994528327	NA
rand.51	3	LA_SARS2_2024	8	8	99.7558773367221	100	NA
rand.52	2	LA_SARS2_2024	255	9	98.7058154700197	2.5422013520625	NA
rand.52	3	LA_SARS2_2024	9	9	98.7058154700197	100	NA
rand.53	2	LA_SARS2_2024	40	7	100	75.9495277749568	NA
rand.53	3	LA_SARS2_2024	7	7	100	100	NA
rand.54	2	LA_SARS2_2024	15	1	99.6522088084808	85.1594650205761	NA
rand.54	3	LA_SARS2_2024	1	1	99.6522088084808	100	NA
rand.55	2	LA_SARS2_2024	180	2	99.6956827074207	34.6534308198398	NA
rand.55	3	LA_SARS2_2024	3	2	99.6956827074207	97.8533447121381	100
rand.56	2	LA_SARS2_2024	55	20	96.4853024780122	74.6996685998343	NA
rand.56	3	LA_SARS2_2024	21	20	96.4853024780122	99.3013250731372	0
rand.57	2	LA_SARS2_2024	117	1	99.5619168645286	29.9116875810033	NA
rand.57	3	LA_SARS2_2024	8	1	99.5619168645286	93.6727181197496	100
rand.58	2	LA_SARS2_2024	2	2	99.7592214827944	100	NA
rand.58	3	LA_SARS2_2024	2	2	99.7592214827944	100	NA
rand.59	2	LA_SARS2_2024	230	1	99.5953583252517	27.8753275926619	NA
rand.59	3	LA_SARS2_2024	1	1	99.5953583252517	100	NA
rand.6	2	LA_SARS2_2024	27	2	99.799351235662	46.4381302128719	NA
rand.6	3	LA_SARS2_2024	2	2	99.799351235662	100	NA
rand.60	2	LA_SARS2_2024	2062	2	99.765909774939	0.622567784824814	NA
rand.60	3	LA_SARS2_2024	4	2	99.765909774939	96.2727507422228	100
rand.61	2	LA_SARS2_2024	112	2	99.6889944152761	49.9447106524143	NA
rand.61	3	LA_SARS2_2024	2	2	99.6889944152761	100	NA
rand.62	2	LA_SARS2_2024	23	12	98.6790623014413	91.0347380761399	NA
rand.62	3	LA_SARS2_2024	12	12	98.6790623014413	100	NA
rand.63	2	LA_SARS2_2024	104	27	25.7532689027857	25.1847733664726	NA
rand.63	3	LA_SARS2_2024	27	27	25.7532689027857	100	NA
rand.64	2	LA_SARS2_2024	160	1	99.7391566063606	42.3199716211423	NA
rand.64	3	LA_SARS2_2024	1	1	99.7391566063606	100	NA
rand.65	2	LA_SARS2_2024	3	1	99.7926629435174	95.8746987951807	NA
rand.65	3	LA_SARS2_2024	1	1	99.7926629435174	100	NA
rand.66	2	LA_SARS2_2024	2096	4	99.4716249205765	2.80568740048747	NA
rand.66	3	LA_SARS2_2024	25	4	99.4716249205765	72.0374900099295	93.3396847393036
rand.67	2	LA_SARS2_2024	533	2	99.7358124602883	11.3902924338424	NA
rand.67	3	LA_SARS2_2024	3	2	99.7358124602883	99.2545260915868	100
rand.68	2	LA_SARS2_2024	259	1	99.6923385613484	26.9914709450772	NA
rand.68	3	LA_SARS2_2024	1	1	99.6923385613484	100	NA
rand.69	2	LA_SARS2_2024	261	25	97.7560779854864	26.6591275957356	NA
rand.69	3	LA_SARS2_2024	25	25	97.7560779854864	100	NA
rand.7	2	LA_SARS2_2024	230	3	99.6789619770592	13.0785229127543	NA
rand.7	3	LA_SARS2_2024	3	3	99.6789619770592	100	NA
rand.70	2	LA_SARS2_2024	31	2	99.7893187974451	80.5659052864626	NA
rand.70	3	LA_SARS2_2024	2	2	99.7893187974451	100	NA
rand.71	2	LA_SARS2_2024	99	3	99.7926629435174	49.4465617232809	NA
rand.71	3	LA_SARS2_2024	4	3	99.7926629435174	98.9390272205829	100
rand.72	2	LA_SARS2_2024	114	38	52.8007223355516	41.2892259414226	NA
rand.72	3	LA_SARS2_2024	38	38	52.8007223355516	100	NA
rand.73	2	LA_SARS2_2024	30	5	99.4716249205765	73.0332940483206	NA
rand.73	3	LA_SARS2_2024	5	5	99.4716249205765	100	NA
rand.74	2	LA_SARS2_2024	36	2	99.6254556399024	73.1372597157096	NA
rand.74	3	LA_SARS2_2024	2	2	99.6254556399024	100	NA
rand.75	2	LA_SARS2_2024	72	2	99.6722736849146	54.2441670003276	NA
rand.75	3	LA_SARS2_2024	2	2	99.6722736849146	100	NA
rand.76	2	LA_SARS2_2024	17	2	99.7625656288667	82.5936487721144	NA
rand.76	3	LA_SARS2_2024	2	2	99.7625656288667	100	NA
rand.77	2	LA_SARS2_2024	161	2	99.765909774939	39.3123986980642	NA
rand.77	3	LA_SARS2_2024	2	2	99.765909774939	100	NA
rand.78	2	LA_SARS2_2024	11	1	99.7625656288667	89.534499834929	NA
rand.78	3	LA_SARS2_2024	1	1	99.7625656288667	100	NA
rand.79	2	LA_SARS2_2024	36	1	99.7960070895897	77.4694322577296	NA
rand.79	3	LA_SARS2_2024	1	1	99.7960070895897	100	NA
rand.8	2	LA_SARS2_2024	86	23	29.4585827508946	15.0722901873556	NA
rand.8	3	LA_SARS2_2024	23	23	29.4585827508946	100	NA
rand.80	2	LA_SARS2_2024	16	1	99.6154232016854	85.7578810997553	NA
rand.80	3	LA_SARS2_2024	1	1	99.6154232016854	100	NA
rand.81	2	LA_SARS2_2024	84	2	99.8461692806742	58.102243758149	NA
rand.81	3	LA_SARS2_2024	2	2	99.8461692806742	100	NA
rand.82	2	LA_SARS2_2024	22	1	99.5686051566732	76.8281983795221	NA
rand.82	3	LA_SARS2_2024	1	1	99.5686051566732	100	NA
rand.83	2	LA_SARS2_2024	41	1	99.6087349095409	71.439535664604	NA
rand.83	3	LA_SARS2_2024	1	1	99.6087349095409	100	NA
rand.84	2	LA_SARS2_2024	50	2	100	68.5271744111447	NA
rand.84	3	LA_SARS2_2024	2	2	100	100	NA
rand.85	2	LA_SARS2_2024	918	1	99.5953583252517	7.14992221560681	NA
rand.85	3	LA_SARS2_2024	1	1	99.5953583252517	100	NA
rand.86	2	LA_SARS2_2024	15	0	0	0	NA
rand.86	3	LA_SARS2_2024	0	0	0	0	0
rand.87	2	LA_SARS2_2024	49	5	100	66.6370462522771	NA
rand.87	3	LA_SARS2_2024	5	5	100	100	NA
rand.88	2	LA_SARS2_2024	12	6	98.7726983914657	95.6259915174669	NA
rand.88	3	LA_SARS2_2024	6	6	98.7726983914657	100	NA
rand.89	2	LA_SARS2_2024	111	4	100	37.8664680184844	NA
rand.89	3	LA_SARS2_2024	4	4	100	100	NA
rand.9	2	LA_SARS2_2024	125	2	99.7625656288667	39.6823496548146	NA
rand.9	3	LA_SARS2_2024	2	2	99.7625656288667	100	NA
rand.90	2	LA_SARS2_2024	39	27	96.8364378156038	90.0740325992286	NA
rand.90	3	LA_SARS2_2024	27	27	96.8364378156038	100	NA
rand.91	2	LA_SARS2_2024	147	2	99.7692539210113	40.0892245259947	NA
rand.91	3	LA_SARS2_2024	2	2	99.7692539210113	100	NA
rand.92	2	LA_SARS2_2024	22	2	99.832792696385	85.0415907019143	NA
rand.92	3	LA_SARS2_2024	2	2	99.832792696385	100	NA
rand.93	2	LA_SARS2_2024	102	8	96.749490017724	47.9339253761018	NA
rand.93	3	LA_SARS2_2024	8	8	96.749490017724	100	NA
rand.94	2	LA_SARS2_2024	77	1	99.6087349095409	57.025252235177	NA
rand.94	3	LA_SARS2_2024	1	1	99.6087349095409	100	NA
rand.95	2	LA_SARS2_2024	26	3	99.8628900110357	62.2877643819615	NA
rand.95	3	LA_SARS2_2024	3	3	99.8628900110357	100	NA
rand.96	2	LA_SARS2_2024	31	30	37.6985586730428	97.8049626930418	NA
rand.96	3	LA_SARS2_2024	30	30	37.6985586730428	100	NA
rand.97	2	LA_SARS2_2024	31	24	94.9369628465371	92.2649419870649	NA
rand.97	3	LA_SARS2_2024	24	24	94.9369628465371	100	NA
rand.98	2	LA_SARS2_2024	1191	3	99.588670033107	3.77702609293412	NA
rand.98	3	LA_SARS2_2024	6	3	99.588670033107	97.8639500492935	68.9230769230769
rand.99	2	LA_SARS2_2024	75	5	100	54.6213269536315	NA
rand.99	3	LA_SARS2_2024	6	5	100	98.1073279538149	0
rand.5	1	Admed_SARS2_2020	23	6	99.40806487214	84.2549814347666	NA
rand.78	1	Admed_SARS2_2020	102	1	99.7625575846834	44.8466626578473	NA
rand.59	1	Admed_SARS2_2020	715	1	99.5953224949698	9.02274317810693	NA
rand.31	1	Admed_SARS2_2020	101	5	98.5854441466807	52.1622195484465	NA
rand.42	1	Admed_SARS2_2020	210	11	97.8564387990288	29.1057023782289	NA
rand.80	1	Admed_SARS2_2020	28	1	99.6154278112854	76.1043407168953	NA
rand.11	1	Admed_SARS2_2020	2556	2	99.806044146227	2.42345550894596	NA
rand.20	1	Admed_SARS2_2020	197	3	99.5184134713461	21.3460821163171	NA
rand.43	1	Admed_SARS2_2020	44	1	99.4850447879296	71.0118635571575	NA
rand.51	1	Admed_SARS2_2020	5694	8	99.7558812107367	1.33498203390756	NA
rand.79	1	Admed_SARS2_2020	40	1	99.7959675657564	74.9478865811086	NA
rand.63	1	Admed_SARS2_2020	214	27	25.7533	13.1349138666212	NA
rand.2	1	Admed_SARS2_2020	172	2	99.8963558531115	37.1958660191757	NA
rand.4	1	Admed_SARS2_2020	NA	NA	NA	NA	NA
rand.24	1	Admed_SARS2_2020	14	4	99.4448704568459	85.977390348975	NA
rand.12	1	Admed_SARS2_2020	562	1	99.6320954776899	10.9329702832231	NA
rand.52	1	Admed_SARS2_2020	11645	9	98.7058055534786	0.263284066434716	NA
rand.10	1	Admed_SARS2_2020	1431	1	99.6087278332552	5.93235529602027	NA
rand.21	1	Admed_SARS2_2020	188	1	99.7625315072163	32.7672942158564	NA
rand.71	1	Admed_SARS2_2020	477	3	99.7926621907061	17.0594086574741	NA
rand.97	1	Admed_SARS2_2020	34	24	94.9369896112173	89.9011970359111	NA
rand.67	1	Admed_SARS2_2020	1040	2	99.735767566299	7.25644768856448	NA
rand.39	1	Admed_SARS2_2020	192	1	99.7257549169346	32.5453731897107	NA
rand.77	1	Admed_SARS2_2020	356	2	99.7658855978808	20.0193261352427	NA
rand.93	1	Admed_SARS2_2020	439	8	96.7494531583861	18.2663652894232	NA
rand.41	1	Admed_SARS2_2020	223	49	73.7384651644056	30.8879768024991	NA
rand.50	1	Admed_SARS2_2020	1554	1	99.7826207287232	5.459395766855	NA
rand.96	1	Admed_SARS2_2020	81	30	37.698586685073	42.3637730176625	NA
rand.57	1	Admed_SARS2_2020	4600	1	99.5619277993831	1.50182279883232	NA
rand.60	1	Admed_SARS2_2020	11794	2	99.7658855978808	0.264777242487868	NA
rand.34	1	Admed_SARS2_2020	41	1	99.6087278332552	70.9106058802523	NA
rand.95	1	Admed_SARS2_2020	2194	3	99.8628721465477	2.7715747913105	NA
rand.13	1	Admed_SARS2_2020	121	1	99.5719846130613	39.4402204148674	NA
rand.18	1	Admed_SARS2_2020	973	1	99.7559090299433	10.3025132882735	NA
rand.70	1	Admed_SARS2_2020	33	2	99.7893270733425	79.1490941884831	NA
rand.19	1	Admed_SARS2_2020	34	10	99.4983976073972	58.5366333516959	NA
rand.53	1	Admed_SARS2_2020	43	7	100	74.5693845501907	NA
rand.82	1	Admed_SARS2_2020	599	1	99.5686277774053	9.80827513506391	NA
rand.55	1	Admed_SARS2_2020	1472	2	99.6956549200925	6.00714118756498	NA
rand.90	1	Admed_SARS2_2020	125	27	96.8364226249827	44.1511908029153	NA
rand.25	1	Admed_SARS2_2020	20	1	99.6454936772549	79.9576021037943	NA
rand.87	1	Admed_SARS2_2020	1363	5	100	6.53916501167397	NA
rand.49	1	Admed_SARS2_2020	2541	1	99.7559090299433	2.35313606853519	NA
rand.81	1	Admed_SARS2_2020	122	2	99.8461946445927	48.1782095139741	NA
rand.89	1	Admed_SARS2_2020	3155	4	100	2.15743033365321	NA
rand.9	1	Admed_SARS2_2020	2095	2	99.7625765857584	2.50655795280963	NA
rand.37	1	Admed_SARS2_2020	180	2	99.8661946054615	35.9440071254905	NA
rand.54	1	Admed_SARS2_2020	227	1	99.6522277842907	26.9876921126276	NA
rand.83	1	Admed_SARS2_2020	921	1	99.6087278332552	9.45242213160275	NA
rand.69	1	Admed_SARS2_2020	2018	25	97.7560497467875	4.1423874844122	NA
rand.8	1	Admed_SARS2_2020	102	23	29.4585468640127	14.0027658999507	NA
rand.73	1	Admed_SARS2_2020	575	5	99.4716234159131	9.31289058097158	NA
rand.75	1	Admed_SARS2_2020	158	2	99.6723170494552	37.692541163973	NA
rand.47	1	Admed_SARS2_2020	16	2	99.7458117100808	88.4470539394479	NA
rand.29	1	Admed_SARS2_2020	1372	2	99.7157692472542	6.34439030617673	NA
rand.38	1	Admed_SARS2_2020	13	8	97.9801819329308	86.9561346233751	NA
rand.58	1	Admed_SARS2_2020	17	2	99.7591846687211	65.924861878453	NA
rand.76	1	Admed_SARS2_2020	1295	2	99.7626	6.93472312945886	NA
rand.36	1	Admed_SARS2_2020	32	1	99.6288017161052	76.4681724845996	NA
rand.30	1	Admed_SARS2_2020	25	6	99.1873738995514	83.4130153551943	NA
rand.16	1	Admed_SARS2_2020	938	3	100	8.05020767622927	NA
rand.23	1	Admed_SARS2_2020	62	1	99.8261143895251	57.5185941654784	NA
rand.92	1	Admed_SARS2_2020	24	2	99.8327504591768	83.69921776432	NA
rand.32	1	Admed_SARS2_2020	881	7	100	8.19622724221543	NA
rand.65	1	Admed_SARS2_2020	11	1	99.7926531659572	60.9261111905102	NA
rand.35	1	Admed_SARS2_2020	25	1	99.7090341907824	81.7772901810203	NA
rand.68	1	Admed_SARS2_2020	268	1	99.6923161526871	26.2460051240062	NA
rand.86	1	Admed_SARS2_2020	NA	NA	NA	NA	NA
rand.46	1	Admed_SARS2_2020	25	2	99.7626	81.4681304276585	NA
rand.98	1	Admed_SARS2_2020	3311	3	99.5886936501544	1.92923003768412	NA
rand.14	1	Admed_SARS2_2020	2325	2	99.7492377844051	2.64972199594387	NA
rand.61	1	Admed_SARS2_2020	186	2	99.6889963465728	26.9573710007054	NA
rand.88	1	Admed_SARS2_2020	16	6	98.772679272875	90.8604300612176	NA
rand.3	1	Admed_SARS2_2020	291	1	99.8929819575038	21.3467970156933	NA
rand.40	1	Admed_SARS2_2020	2316	7	98.3948531803502	3.34013704290651	NA
rand.91	1	Admed_SARS2_2020	761	2	99.769272919109	10.8691216974396	NA
rand.6	1	Admed_SARS2_2020	1186	2	99.7993441458347	4.43047934630276	NA
rand.84	1	Admed_SARS2_2020	59	2	100	64.7037189278065	NA
rand.74	1	Admed_SARS2_2020	108	2	99.6254989840738	48.8665441900138	NA
rand.17	1	Admed_SARS2_2020	2367	19	99.090352301496	1.63187956110916	NA
rand.85	1	Admed_SARS2_2020	2425	1	99.5953278772036	3.22035456123183	NA
rand.28	1	Admed_SARS2_2020	1352	1	99.6154394960799	4.73662200045477	NA
rand.64	1	Admed_SARS2_2020	171	1	99.7391755987272	40.8103226512684	NA
rand.1	1	Admed_SARS2_2020	24	2	99.7626	79.0649598473404	NA
rand.7	1	Admed_SARS2_2020	3052	3	99.6789360656839	2.04392585720154	NA
rand.72	1	Admed_SARS2_2020	116	38	52.8007595623216	40.5907758753663	NA
rand.15	1	Admed_SARS2_2020	246	1	99.4749278974566	26.2074677098201	NA
rand.33	1	Admed_SARS2_2020	2214	4	99.3980522034354	2.75528800606621	NA
rand.62	1	Admed_SARS2_2020	30	12	98.6791057215706	85.8489468171768	NA
rand.44	1	Admed_SARS2_2020	1110	1	99.5685720272218	4.78494735979352	NA
rand.27	1	Admed_SARS2_2020	1888	1	99.6589341074361	3.84149839190992	NA
rand.56	1	Admed_SARS2_2020	149	20	96.4853046226513	38.6989470860439	NA
rand.66	1	Admed_SARS2_2020	4414	4	99.4715774901538	1.59212229982856	NA
rand.22	1	Admed_SARS2_2020	61	1	99.6087278332552	40.1753439438899	NA
rand.100	1	Admed_SARS2_2020	1594	1	99.6387954545455	5.27643040938158	NA
rand.45	1	Admed_SARS2_2020	53	2	99.7658855978808	64.4076944666336	NA
rand.99	1	Admed_SARS2_2020	826	5	100	9.69412725628551	NA
rand.94	1	Admed_SARS2_2020	620	1	99.6087278332552	13.4269151362706	NA
rand.48	1	Admed_SARS2_2020	11905	10	98.5887297363331	0.261098247548169	NA
rand.26	1	Admed_SARS2_2020	11078	38	45.7312367021277	0.123642609838263	NA
rand.1	2	Admed_SARS2_2020	214	1	100	22.9681789274467	NA
rand.1	3	Admed_SARS2_2020	5	1	100	95.6813176290338	100
rand.10	2	Admed_SARS2_2020	94	1	100	44.9276665917098	NA
rand.10	3	Admed_SARS2_2020	19	1	100	82.8239000663277	94.3041029766693
rand.100	2	Admed_SARS2_2020	302	1	100	16.4296151173036	NA
rand.100	3	Admed_SARS2_2020	9	1	100	89.9131476489967	100
rand.11	2	Admed_SARS2_2020	48	4	99.7391566063606	50.4567755032989	NA
rand.11	3	Admed_SARS2_2020	9	4	99.7391566063606	94.622461928934	100
rand.12	2	Admed_SARS2_2020	1746	1	100	2.76191545314516	NA
rand.12	3	Admed_SARS2_2020	21	1	100	79.48310560322	95.2374806401652
rand.13	2	Admed_SARS2_2020	79	1	99.6889944152761	44.8236974663559	NA
rand.13	3	Admed_SARS2_2020	2	1	99.6889944152761	98.7118778767509	100
rand.14	2	Admed_SARS2_2020	3863	1	99.6889944152761	1.36403611927377	NA
rand.14	3	Admed_SARS2_2020	21	1	99.6889944152761	80.9284647753495	100
rand.15	2	Admed_SARS2_2020	8	1	100	92.2185074993099	NA
rand.15	3	Admed_SARS2_2020	5	1	100	95.2691783643335	100
rand.16	2	Admed_SARS2_2020	84	1	100	46.2147154095326	NA
rand.16	3	Admed_SARS2_2020	18	1	100	83.5173105870547	94.4359884999154
rand.17	2	Admed_SARS2_2020	176	32	57.1313914991807	16.8378309120656	NA
rand.17	3	Admed_SARS2_2020	46	32	57.1313914991807	75.7941437444543	100
rand.18	2	Admed_SARS2_2020	65	2	100	47.9374019905911	NA
rand.18	3	Admed_SARS2_2020	2	2	100	100	NA
rand.19	2	Admed_SARS2_2020	82	1	100	31.9082156338805	NA
rand.19	3	Admed_SARS2_2020	2	1	100	98.9250139715309	100
rand.2	2	Admed_SARS2_2020	66	2	99.9966558539277	56.1877560223984	NA
rand.2	3	Admed_SARS2_2020	6	2	99.9966558539277	96.1664629832122	100
rand.20	2	Admed_SARS2_2020	32	1	99.8227602581681	65.0199307325361	NA
rand.20	3	Admed_SARS2_2020	2	1	99.8227602581681	99.0871369294606	100
rand.21	2	Admed_SARS2_2020	30	1	99.9866234157108	57.1311193487981	NA
rand.21	3	Admed_SARS2_2020	4	1	99.9866234157108	96.3178918884093	100
rand.22	2	Admed_SARS2_2020	109	3	100	44.7894462249385	NA
rand.22	3	Admed_SARS2_2020	22	3	100	83.56370108741	84.7546531302877
rand.23	2	Admed_SARS2_2020	75	1	100	38.5319449800746	NA
rand.23	3	Admed_SARS2_2020	1	1	100	100	NA
rand.24	2	Admed_SARS2_2020	5	1	100	95.6756756756757	NA
rand.24	3	Admed_SARS2_2020	1	1	100	100	NA
rand.25	2	Admed_SARS2_2020	24	1	100	75.3781110803533	NA
rand.25	3	Admed_SARS2_2020	1	1	100	100	NA
rand.26	2	Admed_SARS2_2020	135	1	100	30.9729133825817	NA
rand.26	3	Admed_SARS2_2020	9	1	100	91.5519551711536	100
rand.27	2	Admed_SARS2_2020	3081	1	100	1.31386842175412	NA
rand.27	3	Admed_SARS2_2020	37	1	100	62.9786342689568	94.0477537625891
rand.28	2	Admed_SARS2_2020	27	2	83.7775474032706	74.4465246203679	NA
rand.28	3	Admed_SARS2_2020	2	2	83.7775474032706	100	NA
rand.29	2	Admed_SARS2_2020	3901	1	100	1.01339114366355	NA
rand.29	3	Admed_SARS2_2020	28	1	100	72.0751002376894	84.5069211589717
rand.3	2	Admed_SARS2_2020	675	1	100	8.83730089913202	NA
rand.3	3	Admed_SARS2_2020	298	1	100	21.1723448305001	88.5831695551188
rand.30	2	Admed_SARS2_2020	177	1	99.6889944152761	22.7637185576615	NA
rand.30	3	Admed_SARS2_2020	22	1	99.6889944152761	81.257155318105	77.4869109947644
rand.31	2	Admed_SARS2_2020	8470	1	99.6889944152761	0.624743532405977	NA
rand.31	3	Admed_SARS2_2020	236	1	99.6889944152761	24.145863370539	90.114044079959
rand.32	2	Admed_SARS2_2020	80	1	99.866234157108	51.2352880623134	NA
rand.32	3	Admed_SARS2_2020	3	1	99.866234157108	97.9789363168083	100
rand.33	2	Admed_SARS2_2020	192	2	99.7190917299268	17.1673498526161	NA
rand.33	3	Admed_SARS2_2020	12	2	99.7190917299268	89.3399646463133	82.433951658235
rand.34	2	Admed_SARS2_2020	80	1	100	50.2838332605556	NA
rand.34	3	Admed_SARS2_2020	22	1	100	80.7008086253369	90.7122905027933
rand.35	2	Admed_SARS2_2020	66	1	100	54.5920040817814	NA
rand.35	3	Admed_SARS2_2020	4	1	100	96.2414468823284	100
rand.36	2	Admed_SARS2_2020	263	0	0	0	NA
rand.36	3	Admed_SARS2_2020	15	0	0	0	95.3878723725994
rand.37	2	Admed_SARS2_2020	481	1	100	12.3496785163053	NA
rand.37	3	Admed_SARS2_2020	99	1	100	45.6598361281069	92.5141798169259
rand.38	2	Admed_SARS2_2020	137	1	100	35.7807873865947	NA
rand.38	3	Admed_SARS2_2020	77	1	100	51.2544497623955	93.8187917117999
rand.39	2	Admed_SARS2_2020	71	1	100	37.8981779478472	NA
rand.39	3	Admed_SARS2_2020	12	1	100	88.4257206208426	84.0357598978289
rand.4	2	Admed_SARS2_2020	25	1	100	78.1308752872363	NA
rand.4	3	Admed_SARS2_2020	1	1	100	100	NA
rand.40	2	Admed_SARS2_2020	219	1	100	14.9700271124045	NA
rand.40	3	Admed_SARS2_2020	20	1	100	80.9534057893038	89.4774011299435
rand.41	2	Admed_SARS2_2020	63	0	0	0	NA
rand.41	3	Admed_SARS2_2020	21	0	0	0	87.2094516501862
rand.42	2	Admed_SARS2_2020	398	1	100	15.158301119178	NA
rand.42	3	Admed_SARS2_2020	43	1	100	65.4868999934336	94.0068493150685
rand.43	2	Admed_SARS2_2020	6918	1	100	0.58104906720665	NA
rand.43	3	Admed_SARS2_2020	48	1	100	62.8344771138954	96.1432040205545
rand.44	2	Admed_SARS2_2020	86	0	0	0	NA
rand.44	3	Admed_SARS2_2020	11	0	0	0	100
rand.45	2	Admed_SARS2_2020	24	1	100	78.0820844864498	NA
rand.45	3	Admed_SARS2_2020	1	1	100	100	NA
rand.46	2	Admed_SARS2_2020	73	5	100	55.4756474396704	NA
rand.46	3	Admed_SARS2_2020	10	5	100	95.109106962664	100
rand.47	2	Admed_SARS2_2020	94	1	100	47.404252624246	NA
rand.47	3	Admed_SARS2_2020	14	1	100	87.2788223291065	85.0137488542621
rand.48	2	Admed_SARS2_2020	44	1	100	61.9304605751009	NA
rand.48	3	Admed_SARS2_2020	6	1	100	93.9327668082979	81.0504634397528
rand.49	2	Admed_SARS2_2020	248	1	100	20.1107962728509	NA
rand.49	3	Admed_SARS2_2020	11	1	100	89.8916102760644	91.0248815165877
rand.5	2	Admed_SARS2_2020	45	1	99.7893187974451	57.863098700795	NA
rand.5	3	Admed_SARS2_2020	3	1	99.7893187974451	97.5354644701575	100
rand.50	2	Admed_SARS2_2020	341	1	100	14.9204395429865	NA
rand.50	3	Admed_SARS2_2020	17	1	100	83.4754116569017	92.8079314400941
rand.51	2	Admed_SARS2_2020	125	1	100	24.5273599266692	NA
rand.51	3	Admed_SARS2_2020	4	1	100	96.8585372159917	100
rand.52	2	Admed_SARS2_2020	26	1	100	74.8855607523137	NA
rand.52	3	Admed_SARS2_2020	3	1	100	97.6734376014018	100
rand.53	2	Admed_SARS2_2020	125	1	99.8796107413972	31.0419373278595	NA
rand.53	3	Admed_SARS2_2020	17	1	99.8796107413972	83.9739083982343	89.0350877192982
rand.54	2	Admed_SARS2_2020	356	1	100	15.9069040492911	NA
rand.54	3	Admed_SARS2_2020	15	1	100	86.1039970072804	100
rand.55	2	Admed_SARS2_2020	62	0	0	0	NA
rand.55	3	Admed_SARS2_2020	2	0	0	0	100
rand.56	2	Admed_SARS2_2020	56	0	0	0	NA
rand.56	3	Admed_SARS2_2020	0	0	0	0	0
rand.57	2	Admed_SARS2_2020	472	1	99.7224358759991	12.2138530159861	NA
rand.57	3	Admed_SARS2_2020	110	1	99.7224358759991	42.5113335044051	94.3832762981699
rand.58	2	Admed_SARS2_2020	43	2	100	59.4419195427392	NA
rand.58	3	Admed_SARS2_2020	4	2	100	98.0424891158467	100
rand.59	2	Admed_SARS2_2020	10	1	100	86.0387000459348	NA
rand.59	3	Admed_SARS2_2020	1	1	100	100	NA
rand.6	2	Admed_SARS2_2020	490	1	100	11.9726841282471	NA
rand.6	3	Admed_SARS2_2020	94	1	100	45.97445266681	88.419676603484
rand.60	2	Admed_SARS2_2020	1662	3	100	2.96991938846696	NA
rand.60	3	Admed_SARS2_2020	17	3	100	84.7937708062969	93.1539888682746
rand.61	2	Admed_SARS2_2020	10	3	100	92.0637352535621	NA
rand.61	3	Admed_SARS2_2020	3	3	100	100	NA
rand.62	2	Admed_SARS2_2020	142	1	99.866234157108	20.4243124756349	NA
rand.62	3	Admed_SARS2_2020	4	1	99.866234157108	95.7577117937536	100
rand.63	2	Admed_SARS2_2020	10	0	0	0	NA
rand.63	3	Admed_SARS2_2020	1	0	0	0	100
rand.64	2	Admed_SARS2_2020	286	3	100	19.015163587776	NA
rand.64	3	Admed_SARS2_2020	20	2	100	81.386792197603	94.578488372093
rand.65	2	Admed_SARS2_2020	374	1	100	14.9079311289961	NA
rand.65	3	Admed_SARS2_2020	28	1	100	75.903278189384	100
rand.66	2	Admed_SARS2_2020	3627	2	100	1.4899113690733	NA
rand.66	3	Admed_SARS2_2020	73	1	100	50.1852565929552	82.078551475785
rand.67	2	Admed_SARS2_2020	63	1	100	51.0260336906585	NA
rand.67	3	Admed_SARS2_2020	3	1	100	97.4079126875853	100
rand.68	2	Admed_SARS2_2020	6021	1	99.7926629435174	0.694752119865869	NA
rand.68	3	Admed_SARS2_2020	25	1	99.7926629435174	76.4820462875157	84.7972972972973
rand.69	2	Admed_SARS2_2020	90	3	100	38.3960837583617	NA
rand.69	3	Admed_SARS2_2020	16	3	100	86.2613001669834	92.6026823134954
rand.7	2	Admed_SARS2_2020	192	1	100	23.2752137812338	NA
rand.7	3	Admed_SARS2_2020	5	1	100	95.7975685248413	77.1450265755505
rand.70	2	Admed_SARS2_2020	93	1	100	45.158567466538	NA
rand.70	3	Admed_SARS2_2020	8	1	100	92.7582897303322	85.9769132107738
rand.71	2	Admed_SARS2_2020	78	1	100	38.1876569010997	NA
rand.71	3	Admed_SARS2_2020	4	1	100	96.6023016666129	100
rand.72	2	Admed_SARS2_2020	3503	1	100	1.51205771682807	NA
rand.72	3	Admed_SARS2_2020	78	1	100	48.5146916370681	82.0163060520539
rand.73	2	Admed_SARS2_2020	30	3	100	60.0428291238042	NA
rand.73	3	Admed_SARS2_2020	3	3	100	100	NA
rand.74	2	Admed_SARS2_2020	79	1	99.6889944152761	41.0996677282817	NA
rand.74	3	Admed_SARS2_2020	3	1	99.6889944152761	97.8403570959695	100
rand.75	2	Admed_SARS2_2020	67	1	99.6889944152761	40.1130323622418	NA
rand.75	3	Admed_SARS2_2020	2	1	99.6889944152761	98.2401792776167	100
rand.76	2	Admed_SARS2_2020	2836	1	99.8428251346019	1.74093655809332	NA
rand.76	3	Admed_SARS2_2020	13	1	99.8428251346019	87.1046796592368	92.8733031674208
rand.77	2	Admed_SARS2_2020	24	1	100	76.6440833375783	NA
rand.77	3	Admed_SARS2_2020	7	1	100	92.6905898660096	100
rand.78	2	Admed_SARS2_2020	72	1	100	39.5187510695152	NA
rand.78	3	Admed_SARS2_2020	5	1	100	95.7853428197684	100
rand.79	2	Admed_SARS2_2020	177	1	100	19.0508280619219	NA
rand.79	3	Admed_SARS2_2020	2	1	100	98.5756110398368	100
rand.8	2	Admed_SARS2_2020	33	1	100	73.0131643100926	NA
rand.8	3	Admed_SARS2_2020	2	1	100	98.7340937561812	100
rand.80	2	Admed_SARS2_2020	311	1	99.9765909774939	17.4293259953244	NA
rand.80	3	Admed_SARS2_2020	16	1	99.9765909774939	84.2971944170309	92.3145986712156
rand.81	2	Admed_SARS2_2020	24	0	0	0	NA
rand.81	3	Admed_SARS2_2020	0	0	0	0	0
rand.82	2	Admed_SARS2_2020	60	0	0	0	NA
rand.82	3	Admed_SARS2_2020	0	0	0	0	0
rand.83	2	Admed_SARS2_2020	3518	1	100	1.5097251537641	NA
rand.83	3	Admed_SARS2_2020	100	1	100	41.5900186178342	58.7392959086584
rand.84	2	Admed_SARS2_2020	86	7	100	52.5542963404793	NA
rand.84	3	Admed_SARS2_2020	21	7	100	87.0767084265907	73.8191632928475
rand.85	2	Admed_SARS2_2020	64	1	100	51.1729554379375	NA
rand.85	3	Admed_SARS2_2020	1	1	100	100	NA
rand.86	2	Admed_SARS2_2020	256	1	99.9832792696385	11.2823067256858	NA
rand.86	3	Admed_SARS2_2020	10	1	99.9832792696385	89.7218137622663	89.1094890510949
rand.87	2	Admed_SARS2_2020	1896	1	99.9632143932047	2.59824697427482	NA
rand.87	3	Admed_SARS2_2020	25	1	99.9632143932047	77.1068176541904	95.8422535211268
rand.88	2	Admed_SARS2_2020	298	1	100	17.7718581661043	NA
rand.88	3	Admed_SARS2_2020	18	1	100	83.0736877058026	100
rand.89	2	Admed_SARS2_2020	37	2	99.6856502692038	72.1208748669312	NA
rand.89	3	Admed_SARS2_2020	3	2	99.6856502692038	99.0036201800126	100
rand.9	2	Admed_SARS2_2020	73	2	100	52.0710059171598	NA
rand.9	3	Admed_SARS2_2020	7	2	100	94.6355575121062	81.0082063305979
rand.90	2	Admed_SARS2_2020	3002	1	100	1.37975562119671	NA
rand.90	3	Admed_SARS2_2020	39	1	100	62.3019095812249	96.2381925647683
rand.91	2	Admed_SARS2_2020	73	1	100	45.7883599494573	NA
rand.91	3	Admed_SARS2_2020	13	1	100	88.1558121812533	93.046275674338
rand.92	2	Admed_SARS2_2020	368	3	100	12.133489543946	NA
rand.92	3	Admed_SARS2_2020	8	2	100	93.3631181636112	100
rand.93	2	Admed_SARS2_2020	37	4	100	47.1975478543726	NA
rand.93	3	Admed_SARS2_2020	4	4	100	100	NA
rand.94	2	Admed_SARS2_2020	44	1	99.6889944152761	51.6351416891845	NA
rand.94	3	Admed_SARS2_2020	3	1	99.6889944152761	97.8146738417115	100
rand.95	2	Admed_SARS2_2020	491	1	100	9.58605803617043	NA
rand.95	3	Admed_SARS2_2020	36	1	100	68.0184874711133	100
rand.96	2	Admed_SARS2_2020	124	1	100	27.9476553166069	NA
rand.96	3	Admed_SARS2_2020	1	1	100	100	NA
rand.97	2	Admed_SARS2_2020	20	4	100	83.4115633110608	NA
rand.97	3	Admed_SARS2_2020	4	4	100	100	NA
rand.98	2	Admed_SARS2_2020	242	0	0	0	NA
rand.98	3	Admed_SARS2_2020	0	0	0	0	0
rand.99	2	Admed_SARS2_2020	28	3	100	74.8820489777578	NA
rand.99	3	Admed_SARS2_2020	4	3	100	99	100
rand.50	1	Grundy_HIV_2023	6895	58	100	1.39120238219284	NA
rand.99	1	Grundy_HIV_2023	3384	220	100	14.4903687861926	NA
rand.73	1	Grundy_HIV_2023	3290	443	100	21.2792900611155	NA
rand.30	1	Grundy_HIV_2023	3691	263	100	10.4485050681928	NA
rand.22	1	Grundy_HIV_2023	2498	128	100	6.57529006393634	NA
rand.93	1	Grundy_HIV_2023	4175	21	100	2.10398902224912	NA
rand.65	1	Grundy_HIV_2023	1934	514	100	57.4242669316265	NA
rand.57	1	Grundy_HIV_2023	6765	945	100	24.7936183930426	NA
rand.6	1	Grundy_HIV_2023	6927	176	100	3.71202456788953	NA
rand.7	1	Grundy_HIV_2023	3294	13	100	3.16555971665253	NA
rand.80	1	Grundy_HIV_2023	5171	1022	100	30.1844126458179	NA
rand.47	1	Grundy_HIV_2023	2295	118	100	7.31699875517659	NA
rand.11	1	Grundy_HIV_2023	9015	352	100	7.25569228103492	NA
rand.61	1	Grundy_HIV_2023	2283	147	100	8.40082181508343	NA
rand.53	1	Grundy_HIV_2023	3684	75	100	4.99377494221273	NA
rand.77	1	Grundy_HIV_2023	3457	108	100	10.659079926022	NA
rand.67	1	Grundy_HIV_2023	4350	961	100	27.1702577356066	NA
rand.9	1	Grundy_HIV_2023	4419	23	100	1.98031708699273	NA
rand.74	1	Grundy_HIV_2023	3449	129	100	8.29476016823975	NA
rand.10	1	Grundy_HIV_2023	5733	70	100	2.13798017713987	NA
rand.86	1	Grundy_HIV_2023	4409	314	100	8.91840510987955	NA
rand.83	1	Grundy_HIV_2023	4151	73	100	5.41230458230967	NA
rand.21	1	Grundy_HIV_2023	5731	385	100	14.1551466697172	NA
rand.97	1	Grundy_HIV_2023	7284	221	100	7.15496449042404	NA
rand.98	1	Grundy_HIV_2023	2600	288	100	24.3838128857949	NA
rand.90	1	Grundy_HIV_2023	4778	47	100	1.62952285252604	NA
rand.94	1	Grundy_HIV_2023	3168	20	100	1.82018344390343	NA
rand.33	1	Grundy_HIV_2023	1683	131	100	18.2067483792998	NA
rand.45	1	Grundy_HIV_2023	4675	64	100	2.96851123525138	NA
rand.37	1	Grundy_HIV_2023	3884	284	100	17.0893869409072	NA
rand.95	1	Grundy_HIV_2023	851	113	100	26.3910863981655	NA
rand.71	1	Grundy_HIV_2023	1803	10	100	1.79135244756943	NA
rand.35	1	Grundy_HIV_2023	6112	437	100	11.3281311940579	NA
rand.81	1	Grundy_HIV_2023	5817	394	100	10.8148619742156	NA
rand.78	1	Grundy_HIV_2023	1499	248	100	43.7282631393247	NA
rand.66	1	Grundy_HIV_2023	5398	35	100	1.08282939052396	NA
rand.48	1	Grundy_HIV_2023	5566	169	100	5.24446065119136	NA
rand.20	1	Grundy_HIV_2023	2005	184	100	13.9595743544519	NA
rand.3	1	Grundy_HIV_2023	3059	183	100	15.262381291716	NA
rand.34	1	Grundy_HIV_2023	5338	185	100	4.73388580394977	NA
rand.63	1	Grundy_HIV_2023	4091	42	100	2.3964890377245	NA
rand.2	1	Grundy_HIV_2023	4104	3	13.89168125	0.0680913471611146	NA
rand.5	1	Grundy_HIV_2023	4768	828	100	24.052262908645	NA
rand.43	1	Grundy_HIV_2023	3979	230	100	15.6736014336959	NA
rand.38	1	Grundy_HIV_2023	6861	1206	100	29.3089040010593	NA
rand.88	1	Grundy_HIV_2023	1834	100	100	14.8099979031689	NA
rand.39	1	Grundy_HIV_2023	4236	286	100	10.8292090021416	NA
rand.28	1	Grundy_HIV_2023	1373	40	100	10.4193990778607	NA
rand.59	1	Grundy_HIV_2023	4439	312	100	12.7595157285178	NA
rand.85	1	Grundy_HIV_2023	6685	241	100	5.76257398903666	NA
rand.91	1	Grundy_HIV_2023	5016	28	100	0.744158780369058	NA
rand.82	1	Grundy_HIV_2023	4786	133	100	5.17965388615987	NA
rand.76	1	Grundy_HIV_2023	4742	420	100	16.8176310499865	NA
rand.55	1	Grundy_HIV_2023	8568	140	100	3.19558981191021	NA
rand.17	1	Grundy_HIV_2023	3448	333	100	15.1141665294473	NA
rand.26	1	Grundy_HIV_2023	5394	84	100	2.60228540095664	NA
rand.4	1	Grundy_HIV_2023	5095	79	100	4.90408273357631	NA
rand.54	1	Grundy_HIV_2023	6555	706	100	14.8349053238147	NA
rand.15	1	Grundy_HIV_2023	3121	76	100	3.43637096039026	NA
rand.46	1	Grundy_HIV_2023	5604	895	100	25.3732294195779	NA
rand.8	1	Grundy_HIV_2023	3300	36	100	1.4697309783497	NA
rand.87	1	Grundy_HIV_2023	3050	185	100	15.0790449675852	NA
rand.36	1	Grundy_HIV_2023	5882	94	100	3.94975207546341	NA
rand.19	1	Grundy_HIV_2023	867	100	100	23.1946227116125	NA
rand.44	1	Grundy_HIV_2023	3526	42	100	2.33720496266864	NA
rand.60	1	Grundy_HIV_2023	2605	40	100	4.22671665737974	NA
rand.31	1	Grundy_HIV_2023	5062	349	100	13.8918387472791	NA
rand.75	1	Grundy_HIV_2023	3368	2	23.3327940594059	0.0842797272648311	NA
rand.100	1	Grundy_HIV_2023	6193	231	100	5.21863657295394	NA
rand.16	1	Grundy_HIV_2023	6819	185	100	4.09833788122665	NA
rand.52	1	Grundy_HIV_2023	3114	226	100	12.5764787905088	NA
rand.25	1	Grundy_HIV_2023	4834	660	100	16.2694450290208	NA
rand.12	1	Grundy_HIV_2023	2962	70	100	3.54331660095699	NA
rand.69	1	Grundy_HIV_2023	7048	239	100	6.63890272403356	NA
rand.29	1	Grundy_HIV_2023	2478	75	100	5.47700703062593	NA
rand.41	1	Grundy_HIV_2023	7178	36	100	1.17765855827665	NA
rand.72	1	Grundy_HIV_2023	4770	1353	100	37.2317000198765	NA
rand.14	1	Grundy_HIV_2023	5623	48	100	1.69279906041908	NA
rand.92	1	Grundy_HIV_2023	1795	46	100	4.6460275566715	NA
rand.89	1	Grundy_HIV_2023	3479	533	100	20.4721158924539	NA
rand.13	1	Grundy_HIV_2023	3789	47	100	2.67814346535411	NA
rand.32	1	Grundy_HIV_2023	5188	1255	100	32.8950009759563	NA
rand.27	1	Grundy_HIV_2023	4010	54	100	4.82454378438021	NA
rand.64	1	Grundy_HIV_2023	4298	213	100	7.01532196638333	NA
rand.1	1	Grundy_HIV_2023	5745	534	100	12.6408377378698	NA
rand.24	1	Grundy_HIV_2023	3245	611	100	30.4372798772674	NA
rand.96	1	Grundy_HIV_2023	4489	122	100	3.97400266753825	NA
rand.84	1	Grundy_HIV_2023	NA	NA	NA	NA	NA
rand.23	1	Grundy_HIV_2023	2473	34	100	3.00725958176141	NA
rand.70	1	Grundy_HIV_2023	7844	208	100	2.72328913597289	NA
rand.56	1	Grundy_HIV_2023	2877	446	100	35.7848684216788	NA
rand.79	1	Grundy_HIV_2023	2312	92	100	8.12104962688089	NA
rand.68	1	Grundy_HIV_2023	2712	455	100	25.0175363330193	NA
rand.62	1	Grundy_HIV_2023	1363	53	100	6.60808414457479	NA
rand.51	1	Grundy_HIV_2023	3212	244	100	11.3929750283137	NA
rand.18	1	Grundy_HIV_2023	5547	999	100	30.4412445646783	NA
rand.42	1	Grundy_HIV_2023	8675	934	100	16.8086195120695	NA
rand.49	1	Grundy_HIV_2023	3469	299	100	16.7194755048235	NA
rand.58	1	Grundy_HIV_2023	1864	98	100	7.50295647559884	NA
rand.40	1	Grundy_HIV_2023	5634	29	100	1.89193109336914	NA
rand.1	2	Grundy_HIV_2023	1064	183	100	15.0900389032232	NA
rand.1	3	Grundy_HIV_2023	203	182	100	89.5254399235608	78.5442797415431
rand.10	2	Grundy_HIV_2023	470	28	100	9.24817809040535	NA
rand.10	3	Grundy_HIV_2023	36	28	100	82.4348075612468	92.1584643659383
rand.100	2	Grundy_HIV_2023	752	106	100	15.6505288502881	NA
rand.100	3	Grundy_HIV_2023	107	106	100	99.3384055573933	0
rand.11	2	Grundy_HIV_2023	1761	85	100	5.65358243693779	NA
rand.11	3	Grundy_HIV_2023	112	84	100	75.3078662980648	91.1959287531807
rand.12	2	Grundy_HIV_2023	108	31	100	33.5098089608498	NA
rand.12	3	Grundy_HIV_2023	37	30	100	85.5662437845625	100
rand.13	2	Grundy_HIV_2023	769	27	100	5.01336338154084	NA
rand.13	3	Grundy_HIV_2023	34	26	100	85.6855895196506	100
rand.14	2	Grundy_HIV_2023	718	14	100	2.76813422339309	NA
rand.14	3	Grundy_HIV_2023	18	13	100	79.7179314976494	72.3509933774834
rand.15	2	Grundy_HIV_2023	245	21	100	7.10533140676522	NA
rand.15	3	Grundy_HIV_2023	24	21	100	90.3004049345513	35.2427184466019
rand.16	2	Grundy_HIV_2023	1005	70	100	6.23384726532355	NA
rand.16	3	Grundy_HIV_2023	73	70	100	96.5466381853321	100
rand.17	2	Grundy_HIV_2023	556	205	100	32.0798913810602	NA
rand.17	3	Grundy_HIV_2023	205	204	100	99.2070641471488	100
rand.18	2	Grundy_HIV_2023	282	179	100	63.554900001586	NA
rand.18	3	Grundy_HIV_2023	180	177	100	98.7389380530973	100
rand.19	2	Grundy_HIV_2023	88	41	100	47.2773578040991	NA
rand.19	3	Grundy_HIV_2023	41	40	100	98.8219440097374	100
rand.2	2	Grundy_HIV_2023	779	0	0	0	NA
rand.2	3	Grundy_HIV_2023	7	0	0	0	100
rand.20	2	Grundy_HIV_2023	169	71	100	47.4812576927381	NA
rand.20	3	Grundy_HIV_2023	72	70	100	98.2789331792798	100
rand.21	2	Grundy_HIV_2023	837	160	100	16.2005251467756	NA
rand.21	3	Grundy_HIV_2023	172	158	100	90.1277220690734	94.8542860626753
rand.22	2	Grundy_HIV_2023	280	85	100	30.3018860152007	NA
rand.22	3	Grundy_HIV_2023	85	85	100	100	NA
rand.23	2	Grundy_HIV_2023	400	11	90.869901624848	3.98115235982915	NA
rand.23	3	Grundy_HIV_2023	12	11	90.869901624848	95.260718424102	100
rand.24	2	Grundy_HIV_2023	456	260	100	48.9735266082765	NA
rand.24	3	Grundy_HIV_2023	260	260	100	100	NA
rand.25	2	Grundy_HIV_2023	641	134	100	20.1259120065885	NA
rand.25	3	Grundy_HIV_2023	136	134	100	98.9972327618178	100
rand.26	2	Grundy_HIV_2023	773	10	100	2.26213042514955	NA
rand.26	3	Grundy_HIV_2023	13	9	83.1104233447552	79.0059892823369	100
rand.27	2	Grundy_HIV_2023	254	15	100	9.65601668530665	NA
rand.27	3	Grundy_HIV_2023	17	14	100	92.2897599723709	68.5330347144457
rand.28	2	Grundy_HIV_2023	122	39	100	36.8296465594645	NA
rand.28	3	Grundy_HIV_2023	41	39	100	96.2252079334613	100
rand.29	2	Grundy_HIV_2023	195	54	100	31.5384547748635	NA
rand.29	3	Grundy_HIV_2023	61	54	100	92.8959908836631	100
rand.3	2	Grundy_HIV_2023	269	22	100	14.7583078617561	NA
rand.3	3	Grundy_HIV_2023	23	21	100	95.873786407767	56.8210262828536
rand.30	2	Grundy_HIV_2023	562	77	100	13.7525344146836	NA
rand.30	3	Grundy_HIV_2023	86	77	100	91.2389380530973	92.6262626262626
rand.31	2	Grundy_HIV_2023	355	48	100	12.0453676564292	NA
rand.31	3	Grundy_HIV_2023	50	47	100	94.8607937322203	100
rand.32	2	Grundy_HIV_2023	833	357	100	34.8616301312842	NA
rand.32	3	Grundy_HIV_2023	358	357	100	99.7791253363319	0
rand.33	2	Grundy_HIV_2023	180	70	100	42.5356050513201	NA
rand.33	3	Grundy_HIV_2023	70	69	100	98.9325892461688	100
rand.34	2	Grundy_HIV_2023	724	2	8.897977230021	0.220532840216424	NA
rand.34	3	Grundy_HIV_2023	10	2	8.897977230021	18.8524590163934	91.024531024531
rand.35	2	Grundy_HIV_2023	680	59	100	9.71135845063581	NA
rand.35	3	Grundy_HIV_2023	59	58	100	98.6226893802102	100
rand.36	2	Grundy_HIV_2023	905	21	100	2.22070561591267	NA
rand.36	3	Grundy_HIV_2023	25	21	100	87.6985620718211	100
rand.37	2	Grundy_HIV_2023	464	100	100	22.5768087215064	NA
rand.37	3	Grundy_HIV_2023	105	98	100	94.0930402802712	100
rand.38	2	Grundy_HIV_2023	1054	245	100	19.9087613865935	NA
rand.38	3	Grundy_HIV_2023	251	244	100	97.33961132545	100
rand.39	2	Grundy_HIV_2023	382	168	100	45.0843572054893	NA
rand.39	3	Grundy_HIV_2023	166	166	100	100	NA
rand.4	2	Grundy_HIV_2023	612	55	100	9.85190272115348	NA
rand.4	3	Grundy_HIV_2023	60	54	100	92.9236710586097	100
rand.40	2	Grundy_HIV_2023	358	24	100	9.52086745787714	NA
rand.40	3	Grundy_HIV_2023	34	24	100	78.7505447054629	58.2028337061894
rand.41	2	Grundy_HIV_2023	777	8	100	2.11476444865829	NA
rand.41	3	Grundy_HIV_2023	18	7	94.329612026086	62.4606601771207	89.7250926106453
rand.42	2	Grundy_HIV_2023	1528	311	100	20.3107288724158	NA
rand.42	3	Grundy_HIV_2023	316	311	100	98.7569896549462	100
rand.43	2	Grundy_HIV_2023	456	186	100	34.1485131137927	NA
rand.43	3	Grundy_HIV_2023	195	186	100	92.1731293617415	88.6330085621494
rand.44	2	Grundy_HIV_2023	284	10	97.3361335249254	5.23926533672067	NA
rand.44	3	Grundy_HIV_2023	12	10	97.3361335249254	94.0912490650711	49.9095840867993
rand.45	2	Grundy_HIV_2023	256	17	100	11.3564157188244	NA
rand.45	3	Grundy_HIV_2023	25	16	100	77.1727928546891	71.833458740908
rand.46	2	Grundy_HIV_2023	1240	585	100	45.0781587571415	NA
rand.46	3	Grundy_HIV_2023	590	585	100	99.1908568387857	82.3984526112186
rand.47	2	Grundy_HIV_2023	302	21	100	8.13335574086845	NA
rand.47	3	Grundy_HIV_2023	24	21	100	93.3426443202979	100
rand.48	2	Grundy_HIV_2023	814	83	100	12.5768226772034	NA
rand.48	3	Grundy_HIV_2023	85	82	100	97.6118212632092	100
rand.49	2	Grundy_HIV_2023	233	23	100	12.089362303813	NA
rand.49	3	Grundy_HIV_2023	29	23	100	86.0209043653233	88.8044782087165
rand.5	2	Grundy_HIV_2023	261	20	86.1169448435946	5.24025397508677	NA
rand.5	3	Grundy_HIV_2023	21	20	86.1169448435946	95.5481972038263	0
rand.50	2	Grundy_HIV_2023	960	19	100	2.61054925910363	NA
rand.50	3	Grundy_HIV_2023	29	19	100	73.5976632228052	100
rand.51	2	Grundy_HIV_2023	496	11	100	4.46514789836767	NA
rand.51	3	Grundy_HIV_2023	15	11	100	85.8968643186209	61.6438356164384
rand.52	2	Grundy_HIV_2023	399	136	100	32.5829920546549	NA
rand.52	3	Grundy_HIV_2023	139	136	100	98.3018277059728	100
rand.53	2	Grundy_HIV_2023	338	11	100	7.66289190167595	NA
rand.53	3	Grundy_HIV_2023	9	9	100	100	NA
rand.54	2	Grundy_HIV_2023	1219	259	100	17.7873003388646	NA
rand.54	3	Grundy_HIV_2023	271	257	100	94.5729962798765	92.6971326164875
rand.55	2	Grundy_HIV_2023	1125	87	100	8.10644966392266	NA
rand.55	3	Grundy_HIV_2023	100	87	100	91.6109530583215	93.429419245443
rand.56	2	Grundy_HIV_2023	79	10	83.7183596772411	14.9527175093282	NA
rand.56	3	Grundy_HIV_2023	15	10	83.7183596772411	75.6492209348781	87.2846595570139
rand.57	2	Grundy_HIV_2023	1330	549	100	34.8136125087919	NA
rand.57	3	Grundy_HIV_2023	557	547	100	98.2678124069305	100
rand.58	2	Grundy_HIV_2023	163	0	0	0	NA
rand.58	3	Grundy_HIV_2023	1	0	0	0	0
rand.59	2	Grundy_HIV_2023	615	133	100	22.6145794633115	NA
rand.59	3	Grundy_HIV_2023	138	132	100	96.4094373317906	74.3607705779335
rand.6	2	Grundy_HIV_2023	628	42	100	7.5660966688026	NA
rand.6	3	Grundy_HIV_2023	55	42	100	76.6773442050087	86.8772630790361
rand.60	2	Grundy_HIV_2023	156	19	100	18.0792311186554	NA
rand.60	3	Grundy_HIV_2023	21	18	100	93.0282655525818	100
rand.61	2	Grundy_HIV_2023	220	64	100	29.7995918580922	NA
rand.61	3	Grundy_HIV_2023	66	64	100	97.9580302732455	100
rand.62	2	Grundy_HIV_2023	128	17	100	19.6330275229358	NA
rand.62	3	Grundy_HIV_2023	19	17	100	93.2260596546311	100
rand.63	2	Grundy_HIV_2023	586	15	100	3.39057986137809	NA
rand.63	3	Grundy_HIV_2023	22	15	100	81.1448475289169	100
rand.64	2	Grundy_HIV_2023	557	69	100	13.0987913449256	NA
rand.64	3	Grundy_HIV_2023	79	68	100	90.1632321774812	68.691267476507
rand.65	2	Grundy_HIV_2023	73	30	100	43.1211132633296	NA
rand.65	3	Grundy_HIV_2023	32	30	100	96.2290979410761	100
rand.66	2	Grundy_HIV_2023	456	16	100	4.19122099635193	NA
rand.66	3	Grundy_HIV_2023	22	16	100	83.7835842928846	69.0942193900774
rand.67	2	Grundy_HIV_2023	1044	615	100	51.5421651110819	NA
rand.67	3	Grundy_HIV_2023	619	613	100	98.212132519	74.4068541300527
rand.68	2	Grundy_HIV_2023	390	183	100	45.8500495473394	NA
rand.68	3	Grundy_HIV_2023	185	183	100	99.1408362804244	100
rand.69	2	Grundy_HIV_2023	1765	174	100	12.4885147816393	NA
rand.69	3	Grundy_HIV_2023	179	172	100	97.1550202471187	100
rand.7	2	Grundy_HIV_2023	100	18	100	26.8280226895508	NA
rand.7	3	Grundy_HIV_2023	18	18	100	100	NA
rand.70	2	Grundy_HIV_2023	2079	8	56.0185696916105	0.399665630963835	NA
rand.70	3	Grundy_HIV_2023	30	8	56.0185696916105	37.4381325256704	75.7350336521431
rand.71	2	Grundy_HIV_2023	133	12	92.8926716038466	11.1323054098448	NA
rand.71	3	Grundy_HIV_2023	16	12	92.8926716038466	83.8137030018949	82.4399260628466
rand.72	2	Grundy_HIV_2023	547	228	100	34.4734554693768	NA
rand.72	3	Grundy_HIV_2023	229	226	100	98.8026508572593	60.6158833063209
rand.73	2	Grundy_HIV_2023	517	201	100	37.7001197893516	NA
rand.73	3	Grundy_HIV_2023	200	199	100	93.900923723018	100
rand.74	2	Grundy_HIV_2023	293	53	100	21.4479769516541	NA
rand.74	3	Grundy_HIV_2023	63	52	100	84.1957751595993	84.6469622331691
rand.75	2	Grundy_HIV_2023	634	0	0	0	NA
rand.75	3	Grundy_HIV_2023	2	0	0	0	55.8900523560209
rand.76	2	Grundy_HIV_2023	512	142	100	26.6417668932084	NA
rand.76	3	Grundy_HIV_2023	145	142	100	98.6427829064009	57.2972972972973
rand.77	2	Grundy_HIV_2023	299	35	100	14.7484102570946	NA
rand.77	3	Grundy_HIV_2023	40	35	100	91.3271630443765	57.2653644592663
rand.78	2	Grundy_HIV_2023	134	92	100	71.8515448726804	NA
rand.78	3	Grundy_HIV_2023	94	92	100	98.5432805658471	100
rand.79	2	Grundy_HIV_2023	288	46	100	19.1028560415165	NA
rand.79	3	Grundy_HIV_2023	52	45	100	91.9814517567327	100
rand.8	2	Grundy_HIV_2023	420	28	100	6.6353552915419	NA
rand.8	3	Grundy_HIV_2023	36	28	100	80.0728508984944	84.5722641969291
rand.80	2	Grundy_HIV_2023	992	441	100	37.5216996967172	NA
rand.80	3	Grundy_HIV_2023	449	441	100	97.2710733778047	67.1345029239766
rand.81	2	Grundy_HIV_2023	833	111	100	13.2971831087117	NA
rand.81	3	Grundy_HIV_2023	115	109	100	94.3321385032479	100
rand.82	2	Grundy_HIV_2023	457	59	100	14.6447681912276	NA
rand.82	3	Grundy_HIV_2023	62	58	100	96.2327877370746	100
rand.83	2	Grundy_HIV_2023	249	27	100	16.829837181742	NA
rand.83	3	Grundy_HIV_2023	30	26	100	93.8198434601638	100
rand.84	2	Grundy_HIV_2023	125	0	0	0	NA
rand.84	3	Grundy_HIV_2023	0	0	0	0	0
rand.85	2	Grundy_HIV_2023	417	38	100	13.0372962922454	NA
rand.85	3	Grundy_HIV_2023	42	38	100	95.6405456004279	100
rand.86	2	Grundy_HIV_2023	611	159	100	24.7829018854923	NA
rand.86	3	Grundy_HIV_2023	165	159	100	95.5940481599273	72.9827275070895
rand.87	2	Grundy_HIV_2023	516	126	100	26.3392536132883	NA
rand.87	3	Grundy_HIV_2023	125	124	100	99.5670935987757	0
rand.88	2	Grundy_HIV_2023	210	50	100	28.84976136671	NA
rand.88	3	Grundy_HIV_2023	54	50	100	96.1219802901247	71.8890554722639
rand.89	2	Grundy_HIV_2023	550	197	100	34.8042789395044	NA
rand.89	3	Grundy_HIV_2023	199	195	100	98.2718721206797	73.8375697458152
rand.9	2	Grundy_HIV_2023	774	7	100	2.270928506648	NA
rand.9	3	Grundy_HIV_2023	13	7	100	73.1953167403272	100
rand.90	2	Grundy_HIV_2023	1185	14	100	1.69270523315663	NA
rand.90	3	Grundy_HIV_2023	31	14	100	60.9419120613151	83.7980893364317
rand.91	2	Grundy_HIV_2023	1049	1	7.96949264949707	0.126311068598648	NA
rand.91	3	Grundy_HIV_2023	7	1	7.96949264949707	18.8447464715107	88.7600644122383
rand.92	2	Grundy_HIV_2023	230	33	100	16.6693445409419	NA
rand.92	3	Grundy_HIV_2023	47	33	100	77.8515007898894	93.3844507845934
rand.93	2	Grundy_HIV_2023	308	25	100	11.2752359089058	NA
rand.93	3	Grundy_HIV_2023	31	25	100	87.0234570712822	88.5222885222885
rand.94	2	Grundy_HIV_2023	88	6	65.3807892118934	13.9920518522023	NA
rand.94	3	Grundy_HIV_2023	8	6	65.3807892118934	90.9160774669536	100
rand.95	2	Grundy_HIV_2023	94	72	100	82.4004951069508	NA
rand.95	3	Grundy_HIV_2023	74	72	100	98.3767808076843	44.950213371266
rand.96	2	Grundy_HIV_2023	610	35	100	6.45345108010904	NA
rand.96	3	Grundy_HIV_2023	52	35	100	69.7718336893595	84.6374436706268
rand.97	2	Grundy_HIV_2023	1419	129	100	9.63367720341038	NA
rand.97	3	Grundy_HIV_2023	156	128	100	84.0875786570123	80.2971676211113
rand.98	2	Grundy_HIV_2023	255	173	100	65.1617143943234	NA
rand.98	3	Grundy_HIV_2023	175	173	100	99.1827288178498	100
rand.99	2	Grundy_HIV_2023	469	181	100	37.0529529271515	NA
rand.99	3	Grundy_HIV_2023	183	180	100	98.7146529562982	100
rand.68	1	Tony_Ebola_2014	350	1	1.63517475728155	0.172978522763416	NA
rand.41	1	Tony_Ebola_2014	257	1	100	13.992846871428	NA
rand.89	1	Tony_Ebola_2014	366	1	99.8417650294383	9.77772956666822	NA
rand.79	1	Tony_Ebola_2014	242	1	99.778497937215	14.5005634040335	NA
rand.87	1	Tony_Ebola_2014	270	4	9.05640389221557	1.33375798157441	NA
rand.62	1	Tony_Ebola_2014	228	1	2.00440776699029	0.345756296404135	NA
rand.85	1	Tony_Ebola_2014	5988	3	100	0.647664563179198	NA
rand.84	1	Tony_Ebola_2014	NA	NA	NA	NA	NA
rand.43	1	Tony_Ebola_2014	5900	2	100	0.638707337858962	NA
rand.60	1	Tony_Ebola_2014	410	1	99.7257525241277	9.27900824986136	NA
rand.95	1	Tony_Ebola_2014	406	20	75.9691743961714	7.38649476129667	NA
rand.47	1	Tony_Ebola_2014	212	5	10.7125435910478	2.09297292841023	NA
rand.93	1	Tony_Ebola_2014	233	20	68.8696717816092	12.0795248492025	NA
rand.39	1	Tony_Ebola_2014	5896	3	100	0.654453979134383	NA
rand.86	1	Tony_Ebola_2014	6018	2	100	0.626690558239222	NA
rand.8	1	Tony_Ebola_2014	NA	NA	NA	NA	NA
rand.35	1	Tony_Ebola_2014	396	1	1.76173665158371	0.173276957796166	NA
rand.55	1	Tony_Ebola_2014	293	4	9.1091494011976	1.27798127798128	NA
rand.90	1	Tony_Ebola_2014	122	1	99.8417650294383	26.8534543906937	NA
rand.22	1	Tony_Ebola_2014	NA	NA	NA	NA	NA
rand.17	1	Tony_Ebola_2014	6202	2	100	0.611713341086425	NA
rand.66	1	Tony_Ebola_2014	5939	3	100	0.649250516423451	NA
rand.69	1	Tony_Ebola_2014	256	3	100	14.7326586256297	NA
rand.2	1	Tony_Ebola_2014	NA	NA	NA	NA	NA
rand.52	1	Tony_Ebola_2014	221	6	10.7916668863262	1.97147812680671	NA
rand.51	1	Tony_Ebola_2014	5875	2	100	0.644476087674162	NA
rand.42	1	Tony_Ebola_2014	6006	2	100	0.630379851412751	NA
rand.67	1	Tony_Ebola_2014	213	1	99.7310270654364	16.9904570206495	NA
rand.46	1	Tony_Ebola_2014	207	19	68.1786707284547	12.8341077882362	NA
rand.82	1	Tony_Ebola_2014	147	1	99.8417650294383	21.7694820130647	NA
rand.96	1	Tony_Ebola_2014	5913	2	100	0.642307421755929	NA
rand.1	1	Tony_Ebola_2014	5885	4	100	0.662237174315472	NA
rand.99	1	Tony_Ebola_2014	279	4	8.06472981949458	1.19966732573832	NA
rand.15	1	Tony_Ebola_2014	308	1	99.7679488545975	11.9490577837862	NA
rand.28	1	Tony_Ebola_2014	NA	NA	NA	NA	NA
rand.33	1	Tony_Ebola_2014	292	3	5.1320885	0.760488963921716	NA
rand.75	1	Tony_Ebola_2014	215	2	4.63629102333932	0.907092659669979	NA
rand.44	1	Tony_Ebola_2014	217	1	99.7679488545975	15.989281306531	NA
rand.36	1	Tony_Ebola_2014	5902	1	100	0.639966753957101	NA
rand.38	1	Tony_Ebola_2014	366	1	99.7732233959062	10.0270873421009	NA
rand.45	1	Tony_Ebola_2014	206	1	99.7310270654364	15.9080583553484	NA
rand.6	1	Tony_Ebola_2014	208	2	99.9209068647215	17.049770497705	NA
rand.3	1	Tony_Ebola_2014	469	1	100	8.15220425605016	NA
rand.23	1	Tony_Ebola_2014	189	1	99.8417650294383	17.8637826411106	NA
rand.65	1	Tony_Ebola_2014	318	1	1.63517475728155	0.187070416925649	NA
rand.83	1	Tony_Ebola_2014	320	1	99.878710535809	11.438581654535	NA
rand.49	1	Tony_Ebola_2014	173	2	100	21.1553603708509	NA
rand.4	1	Tony_Ebola_2014	336	4	9.05640389221557	1.08856217230601	NA
rand.53	1	Tony_Ebola_2014	215	23	76.981952394775	14.5574418001556	NA
rand.25	1	Tony_Ebola_2014	176	20	78.5853725311905	17.7314164663319	NA
rand.71	1	Tony_Ebola_2014	NA	NA	NA	NA	NA
rand.64	1	Tony_Ebola_2014	303	5	11.0976153694581	1.40780044562505	NA
rand.7	1	Tony_Ebola_2014	221	4	9.47839775086505	1.72692152453439	NA
rand.9	1	Tony_Ebola_2014	NA	NA	NA	NA	NA
rand.88	1	Tony_Ebola_2014	207	20	71.4594918649091	14.0017982823303	NA
rand.74	1	Tony_Ebola_2014	401	21	79.3765512669875	7.83047584358821	NA
rand.37	1	Tony_Ebola_2014	NA	NA	NA	NA	NA
rand.81	1	Tony_Ebola_2014	207	1	99.7784705511059	17.2143305639224	NA
rand.92	1	Tony_Ebola_2014	286	1	99.8892633046983	11.9158628587249	NA
rand.30	1	Tony_Ebola_2014	404	3	100	9.26532567513295	NA
rand.50	1	Tony_Ebola_2014	5978	2	100	0.63724661550276	NA
rand.54	1	Tony_Ebola_2014	125	5	10.7125435910478	3.67648389841247	NA
rand.91	1	Tony_Ebola_2014	5884	2	100	0.645272037666754	NA
rand.100	1	Tony_Ebola_2014	433	20	73.4163317585302	6.53320816709692	NA
rand.34	1	Tony_Ebola_2014	5974	2	100	0.63535440015516	NA
rand.26	1	Tony_Ebola_2014	188	20	69.7980238023597	14.476692667024	NA
rand.56	1	Tony_Ebola_2014	5954	2	100	0.635781230163052	NA
rand.12	1	Tony_Ebola_2014	200	1	99.7837724785237	17.4846115454999	NA
rand.5	1	Tony_Ebola_2014	NA	NA	NA	NA	NA
rand.40	1	Tony_Ebola_2014	5888	2	100	0.641394451086359	NA
rand.73	1	Tony_Ebola_2014	5825	2	100	0.647358614372335	NA
rand.80	1	Tony_Ebola_2014	NA	NA	NA	NA	NA
rand.78	1	Tony_Ebola_2014	176	1	99.8417650294383	22.5109409190372	NA
rand.19	1	Tony_Ebola_2014	301	1	99.7732233959062	13.1091644952043	NA
rand.18	1	Tony_Ebola_2014	5943	2	100	0.639113236873615	NA
rand.14	1	Tony_Ebola_2014	183	20	70.0933275502135	13.4260802796553	NA
rand.98	1	Tony_Ebola_2014	326	1	99.7257525241277	11.0102374768521	NA
rand.63	1	Tony_Ebola_2014	5898	2	100	0.637747762421159	NA
rand.94	1	Tony_Ebola_2014	5917	2	100	0.639187085142998	NA
rand.21	1	Tony_Ebola_2014	5878	2	100	0.642763028534511	NA
rand.11	1	Tony_Ebola_2014	350	1	100	10.6345176242441	NA
rand.76	1	Tony_Ebola_2014	6059	2	100	0.62792780007624	NA
rand.48	1	Tony_Ebola_2014	292	1	100	12.6979240560545	NA
rand.16	1	Tony_Ebola_2014	5978	2	100	0.628941101334636	NA
rand.32	1	Tony_Ebola_2014	NA	NA	NA	NA	NA
rand.31	1	Tony_Ebola_2014	145	1	99.8417650294383	22.0061150702768	NA
rand.72	1	Tony_Ebola_2014	177	1	1.63517475728155	0.398217015427698	NA
rand.77	1	Tony_Ebola_2014	214	19	70.0194675707547	12.2916666666667	NA
rand.24	1	Tony_Ebola_2014	242	5	10.7178181078332	1.88491971466471	NA
rand.61	1	Tony_Ebola_2014	176	1	99.8312159497162	19.5549080990608	NA
rand.58	1	Tony_Ebola_2014	178	2	100	18.3271666360747	NA
rand.10	1	Tony_Ebola_2014	322	20	69.9720894707697	8.46515604959384	NA
rand.13	1	Tony_Ebola_2014	218	1	99.7310270654364	17.099087530182	NA
rand.57	1	Tony_Ebola_2014	209	1	2.00440776699029	0.371431084872003	NA
rand.70	1	Tony_Ebola_2014	5999	2	100	0.627985146296178	NA
rand.20	1	Tony_Ebola_2014	146	1	99.8417650294383	22.0219882496655	NA
rand.97	1	Tony_Ebola_2014	5872	2	100	0.641950308981741	NA
rand.59	1	Tony_Ebola_2014	5847	2	100	0.643384523350362	NA
rand.27	1	Tony_Ebola_2014	263	1	99.778497937215	14.17906532249	NA
rand.29	1	Tony_Ebola_2014	361	1	99.5622162592141	10.3045059012348	NA
rand.1	2	Tony_Ebola_2014	99	2	100	27.6975744773836	NA
rand.1	3	Tony_Ebola_2014	12	1	94.3773405770347	75.6575052854123	75.2301545944068
rand.10	2	Tony_Ebola_2014	72	8	35.2233767603777	15.6415421370684	NA
rand.10	3	Tony_Ebola_2014	9	8	35.2233767603777	95.5364806866953	100
rand.100	2	Tony_Ebola_2014	78	9	44.316683369376	17.5063549610368	NA
rand.100	3	Tony_Ebola_2014	12	9	44.316683369376	83.6769246091027	100
rand.11	2	Tony_Ebola_2014	51	1	100	40.4209539634861	NA
rand.11	3	Tony_Ebola_2014	1	1	100	100	NA
rand.12	2	Tony_Ebola_2014	34	1	99.7837438683475	52.8716357843548	NA
rand.12	3	Tony_Ebola_2014	1	1	99.7837438683475	100	NA
rand.13	2	Tony_Ebola_2014	30	1	99.7309984703835	55.582338761832	NA
rand.13	3	Tony_Ebola_2014	2	1	99.7309984703835	97.2033724038659	100
rand.14	2	Tony_Ebola_2014	31	8	35.3394166358985	28.3742006521831	NA
rand.14	3	Tony_Ebola_2014	8	8	35.3394166358985	100	NA
rand.15	2	Tony_Ebola_2014	29	1	99.7679202489583	55.8046909573683	NA
rand.15	3	Tony_Ebola_2014	3	1	99.7679202489583	95.4531691562374	59.9334073251942
rand.16	2	Tony_Ebola_2014	157	2	100	19.563786500718	NA
rand.16	3	Tony_Ebola_2014	26	2	100	60.6942854490888	88.1533375314861
rand.17	2	Tony_Ebola_2014	167	1	99.7573711693655	17.4005446583005	NA
rand.17	3	Tony_Ebola_2014	23	1	99.7573711693655	64.0966550310096	86.6717009628091
rand.18	2	Tony_Ebola_2014	130	2	100	23.8678639376644	NA
rand.18	3	Tony_Ebola_2014	22	2	100	65.6730352439065	96.8237008256435
rand.19	2	Tony_Ebola_2014	51	1	99.7731947887547	44.6838164080032	NA
rand.19	3	Tony_Ebola_2014	2	1	99.7731947887547	98.4131939025025	0
rand.2	2	Tony_Ebola_2014	19	0	0	0	NA
rand.2	3	Tony_Ebola_2014	1	0	0	0	100
rand.20	2	Tony_Ebola_2014	18	0	0	0	NA
rand.20	3	Tony_Ebola_2014	0	0	0	0	0
rand.21	2	Tony_Ebola_2014	135	2	100	22.6606941341747	NA
rand.21	3	Tony_Ebola_2014	29	2	100	59.571956166374	76.6903781355298
rand.22	2	Tony_Ebola_2014	56	0	0	0	NA
rand.22	3	Tony_Ebola_2014	2	0	0	0	100
rand.23	2	Tony_Ebola_2014	23	1	99.8417638061079	63.2273364954239	NA
rand.23	3	Tony_Ebola_2014	1	1	99.8417638061079	100	NA
rand.24	2	Tony_Ebola_2014	24	0	0	0	NA
rand.24	3	Tony_Ebola_2014	0	0	0	0	0
rand.25	2	Tony_Ebola_2014	35	17	73.2211614536632	59.1428084526244	NA
rand.25	3	Tony_Ebola_2014	17	17	73.2211614536632	100	NA
rand.26	2	Tony_Ebola_2014	33	9	38.8469856005064	38.6817226890756	NA
rand.26	3	Tony_Ebola_2014	9	9	38.8469856005064	100	NA
rand.27	2	Tony_Ebola_2014	21	1	99.7784693285511	65.8142852172703	NA
rand.27	3	Tony_Ebola_2014	1	1	99.7784693285511	100	NA
rand.28	2	Tony_Ebola_2014	26	0	0	0	NA
rand.28	3	Tony_Ebola_2014	0	0	0	0	0
rand.29	2	Tony_Ebola_2014	59	1	99.5622131968986	37.2498717290918	NA
rand.29	3	Tony_Ebola_2014	3	1	99.5622131968986	95.6570212334668	100
rand.3	2	Tony_Ebola_2014	66	1	100	33.9631418858472	NA
rand.3	3	Tony_Ebola_2014	3	1	100	93.4521465143757	100
rand.30	2	Tony_Ebola_2014	102	3	100	26.4526289614014	NA
rand.30	3	Tony_Ebola_2014	4	3	100	97.9738027015964	100
rand.31	2	Tony_Ebola_2014	19	1	99.8417638061079	69.6713165740366	NA
rand.31	3	Tony_Ebola_2014	1	1	99.8417638061079	100	NA
rand.32	2	Tony_Ebola_2014	18	0	0	0	NA
rand.32	3	Tony_Ebola_2014	0	0	0	0	0
rand.33	2	Tony_Ebola_2014	35	1	1.61928371749565	1.81078211631473	NA
rand.33	3	Tony_Ebola_2014	1	1	1.61928371749565	100	NA
rand.34	2	Tony_Ebola_2014	107	1	99.7573711693655	25.6096735318411	NA
rand.34	3	Tony_Ebola_2014	14	1	99.7573711693655	73.4485436893204	75.7642240748866
rand.35	2	Tony_Ebola_2014	47	1	1.76169629199852	1.3650482262547	NA
rand.35	3	Tony_Ebola_2014	2	1	1.76169629199852	52.1060842433697	100
rand.36	2	Tony_Ebola_2014	137	3	100	22.0124190719887	NA
rand.36	3	Tony_Ebola_2014	43	3	100	46.8233858858859	84.3818935851054
rand.37	2	Tony_Ebola_2014	14	0	0	0	NA
rand.37	3	Tony_Ebola_2014	0	0	0	0	0
rand.38	2	Tony_Ebola_2014	30	1	99.7731947887547	54.6247364925352	NA
rand.38	3	Tony_Ebola_2014	1	1	99.7731947887547	100	NA
rand.39	2	Tony_Ebola_2014	143	3	100	21.4158289981092	NA
rand.39	3	Tony_Ebola_2014	44	3	100	46.9277404555137	77.426895426278
rand.4	2	Tony_Ebola_2014	66	0	0	0	NA
rand.4	3	Tony_Ebola_2014	3	0	0	0	100
rand.40	2	Tony_Ebola_2014	129	1	99.7573711693655	20.614298015194	NA
rand.40	3	Tony_Ebola_2014	39	1	99.7573711693655	47.8592034009818	87.3089056054356
rand.41	2	Tony_Ebola_2014	46	1	100	42.9298642533937	NA
rand.41	3	Tony_Ebola_2014	1	1	100	100	NA
rand.42	2	Tony_Ebola_2014	155	2	100	20.2781211372064	NA
rand.42	3	Tony_Ebola_2014	20	2	100	68.4444753494194	79.1097399735566
rand.43	2	Tony_Ebola_2014	115	2	100	25.5202642942615	NA
rand.43	3	Tony_Ebola_2014	14	2	100	76.3938638841302	66.3862774204189
rand.44	2	Tony_Ebola_2014	20	1	99.7679202489583	65.0134048257373	NA
rand.44	3	Tony_Ebola_2014	1	1	99.7679202489583	100	NA
rand.45	2	Tony_Ebola_2014	26	1	99.7309984703835	56.6922523386903	NA
rand.45	3	Tony_Ebola_2014	3	1	99.7309984703835	93.2347140039448	100
rand.46	2	Tony_Ebola_2014	65	18	66.3484360989504	34.716012584865	NA
rand.46	3	Tony_Ebola_2014	17	17	58.5421172002743	100	NA
rand.47	2	Tony_Ebola_2014	27	1	3.35988185030856	4.50431339273087	NA
rand.47	3	Tony_Ebola_2014	1	1	3.35988185030856	100	NA
rand.48	2	Tony_Ebola_2014	53	1	100	39.5242261383994	NA
rand.48	3	Tony_Ebola_2014	2	1	100	98.2497928748964	100
rand.49	2	Tony_Ebola_2014	30	2	100	59.7431882242405	NA
rand.49	3	Tony_Ebola_2014	2	2	100	100	NA
rand.5	2	Tony_Ebola_2014	27	0	0	0	NA
rand.5	3	Tony_Ebola_2014	3	0	0	0	100
rand.50	2	Tony_Ebola_2014	151	2	100	20.6186318838164	NA
rand.50	3	Tony_Ebola_2014	24	2	100	66.6363636363636	92.7641537995761
rand.51	2	Tony_Ebola_2014	117	1	99.7573711693655	24.1916091071885	NA
rand.51	3	Tony_Ebola_2014	18	1	99.7573711693655	67.9151106004022	90.9569110240627
rand.52	2	Tony_Ebola_2014	54	6	10.7917084234401	7.40017361111111	NA
rand.52	3	Tony_Ebola_2014	6	6	10.7917084234401	100	NA
rand.53	2	Tony_Ebola_2014	40	16	58.394430085975	45.2431548835309	NA
rand.53	3	Tony_Ebola_2014	16	16	58.394430085975	100	NA
rand.54	2	Tony_Ebola_2014	24	1	3.35988185030856	5.74857864813645	NA
rand.54	3	Tony_Ebola_2014	1	1	3.35988185030856	100	NA
rand.55	2	Tony_Ebola_2014	54	2	5.19542169945672	3.33355895492081	NA
rand.55	3	Tony_Ebola_2014	2	2	5.19542169945672	100	NA
rand.56	2	Tony_Ebola_2014	105	2	100	26.9936384157603	NA
rand.56	3	Tony_Ebola_2014	20	2	100	67.759881864075	69.2266723476779
rand.57	2	Tony_Ebola_2014	56	0	0	0	NA
rand.57	3	Tony_Ebola_2014	1	0	0	0	100
rand.58	2	Tony_Ebola_2014	30	2	100	53.9776930518409	NA
rand.58	3	Tony_Ebola_2014	2	2	100	100	NA
rand.59	2	Tony_Ebola_2014	136	2	100	22.6101288582559	NA
rand.59	3	Tony_Ebola_2014	19	2	100	70.0982669287118	90.7624282982792
rand.6	2	Tony_Ebola_2014	40	2	99.920881903054	50.6212756860754	NA
rand.6	3	Tony_Ebola_2014	3	2	99.920881903054	98.2980489829805	100
rand.60	2	Tony_Ebola_2014	63	1	99.7257239305871	34.6682069054037	NA
rand.60	3	Tony_Ebola_2014	1	1	99.7257239305871	100	NA
rand.61	2	Tony_Ebola_2014	20	1	99.8312147265151	68.3359208578546	NA
rand.61	3	Tony_Ebola_2014	1	1	99.8312147265151	100	NA
rand.62	2	Tony_Ebola_2014	57	0	0	0	NA
rand.62	3	Tony_Ebola_2014	0	0	0	0	0
rand.63	2	Tony_Ebola_2014	142	2	100	21.3098548709481	NA
rand.63	3	Tony_Ebola_2014	15	2	100	76.7578354266933	70.8585858585859
rand.64	2	Tony_Ebola_2014	29	1	2.19948309509995	1.81770629004839	NA
rand.64	3	Tony_Ebola_2014	2	1	2.19948309509995	51.6089108910891	100
rand.65	2	Tony_Ebola_2014	47	1	1.63510733688486	1.26052128654495	NA
rand.65	3	Tony_Ebola_2014	3	0	0	0	100
rand.66	2	Tony_Ebola_2014	116	3	100	25.8515272553354	NA
rand.66	3	Tony_Ebola_2014	14	3	100	76.2360385773644	73.692653192172
rand.67	2	Tony_Ebola_2014	18	1	99.7309984703835	66.0795414831901	NA
rand.67	3	Tony_Ebola_2014	1	1	99.7309984703835	100	NA
rand.68	2	Tony_Ebola_2014	39	1	1.63510733688486	1.34431916738942	NA
rand.68	3	Tony_Ebola_2014	0	0	0	0	0
rand.69	2	Tony_Ebola_2014	59	3	100	41.6977306912563	NA
rand.69	3	Tony_Ebola_2014	4	3	100	98.2636391657249	100
rand.7	2	Tony_Ebola_2014	22	1	2.18893401550715	3.56376127093173	NA
rand.7	3	Tony_Ebola_2014	1	1	2.18893401550715	100	NA
rand.70	2	Tony_Ebola_2014	125	0	0	0	NA
rand.70	3	Tony_Ebola_2014	17	0	0	0	89.4360356624507
rand.71	2	Tony_Ebola_2014	72	0	0	0	NA
rand.71	3	Tony_Ebola_2014	2	0	0	0	100
rand.72	2	Tony_Ebola_2014	45	1	1.63510733688486	1.43425557509022	NA
rand.72	3	Tony_Ebola_2014	1	0	0	0	0
rand.73	2	Tony_Ebola_2014	143	2	100	21.4431237539085	NA
rand.73	3	Tony_Ebola_2014	21	2	100	67.2429108302016	85.753024614101
rand.74	2	Tony_Ebola_2014	78	17	72.3086660688855	27.8745857139952	NA
rand.74	3	Tony_Ebola_2014	19	17	72.3086660688855	91.1684511538206	100
rand.75	2	Tony_Ebola_2014	41	0	0	0	NA
rand.75	3	Tony_Ebola_2014	0	0	0	0	0
rand.76	2	Tony_Ebola_2014	203	1	99.7573711693655	15.2691661822644	NA
rand.76	3	Tony_Ebola_2014	50	1	99.7573711693655	42.4944390769991	90.3844651090099
rand.77	2	Tony_Ebola_2014	35	3	16.2192098739385	14.9438693687126	NA
rand.77	3	Tony_Ebola_2014	6	3	16.2192098739385	60.0703262355929	100
rand.78	2	Tony_Ebola_2014	10	1	99.8417638061079	84.1925010007561	NA
rand.78	3	Tony_Ebola_2014	2	1	99.8417638061079	98.4910765388418	100
rand.79	2	Tony_Ebola_2014	23	1	99.7784693285511	61.9376596162661	NA
rand.79	3	Tony_Ebola_2014	1	1	99.7784693285511	100	NA
rand.8	2	Tony_Ebola_2014	55	0	0	0	NA
rand.8	3	Tony_Ebola_2014	0	0	0	0	0
rand.80	2	Tony_Ebola_2014	13	0	0	0	NA
rand.80	3	Tony_Ebola_2014	0	0	0	0	0
rand.81	2	Tony_Ebola_2014	22	1	99.7784693285511	63.852696955377	NA
rand.81	3	Tony_Ebola_2014	2	1	99.7784693285511	98.2701298701299	0
rand.82	2	Tony_Ebola_2014	24	1	99.8417638061079	59.0166489991894	NA
rand.82	3	Tony_Ebola_2014	1	1	99.8417638061079	100	NA
rand.83	2	Tony_Ebola_2014	58	1	99.8786855846827	38.369265683255	NA
rand.83	3	Tony_Ebola_2014	1	1	99.8786855846827	100	NA
rand.84	2	Tony_Ebola_2014	20	0	0	0	NA
rand.84	3	Tony_Ebola_2014	0	0	0	0	0
rand.85	2	Tony_Ebola_2014	100	3	100	28.3684847802213	NA
rand.85	3	Tony_Ebola_2014	14	3	100	75.8764827716061	54.6362784889166
rand.86	2	Tony_Ebola_2014	93	1	99.7573711693655	28.5130632735825	NA
rand.86	3	Tony_Ebola_2014	8	1	99.7573711693655	83.7191802045062	65.7966286025014
rand.87	2	Tony_Ebola_2014	18	0	0	0	NA
rand.87	3	Tony_Ebola_2014	0	0	0	0	0
rand.88	2	Tony_Ebola_2014	46	10	42.1488475130545	30.0594342461631	NA
rand.88	3	Tony_Ebola_2014	10	9	34.6537264623662	91.6190210570353	100
rand.89	2	Tony_Ebola_2014	75	1	99.8417638061079	31.2689969604863	NA
rand.89	3	Tony_Ebola_2014	2	1	99.8417638061079	97.9508408796895	100
rand.9	2	Tony_Ebola_2014	68	0	0	0	NA
rand.9	3	Tony_Ebola_2014	2	0	0	0	100
rand.90	2	Tony_Ebola_2014	20	1	99.8417638061079	70.3497231203776	NA
rand.90	3	Tony_Ebola_2014	1	1	99.8417638061079	100	NA
rand.91	2	Tony_Ebola_2014	134	2	100	22.5971557469027	NA
rand.91	3	Tony_Ebola_2014	45	2	100	45.3594741197021	79.9814916081269
rand.92	2	Tony_Ebola_2014	33	1	99.8892346642755	45.2315555661707	NA
rand.92	3	Tony_Ebola_2014	1	1	99.8892346642755	100	NA
rand.93	2	Tony_Ebola_2014	50	19	67.1132443694288	44.9246195671362	NA
rand.93	3	Tony_Ebola_2014	19	19	67.1132443694288	100	NA
rand.94	2	Tony_Ebola_2014	110	2	100	26.2391371093698	NA
rand.94	3	Tony_Ebola_2014	17	2	100	72.4538316930222	86.8861233774923
rand.95	2	Tony_Ebola_2014	97	19	74.1389313782372	24.7003830878993	NA
rand.95	3	Tony_Ebola_2014	20	19	74.1389313782372	97.8285077951002	100
rand.96	2	Tony_Ebola_2014	102	2	100	27.8628542367135	NA
rand.96	3	Tony_Ebola_2014	18	2	100	72.1502780216564	51.0179955339551
rand.97	2	Tony_Ebola_2014	100	0	0	0	NA
rand.97	3	Tony_Ebola_2014	11	0	0	0	84.2746913580247
rand.98	2	Tony_Ebola_2014	18	1	99.7257239305871	62.8076935853569	NA
rand.98	3	Tony_Ebola_2014	1	1	99.7257239305871	100	NA
rand.99	2	Tony_Ebola_2014	36	2	3.824041352392	3.42627599243856	NA
rand.99	3	Tony_Ebola_2014	2	1	2.23640487367477	54.0816326530612	100
rand.41	1	Judith_LASV_2023	711	10	40.9078255282555	1.33824401971243	NA
rand.26	1	Judith_LASV_2023	1413	1	3.46769755434783	0.0444736382208134	NA
rand.77	1	Judith_LASV_2023	1044	5	24.6217188134904	0.504567102610076	NA
rand.43	1	Judith_LASV_2023	2494	5	100	1.48106210250447	NA
rand.60	1	Judith_LASV_2023	NA	NA	NA	NA	NA
rand.98	1	Judith_LASV_2023	NA	NA	NA	NA	NA
rand.99	1	Judith_LASV_2023	439	17	95.1507799013564	4.2403581584491	NA
rand.49	1	Judith_LASV_2023	599	4	100	3.16387089393224	NA
rand.23	1	Judith_LASV_2023	307	8	100	9.73762176235579	NA
rand.91	1	Judith_LASV_2023	4512	3	100	0.503280122306356	NA
rand.42	1	Judith_LASV_2023	1415	6	100	1.72530209555267	NA
rand.28	1	Judith_LASV_2023	544	9	91.2883856176342	3.33509575439632	NA
rand.18	1	Judith_LASV_2023	739	3	100	3.19427339901478	NA
rand.11	1	Judith_LASV_2023	NA	NA	NA	NA	NA
rand.14	1	Judith_LASV_2023	NA	NA	NA	NA	NA
rand.25	1	Judith_LASV_2023	386	8	35.9552232472325	1.69906254024504	NA
rand.48	1	Judith_LASV_2023	NA	NA	NA	NA	NA
rand.21	1	Judith_LASV_2023	811	3	100	2.4999649275403	NA
rand.79	1	Judith_LASV_2023	480	9	52.0816016810647	2.16451399982034	NA
rand.78	1	Judith_LASV_2023	1207	1	4.3323	0.0792251403195815	NA
rand.4	1	Judith_LASV_2023	362	4	22.5448689438391	1.36269653730801	NA
rand.73	1	Judith_LASV_2023	493	3	100	3.90692371778944	NA
rand.7	1	Judith_LASV_2023	267	12	100	15.541196189132	NA
rand.8	1	Judith_LASV_2023	712	2	100	2.7356799844115	NA
rand.15	1	Judith_LASV_2023	356	3	14.2280364492266	0.732168505147909	NA
rand.89	1	Judith_LASV_2023	3681	3	13.7956439061317	0.0769444055703976	NA
rand.24	1	Judith_LASV_2023	10465	8	69.9746800388538	0.0468478995423993	NA
rand.22	1	Judith_LASV_2023	806	2	7.07643920220083	0.173978138364605	NA
rand.6	1	Judith_LASV_2023	647	4	21.8682814229249	0.653317685902151	NA
rand.68	1	Judith_LASV_2023	329	15	92.5383407102188	6.00760177903593	NA
rand.64	1	Judith_LASV_2023	NA	NA	NA	NA	NA
rand.10	1	Judith_LASV_2023	NA	NA	NA	NA	NA
rand.74	1	Judith_LASV_2023	697	8	100	3.47748649079505	NA
rand.59	1	Judith_LASV_2023	844	2	8.22292963885429	0.188847426387273	NA
rand.45	1	Judith_LASV_2023	454	2	7.30192638297872	0.330791728929589	NA
rand.37	1	Judith_LASV_2023	839	5	27.7981497371188	0.735669003663423	NA
rand.96	1	Judith_LASV_2023	NA	NA	NA	NA	NA
rand.84	1	Judith_LASV_2023	2025	2	98.2050333103607	0.950043183781081	NA
rand.85	1	Judith_LASV_2023	563	5	100	3.27435144608719	NA
rand.90	1	Judith_LASV_2023	505	3	100	3.7288803336985	NA
rand.58	1	Judith_LASV_2023	2448	6	100	1.71359722826729	NA
rand.65	1	Judith_LASV_2023	663	11	100	5.75900602578214	NA
rand.55	1	Judith_LASV_2023	6260	21	95.338736736676	0.346667650799574	NA
rand.40	1	Judith_LASV_2023	614	9	56.1037275468447	1.87789587586385	NA
rand.95	1	Judith_LASV_2023	365	4	100	5.58322309547895	NA
rand.83	1	Judith_LASV_2023	NA	NA	NA	NA	NA
rand.54	1	Judith_LASV_2023	290	6	98.6749084602043	6.97516840049424	NA
rand.1	1	Judith_LASV_2023	NA	NA	NA	NA	NA
rand.75	1	Judith_LASV_2023	324	3	98.8534384840533	6.34293708317756	NA
rand.52	1	Judith_LASV_2023	216	5	100	8.99667753739684	NA
rand.87	1	Judith_LASV_2023	283	6	32.919869199536	2.2920742519515	NA
rand.47	1	Judith_LASV_2023	2784	5	25.5990656671664	0.227399654893475	NA
rand.9	1	Judith_LASV_2023	166	3	100	11.9428984618081	NA
rand.66	1	Judith_LASV_2023	606	2	100	3.63923078498433	NA
rand.34	1	Judith_LASV_2023	555	5	18.7670426038781	0.667424217105043	NA
rand.63	1	Judith_LASV_2023	456	6	91.0158917245545	4.1295180594463	NA
rand.76	1	Judith_LASV_2023	NA	NA	NA	NA	NA
rand.57	1	Judith_LASV_2023	166	6	31.6793882972322	3.63783521286354	NA
rand.35	1	Judith_LASV_2023	313	5	40.1466143057503	2.54532671580164	NA
rand.19	1	Judith_LASV_2023	280	4	17.1036976360638	1.25894055310377	NA
rand.82	1	Judith_LASV_2023	920	5	100	5.19645120405577	NA
rand.70	1	Judith_LASV_2023	840	3	100	3.06016136892836	NA
rand.3	1	Judith_LASV_2023	293	11	63.3493164576803	4.45939509407002	NA
rand.69	1	Judith_LASV_2023	462	5	100	5.59591509279246	NA
rand.12	1	Judith_LASV_2023	670	1	3.1481951951952	0.0916991719701636	NA
rand.29	1	Judith_LASV_2023	NA	NA	NA	NA	NA
rand.97	1	Judith_LASV_2023	632	3	100	3.00096407717	NA
rand.67	1	Judith_LASV_2023	NA	NA	NA	NA	NA
rand.44	1	Judith_LASV_2023	380	10	100	5.83549501455741	NA
rand.17	1	Judith_LASV_2023	109	2	100	17.6210505398424	NA
rand.20	1	Judith_LASV_2023	175	3	100	10.4949951471064	NA
rand.50	1	Judith_LASV_2023	702	8	53.9705415543071	1.57949598043988	NA
rand.93	1	Judith_LASV_2023	291	3	11.5402976365118	0.816777188769979	NA
rand.46	1	Judith_LASV_2023	483	4	13.6077192307692	0.628889844384509	NA
rand.100	1	Judith_LASV_2023	408	4	100	7.16995190679401	NA
rand.39	1	Judith_LASV_2023	3428	8	39.7519188733751	0.251937626676085	NA
rand.56	1	Judith_LASV_2023	1616	10	70.8298225975458	0.9633044525192	NA
rand.5	1	Judith_LASV_2023	850	6	32.393605206139	0.739000216533281	NA
rand.94	1	Judith_LASV_2023	267	10	58.0114848629321	4.86925655689213	NA
rand.92	1	Judith_LASV_2023	233	5	100	9.2501715342621	NA
rand.31	1	Judith_LASV_2023	NA	NA	NA	NA	NA
rand.2	1	Judith_LASV_2023	2317	3	14.2937928853755	0.0614833370455094	NA
rand.72	1	Judith_LASV_2023	112	5	53.1059737238297	8.53793040929488	NA
rand.13	1	Judith_LASV_2023	556	5	100	3.78035888113938	NA
rand.61	1	Judith_LASV_2023	922	15	80.9603899521531	1.81471955578867	NA
rand.27	1	Judith_LASV_2023	NA	NA	NA	NA	NA
rand.86	1	Judith_LASV_2023	207	6	100	15.4370025854722	NA
rand.51	1	Judith_LASV_2023	475	8	88.20604491931	3.75283881905127	NA
rand.53	1	Judith_LASV_2023	767	3	99.9247828703704	2.51370564135782	NA
rand.16	1	Judith_LASV_2023	114	10	71.5815854347826	11.8716977603217	NA
rand.30	1	Judith_LASV_2023	236	4	100	11.4576762962029	NA
rand.88	1	Judith_LASV_2023	NA	NA	NA	NA	NA
rand.38	1	Judith_LASV_2023	589	2	7.63085692695214	0.260233890015928	NA
rand.36	1	Judith_LASV_2023	508	5	100	8.09004036005049	NA
rand.33	1	Judith_LASV_2023	316	4	100	6.63582802924544	NA
rand.81	1	Judith_LASV_2023	1297	2	6.47492462006079	0.114496712997122	NA
rand.32	1	Judith_LASV_2023	10354	3	100	0.0779092405937813	NA
rand.80	1	Judith_LASV_2023	293	1	3.6651	0.252415748153805	NA
rand.71	1	Judith_LASV_2023	1673	7	100	2.05993539143572	NA
rand.62	1	Judith_LASV_2023	2374	1	3.46769755434783	0.0358847835875253	NA
rand.1	2	Judith_LASV_2023	75	0	0	0	NA
rand.1	3	Judith_LASV_2023	0	0	0	0	0
rand.10	2	Judith_LASV_2023	283	0	0	0	NA
rand.10	3	Judith_LASV_2023	0	0	0	0	0
rand.100	2	Judith_LASV_2023	356	7	100	10.9341963565835	NA
rand.100	3	Judith_LASV_2023	7	7	100	100	NA
rand.11	2	Judith_LASV_2023	379	0	0	0	NA
rand.11	3	Judith_LASV_2023	2	0	0	0	100
rand.12	2	Judith_LASV_2023	561	0	0	0	NA
rand.12	3	Judith_LASV_2023	3	0	0	0	69.82421875
rand.13	2	Judith_LASV_2023	421	5	100	4.71238572410254	NA
rand.13	3	Judith_LASV_2023	5	5	100	100	NA
rand.14	2	Judith_LASV_2023	148	0	0	0	NA
rand.14	3	Judith_LASV_2023	0	0	0	0	0
rand.15	2	Judith_LASV_2023	295	3	14.1826697892272	0.858510252222827	NA
rand.15	3	Judith_LASV_2023	3	3	14.1826697892272	100	NA
rand.16	2	Judith_LASV_2023	49	9	67.7096018735363	27.9084134522568	NA
rand.16	3	Judith_LASV_2023	9	9	67.7096018735363	100	NA
rand.17	2	Judith_LASV_2023	66	0	0	0	NA
rand.17	3	Judith_LASV_2023	0	0	0	0	0
rand.18	2	Judith_LASV_2023	464	2	96.8430913348946	4.4520813415674	NA
rand.18	3	Judith_LASV_2023	2	2	96.8430913348946	100	NA
rand.19	2	Judith_LASV_2023	53	4	17.0491803278689	6.99273831021631	NA
rand.19	3	Judith_LASV_2023	4	4	17.0491803278689	100	NA
rand.2	2	Judith_LASV_2023	1513	2	11.2974238875878	0.0606407098281696	NA
rand.2	3	Judith_LASV_2023	2	2	11.2974238875878	100	NA
rand.20	2	Judith_LASV_2023	79	1	32.5526932084309	7.82058783814196	NA
rand.20	3	Judith_LASV_2023	1	1	32.5526932084309	100	NA
rand.21	2	Judith_LASV_2023	575	2	96.2529274004684	3.26993947031754	NA
rand.21	3	Judith_LASV_2023	5	2	96.2529274004684	88.8763947755384	69.5178849144635
rand.22	2	Judith_LASV_2023	497	2	7.05386416861827	0.260887641617295	NA
rand.22	3	Judith_LASV_2023	3	2	7.05386416861827	69.91643454039	100
rand.23	2	Judith_LASV_2023	227	6	62.6885245901639	5.22910545727324	NA
rand.23	3	Judith_LASV_2023	6	6	62.6885245901639	100	NA
rand.24	2	Judith_LASV_2023	318	8	55.559718969555	0.619892368039014	NA
rand.24	3	Judith_LASV_2023	8	8	55.559718969555	100	NA
rand.25	2	Judith_LASV_2023	333	4	17.6393442622951	0.927604484817435	NA
rand.25	3	Judith_LASV_2023	5	4	17.6393442622951	87.3376623376623	0
rand.26	2	Judith_LASV_2023	195	0	0	0	NA
rand.26	3	Judith_LASV_2023	0	0	0	0	0
rand.27	2	Judith_LASV_2023	467	0	0	0	NA
rand.27	3	Judith_LASV_2023	3	0	0	0	0
rand.28	2	Judith_LASV_2023	321	5	59.3723653395785	3.57652741646963	NA
rand.28	3	Judith_LASV_2023	5	5	59.3723653395785	100	NA
rand.29	2	Judith_LASV_2023	1346	0	0	0	NA
rand.29	3	Judith_LASV_2023	3	0	0	0	0
rand.3	2	Judith_LASV_2023	235	11	63.1475409836066	5.30107027987701	NA
rand.3	3	Judith_LASV_2023	11	11	63.1475409836066	100	NA
rand.30	2	Judith_LASV_2023	78	2	35.4379391100703	7.74855597886199	NA
rand.30	3	Judith_LASV_2023	3	2	35.4379391100703	91.2225705329154	100
rand.31	2	Judith_LASV_2023	319	0	0	0	NA
rand.31	3	Judith_LASV_2023	1	0	0	0	100
rand.32	2	Judith_LASV_2023	309	2	96.8430913348946	0.463404368050111	NA
rand.32	3	Judith_LASV_2023	3	2	96.8430913348946	93.9305833181901	0
rand.33	2	Judith_LASV_2023	242	4	100	8.15196459585353	NA
rand.33	3	Judith_LASV_2023	5	4	100	96.8990239267513	100
rand.34	2	Judith_LASV_2023	434	4	15.1850117096019	0.647198799029002	NA
rand.34	3	Judith_LASV_2023	6	4	15.1850117096019	63.3450566627589	33.9019189765458
rand.35	2	Judith_LASV_2023	239	4	36.2154566744731	2.97224571384639	NA
rand.35	3	Judith_LASV_2023	4	4	36.2154566744731	100	NA
rand.36	2	Judith_LASV_2023	152	8	100	30.0679894546968	NA
rand.36	3	Judith_LASV_2023	8	8	100	100	NA
rand.37	2	Judith_LASV_2023	536	5	27.7096018735363	1.09329203611782	NA
rand.37	3	Judith_LASV_2023	7	5	27.7096018735363	82.7181208053691	100
rand.38	2	Judith_LASV_2023	483	2	7.60655737704918	0.301383692618326	NA
rand.38	3	Judith_LASV_2023	3	2	7.60655737704918	70.6701479547433	100
rand.39	2	Judith_LASV_2023	162	9	61.3208430913349	6.55137212514262	NA
rand.39	3	Judith_LASV_2023	29	9	61.3208430913349	36.4496909627485	92.9641636730045
rand.4	2	Judith_LASV_2023	258	0	0	0	NA
rand.4	3	Judith_LASV_2023	0	0	0	0	0
rand.40	2	Judith_LASV_2023	234	9	51.7002341920375	4.18391327420211	NA
rand.40	3	Judith_LASV_2023	9	9	51.7002341920375	100	NA
rand.41	2	Judith_LASV_2023	217	9	37.3957845433255	3.67567169401322	NA
rand.41	3	Judith_LASV_2023	8	8	31.943793911007	100	NA
rand.42	2	Judith_LASV_2023	663	4	100	2.99715543211674	NA
rand.42	3	Judith_LASV_2023	5	4	100	97.1680130707089	0
rand.43	2	Judith_LASV_2023	474	5	100	7.32948971689183	NA
rand.43	3	Judith_LASV_2023	8	5	100	95.6775700934579	67.047817047817
rand.44	2	Judith_LASV_2023	136	3	100	11.9813000890472	NA
rand.44	3	Judith_LASV_2023	5	3	100	92.8171078727257	100
rand.45	2	Judith_LASV_2023	219	1	3.85011709601874	0.331267278691696	NA
rand.45	3	Judith_LASV_2023	3	1	3.85011709601874	37.6373626373626	50.2202643171806
rand.46	2	Judith_LASV_2023	251	3	10.2201405152225	0.81592664886735	NA
rand.46	3	Judith_LASV_2023	5	3	10.2201405152225	63.3565621370499	100
rand.47	2	Judith_LASV_2023	119	1	5.62997658079625	1.15131894025019	NA
rand.47	3	Judith_LASV_2023	2	1	5.62997658079625	66.1894273127753	100
rand.48	2	Judith_LASV_2023	714	0	0	0	NA
rand.48	3	Judith_LASV_2023	0	0	0	0	0
rand.49	2	Judith_LASV_2023	400	2	96.2529274004684	3.87409840021416	NA
rand.49	3	Judith_LASV_2023	2	2	96.2529274004684	100	NA
rand.5	2	Judith_LASV_2023	519	6	33.2833723653396	1.25613839088425	NA
rand.5	3	Judith_LASV_2023	7	6	33.2833723653396	91.8325148617214	0
rand.50	2	Judith_LASV_2023	518	7	48.6370023419204	1.82952182952183	NA
rand.50	3	Judith_LASV_2023	9	7	48.6370023419204	88.9193355026546	0
rand.51	2	Judith_LASV_2023	375	4	58.5573770491803	3.00813751485782	NA
rand.51	3	Judith_LASV_2023	19	4	58.5573770491803	53.6935234495791	86.1992209237618
rand.52	2	Judith_LASV_2023	180	5	100	11.1291040465165	NA
rand.52	3	Judith_LASV_2023	5	5	100	100	NA
rand.53	2	Judith_LASV_2023	553	3	99.6065573770492	3.17434254717629	NA
rand.53	3	Judith_LASV_2023	5	3	99.6065573770492	92.3885654705013	65.6392694063927
rand.54	2	Judith_LASV_2023	145	5	94.6697892271663	11.0548366277607	NA
rand.54	3	Judith_LASV_2023	5	5	94.6697892271663	100	NA
rand.55	2	Judith_LASV_2023	430	19	88.6463700234192	5.09456411139884	NA
rand.55	3	Judith_LASV_2023	20	19	88.6463700234192	96.7389081987324	0
rand.56	2	Judith_LASV_2023	1162	9	66.7072599531616	1.20368899151113	NA
rand.56	3	Judith_LASV_2023	14	9	66.7072599531616	79.6087199552823	52.2478070175439
rand.57	2	Judith_LASV_2023	93	1	8.59016393442623	1.64333972509453	NA
rand.57	3	Judith_LASV_2023	1	1	8.59016393442623	100	NA
rand.58	2	Judith_LASV_2023	178	6	100	22.6884204721565	NA
rand.58	3	Judith_LASV_2023	7	6	100	98.2865851147082	100
rand.59	2	Judith_LASV_2023	585	1	4.34660421545667	0.144860119447159	NA
rand.59	3	Judith_LASV_2023	5	1	4.34660421545667	26.0967379077615	76.9406392694064
rand.6	2	Judith_LASV_2023	268	2	15.2599531615925	1.1076358196777	NA
rand.6	3	Judith_LASV_2023	2	2	15.2599531615925	100	NA
rand.60	2	Judith_LASV_2023	566	0	0	0	NA
rand.60	3	Judith_LASV_2023	3	0	0	0	0
rand.61	2	Judith_LASV_2023	723	13	74.5667447306792	2.0520065066136	NA
rand.61	3	Judith_LASV_2023	19	13	74.5667447306792	71.6213784416052	91.0589727330374
rand.62	2	Judith_LASV_2023	360	0	0	0	NA
rand.62	3	Judith_LASV_2023	3	0	0	0	100
rand.63	2	Judith_LASV_2023	66	3	17.1615925058548	5.04405286343612	NA
rand.63	3	Judith_LASV_2023	3	3	17.1615925058548	100	NA
rand.64	2	Judith_LASV_2023	486	0	0	0	NA
rand.64	3	Judith_LASV_2023	1	0	0	0	100
rand.65	2	Judith_LASV_2023	536	8	100	6.53664754620778	NA
rand.65	3	Judith_LASV_2023	10	8	100	96.4000375975186	0
rand.66	2	Judith_LASV_2023	208	1	66.5854800936768	6.03334125555971	NA
rand.66	3	Judith_LASV_2023	1	1	66.5854800936768	100	NA
rand.67	2	Judith_LASV_2023	671	0	0	0	NA
rand.67	3	Judith_LASV_2023	2	0	0	0	0
rand.68	2	Judith_LASV_2023	163	13	82.8852459016394	9.85169019730103	NA
rand.68	3	Judith_LASV_2023	13	13	82.8852459016394	100	NA
rand.69	2	Judith_LASV_2023	362	2	41.480093676815	2.56327135480584	NA
rand.69	3	Judith_LASV_2023	2	2	41.480093676815	100	NA
rand.7	2	Judith_LASV_2023	149	16	100	37.7085108973578	NA
rand.7	3	Judith_LASV_2023	16	16	100	100	NA
rand.70	2	Judith_LASV_2023	378	2	100	5.89152816211478	NA
rand.70	3	Judith_LASV_2023	3	2	100	97.7402338180781	100
rand.71	2	Judith_LASV_2023	394	2	52.1873536299766	2.23065742531442	NA
rand.71	3	Judith_LASV_2023	3	2	52.1873536299766	86.9110764430577	0
rand.72	2	Judith_LASV_2023	63	3	25.6955503512881	6.64470337443376	NA
rand.72	3	Judith_LASV_2023	3	3	25.6955503512881	100	NA
rand.73	2	Judith_LASV_2023	293	2	96.2529274004684	5.73410494946733	NA
rand.73	3	Judith_LASV_2023	2	2	96.2529274004684	100	NA
rand.74	2	Judith_LASV_2023	514	7	100	4.29295702791467	NA
rand.74	3	Judith_LASV_2023	7	7	100	100	NA
rand.75	2	Judith_LASV_2023	121	2	34.9976580796253	5.25538409599235	NA
rand.75	3	Judith_LASV_2023	2	2	34.9976580796253	100	NA
rand.76	2	Judith_LASV_2023	264	0	0	0	NA
rand.76	3	Judith_LASV_2023	0	0	0	0	0
rand.77	2	Judith_LASV_2023	579	5	24.5433255269321	0.852015895624801	NA
rand.77	3	Judith_LASV_2023	26	5	24.5433255269321	21.1836998706339	66.7726713171933
rand.78	2	Judith_LASV_2023	560	1	4.31850117096019	0.143300766861154	NA
rand.78	3	Judith_LASV_2023	2	1	4.31850117096019	56.9135802469136	100
rand.79	2	Judith_LASV_2023	430	8	49.096018735363	2.27637968327875	NA
rand.79	3	Judith_LASV_2023	9	8	49.096018735363	92.2873745377707	100
rand.8	2	Judith_LASV_2023	555	2	99.9531615925059	3.37152499099452	NA
rand.8	3	Judith_LASV_2023	3	2	99.9531615925059	96.7361740707162	100
rand.80	2	Judith_LASV_2023	167	1	3.65339578454333	0.402655461143748	NA
rand.80	3	Judith_LASV_2023	1	1	3.65339578454333	100	NA
rand.81	2	Judith_LASV_2023	555	1	3.04449648711944	0.109210291977916	NA
rand.81	3	Judith_LASV_2023	1	1	3.04449648711944	100	NA
rand.82	2	Judith_LASV_2023	518	4	100	8.15653465613251	NA
rand.82	3	Judith_LASV_2023	4	4	100	100	NA
rand.83	2	Judith_LASV_2023	551	0	0	0	NA
rand.83	3	Judith_LASV_2023	2	0	0	0	100
rand.84	2	Judith_LASV_2023	1011	0	0	0	NA
rand.84	3	Judith_LASV_2023	0	0	0	0	0
rand.85	2	Judith_LASV_2023	258	3	38.5573770491803	2.54034871161858	NA
rand.85	3	Judith_LASV_2023	3	3	38.5573770491803	100	NA
rand.86	2	Judith_LASV_2023	136	2	96.1030444964871	10.5797788961307	NA
rand.86	3	Judith_LASV_2023	2	2	96.1030444964871	100	NA
rand.87	2	Judith_LASV_2023	216	5	29.1896955503513	2.51067601321408	NA
rand.87	3	Judith_LASV_2023	5	5	29.1896955503513	100	NA
rand.88	2	Judith_LASV_2023	339	0	0	0	NA
rand.88	3	Judith_LASV_2023	16	0	0	0	94.5684771742752
rand.89	2	Judith_LASV_2023	518	3	13.751756440281	0.537335285505124	NA
rand.89	3	Judith_LASV_2023	6	3	13.751756440281	61.8105263157895	34.0683572216097
rand.9	2	Judith_LASV_2023	75	4	100	26.6391914068328	NA
rand.9	3	Judith_LASV_2023	4	4	100	100	NA
rand.90	2	Judith_LASV_2023	401	2	96.8430913348946	4.29992138855268	NA
rand.90	3	Judith_LASV_2023	3	2	96.8430913348946	96.8249508288845	0
rand.91	2	Judith_LASV_2023	444	1	32.5995316159251	1.54027964042437	NA
rand.91	3	Judith_LASV_2023	12	1	32.5995316159251	46.3258785942492	82.3412698412698
rand.92	2	Judith_LASV_2023	161	3	100	12.0576214263838	NA
rand.92	3	Judith_LASV_2023	3	3	100	100	NA
rand.93	2	Judith_LASV_2023	197	0	0	0	NA
rand.93	3	Judith_LASV_2023	1	0	0	0	100
rand.94	2	Judith_LASV_2023	177	8	49.9016393442623	5.72715641899519	NA
rand.94	3	Judith_LASV_2023	8	8	49.9016393442623	100	NA
rand.95	2	Judith_LASV_2023	270	4	100	6.90555391805971	NA
rand.95	3	Judith_LASV_2023	6	4	100	94.4622726898708	48.2912332838039
rand.96	2	Judith_LASV_2023	241	4	27.2131147540984	2.01322281975938	NA
rand.96	3	Judith_LASV_2023	6	4	27.2131147540984	76.8315260513092	55.2511415525114
rand.97	2	Judith_LASV_2023	499	3	100	3.48749124705583	NA
rand.97	3	Judith_LASV_2023	4	3	100	97.31770139444	0
rand.98	2	Judith_LASV_2023	213	0	0	0	NA
rand.98	3	Judith_LASV_2023	3	0	0	0	60.9542356377799
rand.99	2	Judith_LASV_2023	274	13	76.4028103044497	5.36282580679098	NA
rand.99	3	Judith_LASV_2023	14	13	76.4028103044497	96.0320263746615	100
rand.20	1	Zhang_Dengue_2021	1387	5	100	1.21580581646229	NA
rand.73	1	Zhang_Dengue_2021	1395	1	100	1.13469198507872	NA
rand.38	1	Zhang_Dengue_2021	1748	3	100	0.782151866847261	NA
rand.75	1	Zhang_Dengue_2021	538	2	100	3.51013482766242	NA
rand.85	1	Zhang_Dengue_2021	907	1	100	2.12122713981266	NA
rand.87	1	Zhang_Dengue_2021	1080	3	100	1.57698274401081	NA
rand.28	1	Zhang_Dengue_2021	1633	1	100	0.863753653101041	NA
rand.31	1	Zhang_Dengue_2021	1419	2	100	1.11275343726469	NA
rand.100	1	Zhang_Dengue_2021	1789	1	100	0.74264732252467	NA
rand.27	1	Zhang_Dengue_2021	1579	2	100	0.947915703650875	NA
rand.24	1	Zhang_Dengue_2021	1056	1	100	1.65295495162384	NA
rand.83	1	Zhang_Dengue_2021	1670	3	100	0.833330086457802	NA
rand.1	1	Zhang_Dengue_2021	1735	1	100	0.786612798951477	NA
rand.45	1	Zhang_Dengue_2021	1144	3	99.8596812871007	1.47690766663807	NA
rand.3	1	Zhang_Dengue_2021	1266	2	100	1.18261280984992	NA
rand.86	1	Zhang_Dengue_2021	1543	3	100	0.851003447132342	NA
rand.84	1	Zhang_Dengue_2021	1693	2	100	0.810574205868612	NA
rand.36	1	Zhang_Dengue_2021	852	2	100	2.42670301701885	NA
rand.33	1	Zhang_Dengue_2021	1722	2	100	0.820172560530927	NA
rand.37	1	Zhang_Dengue_2021	1317	1	100	1.1884949429052	NA
rand.60	1	Zhang_Dengue_2021	1603	6	100	1.00534788968305	NA
rand.78	1	Zhang_Dengue_2021	1482	1	99.6913089062353	1.02683531033898	NA
rand.56	1	Zhang_Dengue_2021	1308	4	99.6445726117647	1.09716140900575	NA
rand.40	1	Zhang_Dengue_2021	873	1	100	2.06623587985478	NA
rand.91	1	Zhang_Dengue_2021	1443	1	100	1.12386385419624	NA
rand.7	1	Zhang_Dengue_2021	1453	4	100	1.12732629316338	NA
rand.71	1	Zhang_Dengue_2021	1024	1	100	1.68099546450163	NA
rand.58	1	Zhang_Dengue_2021	1639	6	100	0.831091303663237	NA
rand.9	1	Zhang_Dengue_2021	1108	1	100	1.5233161946062	NA
rand.49	1	Zhang_Dengue_2021	1480	1	100	1.05328637692801	NA
rand.35	1	Zhang_Dengue_2021	1569	1	100	0.877870510833765	NA
rand.98	1	Zhang_Dengue_2021	654	2	100	2.92315381188818	NA
rand.32	1	Zhang_Dengue_2021	1810	6	98.9709522253196	0.75177605316151	NA
rand.80	1	Zhang_Dengue_2021	1556	2	100	0.948478566727837	NA
rand.8	1	Zhang_Dengue_2021	1131	1	100	1.5370781505313	NA
rand.23	1	Zhang_Dengue_2021	959	5	100	1.81873866233185	NA
rand.6	1	Zhang_Dengue_2021	926	1	100	1.88665652202944	NA
rand.17	1	Zhang_Dengue_2021	1277	1	98.3349	1.32596350573045	NA
rand.41	1	Zhang_Dengue_2021	1685	1	100	0.83107321392466	NA
rand.67	1	Zhang_Dengue_2021	1339	1	100	1.278724450577	NA
rand.77	1	Zhang_Dengue_2021	1267	2	99.5697089265537	1.34061493972019	NA
rand.99	1	Zhang_Dengue_2021	1760	3	100	0.760720201128101	NA
rand.90	1	Zhang_Dengue_2021	475	4	100	4.33183009793315	NA
rand.53	1	Zhang_Dengue_2021	1280	1	100	1.32502429849294	NA
rand.65	1	Zhang_Dengue_2021	1203	2	100	1.232620326951	NA
rand.79	1	Zhang_Dengue_2021	1372	1	100	1.18045181482219	NA
rand.52	1	Zhang_Dengue_2021	440	2	100	4.86790285897732	NA
rand.54	1	Zhang_Dengue_2021	1267	3	100	1.20842988770158	NA
rand.16	1	Zhang_Dengue_2021	1542	2	100	0.969021352667319	NA
rand.47	1	Zhang_Dengue_2021	1626	5	100	0.884204523731609	NA
rand.74	1	Zhang_Dengue_2021	1632	1	100	0.859666229289804	NA
rand.95	1	Zhang_Dengue_2021	1634	2	100	0.866606758277696	NA
rand.43	1	Zhang_Dengue_2021	1106	3	100	1.53899186032326	NA
rand.63	1	Zhang_Dengue_2021	1173	1	100	1.43022332585539	NA
rand.26	1	Zhang_Dengue_2021	1077	2	100	1.63632033469706	NA
rand.69	1	Zhang_Dengue_2021	1119	4	98.2320270117692	1.47767793065988	NA
rand.4	1	Zhang_Dengue_2021	1574	1	100	0.919325496000488	NA
rand.14	1	Zhang_Dengue_2021	1791	1	100	0.746825677546212	NA
rand.70	1	Zhang_Dengue_2021	1713	1	99.8690088246339	0.838759553499598	NA
rand.64	1	Zhang_Dengue_2021	900	1	100	1.9424684525448	NA
rand.72	1	Zhang_Dengue_2021	1153	2	100	1.46466664409305	NA
rand.15	1	Zhang_Dengue_2021	1747	1	100	0.791430412800218	NA
rand.44	1	Zhang_Dengue_2021	1551	1	100	0.842961561046897	NA
rand.5	1	Zhang_Dengue_2021	1745	2	99.6632271129078	0.717526117573531	NA
rand.66	1	Zhang_Dengue_2021	1636	2	100	0.921672803156595	NA
rand.55	1	Zhang_Dengue_2021	1227	5	100	1.34192874245714	NA
rand.48	1	Zhang_Dengue_2021	1758	3	100	0.790880021025888	NA
rand.92	1	Zhang_Dengue_2021	1354	2	100	1.18310361569941	NA
rand.96	1	Zhang_Dengue_2021	1538	1	100	0.946007534978171	NA
rand.30	1	Zhang_Dengue_2021	1102	1	100	1.46022415913063	NA
rand.68	1	Zhang_Dengue_2021	1175	1	100	1.44601668034903	NA
rand.59	1	Zhang_Dengue_2021	917	2	100	1.96595357305416	NA
rand.34	1	Zhang_Dengue_2021	1451	2	100	1.06489270624971	NA
rand.57	1	Zhang_Dengue_2021	853	5	100	2.36973101842143	NA
rand.93	1	Zhang_Dengue_2021	1318	1	100	1.22025167264127	NA
rand.97	1	Zhang_Dengue_2021	1148	3	100	1.496963996964	NA
rand.88	1	Zhang_Dengue_2021	1345	1	100	1.26862135504737	NA
rand.51	1	Zhang_Dengue_2021	1372	3	100	1.15097620071669	NA
rand.76	1	Zhang_Dengue_2021	1676	1	100	0.844618609886428	NA
rand.62	1	Zhang_Dengue_2021	845	4	100	1.86434970259061	NA
rand.2	1	Zhang_Dengue_2021	1263	2	100	1.37463951649733	NA
rand.11	1	Zhang_Dengue_2021	1739	2	97.7923	0.795726490521919	NA
rand.39	1	Zhang_Dengue_2021	1139	2	100	1.53666015852581	NA
rand.13	1	Zhang_Dengue_2021	975	3	100	1.83783967275998	NA
rand.82	1	Zhang_Dengue_2021	1806	2	100	0.744474408170001	NA
rand.22	1	Zhang_Dengue_2021	1754	7	99.9718898028488	0.813004419147254	NA
rand.94	1	Zhang_Dengue_2021	1908	1	99.8690088246339	0.672325214966478	NA
rand.19	1	Zhang_Dengue_2021	959	3	100	1.83807536125908	NA
rand.18	1	Zhang_Dengue_2021	1176	7	100	1.48366159386154	NA
rand.61	1	Zhang_Dengue_2021	1203	2	100	1.43275067166407	NA
rand.46	1	Zhang_Dengue_2021	1761	4	100	0.792178002316533	NA
rand.21	1	Zhang_Dengue_2021	1685	4	100	0.804555755156403	NA
rand.42	1	Zhang_Dengue_2021	341	1	100	6.31611149678194	NA
rand.29	1	Zhang_Dengue_2021	972	2	100	1.84739134451223	NA
rand.81	1	Zhang_Dengue_2021	1376	1	100	1.12625851649329	NA
rand.50	1	Zhang_Dengue_2021	1448	7	100	1.08117251538239	NA
rand.10	1	Zhang_Dengue_2021	2021	4	100	0.661508780025626	NA
rand.25	1	Zhang_Dengue_2021	1741	5	100	0.809359497101648	NA
rand.89	1	Zhang_Dengue_2021	1228	1	100	1.21849915627546	NA
rand.12	1	Zhang_Dengue_2021	1471	1	100	0.944848972334526	NA
rand.1	2	Zhang_Dengue_2021	1721	1	99.6181073025335	0.788994940694434	NA
rand.1	3	Zhang_Dengue_2021	1	1	99.6181073025335	100	NA
rand.10	2	Zhang_Dengue_2021	2010	4	100	0.662933005023655	NA
rand.10	3	Zhang_Dengue_2021	4	4	100	100	NA
rand.100	2	Zhang_Dengue_2021	1786	1	100	0.74317627798989	NA
rand.100	3	Zhang_Dengue_2021	1	1	100	100	NA
rand.11	2	Zhang_Dengue_2021	1720	2	97.3733233979136	0.799200646455009	NA
rand.11	3	Zhang_Dengue_2021	2	2	97.3733233979136	100	NA
rand.12	2	Zhang_Dengue_2021	1466	1	99.7857675111774	0.946460865393705	NA
rand.12	3	Zhang_Dengue_2021	1	1	99.7857675111774	100	NA
rand.13	2	Zhang_Dengue_2021	927	3	100	1.88998038106808	NA
rand.13	3	Zhang_Dengue_2021	3	3	100	100	NA
rand.14	2	Zhang_Dengue_2021	1788	1	99.9068554396423	0.747395508519514	NA
rand.14	3	Zhang_Dengue_2021	2	1	99.9068554396423	97.2879818594104	100
rand.15	2	Zhang_Dengue_2021	1732	1	99.6274217585693	0.794101553828667	NA
rand.15	3	Zhang_Dengue_2021	2	1	99.6274217585693	97.4401020315205	100
rand.16	2	Zhang_Dengue_2021	1539	2	99.7671385991058	0.969753926412418	NA
rand.16	3	Zhang_Dengue_2021	2	2	99.7671385991058	100	NA
rand.17	2	Zhang_Dengue_2021	1227	1	97.9135618479881	1.3543599257885	NA
rand.17	3	Zhang_Dengue_2021	1	1	97.9135618479881	100	NA
rand.18	2	Zhang_Dengue_2021	1154	7	100	1.4977519163821	NA
rand.18	3	Zhang_Dengue_2021	7	7	100	100	NA
rand.19	2	Zhang_Dengue_2021	930	3	100	1.86801901219829	NA
rand.19	3	Zhang_Dengue_2021	3	3	100	100	NA
rand.2	2	Zhang_Dengue_2021	1254	2	100	1.37962732443457	NA
rand.2	3	Zhang_Dengue_2021	2	2	100	100	NA
rand.20	2	Zhang_Dengue_2021	1372	5	99.6739940387481	1.22219620697729	NA
rand.20	3	Zhang_Dengue_2021	5	5	99.6739940387481	100	NA
rand.21	2	Zhang_Dengue_2021	1678	4	100	0.805830265719273	NA
rand.21	3	Zhang_Dengue_2021	5	4	100	97.5049540623311	100
rand.22	2	Zhang_Dengue_2021	1729	7	99.5435916542474	0.817802333189215	NA
rand.22	3	Zhang_Dengue_2021	7	7	99.5435916542474	100	NA
rand.23	2	Zhang_Dengue_2021	800	5	100	2.01833080606246	NA
rand.23	3	Zhang_Dengue_2021	5	5	100	100	NA
rand.24	2	Zhang_Dengue_2021	240	1	99.9347988077496	8.63355086866606	NA
rand.24	3	Zhang_Dengue_2021	1	1	99.9347988077496	100	NA
rand.25	2	Zhang_Dengue_2021	1722	5	100	0.812932568420201	NA
rand.25	3	Zhang_Dengue_2021	6	5	100	97.3433853886196	100
rand.26	2	Zhang_Dengue_2021	698	2	100	2.21980767291637	NA
rand.26	3	Zhang_Dengue_2021	3	2	100	97.4259393063584	100
rand.27	2	Zhang_Dengue_2021	1325	2	100	1.03561651214825	NA
rand.27	3	Zhang_Dengue_2021	2	2	100	100	NA
rand.28	2	Zhang_Dengue_2021	1597	1	99.7112518628912	0.872051581789966	NA
rand.28	3	Zhang_Dengue_2021	2	1	99.7112518628912	97.4333302994448	100
rand.29	2	Zhang_Dengue_2021	832	2	100	2.03010472926611	NA
rand.29	3	Zhang_Dengue_2021	2	2	100	100	NA
rand.3	2	Zhang_Dengue_2021	1259	2	100	1.18590141357076	NA
rand.3	3	Zhang_Dengue_2021	2	2	100	100	NA
rand.30	2	Zhang_Dengue_2021	1085	1	99.7764530551416	1.47284071816109	NA
rand.30	3	Zhang_Dengue_2021	1	1	99.7764530551416	100	NA
rand.31	2	Zhang_Dengue_2021	1415	2	100	1.11414822421962	NA
rand.31	3	Zhang_Dengue_2021	2	2	100	100	NA
rand.32	2	Zhang_Dengue_2021	1807	6	98.5469448584203	0.752258731498381	NA
rand.32	3	Zhang_Dengue_2021	7	6	98.5469448584203	97.1890501561639	100
rand.33	2	Zhang_Dengue_2021	1706	2	100	0.823199337406288	NA
rand.33	3	Zhang_Dengue_2021	2	2	100	100	NA
rand.34	2	Zhang_Dengue_2021	1449	2	99.8695976154992	1.06545354813322	NA
rand.34	3	Zhang_Dengue_2021	3	2	99.8695976154992	97.2517006802721	100
rand.35	2	Zhang_Dengue_2021	1542	1	100	0.884167626735216	NA
rand.35	3	Zhang_Dengue_2021	1	1	100	100	NA
rand.36	2	Zhang_Dengue_2021	828	2	99.8230253353204	2.46831973688453	NA
rand.36	3	Zhang_Dengue_2021	3	2	99.8230253353204	97.4804438784792	100
rand.37	2	Zhang_Dengue_2021	1314	1	99.7764530551416	1.18988773155991	NA
rand.37	3	Zhang_Dengue_2021	1	1	99.7764530551416	100	NA
rand.38	2	Zhang_Dengue_2021	1738	3	99.7764530551416	0.783909654265985	NA
rand.38	3	Zhang_Dengue_2021	3	3	99.7764530551416	100	NA
rand.39	2	Zhang_Dengue_2021	945	2	100	1.71573721645673	NA
rand.39	3	Zhang_Dengue_2021	2	2	100	100	NA
rand.4	2	Zhang_Dengue_2021	1569	1	99.7391952309985	0.920634402047612	NA
rand.4	3	Zhang_Dengue_2021	1	1	99.7391952309985	100	NA
rand.40	2	Zhang_Dengue_2021	227	1	99.9254843517139	9.38623736821383	NA
rand.40	3	Zhang_Dengue_2021	1	1	99.9254843517139	100	NA
rand.41	2	Zhang_Dengue_2021	1666	1	99.9254843517139	0.834857316285476	NA
rand.41	3	Zhang_Dengue_2021	1	1	99.9254843517139	100	NA
rand.42	2	Zhang_Dengue_2021	303	1	100	6.85909967927831	NA
rand.42	3	Zhang_Dengue_2021	1	1	100	100	NA
rand.43	2	Zhang_Dengue_2021	1052	3	100	1.58049849292498	NA
rand.43	3	Zhang_Dengue_2021	3	3	100	100	NA
rand.44	2	Zhang_Dengue_2021	1550	1	100	0.843176403607967	NA
rand.44	3	Zhang_Dengue_2021	1	1	100	100	NA
rand.45	2	Zhang_Dengue_2021	1108	3	99.4318181818182	1.50149727761313	NA
rand.45	3	Zhang_Dengue_2021	3	3	99.4318181818182	100	NA
rand.46	2	Zhang_Dengue_2021	1748	4	100	0.794547725769711	NA
rand.46	3	Zhang_Dengue_2021	4	4	100	100	NA
rand.47	2	Zhang_Dengue_2021	1600	5	100	0.889788785205183	NA
rand.47	3	Zhang_Dengue_2021	6	5	100	97.4729886597018	100
rand.48	2	Zhang_Dengue_2021	1749	3	100	0.792426993283426	NA
rand.48	3	Zhang_Dengue_2021	5	3	100	93.1710673432528	65.4911838790932
rand.49	2	Zhang_Dengue_2021	1474	1	100	1.05570949137032	NA
rand.49	3	Zhang_Dengue_2021	1	1	100	100	NA
rand.5	2	Zhang_Dengue_2021	1740	2	99.2362146050671	0.718653351276058	NA
rand.5	3	Zhang_Dengue_2021	2	2	99.2362146050671	100	NA
rand.50	2	Zhang_Dengue_2021	1441	7	100	1.08369631474626	NA
rand.50	3	Zhang_Dengue_2021	7	7	100	100	NA
rand.51	2	Zhang_Dengue_2021	1358	3	99.9534277198212	1.1564051114162	NA
rand.51	3	Zhang_Dengue_2021	4	3	99.9534277198212	96.8239646305152	100
rand.52	2	Zhang_Dengue_2021	328	2	100	5.99416507059819	NA
rand.52	3	Zhang_Dengue_2021	2	2	100	100	NA
rand.53	2	Zhang_Dengue_2021	1261	1	99.9347988077496	1.3352382682847	NA
rand.53	3	Zhang_Dengue_2021	2	1	99.9347988077496	97.2446297471223	100
rand.54	2	Zhang_Dengue_2021	1266	3	99.720566318927	1.20889109704665	NA
rand.54	3	Zhang_Dengue_2021	3	3	99.720566318927	100	NA
rand.55	2	Zhang_Dengue_2021	1223	5	100	1.34384039059275	NA
rand.55	3	Zhang_Dengue_2021	5	5	100	100	NA
rand.56	2	Zhang_Dengue_2021	1306	4	99.2175856929955	1.09796548603423	NA
rand.56	3	Zhang_Dengue_2021	4	4	99.2175856929955	100	NA
rand.57	2	Zhang_Dengue_2021	832	5	99.9906855439642	2.40950604564931	NA
rand.57	3	Zhang_Dengue_2021	5	5	99.9906855439642	100	NA
rand.58	2	Zhang_Dengue_2021	1627	6	100	0.833311723870727	NA
rand.58	3	Zhang_Dengue_2021	6	6	100	100	NA
rand.59	2	Zhang_Dengue_2021	679	2	100	2.3621754415133	NA
rand.59	3	Zhang_Dengue_2021	2	2	100	100	NA
rand.6	2	Zhang_Dengue_2021	800	1	100	2.04830700377154	NA
rand.6	3	Zhang_Dengue_2021	1	1	100	100	NA
rand.60	2	Zhang_Dengue_2021	1589	6	100	1.00950289349439	NA
rand.60	3	Zhang_Dengue_2021	6	6	100	100	NA
rand.61	2	Zhang_Dengue_2021	1153	2	100	1.46521687217784	NA
rand.61	3	Zhang_Dengue_2021	2	2	100	100	NA
rand.62	2	Zhang_Dengue_2021	840	4	100	1.87009790826852	NA
rand.62	3	Zhang_Dengue_2021	4	4	100	100	NA
rand.63	2	Zhang_Dengue_2021	1133	1	100	1.45484899979131	NA
rand.63	3	Zhang_Dengue_2021	1	1	100	100	NA
rand.64	2	Zhang_Dengue_2021	228	1	99.9068554396423	9.34336835136501	NA
rand.64	3	Zhang_Dengue_2021	1	1	99.9068554396423	100	NA
rand.65	2	Zhang_Dengue_2021	1200	2	100	1.23414380845321	NA
rand.65	3	Zhang_Dengue_2021	2	2	100	100	NA
rand.66	2	Zhang_Dengue_2021	1636	2	100	0.921672803156595	NA
rand.66	3	Zhang_Dengue_2021	3	2	100	97.4282350810468	100
rand.67	2	Zhang_Dengue_2021	1311	1	99.7857675111774	1.2924419951357	NA
rand.67	3	Zhang_Dengue_2021	2	1	99.7857675111774	97.2406281201779	100
rand.68	2	Zhang_Dengue_2021	1121	1	99.9161698956781	1.48348624106963	NA
rand.68	3	Zhang_Dengue_2021	1	1	99.9161698956781	100	NA
rand.69	2	Zhang_Dengue_2021	1061	4	97.8111028315946	1.51846640821455	NA
rand.69	3	Zhang_Dengue_2021	4	4	97.8111028315946	100	NA
rand.7	2	Zhang_Dengue_2021	1425	4	100	1.13845000607075	NA
rand.7	3	Zhang_Dengue_2021	4	4	100	100	NA
rand.70	2	Zhang_Dengue_2021	1698	1	99.4411326378539	0.841986381209413	NA
rand.70	3	Zhang_Dengue_2021	1	1	99.4411326378539	100	NA
rand.71	2	Zhang_Dengue_2021	699	1	100	2.14175160701089	NA
rand.71	3	Zhang_Dengue_2021	1	1	100	100	NA
rand.72	2	Zhang_Dengue_2021	1106	2	100	1.49819064455171	NA
rand.72	3	Zhang_Dengue_2021	2	2	100	100	NA
rand.73	2	Zhang_Dengue_2021	1386	1	100	1.13842403123477	NA
rand.73	3	Zhang_Dengue_2021	1	1	100	100	NA
rand.74	2	Zhang_Dengue_2021	1602	1	99.7764530551416	0.866460566823102	NA
rand.74	3	Zhang_Dengue_2021	1	1	99.7764530551416	100	NA
rand.75	2	Zhang_Dengue_2021	508	2	100	3.62246404036067	NA
rand.75	3	Zhang_Dengue_2021	2	2	100	100	NA
rand.76	2	Zhang_Dengue_2021	1644	1	100	0.851515710635117	NA
rand.76	3	Zhang_Dengue_2021	1	1	100	100	NA
rand.77	2	Zhang_Dengue_2021	1239	2	99.1430700447094	1.35568696928052	NA
rand.77	3	Zhang_Dengue_2021	2	2	99.1430700447094	100	NA
rand.78	2	Zhang_Dengue_2021	1476	1	99.2641579731744	1.02870370012858	NA
rand.78	3	Zhang_Dengue_2021	2	1	99.2641579731744	97.2531483847417	100
rand.79	2	Zhang_Dengue_2021	1368	1	99.878912071535	1.18226090446322	NA
rand.79	3	Zhang_Dengue_2021	1	1	99.878912071535	100	NA
rand.8	2	Zhang_Dengue_2021	923	1	100	1.73757060092599	NA
rand.8	3	Zhang_Dengue_2021	1	1	100	100	NA
rand.80	2	Zhang_Dengue_2021	1392	2	100	1.00099206625924	NA
rand.80	3	Zhang_Dengue_2021	2	2	100	100	NA
rand.81	2	Zhang_Dengue_2021	1369	1	100	1.12873773828966	NA
rand.81	3	Zhang_Dengue_2021	2	1	100	97.315860822413	100
rand.82	2	Zhang_Dengue_2021	1803	2	99.5901639344262	0.744934487289712	NA
rand.82	3	Zhang_Dengue_2021	2	2	99.5901639344262	100	NA
rand.83	2	Zhang_Dengue_2021	1641	3	99.6087928464978	0.839446941521303	NA
rand.83	3	Zhang_Dengue_2021	3	3	99.6087928464978	100	NA
rand.84	2	Zhang_Dengue_2021	1673	2	99.8695976154992	0.815051930864258	NA
rand.84	3	Zhang_Dengue_2021	2	2	99.8695976154992	100	NA
rand.85	2	Zhang_Dengue_2021	885	1	99.6646795827124	2.15175720134817	NA
rand.85	3	Zhang_Dengue_2021	1	1	99.6646795827124	100	NA
rand.86	2	Zhang_Dengue_2021	1543	3	100	0.851003447132342	NA
rand.86	3	Zhang_Dengue_2021	3	3	100	100	NA
rand.87	2	Zhang_Dengue_2021	1032	3	100	1.6158356944294	NA
rand.87	3	Zhang_Dengue_2021	3	3	100	100	NA
rand.88	2	Zhang_Dengue_2021	1327	1	100	1.27719360023222	NA
rand.88	3	Zhang_Dengue_2021	2	1	100	97.2463768115942	100
rand.89	2	Zhang_Dengue_2021	1224	1	100	1.22068904445206	NA
rand.89	3	Zhang_Dengue_2021	1	1	100	100	NA
rand.9	2	Zhang_Dengue_2021	1032	1	99.9254843517139	1.58112320469267	NA
rand.9	3	Zhang_Dengue_2021	1	1	99.9254843517139	100	NA
rand.90	2	Zhang_Dengue_2021	454	4	99.5808494783905	4.44718988015757	NA
rand.90	3	Zhang_Dengue_2021	5	4	99.5808494783905	97.3856804518127	100
rand.91	2	Zhang_Dengue_2021	1421	1	99.9347988077496	1.13228494870472	NA
rand.91	3	Zhang_Dengue_2021	1	1	99.9347988077496	100	NA
rand.92	2	Zhang_Dengue_2021	1353	2	100	1.18360531509939	NA
rand.92	3	Zhang_Dengue_2021	2	2	100	100	NA
rand.93	2	Zhang_Dengue_2021	1298	1	99.9068554396423	1.22948188904172	NA
rand.93	3	Zhang_Dengue_2021	1	1	99.9068554396423	100	NA
rand.94	2	Zhang_Dengue_2021	1908	1	99.4411326378539	0.672325214966478	NA
rand.94	3	Zhang_Dengue_2021	3	1	99.4411326378539	94.4193862209251	52.4564183835182
rand.95	2	Zhang_Dengue_2021	1600	2	100	0.874384716287647	NA
rand.95	3	Zhang_Dengue_2021	3	2	100	97.4488872806224	100
rand.96	2	Zhang_Dengue_2021	1377	1	100	0.996086801849875	NA
rand.96	3	Zhang_Dengue_2021	1	1	100	100	NA
rand.97	2	Zhang_Dengue_2021	1099	3	100	1.53251904915407	NA
rand.97	3	Zhang_Dengue_2021	3	3	100	100	NA
rand.98	2	Zhang_Dengue_2021	637	2	100	2.96753415063228	NA
rand.98	3	Zhang_Dengue_2021	2	2	100	100	NA
rand.99	2	Zhang_Dengue_2021	1756	3	100	0.76135286982871	NA
rand.99	3	Zhang_Dengue_2021	3	3	100	100	NA
rand.2	1	Saha_CHIKV_2019	855	1	100	2.68826113109898	NA
rand.24	1	Saha_CHIKV_2019	2876	1	100	0.895122713323743	NA
rand.5	1	Saha_CHIKV_2019	2139	1	100	1.19770290252304	NA
rand.71	1	Saha_CHIKV_2019	1684	1	100	1.45000762776506	NA
rand.45	1	Saha_CHIKV_2019	711	1	100	3.62790017101521	NA
rand.40	1	Saha_CHIKV_2019	776	1	100	2.88001903342259	NA
rand.13	1	Saha_CHIKV_2019	3126	1	100	0.83070642977707	NA
rand.96	1	Saha_CHIKV_2019	1756	1	100	1.5885951968894	NA
rand.26	1	Saha_CHIKV_2019	1532	1	100	1.78639489601458	NA
rand.41	1	Saha_CHIKV_2019	870	1	100	2.67074632261866	NA
rand.34	1	Saha_CHIKV_2019	883	1	100	2.65710405513093	NA
rand.51	1	Saha_CHIKV_2019	708	1	100	3.4896813807421	NA
rand.60	1	Saha_CHIKV_2019	1163	1	100	1.98315192487764	NA
rand.28	1	Saha_CHIKV_2019	1191	1	100	1.92425580211743	NA
rand.31	1	Saha_CHIKV_2019	922	1	100	2.50659964408309	NA
rand.90	1	Saha_CHIKV_2019	684	1	100	3.30062717770035	NA
rand.58	1	Saha_CHIKV_2019	528	1	100	4.55994824279674	NA
rand.19	1	Saha_CHIKV_2019	1438	1	100	1.62690483838477	NA
rand.52	1	Saha_CHIKV_2019	969	1	100	2.35629391759785	NA
rand.46	1	Saha_CHIKV_2019	746	1	100	3.37164187129803	NA
rand.17	1	Saha_CHIKV_2019	2580	1	100	1.00043973521538	NA
rand.63	1	Saha_CHIKV_2019	1267	1	100	1.86481721968143	NA
rand.30	1	Saha_CHIKV_2019	1640	1	100	1.59852775701515	NA
rand.6	1	Saha_CHIKV_2019	604	1	100	3.76283829135165	NA
rand.33	1	Saha_CHIKV_2019	798	1	100	2.95794015365146	NA
rand.99	1	Saha_CHIKV_2019	1349	1	100	1.77279807874688	NA
rand.54	1	Saha_CHIKV_2019	785	1	100	3.02348161586223	NA
rand.55	1	Saha_CHIKV_2019	692	1	100	3.32298180285253	NA
rand.86	1	Saha_CHIKV_2019	1737	1	100	1.43442352401768	NA
rand.53	1	Saha_CHIKV_2019	1754	1	100	1.50386925218173	NA
rand.36	1	Saha_CHIKV_2019	910	1	100	2.63582822522531	NA
rand.62	1	Saha_CHIKV_2019	1191	1	100	1.91721062233935	NA
rand.37	1	Saha_CHIKV_2019	426	1	100	5.85915576167548	NA
rand.84	1	Saha_CHIKV_2019	1085	1	100	2.14999738881295	NA
rand.61	1	Saha_CHIKV_2019	620	1	100	3.60243874241696	NA
rand.78	1	Saha_CHIKV_2019	2537	1	100	1.03891182738994	NA
rand.100	1	Saha_CHIKV_2019	697	1	100	3.39456800316494	NA
rand.93	1	Saha_CHIKV_2019	771	1	100	3.11743086417153	NA
rand.39	1	Saha_CHIKV_2019	1225	1	100	1.91461444971357	NA
rand.98	1	Saha_CHIKV_2019	1279	1	100	1.90040833097922	NA
rand.76	1	Saha_CHIKV_2019	1188	1	100	2.04656678438877	NA
rand.15	1	Saha_CHIKV_2019	1403	1	100	1.66701152677311	NA
rand.59	1	Saha_CHIKV_2019	867	1	100	2.73819598777112	NA
rand.94	1	Saha_CHIKV_2019	1662	1	100	1.64627605177588	NA
rand.65	1	Saha_CHIKV_2019	763	1	100	3.24036319652347	NA
rand.91	1	Saha_CHIKV_2019	1911	1	100	1.43377503479155	NA
rand.64	1	Saha_CHIKV_2019	603	1	100	3.96640896118339	NA
rand.68	1	Saha_CHIKV_2019	2961	1	100	0.867766907599596	NA
rand.81	1	Saha_CHIKV_2019	553	1	100	4.26233389777	NA
rand.49	1	Saha_CHIKV_2019	1225	1	100	1.95167039488095	NA
rand.29	1	Saha_CHIKV_2019	2371	1	100	1.11112671770021	NA
rand.8	1	Saha_CHIKV_2019	588	1	100	3.82272145343189	NA
rand.3	1	Saha_CHIKV_2019	607	1	100	3.72924519976298	NA
rand.80	1	Saha_CHIKV_2019	970	1	100	2.50265407373884	NA
rand.69	1	Saha_CHIKV_2019	1000	1	100	2.43170403038099	NA
rand.4	1	Saha_CHIKV_2019	1260	1	100	1.90368856741848	NA
rand.88	1	Saha_CHIKV_2019	750	1	100	3.08424241008511	NA
rand.43	1	Saha_CHIKV_2019	1691	1	100	1.45196395815078	NA
rand.95	1	Saha_CHIKV_2019	2205	2	100	1.19255873260749	NA
rand.57	1	Saha_CHIKV_2019	1277	1	100	1.82269797513956	NA
rand.12	1	Saha_CHIKV_2019	844	1	100	2.85726633006576	NA
rand.20	1	Saha_CHIKV_2019	1612	1	100	1.64724917741974	NA
rand.22	1	Saha_CHIKV_2019	743	1	100	3.31241175894991	NA
rand.77	1	Saha_CHIKV_2019	949	1	100	2.43000431494191	NA
rand.56	1	Saha_CHIKV_2019	583	1	100	3.93921985980455	NA
rand.75	1	Saha_CHIKV_2019	540	1	100	4.05740778618668	NA
rand.42	1	Saha_CHIKV_2019	1164	1	100	1.97457285124918	NA
rand.70	1	Saha_CHIKV_2019	790	1	100	2.99743929717311	NA
rand.92	1	Saha_CHIKV_2019	1508	1	100	1.56283227687175	NA
rand.83	1	Saha_CHIKV_2019	606	1	100	4.16092383507175	NA
rand.85	1	Saha_CHIKV_2019	505	1	100	4.78716087741017	NA
rand.32	1	Saha_CHIKV_2019	827	1	100	2.83586090686275	NA
rand.66	1	Saha_CHIKV_2019	1472	1	100	1.64697801433823	NA
rand.23	1	Saha_CHIKV_2019	1643	1	100	1.60496489393588	NA
rand.50	1	Saha_CHIKV_2019	1014	1	100	2.36536317937123	NA
rand.18	1	Saha_CHIKV_2019	1137	1	100	2.06165656340694	NA
rand.16	1	Saha_CHIKV_2019	793	1	100	2.86270976029449	NA
rand.25	1	Saha_CHIKV_2019	1872	1	100	1.47697783602456	NA
rand.38	1	Saha_CHIKV_2019	1272	1	100	1.8445247034836	NA
rand.11	1	Saha_CHIKV_2019	767	1	100	3.07572217255886	NA
rand.7	1	Saha_CHIKV_2019	683	1	100	3.15018956892981	NA
rand.74	1	Saha_CHIKV_2019	1069	1	100	2.29903877641439	NA
rand.72	1	Saha_CHIKV_2019	521	1	100	4.60779595765159	NA
rand.10	1	Saha_CHIKV_2019	2966	1	100	0.876274289119625	NA
rand.97	1	Saha_CHIKV_2019	632	1	100	3.32133494061217	NA
rand.35	1	Saha_CHIKV_2019	443	1	100	5.48816274093894	NA
rand.79	1	Saha_CHIKV_2019	1775	1	100	1.45728845527424	NA
rand.44	1	Saha_CHIKV_2019	564	1	100	4.20533077089457	NA
rand.73	1	Saha_CHIKV_2019	604	1	100	3.76616631670846	NA
rand.1	1	Saha_CHIKV_2019	734	1	100	3.15456326223351	NA
rand.14	1	Saha_CHIKV_2019	1556	1	100	1.62430911894285	NA
rand.48	1	Saha_CHIKV_2019	1114	1	100	2.14792979910208	NA
rand.82	1	Saha_CHIKV_2019	2382	1	100	1.11384779213139	NA
rand.87	1	Saha_CHIKV_2019	1126	1	100	2.04372965256596	NA
rand.47	1	Saha_CHIKV_2019	930	1	100	2.58380695133888	NA
rand.67	1	Saha_CHIKV_2019	742	1	100	3.31676026946401	NA
rand.21	1	Saha_CHIKV_2019	1143	1	100	2.07694007315935	NA
rand.9	1	Saha_CHIKV_2019	1158	1	100	2.28006076813942	NA
rand.89	1	Saha_CHIKV_2019	2392	2	100	1.13628370348706	NA
rand.27	1	Saha_CHIKV_2019	458	1	100	5.21194605009634	NA
rand.1	2	Saha_CHIKV_2019	544	1	100	3.87834112195217	NA
rand.1	3	Saha_CHIKV_2019	65	1	100	30.0902632044702	55.3526220614828
rand.10	2	Saha_CHIKV_2019	1983	1	100	1.20131081503292	NA
rand.10	3	Saha_CHIKV_2019	46	1	100	38.2727184872596	48.7840517691264
rand.100	2	Saha_CHIKV_2019	479	1	100	4.33744207769373	NA
rand.100	3	Saha_CHIKV_2019	46	1	100	36.8087289004943	54.5356158992523
rand.11	2	Saha_CHIKV_2019	350	1	100	5.24272697332309	NA
rand.11	3	Saha_CHIKV_2019	33	1	100	45.9722757027339	0
rand.12	2	Saha_CHIKV_2019	580	1	100	3.71561394580655	NA
rand.12	3	Saha_CHIKV_2019	46	1	100	37.145354099691	45.8188499354454
rand.13	2	Saha_CHIKV_2019	2165	1	100	1.10870260474041	NA
rand.13	3	Saha_CHIKV_2019	71	1	100	26.8971619138365	32.9143779288086
rand.14	2	Saha_CHIKV_2019	674	1	100	3.06875092490907	NA
rand.14	3	Saha_CHIKV_2019	30	1	100	46.8434193318274	35.1151867591143
rand.15	2	Saha_CHIKV_2019	1095	1	100	1.98084221336496	NA
rand.15	3	Saha_CHIKV_2019	60	1	100	28.3277919965556	41.0359097583767
rand.16	2	Saha_CHIKV_2019	553	1	100	3.67623297684081	NA
rand.16	3	Saha_CHIKV_2019	57	1	100	31.6809887545088	46.0111029154858
rand.17	2	Saha_CHIKV_2019	1645	1	100	1.41823475391669	NA
rand.17	3	Saha_CHIKV_2019	32	1	100	47.6240125115291	68.8155577673991
rand.18	2	Saha_CHIKV_2019	825	1	100	2.59702401956809	NA
rand.18	3	Saha_CHIKV_2019	70	1	100	25.7374342934098	43.0167597765363
rand.19	2	Saha_CHIKV_2019	978	1	100	2.12295860825704	NA
rand.19	3	Saha_CHIKV_2019	14	1	100	70.3076289630022	64.9960380348653
rand.2	2	Saha_CHIKV_2019	611	1	100	3.39328334474647	NA
rand.2	3	Saha_CHIKV_2019	45	1	100	36.0869035285514	61.0631704410012
rand.20	2	Saha_CHIKV_2019	687	1	100	3.24851853275704	NA
rand.20	3	Saha_CHIKV_2019	41	1	100	40.3190075321223	65.6101878819028
rand.21	2	Saha_CHIKV_2019	882	1	100	2.49866037711966	NA
rand.21	3	Saha_CHIKV_2019	77	1	100	23.2039652841722	50.0880124492972
rand.22	2	Saha_CHIKV_2019	526	1	100	4.23854326905878	NA
rand.22	3	Saha_CHIKV_2019	58	1	100	31.7555615116591	51.2292828528788
rand.23	2	Saha_CHIKV_2019	723	1	100	3.08508086801464	NA
rand.23	3	Saha_CHIKV_2019	56	1	100	33.1577472681423	46.9735077129443
rand.24	2	Saha_CHIKV_2019	1916	1	100	1.23389229555986	NA
rand.24	3	Saha_CHIKV_2019	68	1	100	27.7012192273555	52.1935775667119
rand.25	2	Saha_CHIKV_2019	948	1	100	2.61245796271743	NA
rand.25	3	Saha_CHIKV_2019	72	1	100	25.4839400428266	47.711141124745
rand.26	2	Saha_CHIKV_2019	639	1	100	3.70409705996277	NA
rand.26	3	Saha_CHIKV_2019	53	1	100	32.9068960732621	40.4558051040245
rand.27	2	Saha_CHIKV_2019	338	1	100	6.39376846629063	NA
rand.27	3	Saha_CHIKV_2019	56	1	100	31.0862694909499	53.5683153306803
rand.28	2	Saha_CHIKV_2019	839	1	100	2.45232228745262	NA
rand.28	3	Saha_CHIKV_2019	62	1	100	26.9567198177677	43.6412399426183
rand.29	2	Saha_CHIKV_2019	1336	1	100	1.76161880089373	NA
rand.29	3	Saha_CHIKV_2019	84	1	100	22.0783328681738	49.6310800162373
rand.3	2	Saha_CHIKV_2019	439	1	100	4.6690027464722	NA
rand.3	3	Saha_CHIKV_2019	46	1	100	38.876293740759	58.5174434231038
rand.30	2	Saha_CHIKV_2019	727	1	100	3.00661821430022	NA
rand.30	3	Saha_CHIKV_2019	54	1	100	31.6495258447976	40.219642787353
rand.31	2	Saha_CHIKV_2019	669	1	100	3.10224787712092	NA
rand.31	3	Saha_CHIKV_2019	51	1	100	34.8764888810655	49.9414361654203
rand.32	2	Saha_CHIKV_2019	574	1	100	3.63375391806265	NA
rand.32	3	Saha_CHIKV_2019	56	1	100	32.906540758228	55.9713540588649
rand.33	2	Saha_CHIKV_2019	533	1	100	3.9444442598935	NA
rand.33	3	Saha_CHIKV_2019	54	1	100	30.7234527013041	28.3782774333308
rand.34	2	Saha_CHIKV_2019	659	1	100	3.26636147144935	NA
rand.34	3	Saha_CHIKV_2019	32	1	100	46.6262260211919	53.9778597785978
rand.35	2	Saha_CHIKV_2019	300	1	100	7.1647481840778	NA
rand.35	3	Saha_CHIKV_2019	67	1	100	27.2973842688365	46.1808409737591
rand.36	2	Saha_CHIKV_2019	638	1	100	3.36201442849159	NA
rand.36	3	Saha_CHIKV_2019	51	1	100	33.116302464651	42.6655525381241
rand.37	2	Saha_CHIKV_2019	279	1	100	7.84141897991052	NA
rand.37	3	Saha_CHIKV_2019	50	1	100	33.0161460356212	36.8813418927314
rand.38	2	Saha_CHIKV_2019	1046	1	100	2.11423532869599	NA
rand.38	3	Saha_CHIKV_2019	64	1	100	26.5894529324791	45.5979736946504
rand.39	2	Saha_CHIKV_2019	966	1	100	2.2757797486641	NA
rand.39	3	Saha_CHIKV_2019	46	1	100	35.836476089908	52.7248789203931
rand.4	2	Saha_CHIKV_2019	989	1	100	2.26974308448137	NA
rand.4	3	Saha_CHIKV_2019	57	1	100	30.4677850967476	39.0075121193058
rand.40	2	Saha_CHIKV_2019	568	1	100	3.60543535411557	NA
rand.40	3	Saha_CHIKV_2019	46	1	100	35.6460336538462	50.5019377130317
rand.41	2	Saha_CHIKV_2019	674	1	100	3.22403355775215	NA
rand.41	3	Saha_CHIKV_2019	49	1	100	38.1223917683412	42.9159802306425
rand.42	2	Saha_CHIKV_2019	890	1	100	2.39018492090246	NA
rand.42	3	Saha_CHIKV_2019	53	1	100	31.2295600801772	47.3250239693193
rand.43	2	Saha_CHIKV_2019	1235	1	100	1.82863668755262	NA
rand.43	3	Saha_CHIKV_2019	58	1	100	30.6329766662369	44.3874516800476
rand.44	2	Saha_CHIKV_2019	409	1	100	5.31850489921299	NA
rand.44	3	Saha_CHIKV_2019	58	1	100	30.0877771576437	56.7312577110095
rand.45	2	Saha_CHIKV_2019	468	1	100	4.92629801184696	NA
rand.45	3	Saha_CHIKV_2019	70	1	100	26.5653251188643	55.1735667821752
rand.46	2	Saha_CHIKV_2019	520	1	100	4.40692887289299	NA
rand.46	3	Saha_CHIKV_2019	57	1	100	31.9778833507797	49.2640965947204
rand.47	2	Saha_CHIKV_2019	678	1	100	3.21968976664584	NA
rand.47	3	Saha_CHIKV_2019	60	1	100	29.393383264719	39.2658939234282
rand.48	2	Saha_CHIKV_2019	847	1	100	2.58929469545556	NA
rand.48	3	Saha_CHIKV_2019	41	1	100	40.3235143878767	63.1648025564939
rand.49	2	Saha_CHIKV_2019	900	1	100	2.45577475611386	NA
rand.49	3	Saha_CHIKV_2019	70	1	100	26.0406518466035	43.7864862437506
rand.5	2	Saha_CHIKV_2019	1165	1	100	1.9380580795517	NA
rand.5	3	Saha_CHIKV_2019	62	1	100	29.1912145339808	33.8624891209748
rand.50	2	Saha_CHIKV_2019	580	1	100	3.45468740963507	NA
rand.50	3	Saha_CHIKV_2019	43	1	100	38.9216484769506	42.9432472797098
rand.51	2	Saha_CHIKV_2019	512	1	100	4.44405442949111	NA
rand.51	3	Saha_CHIKV_2019	48	1	100	35.1134452541823	53.5831211349582
rand.52	2	Saha_CHIKV_2019	594	1	100	3.22369718699929	NA
rand.52	3	Saha_CHIKV_2019	15	1	100	66.0119508686511	38.3525964512453
rand.53	2	Saha_CHIKV_2019	877	1	100	2.62911236084828	NA
rand.53	3	Saha_CHIKV_2019	47	1	100	38.0770096825039	59.5532467532468
rand.54	2	Saha_CHIKV_2019	577	1	100	3.75343369557632	NA
rand.54	3	Saha_CHIKV_2019	60	1	100	28.7090278283233	44.3915055812687
rand.55	2	Saha_CHIKV_2019	463	1	100	4.43110316630503	NA
rand.55	3	Saha_CHIKV_2019	42	1	100	39.2068439551694	43.3729682556998
rand.56	2	Saha_CHIKV_2019	420	1	100	5.0267588147307	NA
rand.56	3	Saha_CHIKV_2019	48	1	100	36.2007934086054	52.5756923518439
rand.57	2	Saha_CHIKV_2019	1054	1	100	2.08787096819743	NA
rand.57	3	Saha_CHIKV_2019	73	1	100	25.7292006525286	45.0418789902185
rand.58	2	Saha_CHIKV_2019	379	1	100	5.75034722559465	NA
rand.58	3	Saha_CHIKV_2019	52	1	100	33.8681997597391	54.8289433848017
rand.59	2	Saha_CHIKV_2019	422	1	100	4.48657484827418	NA
rand.59	3	Saha_CHIKV_2019	47	1	100	33.6831711101707	40.738534842168
rand.6	2	Saha_CHIKV_2019	435	1	100	4.72972704082648	NA
rand.6	3	Saha_CHIKV_2019	53	1	100	34.0212973034866	37.9061998351338
rand.60	2	Saha_CHIKV_2019	764	1	100	2.67249267833211	NA
rand.60	3	Saha_CHIKV_2019	20	1	100	59.931764587828	20.022539444027
rand.61	2	Saha_CHIKV_2019	477	1	100	4.34664503316607	NA
rand.61	3	Saha_CHIKV_2019	41	1	100	40.9241722540955	28.8305154156672
rand.62	2	Saha_CHIKV_2019	907	1	100	2.34496493065473	NA
rand.62	3	Saha_CHIKV_2019	73	1	100	25.7167718077007	39.0798875483191
rand.63	2	Saha_CHIKV_2019	863	1	100	2.42463543801478	NA
rand.63	3	Saha_CHIKV_2019	29	1	100	50.2705902249281	57.8898146573712
rand.64	2	Saha_CHIKV_2019	423	1	100	5.05509330214012	NA
rand.64	3	Saha_CHIKV_2019	64	1	100	27.4567546259797	41.5630493846892
rand.65	2	Saha_CHIKV_2019	530	1	100	4.22485460448853	NA
rand.65	3	Saha_CHIKV_2019	65	1	100	28.1466162732654	44.8723038242689
rand.66	2	Saha_CHIKV_2019	1179	1	100	1.92652060132815	NA
rand.66	3	Saha_CHIKV_2019	75	1	100	23.8786412660014	43.3342161016949
rand.67	2	Saha_CHIKV_2019	542	1	100	4.16452713396406	NA
rand.67	3	Saha_CHIKV_2019	59	1	100	30.857634274099	44.0449268807478
rand.68	2	Saha_CHIKV_2019	2028	1	100	1.16732929770919	NA
rand.68	3	Saha_CHIKV_2019	57	1	100	31.3520918958794	39.7106232729506
rand.69	2	Saha_CHIKV_2019	576	1	100	3.56507839580452	NA
rand.69	3	Saha_CHIKV_2019	54	1	100	32.2755480881277	10.8959225321116
rand.7	2	Saha_CHIKV_2019	565	1	100	3.59462669203456	NA
rand.7	3	Saha_CHIKV_2019	29	1	100	49.5966224971785	36.3493116603085
rand.70	2	Saha_CHIKV_2019	586	1	100	3.68538291147117	NA
rand.70	3	Saha_CHIKV_2019	47	1	100	36.7842504036766	50.1719225857157
rand.71	2	Saha_CHIKV_2019	1156	1	100	1.90350308011503	NA
rand.71	3	Saha_CHIKV_2019	62	1	100	29.2369023303886	49.2453748782863
rand.72	2	Saha_CHIKV_2019	394	1	100	5.62272389314315	NA
rand.72	3	Saha_CHIKV_2019	58	1	100	30.8149493900857	0
rand.73	2	Saha_CHIKV_2019	419	1	100	4.88542803293324	NA
rand.73	3	Saha_CHIKV_2019	60	1	100	28.9167237498777	47.9384636563877
rand.74	2	Saha_CHIKV_2019	589	1	100	3.50771491550331	NA
rand.74	3	Saha_CHIKV_2019	72	1	100	26.8154039723196	0
rand.75	2	Saha_CHIKV_2019	353	1	100	5.35665260969166	NA
rand.75	3	Saha_CHIKV_2019	28	1	100	50.7374882769205	26.8605053651783
rand.76	2	Saha_CHIKV_2019	805	1	100	2.75211016809282	NA
rand.76	3	Saha_CHIKV_2019	77	1	100	24.3095624319829	47.6913895068092
rand.77	2	Saha_CHIKV_2019	551	1	100	3.48121473662725	NA
rand.77	3	Saha_CHIKV_2019	20	1	100	61.3704122545492	40.2129075182967
rand.78	2	Saha_CHIKV_2019	1505	1	100	1.57961462129207	NA
rand.78	3	Saha_CHIKV_2019	80	1	100	23.8480809700371	49.7236551215917
rand.79	2	Saha_CHIKV_2019	804	1	100	2.68598990364616	NA
rand.79	3	Saha_CHIKV_2019	52	1	100	31.0735932988216	53.8911533816425
rand.8	2	Saha_CHIKV_2019	457	1	100	4.61398093685089	NA
rand.8	3	Saha_CHIKV_2019	48	1	100	37.0391148511766	45.5918023860205
rand.80	2	Saha_CHIKV_2019	674	1	100	3.25346749694145	NA
rand.80	3	Saha_CHIKV_2019	74	1	100	24.7775381587488	51.0173407186795
rand.81	2	Saha_CHIKV_2019	396	1	100	5.34484387441574	NA
rand.81	3	Saha_CHIKV_2019	64	1	100	29.8600115609842	49.7420094596531
rand.82	2	Saha_CHIKV_2019	1465	1	100	1.6465990560196	NA
rand.82	3	Saha_CHIKV_2019	44	1	100	40.3262224918276	40.9781442367425
rand.83	2	Saha_CHIKV_2019	370	1	100	5.94543137620316	NA
rand.83	3	Saha_CHIKV_2019	82	1	100	23.5486573833938	51.3151714419915
rand.84	2	Saha_CHIKV_2019	692	1	100	2.93495121525516	NA
rand.84	3	Saha_CHIKV_2019	23	1	100	56.7469936784068	43.3736263736264
rand.85	2	Saha_CHIKV_2019	372	1	100	5.96280115093703	NA
rand.85	3	Saha_CHIKV_2019	55	1	100	30.295970095755	30.3213957759412
rand.86	2	Saha_CHIKV_2019	1165	1	100	1.91806149159735	NA
rand.86	3	Saha_CHIKV_2019	44	1	100	38.0544499283554	51.6500462629793
rand.87	2	Saha_CHIKV_2019	739	1	100	2.73202162736049	NA
rand.87	3	Saha_CHIKV_2019	17	1	100	67.1578828955509	70.4915225209796
rand.88	2	Saha_CHIKV_2019	523	1	100	3.92369870431762	NA
rand.88	3	Saha_CHIKV_2019	42	1	100	34.371745921555	53.0345101150337
rand.89	2	Saha_CHIKV_2019	1468	2	100	1.67482684906914	NA
rand.89	3	Saha_CHIKV_2019	58	2	100	34.2397367246765	48.6746681369015
rand.9	2	Saha_CHIKV_2019	686	2	100	3.30557021866378	NA
rand.9	3	Saha_CHIKV_2019	44	1	3.81051355330389	2.36305048335124	48.8943894389439
rand.90	2	Saha_CHIKV_2019	500	1	100	4.13548146000901	NA
rand.90	3	Saha_CHIKV_2019	43	1	100	39.1463898439566	33.4275004074537
rand.91	2	Saha_CHIKV_2019	994	1	100	2.48347216574368	NA
rand.91	3	Saha_CHIKV_2019	62	1	100	28.6522695944475	48.3069518354066
rand.92	2	Saha_CHIKV_2019	1201	1	100	1.83006899879821	NA
rand.92	3	Saha_CHIKV_2019	57	1	100	30.565745285456	47.7342064141677
rand.93	2	Saha_CHIKV_2019	558	1	100	3.91874584247575	NA
rand.93	3	Saha_CHIKV_2019	55	1	100	30.9011195490488	40.3240426014049
rand.94	2	Saha_CHIKV_2019	737	1	100	3.25955800922329	NA
rand.94	3	Saha_CHIKV_2019	65	1	100	28.194252490111	53.8594278887635
rand.95	2	Saha_CHIKV_2019	1309	2	100	1.79768248605502	NA
rand.95	3	Saha_CHIKV_2019	42	2	100	40.5262629977599	44.8898133573195
rand.96	2	Saha_CHIKV_2019	865	1	100	2.92007551919446	NA
rand.96	3	Saha_CHIKV_2019	62	1	100	28.5983612500906	44.9510849328053
rand.97	2	Saha_CHIKV_2019	469	1	100	4.08754681486041	NA
rand.97	3	Saha_CHIKV_2019	42	1	100	40.7108906798925	30.9283141628907
rand.98	2	Saha_CHIKV_2019	989	1	100	2.28753813368574	NA
rand.98	3	Saha_CHIKV_2019	75	1	100	25.518341307815	38.9779501128538
rand.99	2	Saha_CHIKV_2019	1020	1	100	2.15791502141553	NA
rand.99	3	Saha_CHIKV_2019	64	1	100	28.8379776973349	41.5724966713325
rand.17	1	Sardi_Zika_2016	6620	1	99.1394783536015	0.361633256488235	NA
rand.100	1	Sardi_Zika_2016	8676	1	99.1394783536015	0.280827531687458	NA
rand.69	1	Sardi_Zika_2016	5386	1	99.1394783536015	0.432170002464587	NA
rand.82	1	Sardi_Zika_2016	6172	1	4.73772584269663	0.0202069156590178	NA
rand.44	1	Sardi_Zika_2016	6729	1	99.1209718241347	0.355830747869068	NA
rand.10	1	Sardi_Zika_2016	3224	1	3.00161872340425	0.0248962272994816	NA
rand.20	1	Sardi_Zika_2016	4763	11	93.7910649888971	0.541097751529578	NA
rand.71	1	Sardi_Zika_2016	6285	1	99.1302250888681	0.378326112659463	NA
rand.75	1	Sardi_Zika_2016	6516	10	91.8386453531997	0.361020547798211	NA
rand.42	1	Sardi_Zika_2016	9470	1	99.1302250888681	0.252332241927099	NA
rand.27	1	Sardi_Zika_2016	8334	11	93.8558378238342	0.29253638534855	NA
rand.31	1	Sardi_Zika_2016	5616	1	99.1394783536015	0.417539951566301	NA
rand.25	1	Sardi_Zika_2016	NA	NA	NA	NA	NA
rand.94	1	Sardi_Zika_2016	8772	1	99.1302250888681	0.276148246215045	NA
rand.59	1	Sardi_Zika_2016	10434	10	92.8287095748065	0.219732706727146	NA
rand.97	1	Sardi_Zika_2016	9047	1	99.1302250888681	0.268032054762304	NA
rand.28	1	Sardi_Zika_2016	7373	1	99.1302250888681	0.321472489840893	NA
rand.16	1	Sardi_Zika_2016	5365	1	99.1302250888681	0.435785946238829	NA
rand.62	1	Sardi_Zika_2016	9000	1	99.1302250888681	0.26691149540697	NA
rand.89	1	Sardi_Zika_2016	8830	3	11.2519796363636	0.0329729269492396	NA
rand.9	1	Sardi_Zika_2016	7053	1	3.07207411764706	0.0113806473463038	NA
rand.74	1	Sardi_Zika_2016	7634	1	99.1394783536015	0.312556522145012	NA
rand.21	1	Sardi_Zika_2016	8633	1	99.1209718241347	0.275833371099914	NA
rand.19	1	Sardi_Zika_2016	9930	2	6.84743644716692	0.0171208670747448	NA
rand.2	1	Sardi_Zika_2016	9837	1	99.1302250888681	0.248421135622914	NA
rand.8	1	Sardi_Zika_2016	6376	11	97.4090358315268	0.395039323806157	NA
rand.40	1	Sardi_Zika_2016	3101	11	94.4294887758313	0.811293394855422	NA
rand.96	1	Sardi_Zika_2016	8039	12	97.8809724670051	0.304072554275571	NA
rand.57	1	Sardi_Zika_2016	6672	11	93.1340833773924	0.359976223329034	NA
rand.47	1	Sardi_Zika_2016	6722	1	99.1302250888681	0.356108120182585	NA
rand.98	1	Sardi_Zika_2016	8818	7	25.9091278577477	0.0745338175901939	NA
rand.37	1	Sardi_Zika_2016	7561	10	92.6992135708227	0.319725785192017	NA
rand.49	1	Sardi_Zika_2016	NA	NA	NA	NA	NA
rand.86	1	Sardi_Zika_2016	8833	6	21.0233614918415	0.0593968138524245	NA
rand.68	1	Sardi_Zika_2016	NA	NA	NA	NA	NA
rand.79	1	Sardi_Zika_2016	8272	1	4.73772584269663	0.014778087675046	NA
rand.85	1	Sardi_Zika_2016	3387	2	8.08733766233766	0.0636574790618606	NA
rand.12	1	Sardi_Zika_2016	6699	11	92.9768053621622	0.355548510008294	NA
rand.84	1	Sardi_Zika_2016	5322	1	99.1302250888681	0.436075798139198	NA
rand.61	1	Sardi_Zika_2016	6263	1	3.07207411764706	0.0127802561979431	NA
rand.87	1	Sardi_Zika_2016	9418	10	94.5961329940628	0.25061268095753	NA
rand.35	1	Sardi_Zika_2016	9267	1	99.1302250888681	0.263665219744398	NA
rand.91	1	Sardi_Zika_2016	7740	1	99.1302250888681	0.309744236207086	NA
rand.15	1	Sardi_Zika_2016	9122	10	94.6886046668047	0.259454443344333	NA
rand.54	1	Sardi_Zika_2016	9700	1	99.1302250888681	0.247820323903685	NA
rand.43	1	Sardi_Zika_2016	7304	11	94.6238771996216	0.339861695632681	NA
rand.77	1	Sardi_Zika_2016	6732	11	95.4473647900564	0.371480256085488	NA
rand.99	1	Sardi_Zika_2016	8364	1	99.1302250888681	0.283914205065403	NA
rand.30	1	Sardi_Zika_2016	5069	11	92.9028015984448	0.467972109980904	NA
rand.22	1	Sardi_Zika_2016	4882	3	10.8725384985563	0.0607057887490216	NA
rand.13	1	Sardi_Zika_2016	9849	2	6.84743644716692	0.0176760824450704	NA
rand.55	1	Sardi_Zika_2016	9779	1	99.1209718241347	0.24685343676351	NA
rand.29	1	Sardi_Zika_2016	6308	11	94.2444491311216	0.380329514354498	NA
rand.72	1	Sardi_Zika_2016	5475	11	94.0409112143611	0.440115418243895	NA
rand.34	1	Sardi_Zika_2016	7128	1	99.1302250888681	0.332408579883401	NA
rand.53	1	Sardi_Zika_2016	9508	12	97.9364920203046	0.255900471544491	NA
rand.6	1	Sardi_Zika_2016	8371	2	7.63395491803279	0.0233005431144777	NA
rand.23	1	Sardi_Zika_2016	NA	NA	NA	NA	NA
rand.46	1	Sardi_Zika_2016	7380	1	100	0.32846209744254	NA
rand.41	1	Sardi_Zika_2016	NA	NA	NA	NA	NA
rand.39	1	Sardi_Zika_2016	5717	1	4.173159375	0.0192386937481497	NA
rand.38	1	Sardi_Zika_2016	9518	1	99.1394783536015	0.250341140624708	NA
rand.7	1	Sardi_Zika_2016	6550	11	92.9305390378378	0.363310652494066	NA
rand.76	1	Sardi_Zika_2016	5613	2	6.05168	0.0286262298554944	NA
rand.81	1	Sardi_Zika_2016	8378	1	99.1302250888681	0.287317402723628	NA
rand.18	1	Sardi_Zika_2016	8048	1	99.1302250888681	0.299043329321152	NA
rand.11	1	Sardi_Zika_2016	7107	1	99.1302250888681	0.338163412505386	NA
rand.95	1	Sardi_Zika_2016	8512	1	99.1302250888681	0.285295725677228	NA
rand.56	1	Sardi_Zika_2016	6795	1	100	0.353724742476479	NA
rand.66	1	Sardi_Zika_2016	7423	1	4.0671	0.0140624989989679	NA
rand.52	1	Sardi_Zika_2016	NA	NA	NA	NA	NA
rand.50	1	Sardi_Zika_2016	7015	10	93.3931978272334	0.342941564021478	NA
rand.4	1	Sardi_Zika_2016	NA	NA	NA	NA	NA
rand.60	1	Sardi_Zika_2016	5642	4	15.1752974427995	0.0688447349729575	NA
rand.45	1	Sardi_Zika_2016	7433	2	6.10713835376532	0.0210186397118536	NA
rand.67	1	Sardi_Zika_2016	6121	1	99.1302250888681	0.388283008405006	NA
rand.64	1	Sardi_Zika_2016	8171	5	19.7002480491716	0.0599563774407441	NA
rand.48	1	Sardi_Zika_2016	7016	1	4.173159375	0.0152442888843445	NA
rand.80	1	Sardi_Zika_2016	5982	1	99.1209718241347	0.393669969177464	NA
rand.65	1	Sardi_Zika_2016	7989	1	99.1394783536015	0.298872936043033	NA
rand.63	1	Sardi_Zika_2016	8244	1	99.1394783536015	0.296073257267322	NA
rand.78	1	Sardi_Zika_2016	7303	1	99.1302250888681	0.327306490310805	NA
rand.24	1	Sardi_Zika_2016	7416	12	95.7804643134375	0.331845994733295	NA
rand.70	1	Sardi_Zika_2016	9082	2	7.57837038895859	0.0207562261075309	NA
rand.83	1	Sardi_Zika_2016	8644	11	96.4282186486207	0.284787779677395	NA
rand.73	1	Sardi_Zika_2016	6972	1	4.0671	0.0153251301414241	NA
rand.1	1	Sardi_Zika_2016	9053	1	99.1302250888681	0.266111574102249	NA
rand.32	1	Sardi_Zika_2016	6695	3	10.7893274976213	0.0416182132151747	NA
rand.33	1	Sardi_Zika_2016	5523	3	10.8725384985563	0.053095033784257	NA
rand.58	1	Sardi_Zika_2016	7216	1	99.1209718241347	0.332322797368718	NA
rand.5	1	Sardi_Zika_2016	3145	10	91.8386453531997	0.779148800542617	NA
rand.90	1	Sardi_Zika_2016	6926	12	95.4011015733704	0.343309281704412	NA
rand.3	1	Sardi_Zika_2016	8468	4	16.5448211103496	0.0491539770323369	NA
rand.14	1	Sardi_Zika_2016	4925	2	6.65305583090379	0.0350255360027436	NA
rand.26	1	Sardi_Zika_2016	NA	NA	NA	NA	NA
rand.51	1	Sardi_Zika_2016	4240	11	91.6165497739018	0.584012990912142	NA
rand.93	1	Sardi_Zika_2016	NA	NA	NA	NA	NA
rand.36	1	Sardi_Zika_2016	9003	2	6.05168	0.0169833207689653	NA
rand.88	1	Sardi_Zika_2016	9832	1	99.1394783536015	0.243683482585865	NA
rand.92	1	Sardi_Zika_2016	5332	11	96.9371917413973	0.468700505924525	NA
rand.1	2	Sardi_Zika_2016	4894	1	98.5194040831341	0.508639222716845	NA
rand.1	3	Sardi_Zika_2016	395	1	98.5194040831341	5.52196570226848	94.878173862756
rand.10	2	Sardi_Zika_2016	2741	1	2.97958432959353	0.0284855949928654	NA
rand.10	3	Sardi_Zika_2016	195	1	2.97958432959353	0.354979018986995	91.6546636026784
rand.100	2	Sardi_Zika_2016	3892	1	98.5286003310649	0.654489120966254	NA
rand.100	3	Sardi_Zika_2016	328	1	98.5286003310649	7.23293367898034	93.8274120540847
rand.11	2	Sardi_Zika_2016	2734	1	98.5194040831341	0.928797401135919	NA
rand.11	3	Sardi_Zika_2016	219	1	98.5194040831341	8.6322761554825	94.1917788889771
rand.12	2	Sardi_Zika_2016	5971	11	92.4038992091227	0.389909841110188	NA
rand.12	3	Sardi_Zika_2016	336	11	92.4038992091227	6.3572806934295	90.9544818826137
rand.13	2	Sardi_Zika_2016	8115	1	3.75206915578444	0.0114245072481218	NA
rand.13	3	Sardi_Zika_2016	425	1	3.75206915578444	0.205703222683822	91.4285425592111
rand.14	2	Sardi_Zika_2016	4204	1	3.60492918889093	0.0218132364054012	NA
rand.14	3	Sardi_Zika_2016	298	1	3.60492918889093	0.302854714721675	91.6787427446665
rand.15	2	Sardi_Zika_2016	7956	9	90.5186683832996	0.277777934560339	NA
rand.15	3	Sardi_Zika_2016	458	9	90.5186683832996	4.51331572576208	90.6341088621576
rand.16	2	Sardi_Zika_2016	992	1	98.5194040831341	2.60067195556548	NA
rand.16	3	Sardi_Zika_2016	90	1	98.5194040831341	23.4041158736401	85.913122843045
rand.17	2	Sardi_Zika_2016	2233	1	98.5286003310649	1.13685680421637	NA
rand.17	3	Sardi_Zika_2016	202	1	98.5286003310649	9.89407777480215	92.4917753886833
rand.18	2	Sardi_Zika_2016	3735	1	98.5194040831341	0.66738848201982	NA
rand.18	3	Sardi_Zika_2016	294	1	98.5194040831341	6.80726413176088	93.3480155185698
rand.19	2	Sardi_Zika_2016	8751	1	3.75206915578444	0.0104666510179973	NA
rand.19	3	Sardi_Zika_2016	491	1	3.75206915578444	0.190590972154098	90.4372773947759
rand.2	2	Sardi_Zika_2016	4621	1	98.5194040831341	0.540757181197823	NA
rand.2	3	Sardi_Zika_2016	303	1	98.5194040831341	7.52327982134581	88.0722937312526
rand.20	2	Sardi_Zika_2016	3218	8	73.4504322236528	0.603436421962759	NA
rand.20	3	Sardi_Zika_2016	254	8	73.4504322236528	7.27439979598528	89.2150988615938
rand.21	2	Sardi_Zika_2016	4610	1	98.5102078352032	0.539392468445641	NA
rand.21	3	Sardi_Zika_2016	313	1	98.5102078352032	6.98327846409596	90.7893722447664
rand.22	2	Sardi_Zika_2016	3369	2	7.75243700570167	0.060347351624618	NA
rand.22	3	Sardi_Zika_2016	243	2	7.75243700570167	0.757106291256904	87.6219434942354
rand.23	2	Sardi_Zika_2016	3959	0	0	0	NA
rand.23	3	Sardi_Zika_2016	269	0	0	0	89.6484885639329
rand.24	2	Sardi_Zika_2016	6255	11	89.8289497884863	0.360998555710119	NA
rand.24	3	Sardi_Zika_2016	430	11	89.8289497884863	5.17765044498746	90.7629871037347
rand.25	2	Sardi_Zika_2016	3039	0	0	0	NA
rand.25	3	Sardi_Zika_2016	236	0	0	0	88.7713663192136
rand.26	2	Sardi_Zika_2016	2029	0	0	0	NA
rand.26	3	Sardi_Zika_2016	152	0	0	0	91.3685703192262
rand.27	2	Sardi_Zika_2016	6576	8	73.5148059591687	0.28091980326477	NA
rand.27	3	Sardi_Zika_2016	382	8	73.5148059591687	4.63237680218812	89.381676327974
rand.28	2	Sardi_Zika_2016	3461	1	98.5194040831341	0.715135874481071	NA
rand.28	3	Sardi_Zika_2016	303	1	98.5194040831341	7.19974193028085	94.3237449668318
rand.29	2	Sardi_Zika_2016	5605	8	73.0457973146956	0.32654037807645	NA
rand.29	3	Sardi_Zika_2016	325	8	73.0457973146956	5.13209839052536	92.6267469420002
rand.3	2	Sardi_Zika_2016	7604	4	16.4428913003495	0.0534996810365773	NA
rand.3	3	Sardi_Zika_2016	437	4	16.4428913003495	0.89968601561871	89.2834656863741
rand.30	2	Sardi_Zika_2016	4623	8	64.0426705903991	0.350452886380094	NA
rand.30	3	Sardi_Zika_2016	308	8	64.0426705903991	4.80431588169959	91.3710513156846
rand.31	2	Sardi_Zika_2016	1236	1	98.5286003310649	2.07309427799664	NA
rand.31	3	Sardi_Zika_2016	99	1	98.5286003310649	17.5913307610213	92.8692395050905
rand.32	2	Sardi_Zika_2016	5529	2	7.66967077432408	0.034820656916326	NA
rand.32	3	Sardi_Zika_2016	389	2	7.66967077432408	0.495452412211654	90.9849131626238
rand.33	2	Sardi_Zika_2016	4033	2	7.75243700570167	0.0500376617988272	NA
rand.33	3	Sardi_Zika_2016	275	2	7.75243700570167	0.671681035169633	86.7522841580902
rand.34	2	Sardi_Zika_2016	3264	1	98.5194040831341	0.767261229064683	NA
rand.34	3	Sardi_Zika_2016	238	1	98.5194040831341	8.06653213661828	94.1889512265039
rand.35	2	Sardi_Zika_2016	4299	1	98.5194040831341	0.588889756187657	NA
rand.35	3	Sardi_Zika_2016	306	1	98.5194040831341	7.11038249915376	89.089986709919
rand.36	2	Sardi_Zika_2016	8067	1	3.00717307338606	0.00925770477434274	NA
rand.36	3	Sardi_Zika_2016	414	1	3.00717307338606	0.181870766081936	93.4251216073906
rand.37	2	Sardi_Zika_2016	5994	10	92.1280117711974	0.388991139171695	NA
rand.37	3	Sardi_Zika_2016	369	10	92.1280117711974	6.08608486983992	89.1381552135691
rand.38	2	Sardi_Zika_2016	5300	1	98.5286003310649	0.464786178402583	NA
rand.38	3	Sardi_Zika_2016	337	1	98.5286003310649	6.3562313492605	90.8999334790459
rand.39	2	Sardi_Zika_2016	4570	1	4.14750781681074	0.023346186677351	NA
rand.39	3	Sardi_Zika_2016	293	1	4.14750781681074	0.344614162037426	92.2289526146297
rand.4	2	Sardi_Zika_2016	3469	0	0	0	NA
rand.4	3	Sardi_Zika_2016	249	0	0	0	90.9733247094334
rand.40	2	Sardi_Zika_2016	2648	10	88.486297590583	0.878626778118888	NA
rand.40	3	Sardi_Zika_2016	211	10	88.486297590583	10.3454578687626	90.2872219224081
rand.41	2	Sardi_Zika_2016	7447	0	0	0	NA
rand.41	3	Sardi_Zika_2016	420	0	0	0	89.4334641155371
rand.42	2	Sardi_Zika_2016	4239	1	98.5194040831341	0.577003245609594	NA
rand.42	3	Sardi_Zika_2016	261	1	98.5194040831341	7.66703881827551	90.9584156880983
rand.43	2	Sardi_Zika_2016	5854	9	81.0373367665992	0.353112636599732	NA
rand.43	3	Sardi_Zika_2016	324	9	81.0373367665992	6.16210848723453	88.6229329835831
rand.44	2	Sardi_Zika_2016	2105	1	98.5102078352032	1.21510624806453	NA
rand.44	3	Sardi_Zika_2016	170	1	98.5102078352032	13.3983739837398	92.3178023628643
rand.45	2	Sardi_Zika_2016	6642	2	6.06952363435718	0.0230084287544004	NA
rand.45	3	Sardi_Zika_2016	382	2	6.06952363435718	0.393992215668951	91.0407776765594
rand.46	2	Sardi_Zika_2016	3252	1	99.4298326282877	0.785409913947782	NA
rand.46	3	Sardi_Zika_2016	266	1	99.4298326282877	8.18365539635323	92.5716169984749
rand.47	2	Sardi_Zika_2016	2562	1	98.5194040831341	0.989367508517168	NA
rand.47	3	Sardi_Zika_2016	234	1	98.5194040831341	8.81365693130399	95.0846738904878
rand.48	2	Sardi_Zika_2016	6232	1	4.14750781681074	0.0167491932719493	NA
rand.48	3	Sardi_Zika_2016	328	1	4.14750781681074	0.303685298534096	91.5695200529522
rand.49	2	Sardi_Zika_2016	5666	0	0	0	NA
rand.49	3	Sardi_Zika_2016	316	0	0	0	90.9921114091728
rand.5	2	Sardi_Zika_2016	2652	5	49.4758138679419	0.489949211026954	NA
rand.5	3	Sardi_Zika_2016	197	5	49.4758138679419	6.50701499758104	94.7542043984476
rand.50	2	Sardi_Zika_2016	6013	9	87.4563178223285	0.36741283796862	NA
rand.50	3	Sardi_Zika_2016	401	9	87.4563178223285	5.41679719761911	91.6931137273795
rand.51	2	Sardi_Zika_2016	2883	2	26.2185028508369	0.238047526009051	NA
rand.51	3	Sardi_Zika_2016	255	2	26.2185028508369	2.7257517089727	93.0138386538764
rand.52	2	Sardi_Zika_2016	6082	0	0	0	NA
rand.52	3	Sardi_Zika_2016	312	0	0	0	89.1279207579425
rand.53	2	Sardi_Zika_2016	8516	12	97.3330881000552	0.279030626933099	NA
rand.53	3	Sardi_Zika_2016	541	12	97.3330881000552	4.42798870411045	90.4566168069655
rand.54	2	Sardi_Zika_2016	5206	1	98.5194040831341	0.477395567213045	NA
rand.54	3	Sardi_Zika_2016	318	1	98.5194040831341	7.24919137648699	94.4239762455406
rand.55	2	Sardi_Zika_2016	5317	1	98.5102078352032	0.471156404837358	NA
rand.55	3	Sardi_Zika_2016	359	1	98.5102078352032	6.74249243106129	89.7948852937008
rand.56	2	Sardi_Zika_2016	2675	1	99.4298326282877	0.950798883875376	NA
rand.56	3	Sardi_Zika_2016	234	1	99.4298326282877	8.84894912590847	94.7796573645081
rand.57	2	Sardi_Zika_2016	5672	9	85.4975170130587	0.380383861610157	NA
rand.57	3	Sardi_Zika_2016	377	9	85.4975170130587	5.62840537595351	88.1462378835409
rand.58	2	Sardi_Zika_2016	3153	1	98.5102078352032	0.817728650274434	NA
rand.58	3	Sardi_Zika_2016	239	1	98.5102078352032	9.85800134360362	92.2644995967372
rand.59	2	Sardi_Zika_2016	9585	10	92.2567592422292	0.234584904910335	NA
rand.59	3	Sardi_Zika_2016	534	10	92.2567592422292	4.06102877776473	91.9358309528732
rand.6	2	Sardi_Zika_2016	6926	2	7.58690454294648	0.0272856349565695	NA
rand.6	3	Sardi_Zika_2016	405	2	7.58690454294648	0.438848461636665	90.1574529698077
rand.60	2	Sardi_Zika_2016	5138	4	15.0818466065845	0.0741581132367258	NA
rand.60	3	Sardi_Zika_2016	339	4	15.0818466065845	1.06597335066623	89.5939819985546
rand.61	2	Sardi_Zika_2016	5065	0	0	0	NA
rand.61	3	Sardi_Zika_2016	299	0	0	0	88.702354876117
rand.62	2	Sardi_Zika_2016	4778	1	98.5194040831341	0.527542463647434	NA
rand.62	3	Sardi_Zika_2016	248	1	98.5194040831341	9.43760241027539	90.211184716102
rand.63	2	Sardi_Zika_2016	3180	1	98.5286003310649	0.801862080320924	NA
rand.63	3	Sardi_Zika_2016	201	1	98.5286003310649	10.7134643267837	91.8614418026453
rand.64	2	Sardi_Zika_2016	7519	4	16.4888725400037	0.0539877950848524	NA
rand.64	3	Sardi_Zika_2016	499	4	16.4888725400037	0.794346978557505	89.2406900463097
rand.65	2	Sardi_Zika_2016	3810	1	98.5286003310649	0.657141367582702	NA
rand.65	3	Sardi_Zika_2016	311	1	98.5286003310649	7.29146108249001	92.9829326481923
rand.66	2	Sardi_Zika_2016	6568	1	4.03715284164061	0.0155124113425056	NA
rand.66	3	Sardi_Zika_2016	364	1	4.03715284164061	0.288817689590063	90.9666138822908
rand.67	2	Sardi_Zika_2016	1703	1	98.5194040831341	1.47250647735161	NA
rand.67	3	Sardi_Zika_2016	172	1	98.5194040831341	11.1712444472252	93.9977695603686
rand.68	2	Sardi_Zika_2016	3869	0	0	0	NA
rand.68	3	Sardi_Zika_2016	279	0	0	0	89.4812667758616
rand.69	2	Sardi_Zika_2016	1538	1	98.5286003310649	1.61941973563887	NA
rand.69	3	Sardi_Zika_2016	146	1	98.5286003310649	12.6773395808929	94.9362457485874
rand.7	2	Sardi_Zika_2016	5993	11	92.3579179694685	0.389893894354012	NA
rand.7	3	Sardi_Zika_2016	383	11	92.3579179694685	5.78300626497144	90.9699855153067
rand.70	2	Sardi_Zika_2016	8286	2	7.53172705536141	0.0223294678906887	NA
rand.70	3	Sardi_Zika_2016	496	2	7.53172705536141	0.388473852721451	88.8607944534918
rand.71	2	Sardi_Zika_2016	1855	1	98.5194040831341	1.39176864915426	NA
rand.71	3	Sardi_Zika_2016	150	1	98.5194040831341	14.6882198091477	88.7983543062855
rand.72	2	Sardi_Zika_2016	4821	7	64.2541842928085	0.33681996064408	NA
rand.72	3	Sardi_Zika_2016	331	7	64.2541842928085	4.75542276096293	92.0008575103616
rand.73	2	Sardi_Zika_2016	5581	1	4.03715284164061	0.0184920823137765	NA
rand.73	3	Sardi_Zika_2016	334	1	4.03715284164061	0.311327645753108	90.1806928932205
rand.74	2	Sardi_Zika_2016	3461	1	98.5286003310649	0.718973546819847	NA
rand.74	3	Sardi_Zika_2016	239	1	98.5286003310649	8.76529877609791	93.1715059452286
rand.75	2	Sardi_Zika_2016	5748	6	54.8372264116241	0.240348571935284	NA
rand.75	3	Sardi_Zika_2016	337	6	54.8372264116241	4.06223814811535	92.6420882210924
rand.76	2	Sardi_Zika_2016	4367	1	3.00717307338606	0.0177776617971096	NA
rand.76	3	Sardi_Zika_2016	315	1	3.00717307338606	0.252133885406306	87.4928497441368
rand.77	2	Sardi_Zika_2016	5555	10	89.4978848629759	0.412832945188918	NA
rand.77	3	Sardi_Zika_2016	364	10	89.4978848629759	6.12449104170469	92.9993095172654
rand.78	2	Sardi_Zika_2016	2895	1	98.5194040831341	0.8652921178697	NA
rand.78	3	Sardi_Zika_2016	238	1	98.5194040831341	9.75274475174335	91.4912289550402
rand.79	2	Sardi_Zika_2016	7039	1	4.70847894059224	0.0168421994465101	NA
rand.79	3	Sardi_Zika_2016	395	1	4.70847894059224	0.296858058942559	89.663935427219
rand.8	2	Sardi_Zika_2016	5673	10	91.4474894243149	0.410408799191069	NA
rand.8	3	Sardi_Zika_2016	401	10	91.4474894243149	5.82361656896219	91.6012163498312
rand.80	2	Sardi_Zika_2016	1948	1	98.5102078352032	1.31312970343029	NA
rand.80	3	Sardi_Zika_2016	138	1	98.5102078352032	16.0100436420159	91.7591999430564
rand.81	2	Sardi_Zika_2016	3976	1	98.5194040831341	0.632098421612538	NA
rand.81	3	Sardi_Zika_2016	311	1	98.5194040831341	6.94067417768592	89.5988526712987
rand.82	2	Sardi_Zika_2016	5115	1	4.70847894059224	0.0235957313847192	NA
rand.82	3	Sardi_Zika_2016	340	1	4.70847894059224	0.360302034439808	86.2554823399792
rand.83	2	Sardi_Zika_2016	7592	11	95.8340996873276	0.315993466052004	NA
rand.83	3	Sardi_Zika_2016	482	11	95.8340996873276	4.83111271823686	89.8862556933044
rand.84	2	Sardi_Zika_2016	1318	1	98.5194040831341	1.93158235413966	NA
rand.84	3	Sardi_Zika_2016	101	1	98.5194040831341	21.3781130268199	91.187593593746
rand.85	2	Sardi_Zika_2016	2923	2	8.03752069155784	0.071963060060337	NA
rand.85	3	Sardi_Zika_2016	204	2	8.03752069155784	0.938614201640964	91.5157954077318
rand.86	2	Sardi_Zika_2016	7834	6	20.8938752988781	0.0654001716178799	NA
rand.86	3	Sardi_Zika_2016	503	6	20.8938752988781	1.05361275094023	88.4874418255869
rand.87	2	Sardi_Zika_2016	8548	10	94.0132425970204	0.270296352995456	NA
rand.87	3	Sardi_Zika_2016	509	10	94.0132425970204	4.54488872291428	91.1676625790015
rand.88	2	Sardi_Zika_2016	5734	1	98.5286003310649	0.429905432040113	NA
rand.88	3	Sardi_Zika_2016	418	1	98.5286003310649	5.01012406066019	92.4305750419676
rand.89	2	Sardi_Zika_2016	7092	3	11.1826374839066	0.0396863084520414	NA
rand.89	3	Sardi_Zika_2016	469	3	11.1826374839066	0.622615908450885	90.6336783640495
rand.9	2	Sardi_Zika_2016	5312	0	0	0	NA
rand.9	3	Sardi_Zika_2016	311	0	0	0	88.2684284738273
rand.90	2	Sardi_Zika_2016	6408	12	94.8133161670039	0.365335701341785	NA
rand.90	3	Sardi_Zika_2016	417	12	94.8133161670039	5.22390328432018	90.104356007955
rand.91	2	Sardi_Zika_2016	3588	1	98.5194040831341	0.70971225285445	NA
rand.91	3	Sardi_Zika_2016	294	1	98.5194040831341	7.82022176639341	92.1720331332457
rand.92	2	Sardi_Zika_2016	4852	11	96.339893323524	0.50511893390782	NA
rand.92	3	Sardi_Zika_2016	319	11	96.339893323524	6.99150421452359	92.492268392615
rand.93	2	Sardi_Zika_2016	2444	0	0	0	NA
rand.93	3	Sardi_Zika_2016	196	0	0	0	90.0641259199883
rand.94	2	Sardi_Zika_2016	3962	1	98.5194040831341	0.632592975755622	NA
rand.94	3	Sardi_Zika_2016	256	1	98.5194040831341	8.6566199345481	87.7417243148564
rand.95	2	Sardi_Zika_2016	3520	1	98.5194040831341	0.708661573581933	NA
rand.95	3	Sardi_Zika_2016	277	1	98.5194040831341	8.17386925471525	89.9036983489958
rand.96	2	Sardi_Zika_2016	7086	12	97.2779106124701	0.336513852644599	NA
rand.96	3	Sardi_Zika_2016	463	12	97.2779106124701	5.06310937522437	89.0730797348055
rand.97	2	Sardi_Zika_2016	4354	1	98.5194040831341	0.576535598503472	NA
rand.97	3	Sardi_Zika_2016	291	1	98.5194040831341	7.91877947459456	88.0439581610782
rand.98	2	Sardi_Zika_2016	7769	7	25.7494942063638	0.0824433621463069	NA
rand.98	3	Sardi_Zika_2016	504	7	25.7494942063638	1.22815097484484	89.3816195572529
rand.99	2	Sardi_Zika_2016	4377	1	98.5194040831341	0.567407815429594	NA
rand.99	3	Sardi_Zika_2016	319	1	98.5194040831341	6.73871063109758	91.1408028921384
rand.83	1	LA_IVA_2024	763	18	100	8.76922034816772	NA
rand.96	1	LA_IVA_2024	33	23	86.2625557693953	80.3431071013601	NA
rand.48	1	LA_IVA_2024	768	21	78.0741921301775	3.84120669154433	NA
rand.85	1	LA_IVA_2024	90	12	100	57.3875959546728	NA
rand.3	1	LA_IVA_2024	232	4	9.7279	1.56152785741299	NA
rand.97	1	LA_IVA_2024	30	19	59.097088622912	66.4217989237209	NA
rand.56	1	LA_IVA_2024	1336	14	99.9486015435835	0.847760406227865	NA
rand.82	1	LA_IVA_2024	42	8	98.8478779773086	29.2959829487375	NA
rand.53	1	LA_IVA_2024	22	6	13.7710956822107	23.106350420811	NA
rand.84	1	LA_IVA_2024	156	13	100	25.621366046898	NA
rand.9	1	LA_IVA_2024	22	10	100	79.8165673559995	NA
rand.45	1	LA_IVA_2024	172	8	98.7011	19.7802844243128	NA
rand.62	1	LA_IVA_2024	791	22	100	8.86011281056791	NA
rand.6	1	LA_IVA_2024	1089	1	2.1812	0.0709219858156028	NA
rand.87	1	LA_IVA_2024	63	17	46.4507937520771	16.1920152594908	NA
rand.69	1	LA_IVA_2024	3003	17	100	1.89012061166228	NA
rand.11	1	LA_IVA_2024	43	26	96.800475071144	69.6772428884026	NA
rand.63	1	LA_IVA_2024	137	14	99.4755786005648	26.191619642214	NA
rand.29	1	LA_IVA_2024	40	14	100	87.0750942076842	NA
rand.46	1	LA_IVA_2024	1226	18	90.3060023027928	2.56455142231947	NA
rand.98	1	LA_IVA_2024	124	17	100	32.12761816358	NA
rand.74	1	LA_IVA_2024	44	11	98.6350968609192	42.4381156857792	NA
rand.95	1	LA_IVA_2024	864	8	100	5.33048114834651	NA
rand.57	1	LA_IVA_2024	48	11	96.9295861529872	53.3104831967898	NA
rand.31	1	LA_IVA_2024	19	10	100	81.6557580045993	NA
rand.27	1	LA_IVA_2024	1325	20	85.8663306915477	0.733504302544039	NA
rand.5	1	LA_IVA_2024	873	16	100	9.96869760065406	NA
rand.71	1	LA_IVA_2024	160	22	78.1390013919344	22.6326864624737	NA
rand.4	1	LA_IVA_2024	36	9	100	31.6149667643485	NA
rand.73	1	LA_IVA_2024	609	20	57.3719917252569	4.42961841557085	NA
rand.91	1	LA_IVA_2024	1750	27	100	4.12261876374427	NA
rand.55	1	LA_IVA_2024	159	1	2.7512	0.774215625467844	NA
rand.38	1	LA_IVA_2024	742	8	98.4149010790824	4.52045005629074	NA
rand.66	1	LA_IVA_2024	41	8	98.3488910990009	56.2683684608279	NA
rand.26	1	LA_IVA_2024	34	9	100	86.2832618025751	NA
rand.12	1	LA_IVA_2024	799	20	100	8.8793956015946	NA
rand.89	1	LA_IVA_2024	305	1	1.9076	0.167344489632642	NA
rand.70	1	LA_IVA_2024	87	13	31.6796960944596	18.5709369353867	NA
rand.30	1	LA_IVA_2024	NA	NA	NA	NA	NA
rand.77	1	LA_IVA_2024	181	15	100	33.2687053846832	NA
rand.23	1	LA_IVA_2024	49	22	57.9364759430331	49.2114941095805	NA
rand.75	1	LA_IVA_2024	152	10	100	30.0902466097196	NA
rand.15	1	LA_IVA_2024	175	13	46.4280927062374	7.11167506781062	NA
rand.8	1	LA_IVA_2024	79	18	100	49.5970868876226	NA
rand.17	1	LA_IVA_2024	419	8	100	8.31111547959848	NA
rand.25	1	LA_IVA_2024	82	25	75.6422551525934	40.2613162897941	NA
rand.65	1	LA_IVA_2024	114	8	98.6571151253627	31.552760045062	NA
rand.60	1	LA_IVA_2024	165	11	96.8763815730337	19.5965993819853	NA
rand.72	1	LA_IVA_2024	49	8	100	55.258423290808	NA
rand.80	1	LA_IVA_2024	53	13	100	67.8650687971593	NA
rand.34	1	LA_IVA_2024	1302	18	70.7565650270946	0.606876549527282	NA
rand.100	1	LA_IVA_2024	3025	10	100	1.59091572962597	NA
rand.49	1	LA_IVA_2024	82	20	100	64.7282824276081	NA
rand.54	1	LA_IVA_2024	1729	5	15.2226951857666	0.388831622124772	NA
rand.92	1	LA_IVA_2024	40	17	97.0891764705882	23.7131772873239	NA
rand.18	1	LA_IVA_2024	726	12	100	5.44645042483013	NA
rand.52	1	LA_IVA_2024	299	20	63.4594950411224	8.77940047734704	NA
rand.13	1	LA_IVA_2024	24	10	100	76.575426128477	NA
rand.36	1	LA_IVA_2024	180	8	98.8478779773086	14.5021155647427	NA
rand.2	1	LA_IVA_2024	153	22	90.1519215406562	23.9007782101167	NA
rand.81	1	LA_IVA_2024	217	16	37.6196933718769	4.36146404215201	NA
rand.90	1	LA_IVA_2024	19	3	5.25426854724965	13.4611769129536	NA
rand.79	1	LA_IVA_2024	82	14	95.406191975213	41.4018215400293	NA
rand.20	1	LA_IVA_2024	884	16	100	9.29445456912262	NA
rand.67	1	LA_IVA_2024	1187	8	100	2.90718733290788	NA
rand.42	1	LA_IVA_2024	710	11	100	5.58612302780386	NA
rand.50	1	LA_IVA_2024	3030	13	99.7945677981175	1.01936409490678	NA
rand.43	1	LA_IVA_2024	10	10	100	100	NA
rand.16	1	LA_IVA_2024	40	12	100	62.6996730499766	NA
rand.22	1	LA_IVA_2024	39	19	44.2468949703109	12.5180072674106	NA
rand.21	1	LA_IVA_2024	1332	8	99.0533336705095	0.837979635940126	NA
rand.61	1	LA_IVA_2024	119	10	100	43.7987178553216	NA
rand.1	1	LA_IVA_2024	245	24	100	32.1807638976428	NA
rand.19	1	LA_IVA_2024	158	10	95.9719815942968	23.3105052332343	NA
rand.40	1	LA_IVA_2024	42	10	100	63.8109644297763	NA
rand.41	1	LA_IVA_2024	NA	NA	NA	NA	NA
rand.10	1	LA_IVA_2024	3007	2	5.7836	0.0577380785283391	NA
rand.76	1	LA_IVA_2024	100	6	23.5121512287335	11.7504675981956	NA
rand.51	1	LA_IVA_2024	352	9	100	12.9878702073927	NA
rand.14	1	LA_IVA_2024	35	16	100	87.5553645798903	NA
rand.68	1	LA_IVA_2024	778	19	91.4500855119179	4.40583636929499	NA
rand.88	1	LA_IVA_2024	91	7	15.3746978798587	7.93364445664536	NA
rand.35	1	LA_IVA_2024	719	13	100	5.48844146159582	NA
rand.58	1	LA_IVA_2024	123	17	100	47.0410985029084	NA
rand.28	1	LA_IVA_2024	44	9	100	71.2497018840925	NA
rand.44	1	LA_IVA_2024	2124	14	100	1.08909235558557	NA
rand.32	1	LA_IVA_2024	30	8	100	70.2521095947495	NA
rand.99	1	LA_IVA_2024	18	8	100	78.5597476930265	NA
rand.39	1	LA_IVA_2024	32	8	98.8478616286838	62.7591669384522	NA
rand.7	1	LA_IVA_2024	78	8	100	53.3009821584239	NA
rand.93	1	LA_IVA_2024	53	13	28.7201974269633	9.27657903134742	NA
rand.33	1	LA_IVA_2024	32	11	100	88.8513636198569	NA
rand.86	1	LA_IVA_2024	67	15	100	59.9876044440364	NA
rand.37	1	LA_IVA_2024	74	14	99.0827389707099	48.4741868313348	NA
rand.24	1	LA_IVA_2024	231	6	10.9341685772084	2.21987157521491	NA
rand.78	1	LA_IVA_2024	42	16	100	61.8376186526587	NA
rand.64	1	LA_IVA_2024	NA	NA	NA	NA	NA
rand.59	1	LA_IVA_2024	44	13	100	83.6384357860246	NA
rand.94	1	LA_IVA_2024	310	8	100	6.90662818034852	NA
rand.47	1	LA_IVA_2024	NA	NA	NA	NA	NA
rand.1	2	LA_IVA_2024	188	19	100	25.8640170144889	NA
rand.1	3	LA_IVA_2024	19	19	100	100	NA
rand.10	2	LA_IVA_2024	24	1	3.65962511157394	2.77856215056192	NA
rand.10	3	LA_IVA_2024	1	1	3.65962511157394	100	NA
rand.100	2	LA_IVA_2024	215	9	100	11.0047043010753	NA
rand.100	3	LA_IVA_2024	9	9	100	100	NA
rand.11	2	LA_IVA_2024	29	26	94.7411484677179	89.7730476458979	NA
rand.11	3	LA_IVA_2024	25	25	93.0377863731032	100	NA
rand.12	2	LA_IVA_2024	30	23	100	91.635893648449	NA
rand.12	3	LA_IVA_2024	22	22	100	100	NA
rand.13	2	LA_IVA_2024	17	10	99.0330258851532	82.5674418604651	NA
rand.13	3	LA_IVA_2024	10	10	99.0330258851532	100	NA
rand.14	2	LA_IVA_2024	15	10	100	88.6549204984959	NA
rand.14	3	LA_IVA_2024	9	9	94.6146980065457	100	NA
rand.15	2	LA_IVA_2024	27	20	45.4403451353764	69.9210255236351	NA
rand.15	3	LA_IVA_2024	19	19	43.7221065159179	100	NA
rand.16	2	LA_IVA_2024	15	2	10.3689378161262	24.9686548450654	NA
rand.16	3	LA_IVA_2024	1	1	1.60666468313002	100	NA
rand.17	2	LA_IVA_2024	89	7	87.4144599821482	19.6210034226563	NA
rand.17	3	LA_IVA_2024	7	7	87.4144599821482	100	NA
rand.18	2	LA_IVA_2024	46	11	100	49.3530697824451	NA
rand.18	3	LA_IVA_2024	11	11	100	100	NA
rand.19	2	LA_IVA_2024	29	10	93.930377863731	69.9728486729096	NA
rand.19	3	LA_IVA_2024	10	10	93.930377863731	100	NA
rand.2	2	LA_IVA_2024	34	12	52.2612317762571	52.8429602888087	NA
rand.2	3	LA_IVA_2024	11	11	43.052662897947	100	NA
rand.20	2	LA_IVA_2024	63	27	100	69.5635640320599	NA
rand.20	3	LA_IVA_2024	27	27	100	100	NA
rand.21	2	LA_IVA_2024	108	8	100	5.35271700552403	NA
rand.21	3	LA_IVA_2024	8	8	100	100	NA
rand.22	2	LA_IVA_2024	19	12	30.2290984825945	70.1173222912353	NA
rand.22	3	LA_IVA_2024	11	11	28.0571258554002	100	NA
rand.23	2	LA_IVA_2024	25	18	50.1190121987504	77.5463229370468	NA
rand.23	3	LA_IVA_2024	18	18	50.1190121987504	100	NA
rand.24	2	LA_IVA_2024	33	6	11.0830110086284	16.1063668792563	NA
rand.24	3	LA_IVA_2024	5	5	9.57304373698304	100	NA
rand.25	2	LA_IVA_2024	56	26	61.7822076762868	44.3933725280599	NA
rand.25	3	LA_IVA_2024	26	26	61.7822076762868	100	NA
rand.26	2	LA_IVA_2024	15	8	99.7247842903898	84.1355506746156	NA
rand.26	3	LA_IVA_2024	8	8	99.7247842903898	100	NA
rand.27	2	LA_IVA_2024	771	21	65.0996727164534	0.690849558667747	NA
rand.27	3	LA_IVA_2024	21	21	65.0996727164534	100	NA
rand.28	2	LA_IVA_2024	34	18	100	75.775273930122	NA
rand.28	3	LA_IVA_2024	17	17	100	100	NA
rand.29	2	LA_IVA_2024	21	15	100	88.5580026043141	NA
rand.29	3	LA_IVA_2024	14	14	100	100	NA
rand.3	2	LA_IVA_2024	51	4	9.52097590002975	9.6903626315391	NA
rand.3	3	LA_IVA_2024	4	4	9.52097590002975	100	NA
rand.30	2	LA_IVA_2024	8	0	0	0	NA
rand.30	3	LA_IVA_2024	0	0	0	0	0
rand.31	2	LA_IVA_2024	17	10	100	86.0742621390035	NA
rand.31	3	LA_IVA_2024	10	10	100	100	NA
rand.32	2	LA_IVA_2024	15	8	100	88.0122683372488	NA
rand.32	3	LA_IVA_2024	7	7	89.6087473966082	100	NA
rand.33	2	LA_IVA_2024	15	12	100	88.4104199893674	NA
rand.33	3	LA_IVA_2024	11	11	99.6801547158584	100	NA
rand.34	2	LA_IVA_2024	193	14	60.9044927105028	1.73747344878294	NA
rand.34	3	LA_IVA_2024	14	14	60.9044927105028	100	NA
rand.35	2	LA_IVA_2024	50	12	98.9288902112467	41.2479841210768	NA
rand.35	3	LA_IVA_2024	12	12	98.9288902112467	100	NA
rand.36	2	LA_IVA_2024	15	5	70.8420113061589	67.4695381127798	NA
rand.36	3	LA_IVA_2024	5	5	70.8420113061589	100	NA
rand.37	2	LA_IVA_2024	49	18	100	60.8335210633025	NA
rand.37	3	LA_IVA_2024	17	17	93.7816126152931	100	NA
rand.38	2	LA_IVA_2024	31	8	99.7545373400773	24.6698061145653	NA
rand.38	3	LA_IVA_2024	10	8	99.7545373400773	95.9779574894439	100
rand.39	2	LA_IVA_2024	13	8	100	84.2138168177555	NA
rand.39	3	LA_IVA_2024	7	7	93.7221065159179	100	NA
rand.4	2	LA_IVA_2024	27	22	100	91.5455062865421	NA
rand.4	3	LA_IVA_2024	22	22	100	100	NA
rand.40	2	LA_IVA_2024	40	11	100	65.0544417963456	NA
rand.40	3	LA_IVA_2024	10	10	86.328473668551	100	NA
rand.41	2	LA_IVA_2024	59	0	0	0	NA
rand.41	3	LA_IVA_2024	2	0	0	0	100
rand.42	2	LA_IVA_2024	67	11	100	37.7593916512705	NA
rand.42	3	LA_IVA_2024	11	11	100	100	NA
rand.43	2	LA_IVA_2024	0	0	0	0	NA
rand.43	3	LA_IVA_2024	0	0	0	0	0
rand.44	2	LA_IVA_2024	1173	9	97.1437072299911	0.839713160156961	NA
rand.44	3	LA_IVA_2024	11	9	97.1437072299911	96.927415763693	100
rand.45	2	LA_IVA_2024	20	8	100	79.3603965069625	NA
rand.45	3	LA_IVA_2024	8	8	100	100	NA
rand.46	2	LA_IVA_2024	101	16	87.1020529604284	35.1050753964685	NA
rand.46	3	LA_IVA_2024	16	16	87.1020529604284	100	NA
rand.47	2	LA_IVA_2024	13	0	0	0	NA
rand.47	3	LA_IVA_2024	0	0	0	0	0
rand.48	2	LA_IVA_2024	29	21	76.4132698601607	58.9419932296747	NA
rand.48	3	LA_IVA_2024	21	21	76.4132698601607	100	NA
rand.49	2	LA_IVA_2024	43	33	100	87.6037472265593	NA
rand.49	3	LA_IVA_2024	33	33	100	100	NA
rand.5	2	LA_IVA_2024	67	16	100	58.4244807668674	NA
rand.5	3	LA_IVA_2024	16	16	100	100	NA
rand.50	2	LA_IVA_2024	632	12	99.0850937221065	3.17487177531603	NA
rand.50	3	LA_IVA_2024	13	12	99.0850937221065	98.4552845528455	100
rand.51	2	LA_IVA_2024	57	8	95.1130615888129	44.7990750797043	NA
rand.51	3	LA_IVA_2024	8	8	95.1130615888129	100	NA
rand.52	2	LA_IVA_2024	20	4	12.5781017554299	20.8148695224028	NA
rand.52	3	LA_IVA_2024	4	4	12.5781017554299	100	NA
rand.53	2	LA_IVA_2024	20	6	13.4781315084796	24.8253185367859	NA
rand.53	3	LA_IVA_2024	6	6	13.4781315084796	100	NA
rand.54	2	LA_IVA_2024	20	5	14.8988396310622	24.7009495622148	NA
rand.54	3	LA_IVA_2024	4	4	11.4177328176138	100	NA
rand.55	2	LA_IVA_2024	29	1	2.69265099672716	4.3322163714696	NA
rand.55	3	LA_IVA_2024	1	1	2.69265099672716	100	NA
rand.56	2	LA_IVA_2024	663	14	99.1520380839036	1.0915367822511	NA
rand.56	3	LA_IVA_2024	16	14	99.1520380839036	95.4665902742964	100
rand.57	2	LA_IVA_2024	25	11	94.8675989288902	77.4518734438574	NA
rand.57	3	LA_IVA_2024	11	11	94.8675989288902	100	NA
rand.58	2	LA_IVA_2024	32	20	100	83.0257283564229	NA
rand.58	3	LA_IVA_2024	19	19	100	100	NA
rand.59	2	LA_IVA_2024	31	24	100	91.8653576437588	NA
rand.59	3	LA_IVA_2024	24	24	100	100	NA
rand.6	2	LA_IVA_2024	43	1	2.1347813150848	1.45390070921986	NA
rand.6	3	LA_IVA_2024	1	1	2.1347813150848	100	NA
rand.60	2	LA_IVA_2024	19	11	94.8155310919369	79.5146902875678	NA
rand.60	3	LA_IVA_2024	10	10	87.3400773579292	100	NA
rand.61	2	LA_IVA_2024	17	11	100	89.8987072583804	NA
rand.61	3	LA_IVA_2024	11	11	100	100	NA
rand.62	2	LA_IVA_2024	47	20	100	69.0595219496954	NA
rand.62	3	LA_IVA_2024	19	19	100	100	NA
rand.63	2	LA_IVA_2024	41	12	93.8783100267777	59.0373280943026	NA
rand.63	3	LA_IVA_2024	11	11	86.3805415055043	100	NA
rand.64	2	LA_IVA_2024	97	0	0	0	NA
rand.64	3	LA_IVA_2024	0	0	0	0	0
rand.65	2	LA_IVA_2024	66	8	100	48.7401660443027	NA
rand.65	3	LA_IVA_2024	8	8	100	100	NA
rand.66	2	LA_IVA_2024	16	8	99.6875929782803	82.8050664195243	NA
rand.66	3	LA_IVA_2024	8	8	99.6875929782803	100	NA
rand.67	2	LA_IVA_2024	79	6	83.1002677774472	19.9105344763059	NA
rand.67	3	LA_IVA_2024	6	6	83.1002677774472	100	NA
rand.68	2	LA_IVA_2024	50	19	89.5046117227016	56.8371829389259	NA
rand.68	3	LA_IVA_2024	19	19	89.5046117227016	100	NA
rand.69	2	LA_IVA_2024	182	22	100	16.5627737226277	NA
rand.69	3	LA_IVA_2024	22	22	100	100	NA
rand.7	2	LA_IVA_2024	32	9	100	70.4321649063728	NA
rand.7	3	LA_IVA_2024	8	8	91.9294852722404	100	NA
rand.70	2	LA_IVA_2024	58	11	21.4073192502231	18.8969139855548	NA
rand.70	3	LA_IVA_2024	10	10	19.8452841416245	100	NA
rand.71	2	LA_IVA_2024	94	22	79.2026182683725	35.3507519670662	NA
rand.71	3	LA_IVA_2024	22	22	79.2026182683725	100	NA
rand.72	2	LA_IVA_2024	36	8	100	66.4241828459081	NA
rand.72	3	LA_IVA_2024	8	8	100	100	NA
rand.73	2	LA_IVA_2024	558	20	56.1514430229099	4.77461465969249	NA
rand.73	3	LA_IVA_2024	20	20	56.1514430229099	100	NA
rand.74	2	LA_IVA_2024	17	11	99.9776852127343	84.5239592504088	NA
rand.74	3	LA_IVA_2024	10	10	92.4427253793514	100	NA
rand.75	2	LA_IVA_2024	33	23	100	84.2255571732557	NA
rand.75	3	LA_IVA_2024	23	23	100	100	NA
rand.76	2	LA_IVA_2024	35	6	23.832192799762	26.8791946308725	NA
rand.76	3	LA_IVA_2024	6	6	23.832192799762	100	NA
rand.77	2	LA_IVA_2024	18	10	99.6875929782803	78.2689949191146	NA
rand.77	3	LA_IVA_2024	9	9	89.0062481404344	100	NA
rand.78	2	LA_IVA_2024	25	16	96.0056530794406	86.4327328735016	NA
rand.78	3	LA_IVA_2024	15	15	90.7244867598929	100	NA
rand.79	2	LA_IVA_2024	38	14	96.7048497470991	68.1751442055585	NA
rand.79	3	LA_IVA_2024	14	14	96.7048497470991	100	NA
rand.8	2	LA_IVA_2024	60	22	100	61.6512992455993	NA
rand.8	3	LA_IVA_2024	22	22	100	100	NA
rand.80	2	LA_IVA_2024	14	12	83.8069027075275	93.4555408095554	NA
rand.80	3	LA_IVA_2024	11	11	75.9818506396906	100	NA
rand.81	2	LA_IVA_2024	31	11	28.3397798274323	41.4085425497229	NA
rand.81	3	LA_IVA_2024	10	10	26.3835168104731	100	NA
rand.82	2	LA_IVA_2024	8	2	19.9642963403749	45.73181121145	NA
rand.82	3	LA_IVA_2024	2	2	19.9642963403749	100	NA
rand.83	2	LA_IVA_2024	43	30	100	80.5531547104581	NA
rand.83	3	LA_IVA_2024	29	29	100	100	NA
rand.84	2	LA_IVA_2024	59	25	100	69.5171457803888	NA
rand.84	3	LA_IVA_2024	25	25	100	100	NA
rand.85	2	LA_IVA_2024	52	30	100	80.3254084660777	NA
rand.85	3	LA_IVA_2024	29	29	100	100	NA
rand.86	2	LA_IVA_2024	28	22	100	93.9543264810797	NA
rand.86	3	LA_IVA_2024	21	21	100	100	NA
rand.87	2	LA_IVA_2024	25	17	45.4626599226421	72.8486293206198	NA
rand.87	3	LA_IVA_2024	16	16	39.2591490627789	100	NA
rand.88	2	LA_IVA_2024	22	7	15.0476048795001	28.4408828904822	NA
rand.88	3	LA_IVA_2024	6	6	13.5153228205891	100	NA
rand.89	2	LA_IVA_2024	19	1	1.86700386789646	0.862809803719363	NA
rand.89	3	LA_IVA_2024	1	1	1.86700386789646	100	NA
rand.9	2	LA_IVA_2024	16	10	100	87.9214929214929	NA
rand.9	3	LA_IVA_2024	9	9	84.2755132401071	100	NA
rand.90	2	LA_IVA_2024	0	0	0	0	NA
rand.90	3	LA_IVA_2024	0	0	0	0	0
rand.91	2	LA_IVA_2024	26	12	93.640285629277	69.5832412115852	NA
rand.91	3	LA_IVA_2024	12	12	93.640285629277	100	NA
rand.92	2	LA_IVA_2024	26	10	63.7756620053555	64.6850245190494	NA
rand.92	3	LA_IVA_2024	10	10	63.7756620053555	100	NA
rand.93	2	LA_IVA_2024	44	13	28.1091936923535	32.3599931495119	NA
rand.93	3	LA_IVA_2024	13	13	28.1091936923535	100	NA
rand.94	2	LA_IVA_2024	22	8	100	42.3205524827349	NA
rand.94	3	LA_IVA_2024	8	8	100	100	NA
rand.95	2	LA_IVA_2024	76	8	100	41.955826162592	NA
rand.95	3	LA_IVA_2024	8	8	100	100	NA
rand.96	2	LA_IVA_2024	13	5	16.3864921154418	48.5028621752532	NA
rand.96	3	LA_IVA_2024	4	4	13.745908955668	100	NA
rand.97	2	LA_IVA_2024	24	19	57.8399285926807	80.6304437992534	NA
rand.97	3	LA_IVA_2024	18	18	55.5935733412675	100	NA
rand.98	2	LA_IVA_2024	28	15	100	76.6764176417642	NA
rand.98	3	LA_IVA_2024	14	14	84.4689080630765	100	NA
rand.99	2	LA_IVA_2024	17	8	100	79.4882401607375	NA
rand.99	3	LA_IVA_2024	8	8	100	100	NA
rand.38	1	LA_RHV_2024	219	2	100	5.34200311924669	NA
rand.67	1	LA_RHV_2024	7431	1	40.8154278688525	0.12647417525856	NA
rand.10	1	LA_RHV_2024	96	2	95.6705401595745	7.36553688162068	NA
rand.55	1	LA_RHV_2024	5639	1	97.4640051118211	0.290738742233104	NA
rand.76	1	LA_RHV_2024	5631	1	12.7516620320856	0.0380153486970364	NA
rand.64	1	LA_RHV_2024	2302	1	99.7056108910891	0.809444888701328	NA
rand.74	1	LA_RHV_2024	45	1	98.1924288924559	18.0107941403238	NA
rand.4	1	LA_RHV_2024	6766	1	9.93413118881119	0.0344003089720275	NA
rand.11	1	LA_RHV_2024	64	2	100	23.1039470965075	NA
rand.59	1	LA_RHV_2024	3417	1	2.80225806451613	0.0129488726711452	NA
rand.60	1	LA_RHV_2024	97	2	9.20556169811321	1.33514875629979	NA
rand.62	1	LA_RHV_2024	160	3	100	14.9350447699394	NA
rand.25	1	LA_RHV_2024	8056	1	3.53084516129032	0.00989060674947564	NA
rand.65	1	LA_RHV_2024	274	1	7.70416843137255	0.434689997396594	NA
rand.7	1	LA_RHV_2024	253	1	96.4557876010782	5.59966161254637	NA
rand.80	1	LA_RHV_2024	2770	2	100	0.735359030800678	NA
rand.100	1	LA_RHV_2024	3846	1	7.83242165725047	0.0334837005059693	NA
rand.21	1	LA_RHV_2024	96	1	2.85831133004926	0.526451612903226	NA
rand.20	1	LA_RHV_2024	51	1	99.9017587490692	12.7642814944772	NA
rand.96	1	LA_RHV_2024	2295	1	7.53824129930394	0.0609895036837434	NA
rand.66	1	LA_RHV_2024	3396	1	2.80225806451613	0.0128686630681595	NA
rand.13	1	LA_RHV_2024	83	1	5.34115668449198	0.477434352776493	NA
rand.26	1	LA_RHV_2024	203	3	100	20.2957171572678	NA
rand.14	1	LA_RHV_2024	436	1	98.1924288924559	3.28765580945858	NA
rand.92	1	LA_RHV_2024	10159	1	9.07945398773006	0.0169012100796939	NA
rand.84	1	LA_RHV_2024	159	1	97.4640051118211	8.9165769368815	NA
rand.35	1	LA_RHV_2024	8961	1	11.40944	0.0282175531854194	NA
rand.52	1	LA_RHV_2024	631	1	99.7056108910891	1.86976296891874	NA
rand.15	1	LA_RHV_2024	41	1	99.7056108910891	12.335962555257	NA
rand.31	1	LA_RHV_2024	5728	2	19.0135627972028	0.040781931170198	NA
rand.72	1	LA_RHV_2024	3378	1	99.7056108910891	0.466923312635866	NA
rand.36	1	LA_RHV_2024	NA	NA	NA	NA	NA
rand.2	1	LA_RHV_2024	3448	1	2.80225806451613	0.0128920803950133	NA
rand.12	1	LA_RHV_2024	62	1	99.7056108910891	19.5071136818443	NA
rand.87	1	LA_RHV_2024	7062	1	5.07218497109827	0.0148947962437134	NA
rand.19	1	LA_RHV_2024	455	1	99.7056108910891	2.88076172586613	NA
rand.49	1	LA_RHV_2024	NA	NA	NA	NA	NA
rand.51	1	LA_RHV_2024	5752	2	12.8775189473684	0.0275923557490516	NA
rand.82	1	LA_RHV_2024	NA	NA	NA	NA	NA
rand.50	1	LA_RHV_2024	498	1	9.93413118881119	0.43544751598381	NA
rand.22	1	LA_RHV_2024	78	1	11.2696184313725	0.869978196576215	NA
rand.40	1	LA_RHV_2024	3850	1	2.80225806451613	0.0112862931919387	NA
rand.53	1	LA_RHV_2024	2401	1	12.3042526315789	0.048056208288713	NA
rand.58	1	LA_RHV_2024	190	1	8.48711302876481	0.647915888349256	NA
rand.47	1	LA_RHV_2024	NA	NA	NA	NA	NA
rand.29	1	LA_RHV_2024	3416	1	99.7056108910891	0.454715371564953	NA
rand.91	1	LA_RHV_2024	284	1	5.34115668449198	0.173853680737285	NA
rand.89	1	LA_RHV_2024	316	1	12.2459885714286	0.593915424812618	NA
rand.1	1	LA_RHV_2024	9145	1	7.10286626262626	0.0157533838764736	NA
rand.9	1	LA_RHV_2024	79	1	97.4640051118211	9.96618717405009	NA
rand.94	1	LA_RHV_2024	9210	1	98.9910737704918	0.169622190279844	NA
rand.32	1	LA_RHV_2024	NA	NA	NA	NA	NA
rand.98	1	LA_RHV_2024	197	1	4.30648028673835	0.311646261256703	NA
rand.69	1	LA_RHV_2024	2415	2	11.3114455607477	0.0435054766350315	NA
rand.75	1	LA_RHV_2024	2447	2	22.5445653846154	0.0875932277206163	NA
rand.95	1	LA_RHV_2024	4799	1	12.3042526315789	0.0325785596796639	NA
rand.33	1	LA_RHV_2024	2493	1	12.3042526315789	0.0474262118205521	NA
rand.83	1	LA_RHV_2024	2282	2	100	1.1129813857279	NA
rand.37	1	LA_RHV_2024	2401	1	12.3042526315789	0.0478522496538869	NA
rand.18	1	LA_RHV_2024	2258	1	2.85831133004926	0.0231750236862374	NA
rand.16	1	LA_RHV_2024	305	1	40.8154278688525	2.61579353819077	NA
rand.42	1	LA_RHV_2024	2323	1	11.2696184313725	0.0887517604451242	NA
rand.85	1	LA_RHV_2024	7088	1	3.54487725490196	0.0101277051580843	NA
rand.6	1	LA_RHV_2024	3552	1	5.42504919786096	0.0227506337048293	NA
rand.73	1	LA_RHV_2024	6781	1	4.30152295081967	0.0147851695598884	NA
rand.93	1	LA_RHV_2024	6769	1	7.15990952380952	0.0247919128877193	NA
rand.70	1	LA_RHV_2024	NA	NA	NA	NA	NA
rand.34	1	LA_RHV_2024	115	1	6.65549276595745	0.552242615495278	NA
rand.24	1	LA_RHV_2024	6877	1	4.45564375	0.0133371807045387	NA
rand.56	1	LA_RHV_2024	NA	NA	NA	NA	NA
rand.61	1	LA_RHV_2024	13579	1	97.4640051118211	0.157833138878187	NA
rand.8	1	LA_RHV_2024	90	1	100	11.7759407485165	NA
rand.39	1	LA_RHV_2024	2423	1	100	0.40152861983559	NA
rand.30	1	LA_RHV_2024	348	2	13.5346626865672	0.524681153214485	NA
rand.46	1	LA_RHV_2024	NA	NA	NA	NA	NA
rand.27	1	LA_RHV_2024	2420	2	100	0.43655391025858	NA
rand.45	1	LA_RHV_2024	65	1	9.93413118881119	1.15524995111777	NA
rand.77	1	LA_RHV_2024	3541	2	100	0.445414836561883	NA
rand.44	1	LA_RHV_2024	92	2	16.1693015576324	1.93614415381776	NA
rand.68	1	LA_RHV_2024	7030	1	99.7056108910891	0.331244821390335	NA
rand.81	1	LA_RHV_2024	178	2	13.3809142857143	1.18781094527363	NA
rand.57	1	LA_RHV_2024	2469	1	3.15991806167401	0.0122035640886908	NA
rand.23	1	LA_RHV_2024	50	1	99.6075786885246	11.6891658582304	NA
rand.97	1	LA_RHV_2024	NA	NA	NA	NA	NA
rand.79	1	LA_RHV_2024	NA	NA	NA	NA	NA
rand.43	1	LA_RHV_2024	2434	2	12.8775189473684	0.0499998099898643	NA
rand.99	1	LA_RHV_2024	6491	1	11.2696184313725	0.0330633162506199	NA
rand.5	1	LA_RHV_2024	103	2	100	15.72358321261	NA
rand.63	1	LA_RHV_2024	96	2	17.822661682243	2.20484997659947	NA
rand.41	1	LA_RHV_2024	2387	2	100	0.433281855374028	NA
rand.28	1	LA_RHV_2024	501	1	11.5314057142857	0.32220051599062	NA
rand.88	1	LA_RHV_2024	13748	1	99.7056108910891	0.1611660485917	NA
rand.71	1	LA_RHV_2024	2314	2	100	0.814341350431707	NA
rand.17	1	LA_RHV_2024	2491	1	12.3042526315789	0.0470516273981626	NA
rand.86	1	LA_RHV_2024	2537	1	12.344141744186	0.0917713113089131	NA
rand.48	1	LA_RHV_2024	40	1	99.7056108910891	24.9745551538974	NA
rand.3	1	LA_RHV_2024	2409	2	100	0.391372239144015	NA
rand.78	1	LA_RHV_2024	NA	NA	NA	NA	NA
rand.54	1	LA_RHV_2024	NA	NA	NA	NA	NA
rand.90	1	LA_RHV_2024	9076	1	12.3042526315789	0.0230797697163523	NA
rand.1	2	LA_RHV_2024	1082	1	7.10986703988803	0.104614573551459	NA
rand.1	3	LA_RHV_2024	1	1	7.10986703988803	100	NA
rand.10	2	LA_RHV_2024	11	9	100	95.7704133925521	NA
rand.10	3	LA_RHV_2024	8	8	100	100	NA
rand.100	2	LA_RHV_2024	117	12	70.7627711686494	5.72224045633057	NA
rand.100	3	LA_RHV_2024	12	12	70.7627711686494	100	NA
rand.11	2	LA_RHV_2024	8	5	100	91.2578344499676	NA
rand.11	3	LA_RHV_2024	4	4	100	100	NA
rand.12	2	LA_RHV_2024	24	4	100	54.8707473409875	NA
rand.12	3	LA_RHV_2024	4	4	100	100	NA
rand.13	2	LA_RHV_2024	25	1	5.34639608117565	1.02281246653101	NA
rand.13	3	LA_RHV_2024	1	1	5.34639608117565	100	NA
rand.14	2	LA_RHV_2024	48	3	100	38.9989794182684	NA
rand.14	3	LA_RHV_2024	3	3	100	100	NA
rand.15	2	LA_RHV_2024	3	2	100	97.3506424692012	NA
rand.15	3	LA_RHV_2024	2	2	100	100	NA
rand.16	2	LA_RHV_2024	27	4	100	38.5134179125595	NA
rand.16	3	LA_RHV_2024	4	4	100	100	NA
rand.17	2	LA_RHV_2024	87	4	41.4555633310007	5.36847065646863	NA
rand.17	3	LA_RHV_2024	4	4	41.4555633310007	100	NA
rand.18	2	LA_RHV_2024	274	0	0	0	NA
rand.18	3	LA_RHV_2024	0	0	0	0	0
rand.19	2	LA_RHV_2024	116	4	100	14.2245334964821	NA
rand.19	3	LA_RHV_2024	4	4	100	100	NA
rand.2	2	LA_RHV_2024	95	1	5.15045486354094	0.477624338074966	NA
rand.2	3	LA_RHV_2024	1	1	5.15045486354094	100	NA
rand.20	2	LA_RHV_2024	22	7	100	29.1761443642902	NA
rand.20	3	LA_RHV_2024	7	7	100	100	NA
rand.21	2	LA_RHV_2024	14	3	11.7564730580826	7.34137388568432	NA
rand.21	3	LA_RHV_2024	3	3	11.7564730580826	100	NA
rand.22	2	LA_RHV_2024	15	0	0	0	NA
rand.22	3	LA_RHV_2024	0	0	0	0	0
rand.23	2	LA_RHV_2024	14	2	100	72.7010692701069	NA
rand.23	3	LA_RHV_2024	1	1	9.9370188943317	100	NA
rand.24	2	LA_RHV_2024	114	9	65.5003498950315	6.92317933697244	NA
rand.24	3	LA_RHV_2024	9	8	60.3778866340098	90.8593091828138	100
rand.25	2	LA_RHV_2024	6990	2	13.4639608117565	0.0429882653654003	NA
rand.25	3	LA_RHV_2024	2	2	13.4639608117565	100	NA
rand.26	2	LA_RHV_2024	14	3	100	80.4409672830726	NA
rand.26	3	LA_RHV_2024	2	2	100	100	NA
rand.27	2	LA_RHV_2024	34	14	100	26.8310972396741	NA
rand.27	3	LA_RHV_2024	14	14	100	100	NA
rand.28	2	LA_RHV_2024	64	11	57.6067179846046	20.5389221556886	NA
rand.28	3	LA_RHV_2024	10	10	54.4856543037089	100	NA
rand.29	2	LA_RHV_2024	150	1	99.594121763471	4.05130745187791	NA
rand.29	3	LA_RHV_2024	1	1	99.594121763471	100	NA
rand.3	2	LA_RHV_2024	16	6	100	21.2029902242668	NA
rand.3	3	LA_RHV_2024	6	6	100	100	NA
rand.30	2	LA_RHV_2024	38	12	100	46.7622624331399	NA
rand.30	3	LA_RHV_2024	12	12	100	100	NA
rand.31	2	LA_RHV_2024	95	4	100	5.40705376231261	NA
rand.31	3	LA_RHV_2024	5	4	100	92.2259507829978	100
rand.32	2	LA_RHV_2024	41	2	13.2820153953814	4.79002624671916	NA
rand.32	3	LA_RHV_2024	2	2	13.2820153953814	100	NA
rand.33	2	LA_RHV_2024	72	12	83.2330300909727	4.5131326316109	NA
rand.33	3	LA_RHV_2024	15	12	83.2330300909727	58.1670579029734	100
rand.34	2	LA_RHV_2024	11	8	45.7802659202239	78.7433798748195	NA
rand.34	3	LA_RHV_2024	7	7	40.6018194541638	100	NA
rand.35	2	LA_RHV_2024	214	5	29.3351994401679	1.76768741619087	NA
rand.35	3	LA_RHV_2024	5	5	29.3351994401679	100	NA
rand.36	2	LA_RHV_2024	64	0	0	0	NA
rand.36	3	LA_RHV_2024	0	0	0	0	0
rand.37	2	LA_RHV_2024	16	1	32.6382085374388	6.30662303594126	NA
rand.37	3	LA_RHV_2024	1	1	32.6382085374388	100	NA
rand.38	2	LA_RHV_2024	13	2	100	57.7155001977066	NA
rand.38	3	LA_RHV_2024	1	1	99.594121763471	100	NA
rand.39	2	LA_RHV_2024	18	12	100	72.4000431080935	NA
rand.39	3	LA_RHV_2024	13	12	100	88.1685149944222	100
rand.4	2	LA_RHV_2024	52	0	0	0	NA
rand.4	3	LA_RHV_2024	0	0	0	0	0
rand.40	2	LA_RHV_2024	992	6	37.9006298110567	0.417856740563119	NA
rand.40	3	LA_RHV_2024	6	6	37.9006298110567	100	NA
rand.41	2	LA_RHV_2024	43	9	100	13.8742501882119	NA
rand.41	3	LA_RHV_2024	9	8	100	85.4008097165992	100
rand.42	2	LA_RHV_2024	268	1	11.2806158152554	0.559186335317543	NA
rand.42	3	LA_RHV_2024	1	1	11.2806158152554	100	NA
rand.43	2	LA_RHV_2024	56	6	37.8586424072778	2.67456346773715	NA
rand.43	3	LA_RHV_2024	5	5	25.55633310007	100	NA
rand.44	2	LA_RHV_2024	15	13	100	97.4466025291946	NA
rand.44	3	LA_RHV_2024	12	12	100	100	NA
rand.45	2	LA_RHV_2024	20	1	9.92302309307208	2.06038766673447	NA
rand.45	3	LA_RHV_2024	1	1	9.92302309307208	100	NA
rand.46	2	LA_RHV_2024	723	2	98.628411476557	2.17182270382219	NA
rand.46	3	LA_RHV_2024	3	2	98.628411476557	97.0260223048327	100
rand.47	2	LA_RHV_2024	641	0	0	0	NA
rand.47	3	LA_RHV_2024	0	0	0	0	0
rand.48	2	LA_RHV_2024	6	1	99.594121763471	55.3601991597946	NA
rand.48	3	LA_RHV_2024	0	0	0	0	0
rand.49	2	LA_RHV_2024	54	1	2.93911826452064	1.07077299612482	NA
rand.49	3	LA_RHV_2024	1	1	2.93911826452064	100	NA
rand.5	2	LA_RHV_2024	62	5	100	27.4978533402026	NA
rand.5	3	LA_RHV_2024	5	5	100	100	NA
rand.50	2	LA_RHV_2024	50	7	54.4716585024493	24.393607019743	NA
rand.50	3	LA_RHV_2024	7	7	54.4716585024493	100	NA
rand.51	2	LA_RHV_2024	763	15	100	2.11074984019969	NA
rand.51	3	LA_RHV_2024	16	15	100	94.6040372670807	100
rand.52	2	LA_RHV_2024	128	1	99.594121763471	13.937637104356	NA
rand.52	3	LA_RHV_2024	1	1	99.594121763471	100	NA
rand.53	2	LA_RHV_2024	42	1	12.3163051084675	2.03261421906038	NA
rand.53	3	LA_RHV_2024	0	0	0	0	0
rand.54	2	LA_RHV_2024	39	0	0	0	NA
rand.54	3	LA_RHV_2024	0	0	0	0	0
rand.55	2	LA_RHV_2024	335	1	97.3547935619314	2.96747551278113	NA
rand.55	3	LA_RHV_2024	1	1	97.3547935619314	100	NA
rand.56	2	LA_RHV_2024	14	1	5.29041287613716	0.86189205828032	NA
rand.56	3	LA_RHV_2024	1	1	5.29041287613716	100	NA
rand.57	2	LA_RHV_2024	53	14	82.0293911826452	11.5704274010463	NA
rand.57	3	LA_RHV_2024	14	14	82.0293911826452	100	NA
rand.58	2	LA_RHV_2024	54	4	82.6731980405878	11.9528926121532	NA
rand.58	3	LA_RHV_2024	4	4	82.6731980405878	100	NA
rand.59	2	LA_RHV_2024	48	1	4.91252624212736	0.523162225004472	NA
rand.59	3	LA_RHV_2024	1	1	4.91252624212736	100	NA
rand.6	2	LA_RHV_2024	611	5	22.5052484254724	0.349128806383325	NA
rand.6	3	LA_RHV_2024	5	5	22.5052484254724	100	NA
rand.60	2	LA_RHV_2024	70	2	9.78306508047586	1.6973434995872	NA
rand.60	3	LA_RHV_2024	2	2	9.78306508047586	100	NA
rand.61	2	LA_RHV_2024	93	1	97.3547935619314	15.4194006029438	NA
rand.61	3	LA_RHV_2024	1	1	97.3547935619314	100	NA
rand.62	2	LA_RHV_2024	32	2	100	27.541142303969	NA
rand.62	3	LA_RHV_2024	1	1	99.594121763471	100	NA
rand.63	2	LA_RHV_2024	10	4	100	82.1546520897392	NA
rand.63	3	LA_RHV_2024	4	4	100	100	NA
rand.64	2	LA_RHV_2024	82	1	99.594121763471	15.5598801740537	NA
rand.64	3	LA_RHV_2024	1	1	99.594121763471	100	NA
rand.65	2	LA_RHV_2024	83	2	10.7207837648705	1.28517020955321	NA
rand.65	3	LA_RHV_2024	2	2	10.7207837648705	100	NA
rand.66	2	LA_RHV_2024	104	4	82.1133659902029	4.87175015984522	NA
rand.66	3	LA_RHV_2024	3	3	75.6473058082575	100	NA
rand.67	2	LA_RHV_2024	191	3	100	10.6962595149101	NA
rand.67	3	LA_RHV_2024	3	3	100	100	NA
rand.68	2	LA_RHV_2024	136	1	99.594121763471	11.9693197873915	NA
rand.68	3	LA_RHV_2024	1	1	99.594121763471	100	NA
rand.69	2	LA_RHV_2024	61	15	87.333799860042	7.78248939885258	NA
rand.69	3	LA_RHV_2024	14	14	82.3932820153954	100	NA
rand.7	2	LA_RHV_2024	35	1	96.3470958712386	43.2520733852727	NA
rand.7	3	LA_RHV_2024	1	1	96.3470958712386	100	NA
rand.70	2	LA_RHV_2024	30	0	0	0	NA
rand.70	3	LA_RHV_2024	0	0	0	0	0
rand.71	2	LA_RHV_2024	510	1	5.12246326102169	0.155931799009876	NA
rand.71	3	LA_RHV_2024	0	0	0	0	0
rand.72	2	LA_RHV_2024	33	1	99.594121763471	29.2767217970871	NA
rand.72	3	LA_RHV_2024	1	1	99.594121763471	100	NA
rand.73	2	LA_RHV_2024	75	3	20.7977606717985	6.01936241746668	NA
rand.73	3	LA_RHV_2024	3	3	20.7977606717985	100	NA
rand.74	2	LA_RHV_2024	11	4	100	81.027801179444	NA
rand.74	3	LA_RHV_2024	4	4	100	100	NA
rand.75	2	LA_RHV_2024	24	3	22.519244226732	2.55676852425673	NA
rand.75	3	LA_RHV_2024	3	3	22.519244226732	100	NA
rand.76	2	LA_RHV_2024	528	6	100	1.94385113383432	NA
rand.76	3	LA_RHV_2024	6	6	100	100	NA
rand.77	2	LA_RHV_2024	318	1	99.594121763471	3.04109062159448	NA
rand.77	3	LA_RHV_2024	1	1	99.594121763471	100	NA
rand.78	2	LA_RHV_2024	140	3	48.0055983205039	7.12712463117649	NA
rand.78	3	LA_RHV_2024	3	3	48.0055983205039	100	NA
rand.79	2	LA_RHV_2024	26	1	3.94681595521344	0.891333206903091	NA
rand.79	3	LA_RHV_2024	1	1	3.94681595521344	100	NA
rand.8	2	LA_RHV_2024	56	9	100	20.5698672911788	NA
rand.8	3	LA_RHV_2024	9	9	100	100	NA
rand.80	2	LA_RHV_2024	507	6	100	3.68786122177668	NA
rand.80	3	LA_RHV_2024	6	6	100	100	NA
rand.81	2	LA_RHV_2024	31	3	18.4044786564031	13.132927194647	NA
rand.81	3	LA_RHV_2024	3	3	18.4044786564031	100	NA
rand.82	2	LA_RHV_2024	216	0	0	0	NA
rand.82	3	LA_RHV_2024	0	0	0	0	0
rand.83	2	LA_RHV_2024	519	1	99.4961511546536	2.71755958638353	NA
rand.83	3	LA_RHV_2024	1	1	99.4961511546536	100	NA
rand.84	2	LA_RHV_2024	25	3	100	55.2446726875627	NA
rand.84	3	LA_RHV_2024	3	3	100	100	NA
rand.85	2	LA_RHV_2024	171	3	35.8292512246326	2.69346099216161	NA
rand.85	3	LA_RHV_2024	3	3	35.8292512246326	100	NA
rand.86	2	LA_RHV_2024	51	2	16.2771168649405	5.06444870231667	NA
rand.86	3	LA_RHV_2024	2	2	16.2771168649405	100	NA
rand.87	2	LA_RHV_2024	95	4	14.4576627011896	2.74675600935971	NA
rand.87	3	LA_RHV_2024	4	4	14.4576627011896	100	NA
rand.88	2	LA_RHV_2024	188	1	99.594121763471	8.73128834355828	NA
rand.88	3	LA_RHV_2024	1	1	99.594121763471	100	NA
rand.89	2	LA_RHV_2024	72	11	70.4688593421973	11.3531308484971	NA
rand.89	3	LA_RHV_2024	11	11	70.4688593421973	100	NA
rand.9	2	LA_RHV_2024	16	1	97.3547935619314	17.0327383138666	NA
rand.9	3	LA_RHV_2024	1	1	97.3547935619314	100	NA
rand.90	2	LA_RHV_2024	67	12	82.5892232330301	9.00132708940311	NA
rand.90	3	LA_RHV_2024	12	12	82.5892232330301	100	NA
rand.91	2	LA_RHV_2024	172	15	75.0874737578726	3.91268834142855	NA
rand.91	3	LA_RHV_2024	15	15	75.0874737578726	100	NA
rand.92	2	LA_RHV_2024	56	3	100	13.7481644640235	NA
rand.92	3	LA_RHV_2024	3	3	100	100	NA
rand.93	2	LA_RHV_2024	24	3	10.9307207837649	2.10489435101337	NA
rand.93	3	LA_RHV_2024	3	3	10.9307207837649	100	NA
rand.94	2	LA_RHV_2024	123	1	98.8803358992302	3.56576862123613	NA
rand.94	3	LA_RHV_2024	4	0	0	0	100
rand.95	2	LA_RHV_2024	146	1	12.3163051084675	0.553500893149169	NA
rand.95	3	LA_RHV_2024	1	1	12.3163051084675	100	NA
rand.96	2	LA_RHV_2024	56	3	49.9790062981106	13.0423666910153	NA
rand.96	3	LA_RHV_2024	3	3	49.9790062981106	100	NA
rand.97	2	LA_RHV_2024	32	2	16.4030790762771	3.07627696991968	NA
rand.97	3	LA_RHV_2024	1	1	9.9370188943317	100	NA
rand.98	2	LA_RHV_2024	45	4	18.6564030790763	2.6613160836927	NA
rand.98	3	LA_RHV_2024	4	4	18.6564030790763	100	NA
rand.99	2	LA_RHV_2024	119	2	15.7452764170749	1.39122477245746	NA
rand.99	3	LA_RHV_2024	3	2	15.7452764170749	81.2861271676301	100
rand.55	1	LA_IVB_2024	181	8	100	18.1446010321556	NA
rand.7	1	LA_IVB_2024	19	1	1.7437	5.3639846743295	NA
rand.79	1	LA_IVB_2024	54	15	63.2508004354623	47.8711704634721	NA
rand.13	1	LA_IVB_2024	NA	NA	NA	NA	NA
rand.46	1	LA_IVB_2024	17	9	100	86.6265344664778	NA
rand.27	1	LA_IVB_2024	202	8	100	17.1503617452891	NA
rand.94	1	LA_IVB_2024	111	8	23.0763812806373	11.1924019196563	NA
rand.61	1	LA_IVB_2024	NA	NA	NA	NA	NA
rand.37	1	LA_IVB_2024	198	8	100	16.9955651500575	NA
rand.10	1	LA_IVB_2024	12	9	100	94.7089947089947	NA
rand.97	1	LA_IVB_2024	209	8	100	16.5815628704295	NA
rand.19	1	LA_IVB_2024	127	7	15.1328905678085	6.67623176018072	NA
rand.98	1	LA_IVB_2024	20	8	100	80.9728582598012	NA
rand.15	1	LA_IVB_2024	16	2	2.9062	10.5157736604907	NA
rand.83	1	LA_IVB_2024	19	8	100	82.446264073695	NA
rand.65	1	LA_IVB_2024	13	9	100	93.3180748935088	NA
rand.63	1	LA_IVB_2024	26	9	100	72.1525831981517	NA
rand.85	1	LA_IVB_2024	29	9	100	73.940859402549	NA
rand.64	1	LA_IVB_2024	207	9	100	17.0645436185985	NA
rand.57	1	LA_IVB_2024	20	1	1.7437	3.9647577092511	NA
rand.44	1	LA_IVB_2024	43	9	99.4257196313759	61.4086072054361	NA
rand.49	1	LA_IVB_2024	191	10	100	18.044207448181	NA
rand.62	1	LA_IVB_2024	17	8	100	83.6545118855297	NA
rand.6	1	LA_IVB_2024	45	8	100	56.1106811145511	NA
rand.36	1	LA_IVB_2024	15	9	100	90.3317127207828	NA
rand.30	1	LA_IVB_2024	52	9	19.37452685422	20.536893061464	NA
rand.32	1	LA_IVB_2024	21	8	100	80.5889856358494	NA
rand.20	1	LA_IVB_2024	24	8	100	72.9766458626938	NA
rand.17	1	LA_IVB_2024	49	6	13.6728908333333	15.1684962001996	NA
rand.42	1	LA_IVB_2024	26	9	100	72.3196689002759	NA
rand.87	1	LA_IVB_2024	203	8	100	17.2223730333896	NA
rand.35	1	LA_IVB_2024	38	12	33.0750045248869	37.5549968573224	NA
rand.67	1	LA_IVB_2024	209	8	100	16.8819753657549	NA
rand.8	1	LA_IVB_2024	117	8	100	34.182894458669	NA
rand.14	1	LA_IVB_2024	22	1	1.5015	3.86327220936443	NA
rand.90	1	LA_IVB_2024	216	9	100	16.7064739157762	NA
rand.89	1	LA_IVB_2024	36	8	100	65.8777030710522	NA
rand.22	1	LA_IVB_2024	194	8	100	17.5442202367279	NA
rand.66	1	LA_IVB_2024	193	8	100	17.6219932935466	NA
rand.31	1	LA_IVB_2024	46	16	45.6269046320682	41.5448588709677	NA
rand.78	1	LA_IVB_2024	274	8	100	14.1096979332273	NA
rand.47	1	LA_IVB_2024	177	9	100	18.5352343830136	NA
rand.91	1	LA_IVB_2024	24	10	31.6842214765101	53.4867422030137	NA
rand.48	1	LA_IVB_2024	NA	NA	NA	NA	NA
rand.59	1	LA_IVB_2024	178	8	100	18.5294117647059	NA
rand.69	1	LA_IVB_2024	185	8	100	18.1180784381736	NA
rand.38	1	LA_IVB_2024	NA	NA	NA	NA	NA
rand.24	1	LA_IVB_2024	181	8	100	18.2956889179536	NA
rand.73	1	LA_IVB_2024	210	8	100	16.7887233407562	NA
rand.92	1	LA_IVB_2024	44	8	100	61.8458651426622	NA
rand.41	1	LA_IVB_2024	17	2	2.9062	9.76744186046512	NA
rand.45	1	LA_IVB_2024	18	9	99.4257196313759	86.2174486979479	NA
rand.74	1	LA_IVB_2024	36	8	100	67.9782335705316	NA
rand.52	1	LA_IVB_2024	41	14	42.4578282648785	41.7898249676497	NA
rand.84	1	LA_IVB_2024	57	23	85.4691543748962	59.5219737856592	NA
rand.99	1	LA_IVB_2024	200	8	100	16.957504310144	NA
rand.5	1	LA_IVB_2024	191	8	100	17.734847654871	NA
rand.26	1	LA_IVB_2024	41	9	100	59.4407881290112	NA
rand.76	1	LA_IVB_2024	189	8	100	17.5694771549694	NA
rand.1	1	LA_IVB_2024	15	8	100	84.198606271777	NA
rand.11	1	LA_IVB_2024	NA	NA	NA	NA	NA
rand.81	1	LA_IVB_2024	48	9	22.4536851211073	24.7672111128072	NA
rand.40	1	LA_IVB_2024	29	3	4.53221941896024	9.23445650641477	NA
rand.28	1	LA_IVB_2024	53	13	30.452576875	30.2786377708978	NA
rand.70	1	LA_IVB_2024	24	9	100	79.8368234974164	NA
rand.88	1	LA_IVB_2024	25	9	99.4257196313759	75.2382448423919	NA
rand.58	1	LA_IVB_2024	14	8	100	84.9494418142498	NA
rand.51	1	LA_IVB_2024	199	8	100	17.4059147821719	NA
rand.86	1	LA_IVB_2024	127	18	64.0395520039748	24.8830456525246	NA
rand.18	1	LA_IVB_2024	36	9	30.0581008498584	38.3949089623475	NA
rand.9	1	LA_IVB_2024	39	9	100	65.2994038615535	NA
rand.75	1	LA_IVB_2024	63	17	66.1154080650337	45.4545454545455	NA
rand.21	1	LA_IVB_2024	27	16	45.7375702606818	68.1724422442244	NA
rand.34	1	LA_IVB_2024	39	9	100	59.9381698268755	NA
rand.95	1	LA_IVB_2024	191	8	100	17.4849278216799	NA
rand.56	1	LA_IVB_2024	39	8	100	63.7376129088836	NA
rand.12	1	LA_IVB_2024	50	8	100	57.0285221075758	NA
rand.100	1	LA_IVB_2024	180	10	100	18.6215465760546	NA
rand.53	1	LA_IVB_2024	30	8	100	69.6732340221048	NA
rand.82	1	LA_IVB_2024	192	8	100	17.7360560804633	NA
rand.77	1	LA_IVB_2024	29	8	100	70.3927931418608	NA
rand.29	1	LA_IVB_2024	NA	NA	NA	NA	NA
rand.60	1	LA_IVB_2024	18	1	1.5015	3.69047619047619	NA
rand.54	1	LA_IVB_2024	36	8	100	60.3672245815638	NA
rand.39	1	LA_IVB_2024	21	1	1.5015	4.07588279489106	NA
rand.71	1	LA_IVB_2024	20	8	100	81.5925717501407	NA
rand.96	1	LA_IVB_2024	191	8	100	17.786695853095	NA
rand.25	1	LA_IVB_2024	29	9	100	71.7684220917033	NA
rand.4	1	LA_IVB_2024	191	10	100	17.9708052418417	NA
rand.23	1	LA_IVB_2024	33	10	31.6842214765101	42.1872120877096	NA
rand.80	1	LA_IVB_2024	31	8	100	70.7130316035895	NA
rand.16	1	LA_IVB_2024	25	9	100	73.104890925391	NA
rand.93	1	LA_IVB_2024	32	8	100	66.8865617936061	NA
rand.2	1	LA_IVB_2024	201	8	100	17.3050923839567	NA
rand.68	1	LA_IVB_2024	179	8	100	18.4300470909919	NA
rand.33	1	LA_IVB_2024	189	8	100	17.927609282378	NA
rand.72	1	LA_IVB_2024	38	8	100	64.3288084464555	NA
rand.50	1	LA_IVB_2024	199	8	100	17.0641148773689	NA
rand.43	1	LA_IVB_2024	37	8	100	67.5862709581534	NA
rand.3	1	LA_IVB_2024	29	9	100	75.2756551618032	NA
rand.1	2	LA_IVB_2024	15	8	100	84.198606271777	NA
rand.1	3	LA_IVB_2024	8	8	100	100	NA
rand.10	2	LA_IVB_2024	10	8	98.9620813728204	96.219052744887	NA
rand.10	3	LA_IVB_2024	8	8	98.9620813728204	100	NA
rand.100	2	LA_IVB_2024	11	10	100	98.1029991316545	NA
rand.100	3	LA_IVB_2024	10	10	100	100	NA
rand.11	2	LA_IVB_2024	9	0	0	0	NA
rand.11	3	LA_IVB_2024	0	0	0	0	0
rand.12	2	LA_IVB_2024	16	8	100	83.9212516598349	NA
rand.12	3	LA_IVB_2024	8	8	100	100	NA
rand.13	2	LA_IVB_2024	6	0	0	0	NA
rand.13	3	LA_IVB_2024	0	0	0	0	0
rand.14	2	LA_IVB_2024	5	0	0	0	NA
rand.14	3	LA_IVB_2024	0	0	0	0	0
rand.15	2	LA_IVB_2024	11	2	2.90617215610296	15.3846153846154	NA
rand.15	3	LA_IVB_2024	2	2	2.90617215610296	100	NA
rand.16	2	LA_IVB_2024	6	6	60.3376695267091	100	NA
rand.16	3	LA_IVB_2024	6	6	60.3376695267091	100	NA
rand.17	2	LA_IVB_2024	13	5	12.4065873235538	46.1994331357897	NA
rand.17	3	LA_IVB_2024	5	5	12.4065873235538	100	NA
rand.18	2	LA_IVB_2024	11	10	31.5527262662607	94.1176470588235	NA
rand.18	3	LA_IVB_2024	10	10	31.5527262662607	100	NA
rand.19	2	LA_IVB_2024	88	5	10.9050650429006	7.39697737726462	NA
rand.19	3	LA_IVB_2024	5	5	10.9050650429006	100	NA
rand.2	2	LA_IVB_2024	11	8	100	94.4099378881988	NA
rand.2	3	LA_IVB_2024	8	8	100	100	NA
rand.20	2	LA_IVB_2024	20	8	100	77.3733923902023	NA
rand.20	3	LA_IVB_2024	8	8	100	100	NA
rand.21	2	LA_IVB_2024	24	24	61.3063935787434	100	NA
rand.21	3	LA_IVB_2024	24	24	61.3063935787434	100	NA
rand.22	2	LA_IVB_2024	17	8	100	79.1912246234447	NA
rand.22	3	LA_IVB_2024	8	8	100	100	NA
rand.23	2	LA_IVB_2024	17	11	32.9227788541378	73.5962877030162	NA
rand.23	3	LA_IVB_2024	11	11	32.9227788541378	100	NA
rand.24	2	LA_IVB_2024	10	8	100	97.103190495261	NA
rand.24	3	LA_IVB_2024	8	8	100	100	NA
rand.25	2	LA_IVB_2024	23	9	100	77.1160373355961	NA
rand.25	3	LA_IVB_2024	9	9	100	100	NA
rand.26	2	LA_IVB_2024	19	9	100	81.9488277727683	NA
rand.26	3	LA_IVB_2024	9	9	100	100	NA
rand.27	2	LA_IVB_2024	28	8	100	72.6649443561208	NA
rand.27	3	LA_IVB_2024	8	8	100	100	NA
rand.28	2	LA_IVB_2024	19	15	35.1300858012732	84.3635759388501	NA
rand.28	3	LA_IVB_2024	15	15	35.1300858012732	100	NA
rand.29	2	LA_IVB_2024	3	0	0	0	NA
rand.29	3	LA_IVB_2024	0	0	0	0	0
rand.3	2	LA_IVB_2024	20	9	100	84.3805691290601	NA
rand.3	3	LA_IVB_2024	9	9	100	100	NA
rand.30	2	LA_IVB_2024	23	12	26.4461666205369	58.1204379562044	NA
rand.30	3	LA_IVB_2024	12	12	26.4461666205369	100	NA
rand.31	2	LA_IVB_2024	26	24	61.2164406310545	94.9962418125201	NA
rand.31	3	LA_IVB_2024	24	24	61.2164406310545	100	NA
rand.32	2	LA_IVB_2024	20	8	100	81.6256600381979	NA
rand.32	3	LA_IVB_2024	8	8	100	100	NA
rand.33	2	LA_IVB_2024	16	8	100	87.3536299765808	NA
rand.33	3	LA_IVB_2024	8	8	100	100	NA
rand.34	2	LA_IVB_2024	21	9	100	79.2641046606705	NA
rand.34	3	LA_IVB_2024	9	9	100	100	NA
rand.35	2	LA_IVB_2024	6	2	4.3039025740382	38.1361128142244	NA
rand.35	3	LA_IVB_2024	2	2	4.3039025740382	100	NA
rand.36	2	LA_IVB_2024	8	4	57.4176584555771	89.1395423783435	NA
rand.36	3	LA_IVB_2024	4	4	57.4176584555771	100	NA
rand.37	2	LA_IVB_2024	13	8	100	90.4301142393408	NA
rand.37	3	LA_IVB_2024	8	8	100	100	NA
rand.38	2	LA_IVB_2024	18	0	0	0	NA
rand.38	3	LA_IVB_2024	0	0	0	0	0
rand.39	2	LA_IVB_2024	9	0	0	0	NA
rand.39	3	LA_IVB_2024	0	0	0	0	0
rand.4	2	LA_IVB_2024	26	10	100	72.1436290401808	NA
rand.4	3	LA_IVB_2024	10	10	100	100	NA
rand.40	2	LA_IVB_2024	21	3	4.53224467201771	12.7555988315482	NA
rand.40	3	LA_IVB_2024	3	3	4.53224467201771	100	NA
rand.41	2	LA_IVB_2024	13	2	2.90617215610296	12.8126906650397	NA
rand.41	3	LA_IVB_2024	2	2	2.90617215610296	100	NA
rand.42	2	LA_IVB_2024	11	9	100	96.6102810504838	NA
rand.42	3	LA_IVB_2024	9	9	100	100	NA
rand.43	2	LA_IVB_2024	10	8	100	97.1817817550421	NA
rand.43	3	LA_IVB_2024	8	8	100	100	NA
rand.44	2	LA_IVB_2024	23	9	99.4256850262939	77.6660721042106	NA
rand.44	3	LA_IVB_2024	9	9	99.4256850262939	100	NA
rand.45	2	LA_IVB_2024	16	9	99.4256850262939	88.8126583843254	NA
rand.45	3	LA_IVB_2024	9	9	99.4256850262939	100	NA
rand.46	2	LA_IVB_2024	10	8	98.9620813728204	96.4721753794266	NA
rand.46	3	LA_IVB_2024	8	8	98.9620813728204	100	NA
rand.47	2	LA_IVB_2024	18	9	100	78.5353398163742	NA
rand.47	3	LA_IVB_2024	9	9	100	100	NA
rand.48	2	LA_IVB_2024	14	0	0	0	NA
rand.48	3	LA_IVB_2024	0	0	0	0	0
rand.49	2	LA_IVB_2024	22	10	100	76.3345288216643	NA
rand.49	3	LA_IVB_2024	10	10	100	100	NA
rand.5	2	LA_IVB_2024	18	8	100	85.7605368495408	NA
rand.5	3	LA_IVB_2024	8	8	100	100	NA
rand.50	2	LA_IVB_2024	16	8	100	87.05706602928	NA
rand.50	3	LA_IVB_2024	8	8	100	100	NA
rand.51	2	LA_IVB_2024	10	8	100	95.6056227009984	NA
rand.51	3	LA_IVB_2024	8	8	100	100	NA
rand.52	2	LA_IVB_2024	26	21	57.6667589261002	86.6860827959226	NA
rand.52	3	LA_IVB_2024	21	21	57.6667589261002	100	NA
rand.53	2	LA_IVB_2024	23	8	100	75.7642263677692	NA
rand.53	3	LA_IVB_2024	8	8	100	100	NA
rand.54	2	LA_IVB_2024	18	8	100	80.043060616098	NA
rand.54	3	LA_IVB_2024	8	8	100	100	NA
rand.55	2	LA_IVB_2024	15	8	100	83.903166590179	NA
rand.55	3	LA_IVB_2024	8	8	100	100	NA
rand.56	2	LA_IVB_2024	12	8	100	89.1669733774997	NA
rand.56	3	LA_IVB_2024	8	8	100	100	NA
rand.57	2	LA_IVB_2024	6	2	3.62579573761417	34.49637919684	NA
rand.57	3	LA_IVB_2024	2	2	3.62579573761417	100	NA
rand.58	2	LA_IVB_2024	13	8	100	86.1018957345972	NA
rand.58	3	LA_IVB_2024	8	8	100	100	NA
rand.59	2	LA_IVB_2024	19	8	100	77.2657286965755	NA
rand.59	3	LA_IVB_2024	8	8	100	100	NA
rand.6	2	LA_IVB_2024	21	6	74.7439800719624	70.4355764214919	NA
rand.6	3	LA_IVB_2024	6	6	74.7439800719624	100	NA
rand.60	2	LA_IVB_2024	4	1	1.5015222806532	20.706106870229	NA
rand.60	3	LA_IVB_2024	1	1	1.5015222806532	100	NA
rand.61	2	LA_IVB_2024	9	0	0	0	NA
rand.61	3	LA_IVB_2024	0	0	0	0	0
rand.62	2	LA_IVB_2024	13	8	100	89.6826869549081	NA
rand.62	3	LA_IVB_2024	8	8	100	100	NA
rand.63	2	LA_IVB_2024	11	9	100	96.2807477861594	NA
rand.63	3	LA_IVB_2024	9	9	100	100	NA
rand.64	2	LA_IVB_2024	10	9	100	98.4178280482057	NA
rand.64	3	LA_IVB_2024	9	9	100	100	NA
rand.65	2	LA_IVB_2024	11	9	100	96.7631353418155	NA
rand.65	3	LA_IVB_2024	9	9	100	100	NA
rand.66	2	LA_IVB_2024	19	8	100	82.9033544051483	NA
rand.66	3	LA_IVB_2024	8	8	100	100	NA
rand.67	2	LA_IVB_2024	15	8	100	88.2260501662134	NA
rand.67	3	LA_IVB_2024	8	8	100	100	NA
rand.68	2	LA_IVB_2024	15	8	100	88.257759456838	NA
rand.68	3	LA_IVB_2024	8	8	100	100	NA
rand.69	2	LA_IVB_2024	25	8	100	70.6535916139317	NA
rand.69	3	LA_IVB_2024	8	8	100	100	NA
rand.7	2	LA_IVB_2024	10	2	3.62579573761417	20.1771274547555	NA
rand.7	3	LA_IVB_2024	2	2	3.62579573761417	100	NA
rand.70	2	LA_IVB_2024	18	9	100	86.1031266498504	NA
rand.70	3	LA_IVB_2024	9	9	100	100	NA
rand.71	2	LA_IVB_2024	20	8	100	81.5925717501407	NA
rand.71	3	LA_IVB_2024	8	8	100	100	NA
rand.72	2	LA_IVB_2024	12	8	100	89.1436650888301	NA
rand.72	3	LA_IVB_2024	8	8	100	100	NA
rand.73	2	LA_IVB_2024	34	8	100	63.2721924208341	NA
rand.73	3	LA_IVB_2024	8	8	100	100	NA
rand.74	2	LA_IVB_2024	11	8	100	94.4491114701131	NA
rand.74	3	LA_IVB_2024	8	8	100	100	NA
rand.75	2	LA_IVB_2024	26	20	72.0384721837808	86.772795465911	NA
rand.75	3	LA_IVB_2024	20	20	72.0384721837808	100	NA
rand.76	2	LA_IVB_2024	6	6	71.8308884583449	100	NA
rand.76	3	LA_IVB_2024	6	6	71.8308884583449	100	NA
rand.77	2	LA_IVB_2024	18	8	100	82.5983177994999	NA
rand.77	3	LA_IVB_2024	8	8	100	100	NA
rand.78	2	LA_IVB_2024	90	8	100	42.4715494601692	NA
rand.78	3	LA_IVB_2024	8	8	100	100	NA
rand.79	2	LA_IVB_2024	24	18	69.173816772765	84.1994441169039	NA
rand.79	3	LA_IVB_2024	18	18	69.173816772765	100	NA
rand.8	2	LA_IVB_2024	92	8	100	41.5830832976139	NA
rand.8	3	LA_IVB_2024	8	8	100	100	NA
rand.80	2	LA_IVB_2024	25	8	100	76.0144699591066	NA
rand.80	3	LA_IVB_2024	8	8	100	100	NA
rand.81	2	LA_IVB_2024	19	12	29.1862717962912	69.4892915980231	NA
rand.81	3	LA_IVB_2024	12	12	29.1862717962912	100	NA
rand.82	2	LA_IVB_2024	18	8	100	84.1313902382605	NA
rand.82	3	LA_IVB_2024	8	8	100	100	NA
rand.83	2	LA_IVB_2024	19	8	100	82.446264073695	NA
rand.83	3	LA_IVB_2024	8	8	100	100	NA
rand.84	2	LA_IVB_2024	37	25	89.0949349570994	80.920060331825	NA
rand.84	3	LA_IVB_2024	25	25	89.0949349570994	100	NA
rand.85	2	LA_IVB_2024	16	9	100	88.833746898263	NA
rand.85	3	LA_IVB_2024	9	9	100	100	NA
rand.86	2	LA_IVB_2024	103	20	68.4749515637974	33.3704265722475	NA
rand.86	3	LA_IVB_2024	20	20	68.4749515637974	100	NA
rand.87	2	LA_IVB_2024	15	8	100	89.5489413930654	NA
rand.87	3	LA_IVB_2024	8	8	100	100	NA
rand.88	2	LA_IVB_2024	19	9	99.4256850262939	81.8653144940748	NA
rand.88	3	LA_IVB_2024	9	9	99.4256850262939	100	NA
rand.89	2	LA_IVB_2024	11	8	100	90.4108734958539	NA
rand.89	3	LA_IVB_2024	8	8	100	100	NA
rand.9	2	LA_IVB_2024	25	9	100	78.012224289131	NA
rand.9	3	LA_IVB_2024	9	9	100	100	NA
rand.90	2	LA_IVB_2024	15	9	100	90.8181648754426	NA
rand.90	3	LA_IVB_2024	9	9	100	100	NA
rand.91	2	LA_IVB_2024	14	11	32.9227788541378	82.9208783548275	NA
rand.91	3	LA_IVB_2024	11	11	32.9227788541378	100	NA
rand.92	2	LA_IVB_2024	20	8	100	82.0238701284009	NA
rand.92	3	LA_IVB_2024	8	8	100	100	NA
rand.93	2	LA_IVB_2024	25	8	100	72.7715318209195	NA
rand.93	3	LA_IVB_2024	8	8	100	100	NA
rand.94	2	LA_IVB_2024	93	11	29.7467478549682	17.9274395329441	NA
rand.94	3	LA_IVB_2024	11	11	29.7467478549682	100	NA
rand.95	2	LA_IVB_2024	13	8	100	92.3677198325086	NA
rand.95	3	LA_IVB_2024	8	8	100	100	NA
rand.96	2	LA_IVB_2024	19	8	100	83.8310311228291	NA
rand.96	3	LA_IVB_2024	8	8	100	100	NA
rand.97	2	LA_IVB_2024	11	8	100	94.8246643201669	NA
rand.97	3	LA_IVB_2024	8	8	100	100	NA
rand.98	2	LA_IVB_2024	15	8	100	88.2954753060106	NA
rand.98	3	LA_IVB_2024	8	8	100	100	NA
rand.99	2	LA_IVB_2024	19	8	100	83.021558115661	NA
rand.99	3	LA_IVB_2024	8	8	100	100	NA
rand.31	1	LA_PRIV_2024	1103	5	100	3.83117714240706	NA
rand.59	1	LA_PRIV_2024	6985	7	99.6443279118573	0.640939773210407	NA
rand.14	1	LA_PRIV_2024	7036	17	100	0.752092676651736	NA
rand.39	1	LA_PRIV_2024	NA	NA	NA	NA	NA
rand.32	1	LA_PRIV_2024	122	5	100	27.1545708304257	NA
rand.85	1	LA_PRIV_2024	4075	5	99.5796325236696	0.835371983868754	NA
rand.55	1	LA_PRIV_2024	270	9	100	17.3120777935545	NA
rand.38	1	LA_PRIV_2024	4602	16	92.2907359578207	0.689768847679994	NA
rand.86	1	LA_PRIV_2024	8039	3	99.9223794868472	0.557384441939121	NA
rand.5	1	LA_PRIV_2024	130	16	100	20.3477868112014	NA
rand.27	1	LA_PRIV_2024	1388	7	100	3.55450832117522	NA
rand.95	1	LA_PRIV_2024	2560	1	99.8577	1.55244842432518	NA
rand.45	1	LA_PRIV_2024	954	21	100	5.2365987890345	NA
rand.63	1	LA_PRIV_2024	6912	5	100	0.643887066226898	NA
rand.6	1	LA_PRIV_2024	NA	NA	NA	NA	NA
rand.10	1	LA_PRIV_2024	927	3	100	4.55300168351142	NA
rand.51	1	LA_PRIV_2024	1647	1	99.8642	2.91555814028138	NA
rand.83	1	LA_PRIV_2024	366	4	99.6507322980556	9.607961737764	NA
rand.34	1	LA_PRIV_2024	NA	NA	NA	NA	NA
rand.28	1	LA_PRIV_2024	778	22	100	6.85423806942589	NA
rand.47	1	LA_PRIV_2024	328	1	99.8577	11.2263149475766	NA
rand.18	1	LA_PRIV_2024	274	3	100	15.5443423239423	NA
rand.46	1	LA_PRIV_2024	8458	1	99.8577	0.584615081706016	NA
rand.24	1	LA_PRIV_2024	2350	1	99.8642	2.09244370484903	NA
rand.7	1	LA_PRIV_2024	1436	1	99.8642	3.39547709520794	NA
rand.43	1	LA_PRIV_2024	3670	5	100	0.964107567443774	NA
rand.78	1	LA_PRIV_2024	550	1	99.8577	7.98378423099197	NA
rand.73	1	LA_PRIV_2024	6766	1	99.8577	0.742568305222506	NA
rand.65	1	LA_PRIV_2024	34	8	100	26.5999836025252	NA
rand.80	1	LA_PRIV_2024	1024	16	100	3.92327386912027	NA
rand.25	1	LA_PRIV_2024	980	10	99.463204735121	4.08042515594446	NA
rand.82	1	LA_PRIV_2024	NA	NA	NA	NA	NA
rand.50	1	LA_PRIV_2024	6812	4	100	0.765433015693698	NA
rand.74	1	LA_PRIV_2024	7087	8	100	0.754693456376932	NA
rand.88	1	LA_PRIV_2024	123	1	1.7009	0.353794207460619	NA
rand.9	1	LA_PRIV_2024	8029	3	100	0.566227894703474	NA
rand.70	1	LA_PRIV_2024	6833	1	99.8771	0.644445139953888	NA
rand.11	1	LA_PRIV_2024	1311	3	100	3.56816102470265	NA
rand.54	1	LA_PRIV_2024	2964	2	100	0.987449961167698	NA
rand.53	1	LA_PRIV_2024	7920	3	99.8576794605809	0.571610716812426	NA
rand.2	1	LA_PRIV_2024	136	3	100	18.1914194517462	NA
rand.57	1	LA_PRIV_2024	6766	4	100	0.763785685588464	NA
rand.8	1	LA_PRIV_2024	580	3	100	7.34762195208443	NA
rand.29	1	LA_PRIV_2024	72	11	100	46.002498438476	NA
rand.67	1	LA_PRIV_2024	523	3	99.5084517477055	7.39334762092395	NA
rand.62	1	LA_PRIV_2024	333	16	100	11.9873999782758	NA
rand.92	1	LA_PRIV_2024	4232	3	99.5084517477055	0.82773120093651	NA
rand.90	1	LA_PRIV_2024	2597	7	100	1.55795358214768	NA
rand.22	1	LA_PRIV_2024	463	4	100	6.59053238886133	NA
rand.99	1	LA_PRIV_2024	735	5	100	5.76210311950384	NA
rand.44	1	LA_PRIV_2024	6860	3	99.5084517477055	0.734759682103974	NA
rand.84	1	LA_PRIV_2024	1201	3	100	3.68647126510717	NA
rand.58	1	LA_PRIV_2024	1298	1	99.8577	3.75251848917384	NA
rand.41	1	LA_PRIV_2024	1112	19	99.9224008003798	4.171346494449	NA
rand.87	1	LA_PRIV_2024	117	14	100	21.2282516949383	NA
rand.76	1	LA_PRIV_2024	903	18	39.3222280020267	2.04408911959602	NA
rand.64	1	LA_PRIV_2024	3539	5	100	0.988895923479554	NA
rand.61	1	LA_PRIV_2024	188	3	100	13.3003534778627	NA
rand.17	1	LA_PRIV_2024	7046	2	99.6702	0.715342046850239	NA
rand.49	1	LA_PRIV_2024	1736	2	100	2.72012597960213	NA
rand.81	1	LA_PRIV_2024	152	3	100	17.2737681046653	NA
rand.96	1	LA_PRIV_2024	7765	9	99.398550627205	0.65081185274519	NA
rand.20	1	LA_PRIV_2024	1112	11	100	3.77679779941492	NA
rand.23	1	LA_PRIV_2024	1268	1	99.8642	3.37472052173647	NA
rand.66	1	LA_PRIV_2024	3692	5	100	0.938785339650863	NA
rand.71	1	LA_PRIV_2024	312	21	47.4389026653642	5.79324397968613	NA
rand.97	1	LA_PRIV_2024	1106	19	100	4.0772348995372	NA
rand.52	1	LA_PRIV_2024	4548	16	92.2972034235501	0.725018708439449	NA
rand.3	1	LA_PRIV_2024	550	3	100	7.84202903670211	NA
rand.93	1	LA_PRIV_2024	32	5	100	66.4029781293625	NA
rand.98	1	LA_PRIV_2024	138	8	100	28.1934176855274	NA
rand.33	1	LA_PRIV_2024	1041	3	99.1398	4.3146979514403	NA
rand.60	1	LA_PRIV_2024	867	6	100	5.59897269166877	NA
rand.75	1	LA_PRIV_2024	316	16	100	14.4833545570311	NA
rand.37	1	LA_PRIV_2024	7143	1	99.8577	0.628361571620196	NA
rand.16	1	LA_PRIV_2024	1020	3	99.5084517477055	4.04753073266462	NA
rand.13	1	LA_PRIV_2024	NA	NA	NA	NA	NA
rand.15	1	LA_PRIV_2024	1660	17	100	2.86271466308452	NA
rand.21	1	LA_PRIV_2024	6896	1	100	0.652485817677085	NA
rand.69	1	LA_PRIV_2024	406	14	100	10.3225133075879	NA
rand.42	1	LA_PRIV_2024	1790	9	99.3597506470588	2.48253194666184	NA
rand.94	1	LA_PRIV_2024	409	3	99.5084517477055	8.65339729925817	NA
rand.12	1	LA_PRIV_2024	37	7	100	60.911938739993	NA
rand.48	1	LA_PRIV_2024	781	10	98.8035409759622	5.98863190905527	NA
rand.40	1	LA_PRIV_2024	3011	14	100	1.05847825815101	NA
rand.26	1	LA_PRIV_2024	1070	1	99.4179373462615	3.96653782041688	NA
rand.56	1	LA_PRIV_2024	548	3	99.9741627178153	6.96158921309453	NA
rand.19	1	LA_PRIV_2024	10298	14	94.4508925808672	0.34330881620049	NA
rand.35	1	LA_PRIV_2024	994	14	24.9903422787438	1.07131865907724	NA
rand.77	1	LA_PRIV_2024	3925	16	92.2907359578207	0.79052040284964	NA
rand.36	1	LA_PRIV_2024	72	4	100	48.1500910297158	NA
rand.68	1	LA_PRIV_2024	1962	5	99.7090072429907	2.22118809142357	NA
rand.91	1	LA_PRIV_2024	5277	16	100	0.685742820801454	NA
rand.72	1	LA_PRIV_2024	9144	1	99.8577	0.478248964516653	NA
rand.30	1	LA_PRIV_2024	9012	3	100	0.536656876304734	NA
rand.79	1	LA_PRIV_2024	7662	3	99.2821421773142	0.57670893836867	NA
rand.89	1	LA_PRIV_2024	609	22	100	7.86594245680324	NA
rand.100	1	LA_PRIV_2024	166	4	6.7326	1.61182937214523	NA
rand.1	1	LA_PRIV_2024	4095	1	99.8642	0.870303329540094	NA
rand.4	1	LA_PRIV_2024	6907	14	100	0.669661400052323	NA
rand.1	2	LA_PRIV_2024	1337	1	99.8641831587117	2.47484841733756	NA
rand.1	3	LA_PRIV_2024	1	1	99.8641831587117	100	NA
rand.10	2	LA_PRIV_2024	206	4	100	12.8900171976087	NA
rand.10	3	LA_PRIV_2024	4	4	100	100	NA
rand.100	2	LA_PRIV_2024	30	4	6.73263484672099	13.522992985191	NA
rand.100	3	LA_PRIV_2024	4	4	6.73263484672099	100	NA
rand.11	2	LA_PRIV_2024	933	3	100	4.75499025842738	NA
rand.11	3	LA_PRIV_2024	3	3	100	100	NA
rand.12	2	LA_PRIV_2024	13	7	100	90.8985975644947	NA
rand.12	3	LA_PRIV_2024	7	7	100	100	NA
rand.13	2	LA_PRIV_2024	1653	0	0	0	NA
rand.13	3	LA_PRIV_2024	0	0	0	0	0
rand.14	2	LA_PRIV_2024	35	17	100	72.1834631138317	NA
rand.14	3	LA_PRIV_2024	17	17	100	100	NA
rand.15	2	LA_PRIV_2024	733	17	100	6.53375582050049	NA
rand.15	3	LA_PRIV_2024	17	17	100	100	NA
rand.16	2	LA_PRIV_2024	628	3	99.5084723839089	5.78777893137122	NA
rand.16	3	LA_PRIV_2024	3	3	99.5084723839089	100	NA
rand.17	2	LA_PRIV_2024	140	2	99.6701590997284	25.1271766777539	NA
rand.17	3	LA_PRIV_2024	2	2	99.6701590997284	100	NA
rand.18	2	LA_PRIV_2024	186	3	100	21.8494490493815	NA
rand.18	3	LA_PRIV_2024	3	3	100	100	NA
rand.19	2	LA_PRIV_2024	2883	14	94.4509119130772	0.863552854177002	NA
rand.19	3	LA_PRIV_2024	44	14	94.4509119130772	56.0635724979846	98.2437745740498
rand.2	2	LA_PRIV_2024	9	3	100	41.6373452230668	NA
rand.2	3	LA_PRIV_2024	3	3	100	100	NA
rand.20	2	LA_PRIV_2024	43	11	100	31.9732221697435	NA
rand.20	3	LA_PRIV_2024	11	11	100	100	NA
rand.21	2	LA_PRIV_2024	104	1	100	26.2436694388455	NA
rand.21	3	LA_PRIV_2024	1	1	100	100	NA
rand.22	2	LA_PRIV_2024	153	4	100	11.8868126490917	NA
rand.22	3	LA_PRIV_2024	4	4	100	100	NA
rand.23	2	LA_PRIV_2024	118	1	99.8641831587117	18.0769861153387	NA
rand.23	3	LA_PRIV_2024	1	1	99.8641831587117	100	NA
rand.24	2	LA_PRIV_2024	289	1	99.8641831587117	12.9926626501969	NA
rand.24	3	LA_PRIV_2024	1	1	99.8641831587117	100	NA
rand.25	2	LA_PRIV_2024	55	10	99.4632001034795	29.7046723195488	NA
rand.25	3	LA_PRIV_2024	10	10	99.4632001034795	100	NA
rand.26	2	LA_PRIV_2024	179	1	99.4179278230501	20.559322713959	NA
rand.26	3	LA_PRIV_2024	1	1	99.4179278230501	100	NA
rand.27	2	LA_PRIV_2024	22	5	88.972965981115	73.1405178372056	NA
rand.27	3	LA_PRIV_2024	5	5	88.972965981115	100	NA
rand.28	2	LA_PRIV_2024	88	19	94.3021601345233	46.1628569619452	NA
rand.28	3	LA_PRIV_2024	19	19	94.3021601345233	100	NA
rand.29	2	LA_PRIV_2024	26	11	100	80.3799980156762	NA
rand.29	3	LA_PRIV_2024	11	11	100	100	NA
rand.3	2	LA_PRIV_2024	73	3	100	36.4113498441857	NA
rand.3	3	LA_PRIV_2024	3	3	100	100	NA
rand.30	2	LA_PRIV_2024	666	3	100	4.51861091968562	NA
rand.30	3	LA_PRIV_2024	3	3	100	100	NA
rand.31	2	LA_PRIV_2024	370	5	100	11.4988807706799	NA
rand.31	3	LA_PRIV_2024	5	5	100	100	NA
rand.32	2	LA_PRIV_2024	39	5	100	57.7829750900249	NA
rand.32	3	LA_PRIV_2024	5	5	100	100	NA
rand.33	2	LA_PRIV_2024	291	3	99.1398266718406	11.8826693952854	NA
rand.33	3	LA_PRIV_2024	3	3	99.1398266718406	100	NA
rand.34	2	LA_PRIV_2024	317	0	0	0	NA
rand.34	3	LA_PRIV_2024	0	0	0	0	0
rand.35	2	LA_PRIV_2024	112	14	24.9902987970508	5.64837959917555	NA
rand.35	3	LA_PRIV_2024	14	14	24.9902987970508	100	NA
rand.36	2	LA_PRIV_2024	44	4	100	60.4431360396653	NA
rand.36	3	LA_PRIV_2024	4	4	100	100	NA
rand.37	2	LA_PRIV_2024	199	1	99.8577156900789	14.5674120200019	NA
rand.37	3	LA_PRIV_2024	2	1	99.8577156900789	98.250079541839	100
rand.38	2	LA_PRIV_2024	974	4	34.2258440046566	1.30928199786734	NA
rand.38	3	LA_PRIV_2024	4	4	34.2258440046566	100	NA
rand.39	2	LA_PRIV_2024	302	0	0	0	NA
rand.39	3	LA_PRIV_2024	0	0	0	0	0
rand.4	2	LA_PRIV_2024	116	14	100	18.2099146989739	NA
rand.4	3	LA_PRIV_2024	14	14	100	100	NA
rand.40	2	LA_PRIV_2024	65	13	100	31.2178691721326	NA
rand.40	3	LA_PRIV_2024	13	13	100	100	NA
rand.41	2	LA_PRIV_2024	333	16	90.3181994567326	10.0053734551317	NA
rand.41	3	LA_PRIV_2024	16	16	90.3181994567326	100	NA
rand.42	2	LA_PRIV_2024	953	9	99.3597206053551	4.26208951414454	NA
rand.42	3	LA_PRIV_2024	9	9	99.3597206053551	100	NA
rand.43	2	LA_PRIV_2024	50	5	100	29.8891710921265	NA
rand.43	3	LA_PRIV_2024	6	5	100	97.593767669787	100
rand.44	2	LA_PRIV_2024	157	3	99.5084723839089	16.1949371085732	NA
rand.44	3	LA_PRIV_2024	3	3	99.5084723839089	100	NA
rand.45	2	LA_PRIV_2024	76	22	100	46.4261069580218	NA
rand.45	3	LA_PRIV_2024	22	22	100	100	NA
rand.46	2	LA_PRIV_2024	7150	1	99.8577156900789	0.67136389488459	NA
rand.46	3	LA_PRIV_2024	1	1	99.8577156900789	100	NA
rand.47	2	LA_PRIV_2024	96	1	99.8577156900789	27.0090613301613	NA
rand.47	3	LA_PRIV_2024	1	1	99.8577156900789	100	NA
rand.48	2	LA_PRIV_2024	13	1	24.2788772474453	41.934763181412	NA
rand.48	3	LA_PRIV_2024	1	1	24.2788772474453	100	NA
rand.49	2	LA_PRIV_2024	149	2	100	24.1221302660495	NA
rand.49	3	LA_PRIV_2024	2	2	100	100	NA
rand.5	2	LA_PRIV_2024	27	16	100	33.0318953928877	NA
rand.5	3	LA_PRIV_2024	15	15	96.4364247833398	100	NA
rand.50	2	LA_PRIV_2024	88	4	100	38.805489496631	NA
rand.50	3	LA_PRIV_2024	4	4	100	100	NA
rand.51	2	LA_PRIV_2024	20	1	99.8641831587117	69.2204240821267	NA
rand.51	3	LA_PRIV_2024	1	1	99.8641831587117	100	NA
rand.52	2	LA_PRIV_2024	471	11	80.558789289872	9.54899841309997	NA
rand.52	3	LA_PRIV_2024	109	11	80.558789289872	35.6170650806359	100
rand.53	2	LA_PRIV_2024	717	3	99.8577156900789	5.8652585994036	NA
rand.53	3	LA_PRIV_2024	4	3	99.8577156900789	98.250079541839	100
rand.54	2	LA_PRIV_2024	597	2	100	3.51146907567141	NA
rand.54	3	LA_PRIV_2024	3	2	100	97.9940517623236	100
rand.55	2	LA_PRIV_2024	162	7	100	24.8089666761787	NA
rand.55	3	LA_PRIV_2024	7	7	100	100	NA
rand.56	2	LA_PRIV_2024	33	3	99.9741301254689	63.1299518091971	NA
rand.56	3	LA_PRIV_2024	3	3	99.9741301254689	100	NA
rand.57	2	LA_PRIV_2024	34	4	100	67.5157314024653	NA
rand.57	3	LA_PRIV_2024	4	4	100	100	NA
rand.58	2	LA_PRIV_2024	46	1	99.8577156900789	56.5629922702128	NA
rand.58	3	LA_PRIV_2024	1	1	99.8577156900789	100	NA
rand.59	2	LA_PRIV_2024	29	7	99.6442892251973	51.7708333333333	NA
rand.59	3	LA_PRIV_2024	7	7	99.6442892251973	100	NA
rand.6	2	LA_PRIV_2024	82	0	0	0	NA
rand.6	3	LA_PRIV_2024	0	0	0	0	0
rand.60	2	LA_PRIV_2024	46	6	100	55.2804411196572	NA
rand.60	3	LA_PRIV_2024	6	6	100	100	NA
rand.61	2	LA_PRIV_2024	50	3	100	40.8742996922591	NA
rand.61	3	LA_PRIV_2024	3	3	100	100	NA
rand.62	2	LA_PRIV_2024	194	16	100	16.8324080287963	NA
rand.62	3	LA_PRIV_2024	16	16	100	100	NA
rand.63	2	LA_PRIV_2024	1262	5	100	2.48766533275477	NA
rand.63	3	LA_PRIV_2024	6	5	100	98.6866432897673	100
rand.64	2	LA_PRIV_2024	131	5	100	11.0456196436344	NA
rand.64	3	LA_PRIV_2024	5	5	100	100	NA
rand.65	2	LA_PRIV_2024	24	8	100	73.7162592020358	NA
rand.65	3	LA_PRIV_2024	8	8	100	100	NA
rand.66	2	LA_PRIV_2024	1184	4	100	2.63298021649742	NA
rand.66	3	LA_PRIV_2024	4	4	100	100	NA
rand.67	2	LA_PRIV_2024	85	3	99.5084723839089	21.5886289971797	NA
rand.67	3	LA_PRIV_2024	3	3	99.5084723839089	100	NA
rand.68	2	LA_PRIV_2024	71	5	99.708963911525	26.8462569871315	NA
rand.68	3	LA_PRIV_2024	5	5	99.708963911525	100	NA
rand.69	2	LA_PRIV_2024	85	14	100	43.0292318150918	NA
rand.69	3	LA_PRIV_2024	14	14	100	100	NA
rand.7	2	LA_PRIV_2024	187	1	99.8641831587117	20.7228365900794	NA
rand.7	3	LA_PRIV_2024	1	1	99.8641831587117	100	NA
rand.70	2	LA_PRIV_2024	39	1	99.8771180959772	21.9118022645365	NA
rand.70	3	LA_PRIV_2024	1	1	99.8771180959772	100	NA
rand.71	2	LA_PRIV_2024	211	21	47.4388824214203	10.3595842042822	NA
rand.71	3	LA_PRIV_2024	21	21	47.4388824214203	100	NA
rand.72	2	LA_PRIV_2024	971	1	99.8577156900789	3.26016267029282	NA
rand.72	3	LA_PRIV_2024	1	1	99.8577156900789	100	NA
rand.73	2	LA_PRIV_2024	54	1	99.8577156900789	26.4247817901763	NA
rand.73	3	LA_PRIV_2024	1	1	99.8577156900789	100	NA
rand.74	2	LA_PRIV_2024	62	8	100	53.8346663126804	NA
rand.74	3	LA_PRIV_2024	7	7	99.5860820075023	100	NA
rand.75	2	LA_PRIV_2024	37	16	100	71.857935827429	NA
rand.75	3	LA_PRIV_2024	15	15	90.2341223645065	100	NA
rand.76	2	LA_PRIV_2024	387	17	37.9317035312379	4.03850523662955	NA
rand.76	3	LA_PRIV_2024	17	17	37.9317035312379	100	NA
rand.77	2	LA_PRIV_2024	248	6	52.7292717630319	7.68085767850245	NA
rand.77	3	LA_PRIV_2024	6	6	52.7292717630319	100	NA
rand.78	2	LA_PRIV_2024	169	1	99.8577156900789	20.1138569362844	NA
rand.78	3	LA_PRIV_2024	1	1	99.8577156900789	100	NA
rand.79	2	LA_PRIV_2024	390	3	99.2821109817617	9.3236964377904	NA
rand.79	3	LA_PRIV_2024	4	3	99.2821109817617	98.7075617283951	0
rand.8	2	LA_PRIV_2024	164	3	100	19.6726292203107	NA
rand.8	3	LA_PRIV_2024	3	3	100	100	NA
rand.80	2	LA_PRIV_2024	203	16	100	21.7508744918493	NA
rand.80	3	LA_PRIV_2024	15	15	97.2707282369681	100	NA
rand.81	2	LA_PRIV_2024	64	3	100	34.943335132218	NA
rand.81	3	LA_PRIV_2024	3	3	100	100	NA
rand.82	2	LA_PRIV_2024	486	0	0	0	NA
rand.82	3	LA_PRIV_2024	1	0	0	0	0
rand.83	2	LA_PRIV_2024	210	4	99.65075669383	18.2358301871161	NA
rand.83	3	LA_PRIV_2024	4	4	99.65075669383	100	NA
rand.84	2	LA_PRIV_2024	21	3	100	29.9639828046939	NA
rand.84	3	LA_PRIV_2024	3	3	100	100	NA
rand.85	2	LA_PRIV_2024	23	5	99.5796145388695	71.7073397913562	NA
rand.85	3	LA_PRIV_2024	5	5	99.5796145388695	100	NA
rand.86	2	LA_PRIV_2024	538	3	99.9223903764067	7.69813351403601	NA
rand.86	3	LA_PRIV_2024	5	3	99.9223903764067	96.6833541927409	62.0754716981132
rand.87	2	LA_PRIV_2024	51	15	100	28.2773878824148	NA
rand.87	3	LA_PRIV_2024	15	15	100	100	NA
rand.88	2	LA_PRIV_2024	32	1	1.70094425042039	0.765514029572709	NA
rand.88	3	LA_PRIV_2024	1	1	1.70094425042039	100	NA
rand.89	2	LA_PRIV_2024	109	19	93.8429698615962	22.5107822147755	NA
rand.89	3	LA_PRIV_2024	19	19	93.8429698615962	100	NA
rand.9	2	LA_PRIV_2024	116	3	100	21.2115421364418	NA
rand.9	3	LA_PRIV_2024	3	3	100	100	NA
rand.90	2	LA_PRIV_2024	368	7	100	8.33546516585657	NA
rand.90	3	LA_PRIV_2024	7	7	100	100	NA
rand.91	2	LA_PRIV_2024	235	15	100	9.94951307339166	NA
rand.91	3	LA_PRIV_2024	15	15	100	100	NA
rand.92	2	LA_PRIV_2024	117	3	99.5084723839089	15.1513062659406	NA
rand.92	3	LA_PRIV_2024	3	3	99.5084723839089	100	NA
rand.93	2	LA_PRIV_2024	9	5	100	93.8142481472627	NA
rand.93	3	LA_PRIV_2024	5	5	100	100	NA
rand.94	2	LA_PRIV_2024	24	3	99.5084723839089	70.2492923020729	NA
rand.94	3	LA_PRIV_2024	3	3	99.5084723839089	100	NA
rand.95	2	LA_PRIV_2024	470	1	99.8577156900789	7.80069822311816	NA
rand.95	3	LA_PRIV_2024	1	1	99.8577156900789	100	NA
rand.96	2	LA_PRIV_2024	216	9	99.3985254171517	15.9937144878973	NA
rand.96	3	LA_PRIV_2024	10	9	99.3985254171517	97.9041916167665	100
rand.97	2	LA_PRIV_2024	41	19	100	63.1956696070569	NA
rand.97	3	LA_PRIV_2024	19	19	100	100	NA
rand.98	2	LA_PRIV_2024	39	8	100	60.1243036343654	NA
rand.98	3	LA_PRIV_2024	8	8	100	100	NA
rand.99	2	LA_PRIV_2024	13	5	100	83.2014542343884	NA
rand.99	3	LA_PRIV_2024	5	5	100	100	NA
rand.18	1	LA_Adenovirus_2024	NA	NA	NA	NA	NA
rand.94	1	LA_Adenovirus_2024	NA	NA	NA	NA	NA
rand.45	1	LA_Adenovirus_2024	686	3	99.2482025637252	13.5896239691248	NA
rand.74	1	LA_Adenovirus_2024	NA	NA	NA	NA	NA
rand.55	1	LA_Adenovirus_2024	266	3	99.2482025637252	25.7326207893469	NA
rand.46	1	LA_Adenovirus_2024	424	17	100	26.1305542131902	NA
rand.96	1	LA_Adenovirus_2024	8854	3	99.1834393595102	0.645879365195786	NA
rand.16	1	LA_Adenovirus_2024	516	26	95.3003001339405	17.0630759332715	NA
rand.5	1	LA_Adenovirus_2024	NA	NA	NA	NA	NA
rand.56	1	LA_Adenovirus_2024	1025	3	99.1862606372015	5.57638178703841	NA
rand.21	1	LA_Adenovirus_2024	NA	NA	NA	NA	NA
rand.79	1	LA_Adenovirus_2024	272	3	99.2482025637252	21.9409256434996	NA
rand.15	1	LA_Adenovirus_2024	NA	NA	NA	NA	NA
rand.34	1	LA_Adenovirus_2024	NA	NA	NA	NA	NA
rand.95	1	LA_Adenovirus_2024	NA	NA	NA	NA	NA
rand.62	1	LA_Adenovirus_2024	94	17	100	47.6496915727471	NA
rand.89	1	LA_Adenovirus_2024	86	17	100	47.8210275208006	NA
rand.31	1	LA_Adenovirus_2024	459	3	99.2482025637252	16.8040504784199	NA
rand.47	1	LA_Adenovirus_2024	132	26	95.3117003422517	25.7294308148239	NA
rand.61	1	LA_Adenovirus_2024	NA	NA	NA	NA	NA
rand.10	1	LA_Adenovirus_2024	NA	NA	NA	NA	NA
rand.2	1	LA_Adenovirus_2024	8734	3	99.2482025637252	0.64710534780329	NA
rand.25	1	LA_Adenovirus_2024	NA	NA	NA	NA	NA
rand.29	1	LA_Adenovirus_2024	NA	NA	NA	NA	NA
rand.78	1	LA_Adenovirus_2024	NA	NA	NA	NA	NA
rand.23	1	LA_Adenovirus_2024	NA	NA	NA	NA	NA
rand.84	1	LA_Adenovirus_2024	NA	NA	NA	NA	NA
rand.22	1	LA_Adenovirus_2024	NA	NA	NA	NA	NA
rand.11	1	LA_Adenovirus_2024	NA	NA	NA	NA	NA
rand.87	1	LA_Adenovirus_2024	809	3	99.2482025637252	6.09644093213435	NA
rand.70	1	LA_Adenovirus_2024	NA	NA	NA	NA	NA
rand.86	1	LA_Adenovirus_2024	910	3	99.2482025637252	5.63326482274083	NA
rand.51	1	LA_Adenovirus_2024	NA	NA	NA	NA	NA
rand.92	1	LA_Adenovirus_2024	1061	20	100	6.51553019549073	NA
rand.6	1	LA_Adenovirus_2024	8665	20	100	0.778754497704927	NA
rand.90	1	LA_Adenovirus_2024	18	3	99.2482025637252	52.2626849737552	NA
rand.17	1	LA_Adenovirus_2024	NA	NA	NA	NA	NA
rand.9	1	LA_Adenovirus_2024	NA	NA	NA	NA	NA
rand.42	1	LA_Adenovirus_2024	132	26	95.3003001339405	35.761153462298	NA
rand.33	1	LA_Adenovirus_2024	NA	NA	NA	NA	NA
rand.71	1	LA_Adenovirus_2024	NA	NA	NA	NA	NA
rand.1	1	LA_Adenovirus_2024	403	3	99.2622487520603	20.4128666145517	NA
rand.72	1	LA_Adenovirus_2024	8672	26	95.3003001339405	0.622279996068488	NA
rand.98	1	LA_Adenovirus_2024	NA	NA	NA	NA	NA
rand.81	1	LA_Adenovirus_2024	NA	NA	NA	NA	NA
rand.88	1	LA_Adenovirus_2024	122	26	95.3003001339405	35.1179739550208	NA
rand.24	1	LA_Adenovirus_2024	NA	NA	NA	NA	NA
rand.75	1	LA_Adenovirus_2024	NA	NA	NA	NA	NA
rand.73	1	LA_Adenovirus_2024	685	26	95.3003001339405	15.2283208246677	NA
rand.14	1	LA_Adenovirus_2024	1414	3	99.2482025637252	4.88851164396956	NA
rand.100	1	LA_Adenovirus_2024	NA	NA	NA	NA	NA
rand.28	1	LA_Adenovirus_2024	NA	NA	NA	NA	NA
rand.8	1	LA_Adenovirus_2024	79	3	99.2482025637252	49.2159682756887	NA
rand.4	1	LA_Adenovirus_2024	NA	NA	NA	NA	NA
rand.76	1	LA_Adenovirus_2024	NA	NA	NA	NA	NA
rand.30	1	LA_Adenovirus_2024	107	26	95.3003001339405	49.2477300308511	NA
rand.13	1	LA_Adenovirus_2024	NA	NA	NA	NA	NA
rand.53	1	LA_Adenovirus_2024	8653	3	99.2622487520603	0.65396894890427	NA
rand.67	1	LA_Adenovirus_2024	280	3	99.2482025637252	25.4927203951889	NA
rand.58	1	LA_Adenovirus_2024	29	3	99.1862606372015	49.862691806806	NA
rand.38	1	LA_Adenovirus_2024	NA	NA	NA	NA	NA
rand.66	1	LA_Adenovirus_2024	NA	NA	NA	NA	NA
rand.63	1	LA_Adenovirus_2024	68	26	95.3117003422517	44.6408693347469	NA
rand.82	1	LA_Adenovirus_2024	459	3	99.1862606372015	18.8243152972612	NA
rand.3	1	LA_Adenovirus_2024	350	3	99.1862606372015	17.2233386629115	NA
rand.60	1	LA_Adenovirus_2024	NA	NA	NA	NA	NA
rand.64	1	LA_Adenovirus_2024	NA	NA	NA	NA	NA
rand.80	1	LA_Adenovirus_2024	94	3	99.2482025637252	30.2988885163886	NA
rand.7	1	LA_Adenovirus_2024	NA	NA	NA	NA	NA
rand.85	1	LA_Adenovirus_2024	NA	NA	NA	NA	NA
rand.50	1	LA_Adenovirus_2024	22	3	99.2482025637252	83.4623854514456	NA
rand.54	1	LA_Adenovirus_2024	30	17	100	56.9088240181687	NA
rand.49	1	LA_Adenovirus_2024	NA	NA	NA	NA	NA
rand.27	1	LA_Adenovirus_2024	NA	NA	NA	NA	NA
rand.44	1	LA_Adenovirus_2024	NA	NA	NA	NA	NA
rand.68	1	LA_Adenovirus_2024	865	17	100	6.89387343589847	NA
rand.35	1	LA_Adenovirus_2024	NA	NA	NA	NA	NA
rand.57	1	LA_Adenovirus_2024	304	26	95.3003001339405	28.397986628108	NA
rand.20	1	LA_Adenovirus_2024	473	3	99.256649938188	18.5125859325354	NA
rand.52	1	LA_Adenovirus_2024	440	20	100	22.5174840188285	NA
rand.99	1	LA_Adenovirus_2024	8667	3	99.1862606372015	0.651887466364642	NA
rand.40	1	LA_Adenovirus_2024	NA	NA	NA	NA	NA
rand.43	1	LA_Adenovirus_2024	46	3	99.2482025637252	61.5764923743471	NA
rand.77	1	LA_Adenovirus_2024	510	3	99.2482025637252	17.8580656928759	NA
rand.41	1	LA_Adenovirus_2024	9289	26	95.3117003422517	0.602854997856917	NA
rand.12	1	LA_Adenovirus_2024	320	26	95.3003001339405	22.4162601409585	NA
rand.69	1	LA_Adenovirus_2024	8644	26	95.3003001339405	0.627007332832328	NA
rand.36	1	LA_Adenovirus_2024	293	3	99.2482025637252	21.0254115962777	NA
rand.39	1	LA_Adenovirus_2024	280	3	99.1862606372015	22.2210306520903	NA
rand.19	1	LA_Adenovirus_2024	NA	NA	NA	NA	NA
rand.97	1	LA_Adenovirus_2024	9023	3	99.2594657296756	0.643572707595148	NA
rand.37	1	LA_Adenovirus_2024	436	3	99.2482025637252	16.9444511213134	NA
rand.59	1	LA_Adenovirus_2024	425	17	100	23.0667332745837	NA
rand.48	1	LA_Adenovirus_2024	8928	26	95.3003001339405	0.614062434481715	NA
rand.65	1	LA_Adenovirus_2024	1255	26	95.3003001339405	5.0568865961427	NA
rand.32	1	LA_Adenovirus_2024	772	3	99.2482025637252	12.193282572673	NA
rand.26	1	LA_Adenovirus_2024	NA	NA	NA	NA	NA
rand.83	1	LA_Adenovirus_2024	NA	NA	NA	NA	NA
rand.93	1	LA_Adenovirus_2024	NA	NA	NA	NA	NA
rand.91	1	LA_Adenovirus_2024	NA	NA	NA	NA	NA
rand.1	2	LA_Adenovirus_2024	35	2	86.0966669508141	44.9148396851514	NA
rand.1	3	LA_Adenovirus_2024	2	2	86.0966669508141	100	NA
rand.10	2	LA_Adenovirus_2024	193	0	0	0	NA
rand.10	3	LA_Adenovirus_2024	0	0	0	0	0
rand.100	2	LA_Adenovirus_2024	212	0	0	0	NA
rand.100	3	LA_Adenovirus_2024	0	0	0	0	0
rand.11	2	LA_Adenovirus_2024	27	0	0	0	NA
rand.11	3	LA_Adenovirus_2024	0	0	0	0	0
rand.12	2	LA_Adenovirus_2024	24	2	30.8612508169238	53.0218707283734	NA
rand.12	3	LA_Adenovirus_2024	2	2	30.8612508169238	100	NA
rand.13	2	LA_Adenovirus_2024	118	0	0	0	NA
rand.13	3	LA_Adenovirus_2024	0	0	0	0	0
rand.14	2	LA_Adenovirus_2024	172	1	56.2299320887677	27.9639940084221	NA
rand.14	3	LA_Adenovirus_2024	2	1	56.2299320887677	98.673647469459	100
rand.15	2	LA_Adenovirus_2024	120	0	0	0	NA
rand.15	3	LA_Adenovirus_2024	0	0	0	0	0
rand.16	2	LA_Adenovirus_2024	101	6	51.1777910379905	36.4602522318266	NA
rand.16	3	LA_Adenovirus_2024	6	6	51.1777910379905	100	NA
rand.17	2	LA_Adenovirus_2024	7	0	0	0	NA
rand.17	3	LA_Adenovirus_2024	0	0	0	0	0
rand.18	2	LA_Adenovirus_2024	33	0	0	0	NA
rand.18	3	LA_Adenovirus_2024	0	0	0	0	0
rand.19	2	LA_Adenovirus_2024	159	0	0	0	NA
rand.19	3	LA_Adenovirus_2024	0	0	0	0	0
rand.2	2	LA_Adenovirus_2024	399	2	86.0909840025005	4.41496407322621	NA
rand.2	3	LA_Adenovirus_2024	4	2	86.0909840025005	97.7764869138671	100
rand.20	2	LA_Adenovirus_2024	178	2	86.0909840025005	28.7334629427664	NA
rand.20	3	LA_Adenovirus_2024	3	2	86.0909840025005	99.1296950660908	100
rand.21	2	LA_Adenovirus_2024	49	0	0	0	NA
rand.21	3	LA_Adenovirus_2024	0	0	0	0	0
rand.22	2	LA_Adenovirus_2024	136	0	0	0	NA
rand.22	3	LA_Adenovirus_2024	0	0	0	0	0
rand.23	2	LA_Adenovirus_2024	61	0	0	0	NA
rand.23	3	LA_Adenovirus_2024	0	0	0	0	0
rand.24	2	LA_Adenovirus_2024	28	0	0	0	NA
rand.24	3	LA_Adenovirus_2024	0	0	0	0	0
rand.25	2	LA_Adenovirus_2024	215	0	0	0	NA
rand.25	3	LA_Adenovirus_2024	0	0	0	0	0
rand.26	2	LA_Adenovirus_2024	318	0	0	0	NA
rand.26	3	LA_Adenovirus_2024	0	0	0	0	0
rand.27	2	LA_Adenovirus_2024	353	0	0	0	NA
rand.27	3	LA_Adenovirus_2024	0	0	0	0	0
rand.28	2	LA_Adenovirus_2024	1567	0	0	0	NA
rand.28	3	LA_Adenovirus_2024	12	0	0	0	100
rand.29	2	LA_Adenovirus_2024	24	0	0	0	NA
rand.29	3	LA_Adenovirus_2024	0	0	0	0	0
rand.3	2	LA_Adenovirus_2024	160	2	86.0966669508141	29.1035529386904	NA
rand.3	3	LA_Adenovirus_2024	2	2	86.0966669508141	100	NA
rand.30	2	LA_Adenovirus_2024	9	2	16.8186855340551	65.8324991658325	NA
rand.30	3	LA_Adenovirus_2024	2	2	16.8186855340551	100	NA
rand.31	2	LA_Adenovirus_2024	64	1	56.2299320887677	50.9146576787506	NA
rand.31	3	LA_Adenovirus_2024	2	1	56.2299320887677	98.673647469459	100
rand.32	2	LA_Adenovirus_2024	311	2	86.0909840025005	22.1830109384838	NA
rand.32	3	LA_Adenovirus_2024	3	2	86.0909840025005	99.1296950660908	100
rand.33	2	LA_Adenovirus_2024	1223	0	0	0	NA
rand.33	3	LA_Adenovirus_2024	7	0	0	0	100
rand.34	2	LA_Adenovirus_2024	76	0	0	0	NA
rand.34	3	LA_Adenovirus_2024	0	0	0	0	0
rand.35	2	LA_Adenovirus_2024	12	0	0	0	NA
rand.35	3	LA_Adenovirus_2024	0	0	0	0	0
rand.36	2	LA_Adenovirus_2024	10	2	86.0909840025005	56.6444810050853	NA
rand.36	3	LA_Adenovirus_2024	2	2	86.0909840025005	100	NA
rand.37	2	LA_Adenovirus_2024	234	1	56.2299320887677	21.4680133219063	NA
rand.37	3	LA_Adenovirus_2024	1	1	56.2299320887677	100	NA
rand.38	2	LA_Adenovirus_2024	202	0	0	0	NA
rand.38	3	LA_Adenovirus_2024	0	0	0	0	0
rand.39	2	LA_Adenovirus_2024	75	1	56.2299320887677	27.4450793298569	NA
rand.39	3	LA_Adenovirus_2024	1	1	56.2299320887677	100	NA
rand.4	2	LA_Adenovirus_2024	10	0	0	0	NA
rand.4	3	LA_Adenovirus_2024	0	0	0	0	0
rand.40	2	LA_Adenovirus_2024	195	0	0	0	NA
rand.40	3	LA_Adenovirus_2024	0	0	0	0	0
rand.41	2	LA_Adenovirus_2024	313	2	14.4716278805444	1.50378381889636	NA
rand.41	3	LA_Adenovirus_2024	6	2	14.4716278805444	78.4745762711864	100
rand.42	2	LA_Adenovirus_2024	51	7	51.8824766288751	35.6412258442319	NA
rand.42	3	LA_Adenovirus_2024	7	7	51.8824766288751	100	NA
rand.43	2	LA_Adenovirus_2024	9	2	86.0909840025005	93.5238918384986	NA
rand.43	3	LA_Adenovirus_2024	2	2	86.0909840025005	100	NA
rand.44	2	LA_Adenovirus_2024	298	0	0	0	NA
rand.44	3	LA_Adenovirus_2024	0	0	0	0	0
rand.45	2	LA_Adenovirus_2024	119	2	86.0909840025005	40.9034452964683	NA
rand.45	3	LA_Adenovirus_2024	2	2	86.0909840025005	100	NA
rand.46	2	LA_Adenovirus_2024	25	6	100	87.3316599893807	NA
rand.46	3	LA_Adenovirus_2024	6	5	100	99.263239530246	100
rand.47	2	LA_Adenovirus_2024	19	5	44.3071065268661	32.8584975239701	NA
rand.47	3	LA_Adenovirus_2024	4	4	31.7989372886654	100	NA
rand.48	2	LA_Adenovirus_2024	97	1	12.5081692382008	3.44420189501522	NA
rand.48	3	LA_Adenovirus_2024	1	1	12.5081692382008	100	NA
rand.49	2	LA_Adenovirus_2024	0	0	0	0	NA
rand.49	3	LA_Adenovirus_2024	0	0	0	0	0
rand.5	2	LA_Adenovirus_2024	1355	0	0	0	NA
rand.5	3	LA_Adenovirus_2024	18	0	0	0	100
rand.50	2	LA_Adenovirus_2024	9	1	56.2299320887677	87.6395039858282	NA
rand.50	3	LA_Adenovirus_2024	1	1	56.2299320887677	100	NA
rand.51	2	LA_Adenovirus_2024	38	0	0	0	NA
rand.51	3	LA_Adenovirus_2024	0	0	0	0	0
rand.52	2	LA_Adenovirus_2024	22	7	100	71.0286523238889	NA
rand.52	3	LA_Adenovirus_2024	7	7	100	100	NA
rand.53	2	LA_Adenovirus_2024	118	1	56.2299320887677	12.7663555019386	NA
rand.53	3	LA_Adenovirus_2024	4	1	56.2299320887677	96.1938557262298	100
rand.54	2	LA_Adenovirus_2024	18	6	100	54.1165034023779	NA
rand.54	3	LA_Adenovirus_2024	6	6	100	100	NA
rand.55	2	LA_Adenovirus_2024	65	2	86.0909840025005	41.2268168891429	NA
rand.55	3	LA_Adenovirus_2024	1	1	29.8610519137328	100	NA
rand.56	2	LA_Adenovirus_2024	173	1	56.2299320887677	8.34032258744294	NA
rand.56	3	LA_Adenovirus_2024	1	1	56.2299320887677	100	NA
rand.57	2	LA_Adenovirus_2024	68	7	53.2435427499787	49.3079311615178	NA
rand.57	3	LA_Adenovirus_2024	7	7	53.2435427499787	100	NA
rand.58	2	LA_Adenovirus_2024	26	3	100	52.8316885142634	NA
rand.58	3	LA_Adenovirus_2024	3	3	100	100	NA
rand.59	2	LA_Adenovirus_2024	28	6	100	69.220468675275	NA
rand.59	3	LA_Adenovirus_2024	7	6	100	99.270253216647	100
rand.6	2	LA_Adenovirus_2024	21	7	100	57.025997310623	NA
rand.6	3	LA_Adenovirus_2024	7	7	100	100	NA
rand.60	2	LA_Adenovirus_2024	104	0	0	0	NA
rand.60	3	LA_Adenovirus_2024	0	0	0	0	0
rand.61	2	LA_Adenovirus_2024	17	0	0	0	NA
rand.61	3	LA_Adenovirus_2024	0	0	0	0	0
rand.62	2	LA_Adenovirus_2024	55	6	100	51.7431218898358	NA
rand.62	3	LA_Adenovirus_2024	6	6	100	100	NA
rand.63	2	LA_Adenovirus_2024	36	7	53.1526155769613	35.5965746907707	NA
rand.63	3	LA_Adenovirus_2024	7	7	53.1526155769613	100	NA
rand.64	2	LA_Adenovirus_2024	547	0	0	0	NA
rand.64	3	LA_Adenovirus_2024	2	0	0	0	100
rand.65	2	LA_Adenovirus_2024	101	6	51.1777910379905	36.6957336701846	NA
rand.65	3	LA_Adenovirus_2024	6	6	51.1777910379905	100	NA
rand.66	2	LA_Adenovirus_2024	65	0	0	0	NA
rand.66	3	LA_Adenovirus_2024	0	0	0	0	0
rand.67	2	LA_Adenovirus_2024	19	2	86.0909840025005	78.7779511180447	NA
rand.67	3	LA_Adenovirus_2024	2	2	86.0909840025005	100	NA
rand.68	2	LA_Adenovirus_2024	28	8	100	85.7241347612263	NA
rand.68	3	LA_Adenovirus_2024	7	7	100	100	NA
rand.69	2	LA_Adenovirus_2024	10	2	6.37626800784247	8.95736867315983	NA
rand.69	3	LA_Adenovirus_2024	2	2	6.37626800784247	100	NA
rand.7	2	LA_Adenovirus_2024	26	0	0	0	NA
rand.7	3	LA_Adenovirus_2024	0	0	0	0	0
rand.70	2	LA_Adenovirus_2024	840	0	0	0	NA
rand.70	3	LA_Adenovirus_2024	4	0	0	0	100
rand.71	2	LA_Adenovirus_2024	23	0	0	0	NA
rand.71	3	LA_Adenovirus_2024	0	0	0	0	0
rand.72	2	LA_Adenovirus_2024	10	1	2.06575171198818	4.39939485627837	NA
rand.72	3	LA_Adenovirus_2024	1	1	2.06575171198818	100	NA
rand.73	2	LA_Adenovirus_2024	175	0	0	0	NA
rand.73	3	LA_Adenovirus_2024	0	0	0	0	0
rand.74	2	LA_Adenovirus_2024	7	0	0	0	NA
rand.74	3	LA_Adenovirus_2024	0	0	0	0	0
rand.75	2	LA_Adenovirus_2024	1218	0	0	0	NA
rand.75	3	LA_Adenovirus_2024	12	0	0	0	100
rand.76	2	LA_Adenovirus_2024	2	0	0	0	NA
rand.76	3	LA_Adenovirus_2024	0	0	0	0	0
rand.77	2	LA_Adenovirus_2024	203	2	86.0909840025005	27.8704810964953	NA
rand.77	3	LA_Adenovirus_2024	2	2	86.0909840025005	100	NA
rand.78	2	LA_Adenovirus_2024	6	0	0	0	NA
rand.78	3	LA_Adenovirus_2024	0	0	0	0	0
rand.79	2	LA_Adenovirus_2024	42	2	86.0909840025005	41.4280635545711	NA
rand.79	3	LA_Adenovirus_2024	2	2	86.0909840025005	100	NA
rand.8	2	LA_Adenovirus_2024	69	2	86.0909840025005	49.6249222000197	NA
rand.8	3	LA_Adenovirus_2024	2	2	86.0909840025005	100	NA
rand.80	2	LA_Adenovirus_2024	36	2	86.0909840025005	43.0589505997385	NA
rand.80	3	LA_Adenovirus_2024	2	2	86.0909840025005	100	NA
rand.81	2	LA_Adenovirus_2024	58	0	0	0	NA
rand.81	3	LA_Adenovirus_2024	0	0	0	0	0
rand.82	2	LA_Adenovirus_2024	157	2	86.0966669508141	30.3318484408629	NA
rand.82	3	LA_Adenovirus_2024	2	2	86.0966669508141	100	NA
rand.83	2	LA_Adenovirus_2024	54	0	0	0	NA
rand.83	3	LA_Adenovirus_2024	0	0	0	0	0
rand.84	2	LA_Adenovirus_2024	319	0	0	0	NA
rand.84	3	LA_Adenovirus_2024	0	0	0	0	0
rand.85	2	LA_Adenovirus_2024	149	0	0	0	NA
rand.85	3	LA_Adenovirus_2024	0	0	0	0	0
rand.86	2	LA_Adenovirus_2024	230	2	86.0909840025005	11.4051895155674	NA
rand.86	3	LA_Adenovirus_2024	2	2	86.0909840025005	100	NA
rand.87	2	LA_Adenovirus_2024	19	2	86.0909840025005	46.8849617777228	NA
rand.87	3	LA_Adenovirus_2024	2	2	86.0909840025005	100	NA
rand.88	2	LA_Adenovirus_2024	38	1	0.704685590884551	0.781028564230152	NA
rand.88	3	LA_Adenovirus_2024	1	1	0.704685590884551	100	NA
rand.89	2	LA_Adenovirus_2024	19	8	100	89.0836577269362	NA
rand.89	3	LA_Adenovirus_2024	7	7	100	100	NA
rand.9	2	LA_Adenovirus_2024	56	0	0	0	NA
rand.9	3	LA_Adenovirus_2024	0	0	0	0	0
rand.90	2	LA_Adenovirus_2024	13	2	86.0909840025005	49.4661224489796	NA
rand.90	3	LA_Adenovirus_2024	2	2	86.0909840025005	100	NA
rand.91	2	LA_Adenovirus_2024	12	0	0	0	NA
rand.91	3	LA_Adenovirus_2024	0	0	0	0	0
rand.92	2	LA_Adenovirus_2024	34	7	100	61.89459801829	NA
rand.92	3	LA_Adenovirus_2024	7	7	100	100	NA
rand.93	2	LA_Adenovirus_2024	22	0	0	0	NA
rand.93	3	LA_Adenovirus_2024	0	0	0	0	0
rand.94	2	LA_Adenovirus_2024	139	0	0	0	NA
rand.94	3	LA_Adenovirus_2024	0	0	0	0	0
rand.95	2	LA_Adenovirus_2024	4	0	0	0	NA
rand.95	3	LA_Adenovirus_2024	0	0	0	0	0
rand.96	2	LA_Adenovirus_2024	109	2	86.0256300968943	16.321194641365	NA
rand.96	3	LA_Adenovirus_2024	2	2	86.0256300968943	100	NA
rand.97	2	LA_Adenovirus_2024	281	1	56.2299320887677	5.82802482115983	NA
rand.97	3	LA_Adenovirus_2024	10	1	56.2299320887677	87.9589296826385	100
rand.98	2	LA_Adenovirus_2024	153	0	0	0	NA
rand.98	3	LA_Adenovirus_2024	0	0	0	0	0
rand.99	2	LA_Adenovirus_2024	123	3	100	20.4619254250678	NA
rand.99	3	LA_Adenovirus_2024	5	3	100	98.0815280948934	100
rand.70	1	Gabor_WNV_2025	159204	7	59.9241919099543	0.00917766731908255	NA
rand.9	1	Gabor_WNV_2025	135439	5	41.0084521001826	0.00755845432993335	NA
rand.10	1	Gabor_WNV_2025	72477	1	100	0.0370433819613141	NA
rand.12	1	Gabor_WNV_2025	202574	1	100	0.013210129132773	NA
rand.68	1	Gabor_WNV_2025	89182	1	100	0.0309500395744522	NA
rand.15	1	Gabor_WNV_2025	197857	1	100	0.013300047699406	NA
rand.50	1	Gabor_WNV_2025	156696	4	100	0.016765353726634	NA
rand.42	1	Gabor_WNV_2025	188230	12	67.17190123683	0.00859428520059614	NA
rand.27	1	Gabor_WNV_2025	178803	1	100	0.0151603120106598	NA
rand.56	1	Gabor_WNV_2025	144350	1	100	0.018162498694669	NA
rand.75	1	Gabor_WNV_2025	144285	10	91.0522260746003	0.0155399348884687	NA
rand.6	1	Gabor_WNV_2025	225829	10	71.6603861637011	0.0075569733395595	NA
rand.18	1	Gabor_WNV_2025	290504	1	100	0.00887246380898234	NA
rand.58	1	Gabor_WNV_2025	220383	8	66.71521371315	0.00734209429331845	NA
rand.22	1	Gabor_WNV_2025	160322	1	100	0.0161884667625844	NA
rand.52	1	Gabor_WNV_2025	116830	1	100	0.0231998242247362	NA
rand.60	1	Gabor_WNV_2025	241172	8	90.9841356333796	0.00913188115523162	NA
rand.90	1	Gabor_WNV_2025	173371	1	100	0.0153689305726629	NA
rand.26	1	Gabor_WNV_2025	77656	1	100	0.0347383124851113	NA
rand.54	1	Gabor_WNV_2025	159728	1	100	0.0166459737383173	NA
rand.5	1	Gabor_WNV_2025	190852	8	53.0262924287537	0.00676004922871467	NA
rand.49	1	Gabor_WNV_2025	169477	2	7.86944117647059	0.001147409692164	NA
rand.91	1	Gabor_WNV_2025	172705	1	100	0.0151925258406885	NA
rand.46	1	Gabor_WNV_2025	187135	9	100	0.0141444071688216	NA
rand.4	1	Gabor_WNV_2025	154681	1	100	0.0168592202864949	NA
rand.31	1	Gabor_WNV_2025	167196	1	100	0.0159176538337669	NA
rand.76	1	Gabor_WNV_2025	203642	7	100	0.0121290725462646	NA
rand.53	1	Gabor_WNV_2025	156312	8	62.0324390286513	0.0098089446483481	NA
rand.89	1	Gabor_WNV_2025	163416	11	77.6158002539145	0.0115108747076084	NA
rand.44	1	Gabor_WNV_2025	112527	1	100	0.0235497484959618	NA
rand.94	1	Gabor_WNV_2025	77340	1	100	0.0357004763950912	NA
rand.61	1	Gabor_WNV_2025	71879	1	100	0.0384797069499141	NA
rand.3	1	Gabor_WNV_2025	132983	1	100	0.0197414903413436	NA
rand.20	1	Gabor_WNV_2025	246449	9	94.9674968484987	0.00926469582875718	NA
rand.80	1	Gabor_WNV_2025	215477	14	98.9993671238987	0.0113614053106197	NA
rand.98	1	Gabor_WNV_2025	186499	8	100	0.0134283967452914	NA
rand.40	1	Gabor_WNV_2025	212211	2	100	0.0135138552385489	NA
rand.93	1	Gabor_WNV_2025	181808	1	100	0.0146143183671662	NA
rand.45	1	Gabor_WNV_2025	208703	3	11.8138223123732	0.00136983847734342	NA
rand.69	1	Gabor_WNV_2025	202493	11	56.1849874081847	0.00715544842843279	NA
rand.55	1	Gabor_WNV_2025	170530	6	27.4943584088224	0.00389665964978778	NA
rand.36	1	Gabor_WNV_2025	111507	1	100	0.0236712457266127	NA
rand.13	1	Gabor_WNV_2025	100180	9	85.9612827602732	0.0211265750944565	NA
rand.33	1	Gabor_WNV_2025	133611	1	100	0.0199092988892702	NA
rand.65	1	Gabor_WNV_2025	219857	6	48.1589087936368	0.00530289812850273	NA
rand.23	1	Gabor_WNV_2025	130611	9	56.8930499443414	0.0106971021630615	NA
rand.87	1	Gabor_WNV_2025	180096	1	100	0.0143643339973914	NA
rand.57	1	Gabor_WNV_2025	200778	7	79.7435312591801	0.00979759351145298	NA
rand.73	1	Gabor_WNV_2025	90024	1	100	0.029954440314992	NA
rand.96	1	Gabor_WNV_2025	100252	10	98.2221299731784	0.0245099322682204	NA
rand.99	1	Gabor_WNV_2025	130750	1	100	0.0200265186137833	NA
rand.16	1	Gabor_WNV_2025	76374	10	95.0645596387595	0.0314131624457296	NA
rand.39	1	Gabor_WNV_2025	137240	6	91.2464830520231	0.0165788568595762	NA
rand.62	1	Gabor_WNV_2025	106746	3	100	0.0261458373680104	NA
rand.64	1	Gabor_WNV_2025	116746	2	100	0.0232598448434715	NA
rand.25	1	Gabor_WNV_2025	30280	1	100	0.0916918675550118	NA
rand.72	1	Gabor_WNV_2025	45473	1	100	0.0617001332409103	NA
rand.63	1	Gabor_WNV_2025	129195	1	100	0.0203247901837208	NA
rand.82	1	Gabor_WNV_2025	198055	9	74.1572272633289	0.00899862705213171	NA
rand.81	1	Gabor_WNV_2025	135205	9	47.2632351149783	0.00904596434144061	NA
rand.85	1	Gabor_WNV_2025	129095	1	100	0.0210010450013658	NA
rand.1	1	Gabor_WNV_2025	173309	1	100	0.0150469085622872	NA
rand.41	1	Gabor_WNV_2025	142441	1	100	0.0185273446266239	NA
rand.11	1	Gabor_WNV_2025	168922	8	86.087675832505	0.0126214693572489	NA
rand.47	1	Gabor_WNV_2025	146531	8	43.7190359677025	0.00729327539101559	NA
rand.28	1	Gabor_WNV_2025	197128	8	89.7211864619429	0.0109564341805059	NA
rand.29	1	Gabor_WNV_2025	125833	1	100	0.0210825194784585	NA
rand.86	1	Gabor_WNV_2025	213376	3	100	0.0119149023299297	NA
rand.2	1	Gabor_WNV_2025	136762	5	83.0953583725365	0.0151129722505651	NA
rand.38	1	Gabor_WNV_2025	56476	1	100	0.0498380557738507	NA
rand.14	1	Gabor_WNV_2025	186069	1	100	0.0139445743284971	NA
rand.17	1	Gabor_WNV_2025	146934	3	100	0.0174365483094112	NA
rand.97	1	Gabor_WNV_2025	198958	12	94.2485525260814	0.0113800505543584	NA
rand.30	1	Gabor_WNV_2025	85905	6	100	0.0309927084065812	NA
rand.83	1	Gabor_WNV_2025	124163	4	100	0.0230797440142672	NA
rand.32	1	Gabor_WNV_2025	139440	1	100	0.0189953232993617	NA
rand.48	1	Gabor_WNV_2025	139560	1	100	0.0192152030271261	NA
rand.19	1	Gabor_WNV_2025	106230	1	100	0.0255133889130971	NA
rand.66	1	Gabor_WNV_2025	130889	10	96.2012931836782	0.0178871048028267	NA
rand.37	1	Gabor_WNV_2025	114299	7	100	0.0217003453664069	NA
rand.59	1	Gabor_WNV_2025	70229	7	87.418687505166	0.0312772020064405	NA
rand.84	1	Gabor_WNV_2025	148485	6	27.6207117078825	0.00459755333832989	NA
rand.24	1	Gabor_WNV_2025	148197	1	100	0.0178435434953783	NA
rand.35	1	Gabor_WNV_2025	167622	1	100	0.0156838771533358	NA
rand.51	1	Gabor_WNV_2025	156333	7	94.9577013114025	0.0148759680775179	NA
rand.88	1	Gabor_WNV_2025	55884	1	100	0.0503530889146391	NA
rand.21	1	Gabor_WNV_2025	138441	3	100	0.0178992147235648	NA
rand.95	1	Gabor_WNV_2025	178636	5	66.4529012365505	0.00915631761820083	NA
rand.100	1	Gabor_WNV_2025	211995	1	100	0.0121552301887691	NA
rand.8	1	Gabor_WNV_2025	170011	5	22.9087278878685	0.00328926118576527	NA
rand.78	1	Gabor_WNV_2025	70021	14	82.2306567139512	0.0296000213187299	NA
rand.34	1	Gabor_WNV_2025	95121	1	100	0.0276041732972353	NA
rand.77	1	Gabor_WNV_2025	120965	4	100	0.0239024997618566	NA
rand.71	1	Gabor_WNV_2025	126657	12	63.4412273623812	0.0123486519526963	NA
rand.92	1	Gabor_WNV_2025	113510	1	100	0.023580671704402	NA
rand.79	1	Gabor_WNV_2025	65150	3	100	0.0409544644769986	NA
rand.74	1	Gabor_WNV_2025	164187	9	100	0.0156776387731794	NA
rand.7	1	Gabor_WNV_2025	189868	2	100	0.013799135674928	NA
rand.67	1	Gabor_WNV_2025	61874	1	100	0.0446479733634811	NA
rand.43	1	Gabor_WNV_2025	127487	1	100	0.0212016852109248	NA
rand.1	2	Gabor_WNV_2025	72861	1	100	0.0303392898207403	NA
rand.1	3	Gabor_WNV_2025	1426	1	100	2.01054374442433	0
rand.10	2	Gabor_WNV_2025	30373	1	100	0.0774571640661573	NA
rand.10	3	Gabor_WNV_2025	994	1	100	2.95819622971812	0
rand.100	2	Gabor_WNV_2025	111952	1	100	0.0199908686174564	NA
rand.100	3	Gabor_WNV_2025	3401	1	100	0.876468439641618	0
rand.11	2	Gabor_WNV_2025	57942	3	42.0230186207542	0.0154010835147502	NA
rand.11	3	Gabor_WNV_2025	980	3	42.0230186207542	1.17354084789698	0
rand.12	2	Gabor_WNV_2025	88780	1	100	0.0259704986302614	NA
rand.12	3	Gabor_WNV_2025	2377	1	100	1.24273598907724	0
rand.13	2	Gabor_WNV_2025	47448	8	74.6140170300365	0.0352708722485822	NA
rand.13	3	Gabor_WNV_2025	1390	8	74.6140170300365	1.55809441184574	0
rand.14	2	Gabor_WNV_2025	84251	1	100	0.0263934277617064	NA
rand.14	3	Gabor_WNV_2025	2128	1	100	1.35507727034225	0
rand.15	2	Gabor_WNV_2025	84052	1	100	0.0263650123234482	NA
rand.15	3	Gabor_WNV_2025	1989	1	100	1.46130180814725	0
rand.16	2	Gabor_WNV_2025	24254	11	91.559839056798	0.0838666673409141	NA
rand.16	3	Gabor_WNV_2025	722	11	91.559839056798	3.63183544092375	0
rand.17	2	Gabor_WNV_2025	63390	3	100	0.0345406031959617	NA
rand.17	3	Gabor_WNV_2025	1186	3	100	2.35399238957958	0
rand.18	2	Gabor_WNV_2025	132330	1	100	0.0164611268750935	NA
rand.18	3	Gabor_WNV_2025	4479	1	100	0.64940278032524	0
rand.19	2	Gabor_WNV_2025	35901	1	100	0.0632279220265172	NA
rand.19	3	Gabor_WNV_2025	365	1	100	7.69905345211581	0
rand.2	2	Gabor_WNV_2025	54252	5	80.0318143538879	0.0324289647186665	NA
rand.2	3	Gabor_WNV_2025	1537	5	80.0318143538879	1.49499222177553	0
rand.20	2	Gabor_WNV_2025	115941	6	68.1201459717414	0.012496862266193	NA
rand.20	3	Gabor_WNV_2025	3638	6	68.1201459717414	0.532765440501151	0
rand.21	2	Gabor_WNV_2025	62438	4	96.9495648919248	0.0341740458659827	NA
rand.21	3	Gabor_WNV_2025	1151	4	96.9495648919248	2.37651241470268	0
rand.22	2	Gabor_WNV_2025	81149	1	100	0.027921209265163	NA
rand.22	3	Gabor_WNV_2025	2902	1	100	1.02898550724638	0
rand.23	2	Gabor_WNV_2025	58466	5	32.8155703190793	0.0123593977537191	NA
rand.23	3	Gabor_WNV_2025	1560	5	32.8155703190793	0.603010409538122	0
rand.24	2	Gabor_WNV_2025	62162	1	100	0.0364274558312115	NA
rand.24	3	Gabor_WNV_2025	1919	1	100	1.52685998167657	0
rand.25	2	Gabor_WNV_2025	3756	1	100	0.713692753204065	NA
rand.25	3	Gabor_WNV_2025	667	1	100	4.18629307080651	0
rand.26	2	Gabor_WNV_2025	30630	1	100	0.0765968448535454	NA
rand.26	3	Gabor_WNV_2025	898	1	100	3.21759776207995	0
rand.27	2	Gabor_WNV_2025	76100	1	100	0.0306434170978707	NA
rand.27	3	Gabor_WNV_2025	1811	1	100	1.62573924173649	0
rand.28	2	Gabor_WNV_2025	95828	7	83.3816786750257	0.0187536095594878	NA
rand.28	3	Gabor_WNV_2025	3021	7	83.3816786750257	0.795084768295828	0
rand.29	2	Gabor_WNV_2025	55011	1	100	0.0415887114797897	NA
rand.29	3	Gabor_WNV_2025	956	1	100	3.06978224988899	0
rand.3	2	Gabor_WNV_2025	64782	1	100	0.0351697795942989	NA
rand.3	3	Gabor_WNV_2025	1249	1	100	2.34536170357867	0
rand.30	2	Gabor_WNV_2025	32535	6	100	0.0701452442996303	NA
rand.30	3	Gabor_WNV_2025	454	6	100	6.06180115425848	0
rand.31	2	Gabor_WNV_2025	83824	1	100	0.0278808783235439	NA
rand.31	3	Gabor_WNV_2025	2397	1	100	1.24923847791415	0
rand.32	2	Gabor_WNV_2025	59628	1	100	0.038157830544385	NA
rand.32	3	Gabor_WNV_2025	1200	1	100	2.41626377215184	0
rand.33	2	Gabor_WNV_2025	59697	1	100	0.0385126105256845	NA
rand.33	3	Gabor_WNV_2025	1627	1	100	1.8161171176781	0
rand.34	2	Gabor_WNV_2025	48590	1	100	0.0477304643677263	NA
rand.34	3	Gabor_WNV_2025	1354	1	100	2.21072332040548	0
rand.35	2	Gabor_WNV_2025	76528	1	100	0.0296712611374763	NA
rand.35	3	Gabor_WNV_2025	2488	1	100	1.20011482479433	0
rand.36	2	Gabor_WNV_2025	44153	1	100	0.0505025035950681	NA
rand.36	3	Gabor_WNV_2025	613	1	100	4.63396494312131	0
rand.37	2	Gabor_WNV_2025	58809	7	96.8279217741181	0.0372373177659178	NA
rand.37	3	Gabor_WNV_2025	2151	7	96.8279217741181	1.31129260148642	0
rand.38	2	Gabor_WNV_2025	4872	1	100	0.477452337250312	NA
rand.38	3	Gabor_WNV_2025	26	1	100	52.0073769328983	0
rand.39	2	Gabor_WNV_2025	59659	7	87.8824740338729	0.0329777075682821	NA
rand.39	3	Gabor_WNV_2025	2394	7	87.8824740338729	1.05963134035693	0
rand.4	2	Gabor_WNV_2025	76053	1	100	0.0297946807168054	NA
rand.4	3	Gabor_WNV_2025	1692	1	100	1.73800896640668	0
rand.40	2	Gabor_WNV_2025	94173	2	100	0.0259220595829576	NA
rand.40	3	Gabor_WNV_2025	2304	1	100	1.26122718023672	0
rand.41	2	Gabor_WNV_2025	59594	1	100	0.0377301009030779	NA
rand.41	3	Gabor_WNV_2025	1738	1	100	1.67433722566658	0
rand.42	2	Gabor_WNV_2025	93156	1	8.17816038177225	0.00190026665698415	NA
rand.42	3	Gabor_WNV_2025	2494	1	8.17816038177225	0.0946529733921178	0
rand.43	2	Gabor_WNV_2025	41379	1	100	0.0542454075461959	NA
rand.43	3	Gabor_WNV_2025	583	1	100	4.85535091206219	0
rand.44	2	Gabor_WNV_2025	48611	1	100	0.0470133413225398	NA
rand.44	3	Gabor_WNV_2025	681	1	100	4.15681445612021	0
rand.45	2	Gabor_WNV_2025	98441	3	11.3783100963788	0.00249375934672693	NA
rand.45	3	Gabor_WNV_2025	2957	3	11.3783100963788	0.109110159986361	0
rand.46	2	Gabor_WNV_2025	78132	9	100	0.0287069442732104	NA
rand.46	3	Gabor_WNV_2025	1573	9	100	1.86877950759892	0
rand.47	2	Gabor_WNV_2025	68575	7	38.476653878544	0.0123676552609936	NA
rand.47	3	Gabor_WNV_2025	1482	7	38.476653878544	0.748217252303152	0
rand.48	2	Gabor_WNV_2025	54216	1	100	0.041624785862769	NA
rand.48	3	Gabor_WNV_2025	880	1	100	3.26184289719763	0
rand.49	2	Gabor_WNV_2025	70273	0	0	0	NA
rand.49	3	Gabor_WNV_2025	1599	0	0	0	0
rand.5	2	Gabor_WNV_2025	85567	9	51.0713951529896	0.012867005214909	NA
rand.5	3	Gabor_WNV_2025	2054	9	51.0713951529896	0.710777961976374	0
rand.50	2	Gabor_WNV_2025	78084	4	97.6139234584074	0.0275123115748187	NA
rand.50	3	Gabor_WNV_2025	2497	4	97.6139234584074	1.1328663734593	0
rand.51	2	Gabor_WNV_2025	76385	8	91.4569102648077	0.0264812864627387	NA
rand.51	3	Gabor_WNV_2025	2461	8	91.4569102648077	1.07271031114526	0
rand.52	2	Gabor_WNV_2025	40598	1	100	0.0563603773090614	NA
rand.52	3	Gabor_WNV_2025	1170	1	100	2.49204761926309	0
rand.53	2	Gabor_WNV_2025	72239	6	43.6698792925985	0.0134378713536457	NA
rand.53	3	Gabor_WNV_2025	2290	6	43.6698792925985	0.549345129285027	0
rand.54	2	Gabor_WNV_2025	63283	1	100	0.0354690550256754	NA
rand.54	3	Gabor_WNV_2025	1090	1	100	2.63412980365192	0
rand.55	2	Gabor_WNV_2025	83017	3	15.5890334050716	0.00407710934611487	NA
rand.55	3	Gabor_WNV_2025	1897	3	15.5890334050716	0.235932890829348	0
rand.56	2	Gabor_WNV_2025	60424	1	100	0.0368996192653206	NA
rand.56	3	Gabor_WNV_2025	1139	1	100	2.49798365446349	0
rand.57	2	Gabor_WNV_2025	108459	7	76.8035931505568	0.0159789221508392	NA
rand.57	3	Gabor_WNV_2025	3401	7	76.8035931505568	0.663598225553868	0
rand.58	2	Gabor_WNV_2025	106285	7	51.997754280902	0.0106065271044675	NA
rand.58	3	Gabor_WNV_2025	3081	7	51.997754280902	0.482970446415224	0
rand.59	2	Gabor_WNV_2025	28988	4	59.0624122765977	0.0459908436543747	NA
rand.59	3	Gabor_WNV_2025	755	4	59.0624122765977	2.26869190790088	0
rand.6	2	Gabor_WNV_2025	119676	6	45.8500982502105	0.008237201548957	NA
rand.6	3	Gabor_WNV_2025	3661	6	45.8500982502105	0.361890694239291	0
rand.60	2	Gabor_WNV_2025	109065	8	84.345466454571	0.0165508845322234	NA
rand.60	3	Gabor_WNV_2025	3325	8	84.345466454571	0.712161577089476	0
rand.61	2	Gabor_WNV_2025	398	1	100	5.15587977387638	NA
rand.61	3	Gabor_WNV_2025	11	1	100	70.2242551299155	0
rand.62	2	Gabor_WNV_2025	37771	3	100	0.0623999315704121	NA
rand.62	3	Gabor_WNV_2025	1041	3	100	2.89393249658581	0
rand.63	2	Gabor_WNV_2025	64426	1	100	0.0354811041006845	NA
rand.63	3	Gabor_WNV_2025	1079	1	100	2.74593830473959	0
rand.64	2	Gabor_WNV_2025	37730	2	100	0.0599955313895685	NA
rand.64	3	Gabor_WNV_2025	479	2	100	5.87185802703044	0
rand.65	2	Gabor_WNV_2025	100530	3	29.8306353513615	0.00636125461180983	NA
rand.65	3	Gabor_WNV_2025	3715	3	29.8306353513615	0.231120004059824	0
rand.66	2	Gabor_WNV_2025	69020	8	76.6445213811172	0.0246216839632669	NA
rand.66	3	Gabor_WNV_2025	1417	8	76.6445213811172	1.57675086527837	0
rand.67	2	Gabor_WNV_2025	420	1	100	4.88726132700415	NA
rand.67	3	Gabor_WNV_2025	19	1	100	58.0405973916702	0
rand.68	2	Gabor_WNV_2025	30318	1	100	0.0774451318973631	NA
rand.68	3	Gabor_WNV_2025	375	1	100	7.12121699417875	0
rand.69	2	Gabor_WNV_2025	96327	6	40.0299429213063	0.00900892932728695	NA
rand.69	3	Gabor_WNV_2025	2673	6	40.0299429213063	0.429377102095999	0
rand.7	2	Gabor_WNV_2025	87108	3	100	0.02579241079703	NA
rand.7	3	Gabor_WNV_2025	2205	3	100	1.32632545626531	0
rand.70	2	Gabor_WNV_2025	74601	7	57.714980817816	0.0169165296792532	NA
rand.70	3	Gabor_WNV_2025	2239	7	57.714980817816	0.746591136045899	0
rand.71	2	Gabor_WNV_2025	57346	7	43.6885936184149	0.0169522270339259	NA
rand.71	3	Gabor_WNV_2025	1659	7	43.6885936184149	0.772284433564352	0
rand.72	2	Gabor_WNV_2025	20508	3	100	0.121156842286192	NA
rand.72	3	Gabor_WNV_2025	174	3	100	15.9908583606741	0
rand.73	2	Gabor_WNV_2025	38525	1	100	0.060913154073311	NA
rand.73	3	Gabor_WNV_2025	1201	1	100	2.4656776599256	0
rand.74	2	Gabor_WNV_2025	64750	9	100	0.0334438569055353	NA
rand.74	3	Gabor_WNV_2025	1257	9	100	2.24492081997071	0
rand.75	2	Gabor_WNV_2025	60588	7	69.7108636661364	0.0251057059743054	NA
rand.75	3	Gabor_WNV_2025	1120	7	69.7108636661364	1.75365088930108	0
rand.76	2	Gabor_WNV_2025	90642	8	98.2876391877983	0.0232808430555344	NA
rand.76	3	Gabor_WNV_2025	2436	7	87.3023299335641	1.01083533134922	0
rand.77	2	Gabor_WNV_2025	51636	5	100	0.0481068198040884	NA
rand.77	3	Gabor_WNV_2025	711	5	100	4.312211485976	0
rand.78	2	Gabor_WNV_2025	23427	12	72.9858706840086	0.0697200658908254	NA
rand.78	3	Gabor_WNV_2025	709	12	72.9858706840086	2.94754503508712	0
rand.79	2	Gabor_WNV_2025	28429	3	100	0.0828394321178398	NA
rand.79	3	Gabor_WNV_2025	1059	3	100	2.72415916840666	0
rand.8	2	Gabor_WNV_2025	74503	3	14.8685318611397	0.00430695158791261	NA
rand.8	3	Gabor_WNV_2025	1592	3	14.8685318611397	0.266835937040825	0
rand.80	2	Gabor_WNV_2025	112221	7	59.0811266024141	0.011830831698287	NA
rand.80	3	Gabor_WNV_2025	3649	7	59.0811266024141	0.47716932936322	0
rand.81	2	Gabor_WNV_2025	67782	7	42.0885187611116	0.0136923121928762	NA
rand.81	3	Gabor_WNV_2025	1289	7	42.0885187611116	0.940168260437895	0
rand.82	2	Gabor_WNV_2025	96681	7	54.4961167773931	0.0121060332195871	NA
rand.82	3	Gabor_WNV_2025	2610	7	54.4961167773931	0.591444967894003	0
rand.83	2	Gabor_WNV_2025	54713	5	100	0.0454142142359908	NA
rand.83	3	Gabor_WNV_2025	973	5	100	3.23265652820203	0
rand.84	2	Gabor_WNV_2025	59739	3	12.0145971741368	0.00438388971062163	NA
rand.84	3	Gabor_WNV_2025	1060	3	12.0145971741368	0.317747064427919	0
rand.85	2	Gabor_WNV_2025	54910	1	100	0.042639425137275	NA
rand.85	3	Gabor_WNV_2025	879	1	100	3.27656132887373	0
rand.86	2	Gabor_WNV_2025	105109	3	96.6688500046786	0.019674943499527	NA
rand.86	3	Gabor_WNV_2025	2907	3	96.6688500046786	0.944191181577899	0
rand.87	2	Gabor_WNV_2025	81559	1	100	0.027204012873148	NA
rand.87	3	Gabor_WNV_2025	1995	1	100	1.44017983142122	0
rand.88	2	Gabor_WNV_2025	18787	2	100	0.127565063186561	NA
rand.88	3	Gabor_WNV_2025	183	2	100	14.3059399752554	0
rand.89	2	Gabor_WNV_2025	78274	12	74.7543744736596	0.0207606214590297	NA
rand.89	3	Gabor_WNV_2025	1762	12	74.7543744736596	1.22398702013014	0
rand.9	2	Gabor_WNV_2025	56901	3	30.3733508000374	0.0119279349885652	NA
rand.9	3	Gabor_WNV_2025	1779	3	30.3733508000374	0.492856166775482	0
rand.90	2	Gabor_WNV_2025	68441	1	100	0.0329382061704299	NA
rand.90	3	Gabor_WNV_2025	1385	1	100	2.05854650241068	0
rand.91	2	Gabor_WNV_2025	78632	1	100	0.0286658501163739	NA
rand.91	3	Gabor_WNV_2025	1668	1	100	1.75396922821847	0
rand.92	2	Gabor_WNV_2025	39158	1	100	0.0573338808262592	NA
rand.92	3	Gabor_WNV_2025	580	1	100	4.76204971212885	0
rand.93	2	Gabor_WNV_2025	74097	1	100	0.0304345168338474	NA
rand.93	3	Gabor_WNV_2025	1681	1	100	1.73000456089262	0
rand.94	2	Gabor_WNV_2025	28927	1	100	0.0832870397271869	NA
rand.94	3	Gabor_WNV_2025	984	1	100	2.9950782173173	0
rand.95	2	Gabor_WNV_2025	78963	4	54.7955459904557	0.015166950282939	NA
rand.95	3	Gabor_WNV_2025	1913	4	54.7955459904557	0.813184249554248	0
rand.96	2	Gabor_WNV_2025	35743	5	57.5184803967437	0.0353984482038987	NA
rand.96	3	Gabor_WNV_2025	1054	5	57.5184803967437	1.58336016485286	0
rand.97	2	Gabor_WNV_2025	102469	8	67.6148591746982	0.0142822892695259	NA
rand.97	3	Gabor_WNV_2025	2947	8	67.6148591746982	0.660432196480863	0
rand.98	2	Gabor_WNV_2025	85792	8	95.9764199494713	0.0241937543977521	NA
rand.98	3	Gabor_WNV_2025	2102	8	95.9764199494713	1.29275304597926	0
rand.99	2	Gabor_WNV_2025	60866	1	100	0.037177751973321	NA
rand.99	3	Gabor_WNV_2025	1153	1	100	2.527157929564	0
rand.100	1	Sarkar_deng_2023	44	1	100	38.6120352958195	NA
rand.18	1	Sarkar_deng_2023	39	1	100	40.3342008977406	NA
rand.89	1	Sarkar_deng_2023	49	1	100	35.2757612587459	NA
rand.47	1	Sarkar_deng_2023	33	1	100	44.075848963067	NA
rand.45	1	Sarkar_deng_2023	55	1	100	32.483282674772	NA
rand.48	1	Sarkar_deng_2023	37	1	100	42.8909952606635	NA
rand.27	1	Sarkar_deng_2023	38	1	100	42.4422285533397	NA
rand.10	1	Sarkar_deng_2023	23	1	100	53.4397851067005	NA
rand.24	1	Sarkar_deng_2023	45	1	100	37.9189275454836	NA
rand.69	1	Sarkar_deng_2023	45	1	100	37.2280054311875	NA
rand.68	1	Sarkar_deng_2023	37	1	100	44.3809050223769	NA
rand.34	1	Sarkar_deng_2023	25	2	100	54.80432315057	NA
rand.92	1	Sarkar_deng_2023	48	1	100	36.8832650869303	NA
rand.77	1	Sarkar_deng_2023	52	1	100	34.751683368634	NA
rand.98	1	Sarkar_deng_2023	60	1	100	32.4899890789953	NA
rand.3	1	Sarkar_deng_2023	46	2	100	39.167290801389	NA
rand.85	1	Sarkar_deng_2023	38	3	100	44.217581651234	NA
rand.86	1	Sarkar_deng_2023	30	2	100	46.3522413426811	NA
rand.79	1	Sarkar_deng_2023	30	1	100	45.148389812671	NA
rand.39	1	Sarkar_deng_2023	72	1	100	28.7744371039504	NA
rand.21	1	Sarkar_deng_2023	33	1	100	40.5948826486262	NA
rand.13	1	Sarkar_deng_2023	60	1	100	30.3781702898551	NA
rand.20	1	Sarkar_deng_2023	56	1	100	33.0902573927015	NA
rand.5	1	Sarkar_deng_2023	45	1	100	35.8506944444444	NA
rand.81	1	Sarkar_deng_2023	25	2	100	51.0375562880089	NA
rand.56	1	Sarkar_deng_2023	46	1	100	36.1276365603029	NA
rand.40	1	Sarkar_deng_2023	43	2	100	39.1334416819392	NA
rand.26	1	Sarkar_deng_2023	39	1	100	40.5945803735859	NA
rand.75	1	Sarkar_deng_2023	42	1	100	39.0969484596291	NA
rand.73	1	Sarkar_deng_2023	46	1	100	37.6218803900172	NA
rand.29	1	Sarkar_deng_2023	55	1	100	32.5809885931559	NA
rand.31	1	Sarkar_deng_2023	40	1	100	38.7093287212193	NA
rand.32	1	Sarkar_deng_2023	47	1	100	37.4701419137277	NA
rand.17	1	Sarkar_deng_2023	61	1	100	32.1762109245969	NA
rand.55	1	Sarkar_deng_2023	51	2	100	34.6836154663002	NA
rand.82	1	Sarkar_deng_2023	38	1	100	40.6007641962698	NA
rand.58	1	Sarkar_deng_2023	39	1	100	39.1506498261029	NA
rand.78	1	Sarkar_deng_2023	38	1	100	42.5946547884187	NA
rand.61	1	Sarkar_deng_2023	21	1	100	55.2282541640962	NA
rand.88	1	Sarkar_deng_2023	76	1	100	27.4082450909839	NA
rand.23	1	Sarkar_deng_2023	52	1	100	34.4417209572341	NA
rand.70	1	Sarkar_deng_2023	48	1	100	35.4550289171043	NA
rand.12	1	Sarkar_deng_2023	45	2	100	39.1199292131772	NA
rand.22	1	Sarkar_deng_2023	37	1	100	44.4164220449002	NA
rand.41	1	Sarkar_deng_2023	38	1	100	39.0027620293647	NA
rand.96	1	Sarkar_deng_2023	65	5	100	34.9311777507702	NA
rand.64	1	Sarkar_deng_2023	56	1	100	31.9901734623566	NA
rand.83	1	Sarkar_deng_2023	37	1	100	42.6208045703404	NA
rand.42	1	Sarkar_deng_2023	37	2	100	41.9561487130601	NA
rand.14	1	Sarkar_deng_2023	27	1	100	50.4650507328072	NA
rand.57	1	Sarkar_deng_2023	57	1	100	33.6265884652981	NA
rand.50	1	Sarkar_deng_2023	31	1	100	44.1634643196562	NA
rand.37	1	Sarkar_deng_2023	18	1	100	60.1837240757439	NA
rand.67	1	Sarkar_deng_2023	33	1	100	44.0106295993459	NA
rand.87	1	Sarkar_deng_2023	55	1	100	32.9900710091912	NA
rand.95	1	Sarkar_deng_2023	45	1	100	39.164165995755	NA
rand.52	1	Sarkar_deng_2023	53	5	100	38.6105669061169	NA
rand.49	1	Sarkar_deng_2023	40	1	100	39.1232876712329	NA
rand.36	1	Sarkar_deng_2023	28	3	100	51.8388318009735	NA
rand.25	1	Sarkar_deng_2023	30	1	100	48.04	NA
rand.30	1	Sarkar_deng_2023	33	2	100	48.5418749185101	NA
rand.97	1	Sarkar_deng_2023	31	1	100	45.0263973854018	NA
rand.90	1	Sarkar_deng_2023	60	1	100	32.2719216558022	NA
rand.66	1	Sarkar_deng_2023	38	1	100	43.5613763930692	NA
rand.99	1	Sarkar_deng_2023	47	1	100	35.9754461290755	NA
rand.43	1	Sarkar_deng_2023	30	1	99.9718604563809	48.4942225457192	NA
rand.65	1	Sarkar_deng_2023	40	1	100	39.6334903735579	NA
rand.8	1	Sarkar_deng_2023	58	1	100	31.9796954314721	NA
rand.44	1	Sarkar_deng_2023	33	1	100	42.2752698337666	NA
rand.63	1	Sarkar_deng_2023	53	1	100	33.9092462502373	NA
rand.6	1	Sarkar_deng_2023	53	1	100	33.1203672114878	NA
rand.62	1	Sarkar_deng_2023	56	3	100	34.2684335298766	NA
rand.1	1	Sarkar_deng_2023	41	1	100	40.5217710821238	NA
rand.80	1	Sarkar_deng_2023	41	1	100	39.9500205139681	NA
rand.74	1	Sarkar_deng_2023	54	1	100	33.9360620312699	NA
rand.94	1	Sarkar_deng_2023	38	1	100	39.5360862820418	NA
rand.59	1	Sarkar_deng_2023	39	1	99.9530604113835	38.3367504766016	NA
rand.71	1	Sarkar_deng_2023	55	2	100	32.4490095377843	NA
rand.93	1	Sarkar_deng_2023	45	1	100	34.8983653626546	NA
rand.54	1	Sarkar_deng_2023	65	1	100	28.2661588913572	NA
rand.35	1	Sarkar_deng_2023	56	2	100	33.8744061396029	NA
rand.38	1	Sarkar_deng_2023	46	1	100	36.7780851134735	NA
rand.76	1	Sarkar_deng_2023	28	1	100	47.6095352243974	NA
rand.7	1	Sarkar_deng_2023	48	1	100	35.9054430677277	NA
rand.28	1	Sarkar_deng_2023	58	3	100	35.9489960427964	NA
rand.11	1	Sarkar_deng_2023	34	2	100	45.4809541344462	NA
rand.16	1	Sarkar_deng_2023	49	2	100	36.600112953058	NA
rand.72	1	Sarkar_deng_2023	53	1	100	34.2934120212971	NA
rand.46	1	Sarkar_deng_2023	64	1	100	31.3942914136525	NA
rand.91	1	Sarkar_deng_2023	28	1	100	46.5030568442961	NA
rand.60	1	Sarkar_deng_2023	43	1	100	36.6757865937073	NA
rand.19	1	Sarkar_deng_2023	52	3	100	35.2922749201178	NA
rand.84	1	Sarkar_deng_2023	60	1	100	32.6331857731644	NA
rand.4	1	Sarkar_deng_2023	32	1	100	43.7377610966057	NA
rand.9	1	Sarkar_deng_2023	53	1	100	36.1431559063617	NA
rand.53	1	Sarkar_deng_2023	39	1	100	38.5555595499155	NA
rand.33	1	Sarkar_deng_2023	66	1	100	28.5454594059935	NA
rand.2	1	Sarkar_deng_2023	45	1	99.9718257604206	36.3561952184441	NA
rand.15	1	Sarkar_deng_2023	51	1	100	33.6247141022026	NA
rand.51	1	Sarkar_deng_2023	29	1	100	47.3886193206881	NA
rand.1	2	Sarkar_deng_2023	38	5	100	45.802954536779	NA
rand.1	3	Sarkar_deng_2023	6	5	100	97.4340235485181	0
rand.10	2	Sarkar_deng_2023	19	2	100	58.5865012459573	NA
rand.10	3	Sarkar_deng_2023	2	2	100	100	NA
rand.100	2	Sarkar_deng_2023	29	1	99.4504470938897	46.0314723000647	NA
rand.100	3	Sarkar_deng_2023	3	1	99.4504470938897	94.5452935446737	100
rand.11	2	Sarkar_deng_2023	30	5	100	53.1185121107266	NA
rand.11	3	Sarkar_deng_2023	6	5	100	97.236737925574	0
rand.12	2	Sarkar_deng_2023	44	6	100	43.4745149395182	NA
rand.12	3	Sarkar_deng_2023	7	6	100	97.4056057447301	0
rand.13	2	Sarkar_deng_2023	50	6	100	38.7751291466982	NA
rand.13	3	Sarkar_deng_2023	8	6	100	95.0492028377451	100
rand.14	2	Sarkar_deng_2023	23	1	100	53.898254063817	NA
rand.14	3	Sarkar_deng_2023	1	1	100	100	NA
rand.15	2	Sarkar_deng_2023	38	3	100	42.1152135231317	NA
rand.15	3	Sarkar_deng_2023	5	3	100	94.9360742040612	49.8349834983498
rand.16	2	Sarkar_deng_2023	38	7	100	50.0615788010011	NA
rand.16	3	Sarkar_deng_2023	7	7	100	100	NA
rand.17	2	Sarkar_deng_2023	34	1	99.8043964232489	42.2765831524956	NA
rand.17	3	Sarkar_deng_2023	1	1	99.8043964232489	100	NA
rand.18	2	Sarkar_deng_2023	34	5	100	48.5531709669641	NA
rand.18	3	Sarkar_deng_2023	5	5	100	100	NA
rand.19	2	Sarkar_deng_2023	47	8	100	43.3048622420154	NA
rand.19	3	Sarkar_deng_2023	8	8	100	100	NA
rand.2	2	Sarkar_deng_2023	29	4	100	50.3787716670233	NA
rand.2	3	Sarkar_deng_2023	4	4	100	100	NA
rand.20	2	Sarkar_deng_2023	43	4	100	41.6826820414264	NA
rand.20	3	Sarkar_deng_2023	6	4	100	94.7113051916545	52.5993883792049
rand.21	2	Sarkar_deng_2023	22	4	100	52.9652812176341	NA
rand.21	3	Sarkar_deng_2023	5	4	100	97.046204620462	100
rand.22	2	Sarkar_deng_2023	24	3	100	57.8145494904651	NA
rand.22	3	Sarkar_deng_2023	4	3	100	97.2422571064913	100
rand.23	2	Sarkar_deng_2023	42	2	100	39.8251913103398	NA
rand.23	3	Sarkar_deng_2023	5	2	100	91.8297374142833	67.2466734902764
rand.24	2	Sarkar_deng_2023	36	5	100	46.7818808850312	NA
rand.24	3	Sarkar_deng_2023	5	5	100	100	NA
rand.25	2	Sarkar_deng_2023	26	3	100	54.7002080574995	NA
rand.25	3	Sarkar_deng_2023	4	3	100	97.0714105899136	0
rand.26	2	Sarkar_deng_2023	36	6	100	49.1828915474236	NA
rand.26	3	Sarkar_deng_2023	7	6	100	97.0604120052465	100
rand.27	2	Sarkar_deng_2023	25	3	100	53.1948584202683	NA
rand.27	3	Sarkar_deng_2023	4	3	100	97.0928255695342	100
rand.28	2	Sarkar_deng_2023	45	12	100	49.4928049068176	NA
rand.28	3	Sarkar_deng_2023	13	12	100	97.5230759014543	100
rand.29	2	Sarkar_deng_2023	44	2	100	38.3677685950413	NA
rand.29	3	Sarkar_deng_2023	2	2	100	100	NA
rand.3	2	Sarkar_deng_2023	40	6	100	46.0956073296514	NA
rand.3	3	Sarkar_deng_2023	6	6	100	100	NA
rand.30	2	Sarkar_deng_2023	25	2	100	54.860258362395	NA
rand.30	3	Sarkar_deng_2023	2	2	100	100	NA
rand.31	2	Sarkar_deng_2023	34	4	100	45.9287731408848	NA
rand.31	3	Sarkar_deng_2023	6	4	100	94.1394002733339	49.7942386831276
rand.32	2	Sarkar_deng_2023	38	3	100	44.3677168752697	NA
rand.32	3	Sarkar_deng_2023	3	3	100	100	NA
rand.33	2	Sarkar_deng_2023	47	1	99.4597615499255	35.3307084008867	NA
rand.33	3	Sarkar_deng_2023	2	1	99.4597615499255	97.2406884618887	0
rand.34	2	Sarkar_deng_2023	21	6	100	66.5569942687328	NA
rand.34	3	Sarkar_deng_2023	6	6	100	100	NA
rand.35	2	Sarkar_deng_2023	47	5	100	40.3331886622375	NA
rand.35	3	Sarkar_deng_2023	4	4	100	100	NA
rand.36	2	Sarkar_deng_2023	21	4	100	62.2263061170911	NA
rand.36	3	Sarkar_deng_2023	5	4	100	97.3228217130656	100
rand.37	2	Sarkar_deng_2023	17	2	100	63.2139788026354	NA
rand.37	3	Sarkar_deng_2023	4	2	100	94.6880631597014	49.4345718901454
rand.38	2	Sarkar_deng_2023	43	9	100	47.4240055584506	NA
rand.38	3	Sarkar_deng_2023	9	9	100	100	NA
rand.39	2	Sarkar_deng_2023	40	3	100	41.1222415795587	NA
rand.39	3	Sarkar_deng_2023	3	3	100	100	NA
rand.4	2	Sarkar_deng_2023	27	1	99.8602831594635	46.9313605323061	NA
rand.4	3	Sarkar_deng_2023	2	1	99.8602831594635	96.8910980569363	0
rand.40	2	Sarkar_deng_2023	30	8	100	56.3975103387777	NA
rand.40	3	Sarkar_deng_2023	8	7	100	97.4128233970754	100
rand.41	2	Sarkar_deng_2023	25	5	100	53.7706381079875	NA
rand.41	3	Sarkar_deng_2023	5	5	100	100	NA
rand.42	2	Sarkar_deng_2023	36	7	100	49.2165435060162	NA
rand.42	3	Sarkar_deng_2023	7	7	100	100	NA
rand.43	2	Sarkar_deng_2023	28	1	99.2921013412817	50.124606197395	NA
rand.43	3	Sarkar_deng_2023	2	1	99.2921013412817	97.0767689645752	100
rand.44	2	Sarkar_deng_2023	30	3	100	48.7203548882443	NA
rand.44	3	Sarkar_deng_2023	3	3	100	100	NA
rand.45	2	Sarkar_deng_2023	47	5	100	40.1906857352402	NA
rand.45	3	Sarkar_deng_2023	5	5	100	100	NA
rand.46	2	Sarkar_deng_2023	39	3	100	41.8376779441671	NA
rand.46	3	Sarkar_deng_2023	3	3	100	100	NA
rand.47	2	Sarkar_deng_2023	25	4	100	53.5988528078453	NA
rand.47	3	Sarkar_deng_2023	5	4	100	97.1819173026923	100
rand.48	2	Sarkar_deng_2023	31	2	100	48.0220068116322	NA
rand.48	3	Sarkar_deng_2023	2	2	100	100	NA
rand.49	2	Sarkar_deng_2023	39	4	100	43.6155640294695	NA
rand.49	3	Sarkar_deng_2023	5	4	100	97.3716836102157	100
rand.5	2	Sarkar_deng_2023	32	3	100	45.888423089326	NA
rand.5	3	Sarkar_deng_2023	3	3	100	100	NA
rand.50	2	Sarkar_deng_2023	28	7	100	54.8932690652436	NA
rand.50	3	Sarkar_deng_2023	9	7	100	95.3930147333782	100
rand.51	2	Sarkar_deng_2023	23	3	100	55.5152920713147	NA
rand.51	3	Sarkar_deng_2023	3	3	100	100	NA
rand.52	2	Sarkar_deng_2023	40	8	100	48.28347939451	NA
rand.52	3	Sarkar_deng_2023	8	8	100	100	NA
rand.53	2	Sarkar_deng_2023	26	2	100	48.4217889306636	NA
rand.53	3	Sarkar_deng_2023	2	2	100	100	NA
rand.54	2	Sarkar_deng_2023	48	4	100	37.4233520694941	NA
rand.54	3	Sarkar_deng_2023	4	4	100	100	NA
rand.55	2	Sarkar_deng_2023	40	4	100	41.7192846308512	NA
rand.55	3	Sarkar_deng_2023	4	4	100	100	NA
rand.56	2	Sarkar_deng_2023	36	5	100	46.5178708390858	NA
rand.56	3	Sarkar_deng_2023	8	5	100	92.9003599601746	100
rand.57	2	Sarkar_deng_2023	27	2	100	48.0795340077957	NA
rand.57	3	Sarkar_deng_2023	2	2	100	100	NA
rand.58	2	Sarkar_deng_2023	28	2	100	47.819477021979	NA
rand.58	3	Sarkar_deng_2023	2	2	100	100	NA
rand.59	2	Sarkar_deng_2023	27	1	99.2734724292101	46.2948484058726	NA
rand.59	3	Sarkar_deng_2023	1	1	99.2734724292101	100	NA
rand.6	2	Sarkar_deng_2023	42	2	100	39.4822937264066	NA
rand.6	3	Sarkar_deng_2023	2	2	100	100	NA
rand.60	2	Sarkar_deng_2023	31	4	100	47.3093898044297	NA
rand.60	3	Sarkar_deng_2023	4	4	100	100	NA
rand.61	2	Sarkar_deng_2023	18	3	100	62.1702637889688	NA
rand.61	3	Sarkar_deng_2023	3	3	100	100	NA
rand.62	2	Sarkar_deng_2023	46	7	100	42.808908290986	NA
rand.62	3	Sarkar_deng_2023	9	7	100	95.2279796677035	100
rand.63	2	Sarkar_deng_2023	44	2	100	38.7986784760298	NA
rand.63	3	Sarkar_deng_2023	3	2	100	96.9438833757794	100
rand.64	2	Sarkar_deng_2023	47	1	99.4597615499255	35.3892552944686	NA
rand.64	3	Sarkar_deng_2023	1	1	99.4597615499255	100	NA
rand.65	2	Sarkar_deng_2023	31	2	100	46.1086883596109	NA
rand.65	3	Sarkar_deng_2023	3	2	100	97.292514599186	100
rand.66	2	Sarkar_deng_2023	28	3	100	52.3316777041943	NA
rand.66	3	Sarkar_deng_2023	3	3	100	100	NA
rand.67	2	Sarkar_deng_2023	30	2	100	48.1684120538577	NA
rand.67	3	Sarkar_deng_2023	5	2	100	92.0068582625735	68.6414708886619
rand.68	2	Sarkar_deng_2023	24	2	100	53.1340405014465	NA
rand.68	3	Sarkar_deng_2023	2	2	100	100	NA
rand.69	2	Sarkar_deng_2023	32	2	100	46.6319064838954	NA
rand.69	3	Sarkar_deng_2023	4	2	100	94.2866859377657	51.3392857142857
rand.7	2	Sarkar_deng_2023	24	2	100	48.9487224982257	NA
rand.7	3	Sarkar_deng_2023	2	2	100	100	NA
rand.70	2	Sarkar_deng_2023	40	4	100	42.6201896671671	NA
rand.70	3	Sarkar_deng_2023	5	4	100	97.3814105245545	100
rand.71	2	Sarkar_deng_2023	42	7	100	44.1862880886427	NA
rand.71	3	Sarkar_deng_2023	8	7	100	97.6059354443935	100
rand.72	2	Sarkar_deng_2023	27	2	100	47.8059144913711	NA
rand.72	3	Sarkar_deng_2023	3	2	100	96.8890060638017	100
rand.73	2	Sarkar_deng_2023	35	5	100	48.7814702920443	NA
rand.73	3	Sarkar_deng_2023	5	5	100	100	NA
rand.74	2	Sarkar_deng_2023	40	3	100	42.2969604523978	NA
rand.74	3	Sarkar_deng_2023	3	3	100	100	NA
rand.75	2	Sarkar_deng_2023	30	2	100	47.613709851261	NA
rand.75	3	Sarkar_deng_2023	2	2	100	100	NA
rand.76	2	Sarkar_deng_2023	25	2	100	51.3307277126373	NA
rand.76	3	Sarkar_deng_2023	2	2	100	100	NA
rand.77	2	Sarkar_deng_2023	33	4	100	48.745110821382	NA
rand.77	3	Sarkar_deng_2023	4	4	100	100	NA
rand.78	2	Sarkar_deng_2023	28	2	100	50.8277917908737	NA
rand.78	3	Sarkar_deng_2023	2	2	100	100	NA
rand.79	2	Sarkar_deng_2023	27	5	100	53.3204412604931	NA
rand.79	3	Sarkar_deng_2023	5	5	100	100	NA
rand.8	2	Sarkar_deng_2023	31	3	100	44.4405320813772	NA
rand.8	3	Sarkar_deng_2023	3	3	100	100	NA
rand.80	2	Sarkar_deng_2023	29	2	100	48.7152317880795	NA
rand.80	3	Sarkar_deng_2023	4	2	100	94.3802925327175	47.79299847793
rand.81	2	Sarkar_deng_2023	25	4	100	54.0643424167866	NA
rand.81	3	Sarkar_deng_2023	4	4	100	100	NA
rand.82	2	Sarkar_deng_2023	32	3	100	48.0524423768238	NA
rand.82	3	Sarkar_deng_2023	3	3	100	100	NA
rand.83	2	Sarkar_deng_2023	30	5	100	53.1814576540055	NA
rand.83	3	Sarkar_deng_2023	6	5	100	97.2208796520058	100
rand.84	2	Sarkar_deng_2023	50	3	100	38.49515549834	NA
rand.84	3	Sarkar_deng_2023	5	3	100	94.5970695970696	100
rand.85	2	Sarkar_deng_2023	34	7	100	52.6604228865895	NA
rand.85	3	Sarkar_deng_2023	8	7	100	97.6860632728928	0
rand.86	2	Sarkar_deng_2023	27	3	100	51.7804563857195	NA
rand.86	3	Sarkar_deng_2023	3	3	100	100	NA
rand.87	2	Sarkar_deng_2023	44	2	100	38.3874556706766	NA
rand.87	3	Sarkar_deng_2023	5	2	100	92.1850212908074	67.5213675213675
rand.88	2	Sarkar_deng_2023	40	2	100	38.6145235664754	NA
rand.88	3	Sarkar_deng_2023	2	2	100	100	NA
rand.89	2	Sarkar_deng_2023	41	4	100	42.2865360417041	NA
rand.89	3	Sarkar_deng_2023	5	4	100	97.3111607512203	100
rand.9	2	Sarkar_deng_2023	32	3	100	47.4589653023063	NA
rand.9	3	Sarkar_deng_2023	4	3	100	96.6243654822335	100
rand.90	2	Sarkar_deng_2023	29	3	100	47.4257220029088	NA
rand.90	3	Sarkar_deng_2023	5	3	100	93.7104852615157	100
rand.91	2	Sarkar_deng_2023	24	3	100	52.5874769797422	NA
rand.91	3	Sarkar_deng_2023	3	3	100	100	NA
rand.92	2	Sarkar_deng_2023	39	2	100	41.0358863288398	NA
rand.92	3	Sarkar_deng_2023	2	2	100	100	NA
rand.93	2	Sarkar_deng_2023	35	3	100	42.5818521983162	NA
rand.93	3	Sarkar_deng_2023	3	3	100	100	NA
rand.94	2	Sarkar_deng_2023	34	3	100	45.7329095079065	NA
rand.94	3	Sarkar_deng_2023	3	3	100	100	NA
rand.95	2	Sarkar_deng_2023	30	2	100	47.7044786443023	NA
rand.95	3	Sarkar_deng_2023	2	2	100	100	NA
rand.96	2	Sarkar_deng_2023	51	14	100	50.9209030371934	NA
rand.96	3	Sarkar_deng_2023	14	14	100	100	NA
rand.97	2	Sarkar_deng_2023	28	2	100	48.6338318494803	NA
rand.97	3	Sarkar_deng_2023	2	1	100	97.0293453724605	0
rand.98	2	Sarkar_deng_2023	29	2	100	46.9698253941346	NA
rand.98	3	Sarkar_deng_2023	3	2	100	96.8285864057313	100
rand.99	2	Sarkar_deng_2023	32	4	100	47.5659229208925	NA
rand.99	3	Sarkar_deng_2023	4	4	100	100	NA
rand.32	1	Ramachadran_HIV_2022	360	3	100	6.77359735973597	NA
rand.21	1	Ramachadran_HIV_2022	971	1	12.1569139966273	0.157264211484853	NA
rand.36	1	Ramachadran_HIV_2022	NA	NA	NA	NA	NA
rand.42	1	Ramachadran_HIV_2022	181	11	90.1322564920979	8.74679213002566	NA
rand.86	1	Ramachadran_HIV_2022	287	2	100	8.87289391228312	NA
rand.99	1	Ramachadran_HIV_2022	473	4	100	5.36870639024145	NA
rand.1	1	Ramachadran_HIV_2022	2068	81	100	5.3431039610773	NA
rand.50	1	Ramachadran_HIV_2022	NA	NA	NA	NA	NA
rand.65	1	Ramachadran_HIV_2022	1321	4	100	1.50981369205385	NA
rand.78	1	Ramachadran_HIV_2022	NA	NA	NA	NA	NA
rand.89	1	Ramachadran_HIV_2022	2710	3	12.7659161361142	0.0865677359928594	NA
rand.77	1	Ramachadran_HIV_2022	548	9	37.8121787747525	1.36567485271728	NA
rand.11	1	Ramachadran_HIV_2022	NA	NA	NA	NA	NA
rand.20	1	Ramachadran_HIV_2022	1002	2	100	3.19895327211297	NA
rand.9	1	Ramachadran_HIV_2022	1361	10	59.5159783061594	0.899776032850883	NA
rand.98	1	Ramachadran_HIV_2022	168	13	100	15.079763763492	NA
rand.94	1	Ramachadran_HIV_2022	NA	NA	NA	NA	NA
rand.49	1	Ramachadran_HIV_2022	603	19	100	4.55847350047604	NA
rand.76	1	Ramachadran_HIV_2022	1333	69	100	8.33167422616225	NA
rand.38	1	Ramachadran_HIV_2022	NA	NA	NA	NA	NA
rand.47	1	Ramachadran_HIV_2022	1120	5	24.305775175644	0.438504120120866	NA
rand.43	1	Ramachadran_HIV_2022	678	18	100	5.45920675614538	NA
rand.84	1	Ramachadran_HIV_2022	2308	21	100	2.15471710411542	NA
rand.25	1	Ramachadran_HIV_2022	NA	NA	NA	NA	NA
rand.10	1	Ramachadran_HIV_2022	NA	NA	NA	NA	NA
rand.5	1	Ramachadran_HIV_2022	824	8	66.1273115906563	1.76432492984125	NA
rand.13	1	Ramachadran_HIV_2022	NA	NA	NA	NA	NA
rand.61	1	Ramachadran_HIV_2022	NA	NA	NA	NA	NA
rand.60	1	Ramachadran_HIV_2022	988	11	92.2422890472165	2.22126601142905	NA
rand.17	1	Ramachadran_HIV_2022	2495	5	100	0.695694921620397	NA
rand.59	1	Ramachadran_HIV_2022	NA	NA	NA	NA	NA
rand.4	1	Ramachadran_HIV_2022	201	8	51.9341968429574	4.92546005124621	NA
rand.54	1	Ramachadran_HIV_2022	2723	26	100	2.01110977601834	NA
rand.18	1	Ramachadran_HIV_2022	NA	NA	NA	NA	NA
rand.56	1	Ramachadran_HIV_2022	NA	NA	NA	NA	NA
rand.83	1	Ramachadran_HIV_2022	1565	14	100	0.810340621413117	NA
rand.19	1	Ramachadran_HIV_2022	NA	NA	NA	NA	NA
rand.63	1	Ramachadran_HIV_2022	1668	8	90.8406307636275	1.16339222298654	NA
rand.34	1	Ramachadran_HIV_2022	2451	17	100	1.61172772135421	NA
rand.3	1	Ramachadran_HIV_2022	712	11	100	3.5929399080218	NA
rand.64	1	Ramachadran_HIV_2022	38	5	24.305775175644	11.5875805506737	NA
rand.81	1	Ramachadran_HIV_2022	342	2	21.6666258411844	0.787031431400061	NA
rand.48	1	Ramachadran_HIV_2022	364	5	63.9803921568627	1.92597139669817	NA
rand.96	1	Ramachadran_HIV_2022	666	5	58.9019607843137	0.990712891140309	NA
rand.91	1	Ramachadran_HIV_2022	783	12	100	4.06761909877007	NA
rand.100	1	Ramachadran_HIV_2022	2546	11	62.9438809287311	0.478479731877199	NA
rand.35	1	Ramachadran_HIV_2022	1431	1	100	1.4356795941024	NA
rand.69	1	Ramachadran_HIV_2022	NA	NA	NA	NA	NA
rand.27	1	Ramachadran_HIV_2022	NA	NA	NA	NA	NA
rand.85	1	Ramachadran_HIV_2022	824	2	10.9451142857143	0.268546693781672	NA
rand.55	1	Ramachadran_HIV_2022	307	5	24.2320468384075	1.48511868899867	NA
rand.87	1	Ramachadran_HIV_2022	1371	11	100	0.835129560147115	NA
rand.74	1	Ramachadran_HIV_2022	614	10	100	7.47740116916839	NA
rand.26	1	Ramachadran_HIV_2022	797	1	3.6009367983368	0.0965564566816764	NA
rand.62	1	Ramachadran_HIV_2022	209	5	100	6.58837657991101	NA
rand.23	1	Ramachadran_HIV_2022	NA	NA	NA	NA	NA
rand.90	1	Ramachadran_HIV_2022	1698	7	35.1420759089365	0.398175512837184	NA
rand.14	1	Ramachadran_HIV_2022	NA	NA	NA	NA	NA
rand.95	1	Ramachadran_HIV_2022	252	7	48.5399243972445	4.05774839765569	NA
rand.73	1	Ramachadran_HIV_2022	NA	NA	NA	NA	NA
rand.53	1	Ramachadran_HIV_2022	NA	NA	NA	NA	NA
rand.39	1	Ramachadran_HIV_2022	NA	NA	NA	NA	NA
rand.29	1	Ramachadran_HIV_2022	NA	NA	NA	NA	NA
rand.30	1	Ramachadran_HIV_2022	282	2	100	7.44508134256652	NA
rand.45	1	Ramachadran_HIV_2022	985	5	100	1.84373863588574	NA
rand.70	1	Ramachadran_HIV_2022	668	10	59.5277264266304	1.71586472199741	NA
rand.75	1	Ramachadran_HIV_2022	2485	27	100	2.91409679314615	NA
rand.57	1	Ramachadran_HIV_2022	270	3	100	6.88877975198639	NA
rand.41	1	Ramachadran_HIV_2022	NA	NA	NA	NA	NA
rand.15	1	Ramachadran_HIV_2022	1576	15	100	2.06273739696649	NA
rand.88	1	Ramachadran_HIV_2022	2450	12	93.7785770013485	0.782253421835575	NA
rand.2	1	Ramachadran_HIV_2022	1028	8	100	3.68148828981938	NA
rand.40	1	Ramachadran_HIV_2022	315	1	6.2157	0.203909662230399	NA
rand.12	1	Ramachadran_HIV_2022	NA	NA	NA	NA	NA
rand.46	1	Ramachadran_HIV_2022	NA	NA	NA	NA	NA
rand.31	1	Ramachadran_HIV_2022	381	10	59.9399555416406	3.34975432985569	NA
rand.58	1	Ramachadran_HIV_2022	2696	21	100	1.76759642540023	NA
rand.80	1	Ramachadran_HIV_2022	310	7	100	10.6903280887913	NA
rand.33	1	Ramachadran_HIV_2022	NA	NA	NA	NA	NA
rand.72	1	Ramachadran_HIV_2022	2156	38	100	4.3916248498941	NA
rand.16	1	Ramachadran_HIV_2022	622	10	59.5159783061594	1.89152658815798	NA
rand.68	1	Ramachadran_HIV_2022	176	12	79.6917239335429	8.92263051254471	NA
rand.28	1	Ramachadran_HIV_2022	646	1	11.333315625	0.230153262960058	NA
rand.44	1	Ramachadran_HIV_2022	NA	NA	NA	NA	NA
rand.66	1	Ramachadran_HIV_2022	543	2	9.43979570815451	0.316823507765766	NA
rand.97	1	Ramachadran_HIV_2022	NA	NA	NA	NA	NA
rand.52	1	Ramachadran_HIV_2022	29	2	26.862703125	8.09884133364862	NA
rand.67	1	Ramachadran_HIV_2022	786	9	100	5.16685292891861	NA
rand.22	1	Ramachadran_HIV_2022	824	2	7.96576184615385	0.201131937682571	NA
rand.92	1	Ramachadran_HIV_2022	1090	2	100	2.26261507639787	NA
rand.51	1	Ramachadran_HIV_2022	NA	NA	NA	NA	NA
rand.7	1	Ramachadran_HIV_2022	2378	1	11.1403192872117	0.057018901814028	NA
rand.79	1	Ramachadran_HIV_2022	825	14	100	6.85754868830462	NA
rand.37	1	Ramachadran_HIV_2022	1320	10	100	2.62836863701896	NA
rand.8	1	Ramachadran_HIV_2022	839	2	25.3428640776699	0.384685578710833	NA
rand.93	1	Ramachadran_HIV_2022	467	12	73.392732433096	3.43686898991427	NA
rand.6	1	Ramachadran_HIV_2022	1824	4	100	1.54148838630807	NA
rand.24	1	Ramachadran_HIV_2022	112	11	92.1507477013608	15.7159155733029	NA
rand.82	1	Ramachadran_HIV_2022	1641	24	100	5.09514710205558	NA
rand.71	1	Ramachadran_HIV_2022	1261	56	100	6.68754686180158	NA
rand.1	2	Ramachadran_HIV_2022	1584	12	100	2.01725103182508	NA
rand.1	3	Ramachadran_HIV_2022	47	12	100	43.3449747768723	94.799789251844
rand.10	2	Ramachadran_HIV_2022	520	0	0	0	NA
rand.10	3	Ramachadran_HIV_2022	0	0	0	0	0
rand.100	2	Ramachadran_HIV_2022	2174	4	19.8187244390406	0.179153094462541	NA
rand.100	3	Ramachadran_HIV_2022	33	4	19.8187244390406	13.4710743801653	75.2626552053486
rand.11	2	Ramachadran_HIV_2022	455	0	0	0	NA
rand.11	3	Ramachadran_HIV_2022	0	0	0	0	0
rand.12	2	Ramachadran_HIV_2022	286	0	0	0	NA
rand.12	3	Ramachadran_HIV_2022	0	0	0	0	0
rand.13	2	Ramachadran_HIV_2022	38	0	0	0	NA
rand.13	3	Ramachadran_HIV_2022	0	0	0	0	0
rand.14	2	Ramachadran_HIV_2022	144	0	0	0	NA
rand.14	3	Ramachadran_HIV_2022	0	0	0	0	0
rand.15	2	Ramachadran_HIV_2022	569	5	100	2.64859922320432	NA
rand.15	3	Ramachadran_HIV_2022	77	5	100	18.4247894337567	100
rand.16	2	Ramachadran_HIV_2022	242	0	0	0	NA
rand.16	3	Ramachadran_HIV_2022	0	0	0	0	0
rand.17	2	Ramachadran_HIV_2022	1943	5	55.2116723775837	0.567604606290354	NA
rand.17	3	Ramachadran_HIV_2022	94	5	55.2116723775837	8.87747485159777	95.9255719607575
rand.18	2	Ramachadran_HIV_2022	92	0	0	0	NA
rand.18	3	Ramachadran_HIV_2022	0	0	0	0	0
rand.19	2	Ramachadran_HIV_2022	115	0	0	0	NA
rand.19	3	Ramachadran_HIV_2022	0	0	0	0	0
rand.2	2	Ramachadran_HIV_2022	462	4	100	5.42735742708765	NA
rand.2	3	Ramachadran_HIV_2022	12	4	100	79.3939393939394	84.3023255813954
rand.20	2	Ramachadran_HIV_2022	788	2	100	2.8325752087317	NA
rand.20	3	Ramachadran_HIV_2022	18	2	100	61.1185854314818	89.9159663865546
rand.21	2	Ramachadran_HIV_2022	612	0	0	0	NA
rand.21	3	Ramachadran_HIV_2022	0	0	0	0	0
rand.22	2	Ramachadran_HIV_2022	517	0	0	0	NA
rand.22	3	Ramachadran_HIV_2022	0	0	0	0	0
rand.23	2	Ramachadran_HIV_2022	124	0	0	0	NA
rand.23	3	Ramachadran_HIV_2022	0	0	0	0	0
rand.24	2	Ramachadran_HIV_2022	38	0	0	0	NA
rand.24	3	Ramachadran_HIV_2022	0	0	0	0	0
rand.25	2	Ramachadran_HIV_2022	49	0	0	0	NA
rand.25	3	Ramachadran_HIV_2022	0	0	0	0	0
rand.26	2	Ramachadran_HIV_2022	530	0	0	0	NA
rand.26	3	Ramachadran_HIV_2022	0	0	0	0	0
rand.27	2	Ramachadran_HIV_2022	213	0	0	0	NA
rand.27	3	Ramachadran_HIV_2022	0	0	0	0	0
rand.28	2	Ramachadran_HIV_2022	256	0	0	0	NA
rand.28	3	Ramachadran_HIV_2022	0	0	0	0	0
rand.29	2	Ramachadran_HIV_2022	1296	0	0	0	NA
rand.29	3	Ramachadran_HIV_2022	0	0	0	0	0
rand.3	2	Ramachadran_HIV_2022	71	6	83.7073062893777	15.4076214115684	NA
rand.3	3	Ramachadran_HIV_2022	24	6	83.7073062893777	34.0481971045769	100
rand.30	2	Ramachadran_HIV_2022	169	0	0	0	NA
rand.30	3	Ramachadran_HIV_2022	0	0	0	0	0
rand.31	2	Ramachadran_HIV_2022	194	1	11.3186691721012	1.20377118942938	NA
rand.31	3	Ramachadran_HIV_2022	3	1	11.3186691721012	55.7430593358737	100
rand.32	2	Ramachadran_HIV_2022	213	3	100	9.90172843541862	NA
rand.32	3	Ramachadran_HIV_2022	11	3	100	74.2360419698246	78.359096313912
rand.33	2	Ramachadran_HIV_2022	17	0	0	0	NA
rand.33	3	Ramachadran_HIV_2022	0	0	0	0	0
rand.34	2	Ramachadran_HIV_2022	1932	1	100	1.03003384094755	NA
rand.34	3	Ramachadran_HIV_2022	24	1	100	52.4963122659707	83.7812014809507
rand.35	2	Ramachadran_HIV_2022	864	1	98.7730739471648	2.36201532560973	NA
rand.35	3	Ramachadran_HIV_2022	16	1	98.7730739471648	60.8677882977999	71.1053089643168
rand.36	2	Ramachadran_HIV_2022	256	0	0	0	NA
rand.36	3	Ramachadran_HIV_2022	0	0	0	0	0
rand.37	2	Ramachadran_HIV_2022	71	0	0	0	NA
rand.37	3	Ramachadran_HIV_2022	0	0	0	0	0
rand.38	2	Ramachadran_HIV_2022	721	0	0	0	NA
rand.38	3	Ramachadran_HIV_2022	0	0	0	0	0
rand.39	2	Ramachadran_HIV_2022	105	0	0	0	NA
rand.39	3	Ramachadran_HIV_2022	0	0	0	0	0
rand.4	2	Ramachadran_HIV_2022	126	0	0	0	NA
rand.4	3	Ramachadran_HIV_2022	0	0	0	0	0
rand.40	2	Ramachadran_HIV_2022	64	0	0	0	NA
rand.40	3	Ramachadran_HIV_2022	0	0	0	0	0
rand.41	2	Ramachadran_HIV_2022	669	0	0	0	NA
rand.41	3	Ramachadran_HIV_2022	0	0	0	0	0
rand.42	2	Ramachadran_HIV_2022	33	6	46.4684425776501	21.3401015228426	NA
rand.42	3	Ramachadran_HIV_2022	6	6	46.4684425776501	100	NA
rand.43	2	Ramachadran_HIV_2022	158	0	0	0	NA
rand.43	3	Ramachadran_HIV_2022	0	0	0	0	0
rand.44	2	Ramachadran_HIV_2022	178	0	0	0	NA
rand.44	3	Ramachadran_HIV_2022	0	0	0	0	0
rand.45	2	Ramachadran_HIV_2022	77	0	0	0	NA
rand.45	3	Ramachadran_HIV_2022	0	0	0	0	0
rand.46	2	Ramachadran_HIV_2022	335	0	0	0	NA
rand.46	3	Ramachadran_HIV_2022	0	0	0	0	0
rand.47	2	Ramachadran_HIV_2022	209	0	0	0	NA
rand.47	3	Ramachadran_HIV_2022	0	0	0	0	0
rand.48	2	Ramachadran_HIV_2022	283	5	27.6887365977672	1.89163677553332	NA
rand.48	3	Ramachadran_HIV_2022	40	5	27.6887365977672	8.04870995726633	100
rand.49	2	Ramachadran_HIV_2022	371	11	82.2814192550017	4.65829375285511	NA
rand.49	3	Ramachadran_HIV_2022	38	11	82.2814192550017	32.7727392797394	100
rand.5	2	Ramachadran_HIV_2022	566	5	42.6771305405107	1.56055486395163	NA
rand.5	3	Ramachadran_HIV_2022	55	5	42.6771305405107	11.0643053645117	97.7992589012405
rand.50	2	Ramachadran_HIV_2022	224	0	0	0	NA
rand.50	3	Ramachadran_HIV_2022	0	0	0	0	0
rand.51	2	Ramachadran_HIV_2022	16	0	0	0	NA
rand.51	3	Ramachadran_HIV_2022	0	0	0	0	0
rand.52	2	Ramachadran_HIV_2022	10	0	0	0	NA
rand.52	3	Ramachadran_HIV_2022	0	0	0	0	0
rand.53	2	Ramachadran_HIV_2022	49	0	0	0	NA
rand.53	3	Ramachadran_HIV_2022	0	0	0	0	0
rand.54	2	Ramachadran_HIV_2022	1811	12	100	2.14316217148675	NA
rand.54	3	Ramachadran_HIV_2022	44	12	100	57.2856544029923	85.6269344002416
rand.55	2	Ramachadran_HIV_2022	178	0	0	0	NA
rand.55	3	Ramachadran_HIV_2022	0	0	0	0	0
rand.56	2	Ramachadran_HIV_2022	67	0	0	0	NA
rand.56	3	Ramachadran_HIV_2022	0	0	0	0	0
rand.57	2	Ramachadran_HIV_2022	195	4	86.8243616668509	8.97683507994012	NA
rand.57	3	Ramachadran_HIV_2022	5	4	86.8243616668509	96.0503790657862	100
rand.58	2	Ramachadran_HIV_2022	2109	7	100	1.3837362989748	NA
rand.58	3	Ramachadran_HIV_2022	95	7	100	21.7498715036559	97.2539463926263
rand.59	2	Ramachadran_HIV_2022	1050	0	0	0	NA
rand.59	3	Ramachadran_HIV_2022	0	0	0	0	0
rand.6	2	Ramachadran_HIV_2022	1531	2	100	1.34813077902173	NA
rand.6	3	Ramachadran_HIV_2022	30	2	100	47.3228632146374	78.8054708255436
rand.60	2	Ramachadran_HIV_2022	118	0	0	0	NA
rand.60	3	Ramachadran_HIV_2022	0	0	0	0	0
rand.61	2	Ramachadran_HIV_2022	11	0	0	0	NA
rand.61	3	Ramachadran_HIV_2022	0	0	0	0	0
rand.62	2	Ramachadran_HIV_2022	138	0	0	0	NA
rand.62	3	Ramachadran_HIV_2022	0	0	0	0	0
rand.63	2	Ramachadran_HIV_2022	1194	2	14.9331270034265	0.253029897233527	NA
rand.63	3	Ramachadran_HIV_2022	32	2	14.9331270034265	10.3963062716429	94.5036070079011
rand.64	2	Ramachadran_HIV_2022	18	0	0	0	NA
rand.64	3	Ramachadran_HIV_2022	0	0	0	0	0
rand.65	2	Ramachadran_HIV_2022	379	1	5.94672267049851	0.340355538685393	NA
rand.65	3	Ramachadran_HIV_2022	24	1	5.94672267049851	5.2360097323601	96.3849234877272
rand.66	2	Ramachadran_HIV_2022	229	0	0	0	NA
rand.66	3	Ramachadran_HIV_2022	0	0	0	0	0
rand.67	2	Ramachadran_HIV_2022	220	9	100	15.6091429205217	NA
rand.67	3	Ramachadran_HIV_2022	16	9	100	87.6479136391945	58.6974789915966
rand.68	2	Ramachadran_HIV_2022	83	0	0	0	NA
rand.68	3	Ramachadran_HIV_2022	0	0	0	0	0
rand.69	2	Ramachadran_HIV_2022	290	0	0	0	NA
rand.69	3	Ramachadran_HIV_2022	0	0	0	0	0
rand.7	2	Ramachadran_HIV_2022	1872	0	0	0	NA
rand.7	3	Ramachadran_HIV_2022	0	0	0	0	0
rand.70	2	Ramachadran_HIV_2022	293	2	8.92008400574776	0.580325039551273	NA
rand.70	3	Ramachadran_HIV_2022	42	2	8.92008400574776	2.58050075144694	98.700190376157
rand.71	2	Ramachadran_HIV_2022	499	17	100	7.09631993155019	NA
rand.71	3	Ramachadran_HIV_2022	65	17	100	34.1768076749726	100
rand.72	2	Ramachadran_HIV_2022	1435	24	100	4.24873497858491	NA
rand.72	3	Ramachadran_HIV_2022	52	24	100	71.0409660654234	90.709949854843
rand.73	2	Ramachadran_HIV_2022	133	0	0	0	NA
rand.73	3	Ramachadran_HIV_2022	0	0	0	0	0
rand.74	2	Ramachadran_HIV_2022	492	6	100	7.5974001826318	NA
rand.74	3	Ramachadran_HIV_2022	83	6	100	27.3233869289981	98.0370908049972
rand.75	2	Ramachadran_HIV_2022	1917	9	100	1.64211413179726	NA
rand.75	3	Ramachadran_HIV_2022	46	9	100	49.2042258352199	85.9612397866162
rand.76	2	Ramachadran_HIV_2022	683	2	92.8152978888029	2.7931622908122	NA
rand.76	3	Ramachadran_HIV_2022	12	2	92.8152978888029	69.3737607402512	73.0240086323172
rand.77	2	Ramachadran_HIV_2022	362	2	8.74322979993368	0.507220355503116	NA
rand.77	3	Ramachadran_HIV_2022	45	2	8.74322979993368	3.0810579207728	97.2429868981593
rand.78	2	Ramachadran_HIV_2022	126	0	0	0	NA
rand.78	3	Ramachadran_HIV_2022	0	0	0	0	0
rand.79	2	Ramachadran_HIV_2022	563	0	0	0	NA
rand.79	3	Ramachadran_HIV_2022	0	0	0	0	0
rand.8	2	Ramachadran_HIV_2022	482	0	0	0	NA
rand.8	3	Ramachadran_HIV_2022	0	0	0	0	0
rand.80	2	Ramachadran_HIV_2022	205	4	64.4633580192329	6.50602409638554	NA
rand.80	3	Ramachadran_HIV_2022	14	4	64.4633580192329	57.5261392779641	91.9647004180214
rand.81	2	Ramachadran_HIV_2022	137	0	0	0	NA
rand.81	3	Ramachadran_HIV_2022	0	0	0	0	0
rand.82	2	Ramachadran_HIV_2022	1352	1	100	1.54972266076811	NA
rand.82	3	Ramachadran_HIV_2022	27	1	100	48.489010989011	75.4666666666667
rand.83	2	Ramachadran_HIV_2022	121	9	59.2240521719907	8.95133401273034	NA
rand.83	3	Ramachadran_HIV_2022	12	9	59.2240521719907	84.4045368620038	67.7777777777778
rand.84	2	Ramachadran_HIV_2022	1639	3	100	1.46140147553495	NA
rand.84	3	Ramachadran_HIV_2022	32	3	100	49.5512764659754	91.0621761658031
rand.85	2	Ramachadran_HIV_2022	126	0	0	0	NA
rand.85	3	Ramachadran_HIV_2022	0	0	0	0	0
rand.86	2	Ramachadran_HIV_2022	35	4	100	35.2100121229409	NA
rand.86	3	Ramachadran_HIV_2022	6	4	100	93.4513106842056	100
rand.87	2	Ramachadran_HIV_2022	139	7	79.2748977561623	9.06425357666448	NA
rand.87	3	Ramachadran_HIV_2022	37	7	79.2748977561623	29.9519732720819	96.0174089310201
rand.88	2	Ramachadran_HIV_2022	1997	3	25.3675251464574	0.255593260356539	NA
rand.88	3	Ramachadran_HIV_2022	50	3	25.3675251464574	11.2093386734395	63.0947796908521
rand.89	2	Ramachadran_HIV_2022	2145	0	0	0	NA
rand.89	3	Ramachadran_HIV_2022	0	0	0	0	0
rand.9	2	Ramachadran_HIV_2022	494	0	0	0	NA
rand.9	3	Ramachadran_HIV_2022	0	0	0	0	0
rand.90	2	Ramachadran_HIV_2022	276	0	0	0	NA
rand.90	3	Ramachadran_HIV_2022	0	0	0	0	0
rand.91	2	Ramachadran_HIV_2022	136	0	0	0	NA
rand.91	3	Ramachadran_HIV_2022	0	0	0	0	0
rand.92	2	Ramachadran_HIV_2022	694	3	100	3.11128577978647	NA
rand.92	3	Ramachadran_HIV_2022	19	3	100	60.1760942547666	81.0402417687291
rand.93	2	Ramachadran_HIV_2022	214	5	23.2231679009616	2.36062110963799	NA
rand.93	3	Ramachadran_HIV_2022	17	5	23.2231679009616	29.4340151302886	100
rand.94	2	Ramachadran_HIV_2022	80	0	0	0	NA
rand.94	3	Ramachadran_HIV_2022	0	0	0	0	0
rand.95	2	Ramachadran_HIV_2022	136	0	0	0	NA
rand.95	3	Ramachadran_HIV_2022	0	0	0	0	0
rand.96	2	Ramachadran_HIV_2022	304	4	21.344091964187	1.17895585173607	NA
rand.96	3	Ramachadran_HIV_2022	70	4	21.344091964187	4.96401028277635	100
rand.97	2	Ramachadran_HIV_2022	12	0	0	0	NA
rand.97	3	Ramachadran_HIV_2022	0	0	0	0	0
rand.98	2	Ramachadran_HIV_2022	27	0	0	0	NA
rand.98	3	Ramachadran_HIV_2022	0	0	0	0	0
rand.99	2	Ramachadran_HIV_2022	214	2	100	9.9504155743868	NA
rand.99	3	Ramachadran_HIV_2022	7	2	100	83.9663894366801	82.3529411764706
rand.13	1	Yadav_Deng_2024	159	3	100	22.3764243253498	NA
rand.94	1	Yadav_Deng_2024	287	2	100	14.7580411074405	NA
rand.27	1	Yadav_Deng_2024	1260	2	100	3.48470259711273	NA
rand.59	1	Yadav_Deng_2024	262	4	100	24.8890578603407	NA
rand.51	1	Yadav_Deng_2024	604	2	100	7.72080482577409	NA
rand.69	1	Yadav_Deng_2024	186	2	100	20.2754486474181	NA
rand.63	1	Yadav_Deng_2024	122	2	100	29.0935036694754	NA
rand.39	1	Yadav_Deng_2024	562	3	100	11.7720728661672	NA
rand.35	1	Yadav_Deng_2024	93	2	100	32.37358805246	NA
rand.71	1	Yadav_Deng_2024	60	1	100	47.9281393879209	NA
rand.73	1	Yadav_Deng_2024	110	1	100	29.6270548785475	NA
rand.37	1	Yadav_Deng_2024	401	2	100	11.031131719861	NA
rand.1	1	Yadav_Deng_2024	647	7	100	11.2032164851762	NA
rand.38	1	Yadav_Deng_2024	167	1	99.9626772396417	12.6056942598756	NA
rand.83	1	Yadav_Deng_2024	597	2	100	7.72987343235277	NA
rand.54	1	Yadav_Deng_2024	175	2	100	21.7973679650149	NA
rand.75	1	Yadav_Deng_2024	156	1	100	13.0611701161397	NA
rand.79	1	Yadav_Deng_2024	126	4	100	29.8916196403143	NA
rand.49	1	Yadav_Deng_2024	148	4	100	17.2349920013471	NA
rand.50	1	Yadav_Deng_2024	121	1	100	18.9546237794371	NA
rand.91	1	Yadav_Deng_2024	221	1	100	17.821186440678	NA
rand.68	1	Yadav_Deng_2024	137	4	100	42.553066900893	NA
rand.77	1	Yadav_Deng_2024	320	1	99.9626772396417	7.14223842109822	NA
rand.64	1	Yadav_Deng_2024	251	5	100	18.4242156646307	NA
rand.47	1	Yadav_Deng_2024	145	1	100	24.3025359063739	NA
rand.52	1	Yadav_Deng_2024	730	2	100	6.78110889639182	NA
rand.28	1	Yadav_Deng_2024	273	2	100	16.3626489711506	NA
rand.97	1	Yadav_Deng_2024	61	1	100	42.9036899119837	NA
rand.92	1	Yadav_Deng_2024	346	2	100	13.6949901474891	NA
rand.42	1	Yadav_Deng_2024	133	1	100	24.1298715174827	NA
rand.18	1	Yadav_Deng_2024	136	1	99.6735693866066	14.2087980750056	NA
rand.24	1	Yadav_Deng_2024	648	3	100	13.4163431275701	NA
rand.85	1	Yadav_Deng_2024	107	3	100	37.4439016640851	NA
rand.56	1	Yadav_Deng_2024	294	2	100	11.083515241389	NA
rand.4	1	Yadav_Deng_2024	170	3	100	31.1866334594944	NA
rand.98	1	Yadav_Deng_2024	562	2	100	12.4168931790288	NA
rand.41	1	Yadav_Deng_2024	340	2	100	10.3622686567164	NA
rand.19	1	Yadav_Deng_2024	366	2	100	12.1352935829849	NA
rand.93	1	Yadav_Deng_2024	137	1	99.4404257456387	14.2321347534769	NA
rand.15	1	Yadav_Deng_2024	582	1	100	7.76397031308469	NA
rand.89	1	Yadav_Deng_2024	121	1	100	30.8797543524232	NA
rand.90	1	Yadav_Deng_2024	559	2	100	8.52504782091713	NA
rand.53	1	Yadav_Deng_2024	166	2	100	21.9279258947714	NA
rand.29	1	Yadav_Deng_2024	302	2	100	14.522745236992	NA
rand.70	1	Yadav_Deng_2024	137	1	99.5803	14.6841222255838	NA
rand.25	1	Yadav_Deng_2024	193	2	100	19.7292427112692	NA
rand.31	1	Yadav_Deng_2024	179	1	100	11.7264871688832	NA
rand.43	1	Yadav_Deng_2024	398	2	100	11.3442823992092	NA
rand.10	1	Yadav_Deng_2024	86	1	100	38.9643212928458	NA
rand.17	1	Yadav_Deng_2024	288	2	100	14.4790367196399	NA
rand.21	1	Yadav_Deng_2024	273	2	100	16.2029992657022	NA
rand.12	1	Yadav_Deng_2024	267	2	100	15.9959698484962	NA
rand.78	1	Yadav_Deng_2024	262	2	100	22.7185754405456	NA
rand.44	1	Yadav_Deng_2024	144	2	100	26.138191567146	NA
rand.16	1	Yadav_Deng_2024	136	1	100	15.594618882928	NA
rand.30	1	Yadav_Deng_2024	151	1	100	14.1147653917791	NA
rand.58	1	Yadav_Deng_2024	206	3	100	25.5144820110628	NA
rand.46	1	Yadav_Deng_2024	206	2	100	20.5826240819272	NA
rand.48	1	Yadav_Deng_2024	269	1	99.9626772396417	9.13740633710968	NA
rand.7	1	Yadav_Deng_2024	695	1	100	6.44994808526232	NA
rand.60	1	Yadav_Deng_2024	257	1	99.6829149498547	8.96976511953813	NA
rand.61	1	Yadav_Deng_2024	122	1	100	30.3553574999286	NA
rand.86	1	Yadav_Deng_2024	176	2	100	29.0348987925271	NA
rand.3	1	Yadav_Deng_2024	176	2	100	23.7452575128784	NA
rand.99	1	Yadav_Deng_2024	127	3	100	34.3739592845249	NA
rand.55	1	Yadav_Deng_2024	313	1	100	10.4236114672547	NA
rand.81	1	Yadav_Deng_2024	146	2	100	24.8150943396226	NA
rand.72	1	Yadav_Deng_2024	189	2	100	16.1973616166942	NA
rand.87	1	Yadav_Deng_2024	93	1	99.8041646915203	19.9021813921485	NA
rand.33	1	Yadav_Deng_2024	111	2	100	29.8224289925535	NA
rand.88	1	Yadav_Deng_2024	749	2	100	6.46450446262815	NA
rand.22	1	Yadav_Deng_2024	122	1	100	25.7568992940257	NA
rand.100	1	Yadav_Deng_2024	306	2	100	18.9589336482246	NA
rand.5	1	Yadav_Deng_2024	307	1	99.6923	7.62101661082199	NA
rand.62	1	Yadav_Deng_2024	129	2	100	27.1533180197216	NA
rand.65	1	Yadav_Deng_2024	268	1	99.8508	6.27270170834017	NA
rand.96	1	Yadav_Deng_2024	141	2	100	37.2580490609429	NA
rand.20	1	Yadav_Deng_2024	121	2	100	28.8773593828111	NA
rand.9	1	Yadav_Deng_2024	293	1	100	14.4511278195489	NA
rand.36	1	Yadav_Deng_2024	194	2	100	20.5036177787987	NA
rand.82	1	Yadav_Deng_2024	183	2	100	21.078256385848	NA
rand.57	1	Yadav_Deng_2024	103	2	100	31.315438796878	NA
rand.40	1	Yadav_Deng_2024	142	3	100	33.0961734772791	NA
rand.84	1	Yadav_Deng_2024	439	3	100	14.3372879536182	NA
rand.6	1	Yadav_Deng_2024	548	3	100	5.82091921563385	NA
rand.34	1	Yadav_Deng_2024	105	2	100	29.1897724478925	NA
rand.14	1	Yadav_Deng_2024	310	9	100	12.5197022921806	NA
rand.66	1	Yadav_Deng_2024	251	2	100	16.4660653784867	NA
rand.45	1	Yadav_Deng_2024	185	2	100	21.2667478684531	NA
rand.74	1	Yadav_Deng_2024	125	2	100	30.1731509191962	NA
rand.67	1	Yadav_Deng_2024	288	9	100	19.2660677742708	NA
rand.95	1	Yadav_Deng_2024	178	1	100	13.8691641397664	NA
rand.8	1	Yadav_Deng_2024	134	2	100	25.6708708708709	NA
rand.11	1	Yadav_Deng_2024	654	8	100	7.24225615804843	NA
rand.26	1	Yadav_Deng_2024	160	1	100	13.2993808908896	NA
rand.76	1	Yadav_Deng_2024	157	1	100	22.9043910147872	NA
rand.80	1	Yadav_Deng_2024	144	1	100	16.4812439464935	NA
rand.32	1	Yadav_Deng_2024	136	1	100	17.3529208910959	NA
rand.2	1	Yadav_Deng_2024	123	3	100	34.9199863806605	NA
rand.23	1	Yadav_Deng_2024	162	2	100	22.6236496228347	NA
rand.1	2	Yadav_Deng_2024	187	9	100	24.1808979213353	NA
rand.1	3	Yadav_Deng_2024	25	9	100	74.7060578931662	91.7413874469089
rand.10	2	Yadav_Deng_2024	68	9	100	43.0190248466577	NA
rand.10	3	Yadav_Deng_2024	29	9	100	67.6187986142885	84.9818328623335
rand.100	2	Yadav_Deng_2024	121	2	100	25.8734987214136	NA
rand.100	3	Yadav_Deng_2024	20	2	100	58.7156215621562	79.7548464459396
rand.11	2	Yadav_Deng_2024	239	8	100	16.8460384924482	NA
rand.11	3	Yadav_Deng_2024	43	8	100	52.2887414493648	60.8041826119765
rand.12	2	Yadav_Deng_2024	212	2	100	18.709626732777	NA
rand.12	3	Yadav_Deng_2024	35	2	100	54.0773073623656	70.7708367672106
rand.13	2	Yadav_Deng_2024	117	1	99.478390461997	15.5787324046386	NA
rand.13	3	Yadav_Deng_2024	19	1	99.478390461997	45.7426760322083	49.9921060940954
rand.14	2	Yadav_Deng_2024	154	1	99.2827868852459	12.8794103431609	NA
rand.14	3	Yadav_Deng_2024	18	1	99.2827868852459	46.4788732394366	65.6509695290859
rand.15	2	Yadav_Deng_2024	153	5	100	16.59827119532	NA
rand.15	3	Yadav_Deng_2024	21	5	100	59.9900820485078	73.4647887323944
rand.16	2	Yadav_Deng_2024	120	1	99.4690760059613	15.7004866430451	NA
rand.16	3	Yadav_Deng_2024	17	1	99.4690760059613	55.0605826243877	88.1252868288206
rand.17	2	Yadav_Deng_2024	248	1	99.599478390462	8.63452842377261	NA
rand.17	3	Yadav_Deng_2024	26	1	99.599478390462	40.1193111469628	58.2456140350877
rand.18	2	Yadav_Deng_2024	110	1	99.5529061102832	16.2926829268293	NA
rand.18	3	Yadav_Deng_2024	17	1	99.5529061102832	51.992022182225	84.7502279866248
rand.19	2	Yadav_Deng_2024	85	2	100	19.9165965672149	NA
rand.19	3	Yadav_Deng_2024	23	2	100	41.5906712513081	65.5170207320194
rand.2	2	Yadav_Deng_2024	81	2	100	33.7250275287085	NA
rand.2	3	Yadav_Deng_2024	11	2	100	76.3959662188647	90.7759661835749
rand.20	2	Yadav_Deng_2024	89	2	100	33.9318600368324	NA
rand.20	3	Yadav_Deng_2024	13	2	100	76.6661883922807	88.2705611068409
rand.21	2	Yadav_Deng_2024	180	2	100	20.4983815051045	NA
rand.21	3	Yadav_Deng_2024	28	2	100	52.2329054614671	80.8879125370389
rand.22	2	Yadav_Deng_2024	75	1	99.6739940387481	20.5283149171271	NA
rand.22	3	Yadav_Deng_2024	16	1	99.6739940387481	45.5381080045959	56.516643225504
rand.23	2	Yadav_Deng_2024	128	2	100	25.5137784685277	NA
rand.23	3	Yadav_Deng_2024	15	2	100	71.6694092756154	81.5670934091987
rand.24	2	Yadav_Deng_2024	166	6	100	36.0832903420917	NA
rand.24	3	Yadav_Deng_2024	28	6	100	73.7059176220498	67.1710889994472
rand.25	2	Yadav_Deng_2024	140	1	99.4411326378539	14.0531006068265	NA
rand.25	3	Yadav_Deng_2024	19	1	99.4411326378539	46.2745437995752	71.1415893505446
rand.26	2	Yadav_Deng_2024	127	1	99.7298807749627	14.9827880551902	NA
rand.26	3	Yadav_Deng_2024	15	1	99.7298807749627	55.849981743258	72.0226843100189
rand.27	2	Yadav_Deng_2024	1195	2	100	3.62272447036984	NA
rand.27	3	Yadav_Deng_2024	91	2	100	30.3402981687164	82.459069805327
rand.28	2	Yadav_Deng_2024	143	3	100	25.0318659807894	NA
rand.28	3	Yadav_Deng_2024	20	3	100	67.7498844909903	63.7535816618911
rand.29	2	Yadav_Deng_2024	244	1	99.077868852459	9.15845846535335	NA
rand.29	3	Yadav_Deng_2024	38	1	99.077868852459	35.842571688513	71.811974789916
rand.3	2	Yadav_Deng_2024	97	1	99.5808494783905	19.4757168360841	NA
rand.3	3	Yadav_Deng_2024	22	1	99.5808494783905	50.3058535667231	86.2039579585267
rand.30	2	Yadav_Deng_2024	112	1	99.4504470938897	16.2726898632893	NA
rand.30	3	Yadav_Deng_2024	14	1	99.4504470938897	54.468931741659	84.2352941176471
rand.31	2	Yadav_Deng_2024	146	1	100	13.3718044179697	NA
rand.31	3	Yadav_Deng_2024	28	1	100	40.0096543017341	62.9611289923248
rand.32	2	Yadav_Deng_2024	102	1	99.4597615499255	18.2448826162731	NA
rand.32	3	Yadav_Deng_2024	9	1	99.4597615499255	66.6209134015473	100
rand.33	2	Yadav_Deng_2024	86	1	99.2175856929955	20.288364474411	NA
rand.33	3	Yadav_Deng_2024	16	1	99.2175856929955	55.9336273892039	83.2816968541468
rand.34	2	Yadav_Deng_2024	84	2	100	32.1146274757311	NA
rand.34	3	Yadav_Deng_2024	17	2	100	61.326331496786	67.5298656971136
rand.35	2	Yadav_Deng_2024	75	2	100	36.7998345455172	NA
rand.35	3	Yadav_Deng_2024	11	2	100	78.0552001462256	100
rand.36	2	Yadav_Deng_2024	155	2	100	23.614417989418	NA
rand.36	3	Yadav_Deng_2024	22	2	100	66.5083356617305	76.2050426399703
rand.37	2	Yadav_Deng_2024	113	1	99.5715350223547	14.932253107976	NA
rand.37	3	Yadav_Deng_2024	13	1	99.5715350223547	40.7114022393175	51.5030832476876
rand.38	2	Yadav_Deng_2024	147	1	99.841654247392	13.6530378295759	NA
rand.38	3	Yadav_Deng_2024	13	1	99.841654247392	59.3718843469591	86.1895023858214
rand.39	2	Yadav_Deng_2024	148	2	100	22.8432368829224	NA
rand.39	3	Yadav_Deng_2024	17	2	100	61.0264910124882	68.0744977269394
rand.4	2	Yadav_Deng_2024	93	2	100	30.6653448845596	NA
rand.4	3	Yadav_Deng_2024	15	2	100	66.3104262458059	55.8281077093324
rand.40	2	Yadav_Deng_2024	125	3	100	35.195622615027	NA
rand.40	3	Yadav_Deng_2024	14	3	100	81.8466952264382	100
rand.41	2	Yadav_Deng_2024	108	2	100	29.6405650046437	NA
rand.41	3	Yadav_Deng_2024	18	2	100	70.5290586450294	92.8035814213766
rand.42	2	Yadav_Deng_2024	108	1	99.5715350223547	16.9461970134111	NA
rand.42	3	Yadav_Deng_2024	14	1	99.5715350223547	58.7653235116266	70.1906412478336
rand.43	2	Yadav_Deng_2024	353	2	100	12.3335536335163	NA
rand.43	3	Yadav_Deng_2024	41	2	100	51.7818795994692	59.9329463570857
rand.44	2	Yadav_Deng_2024	78	2	100	33.8916365130279	NA
rand.44	3	Yadav_Deng_2024	16	2	100	59.517731283645	67.0368085543903
rand.45	2	Yadav_Deng_2024	151	2	100	23.4747412532034	NA
rand.45	3	Yadav_Deng_2024	13	2	100	74.8956030459346	93.5141179759575
rand.46	2	Yadav_Deng_2024	62	1	99.6553651266766	25.11266547742	NA
rand.46	3	Yadav_Deng_2024	16	1	99.6553651266766	54.3206742485784	65.5774146937868
rand.47	2	Yadav_Deng_2024	90	1	99.5342771982116	19.2025013926575	NA
rand.47	3	Yadav_Deng_2024	16	1	99.5342771982116	52.5601298509665	72.8252980819077
rand.48	2	Yadav_Deng_2024	209	1	99.841654247392	10.7361778846154	NA
rand.48	3	Yadav_Deng_2024	26	1	99.841654247392	43.6352534093222	57.1717463527373
rand.49	2	Yadav_Deng_2024	100	4	100	21.5971193218935	NA
rand.49	3	Yadav_Deng_2024	22	4	100	50.1944084428809	65.6505576208178
rand.5	2	Yadav_Deng_2024	234	1	99.5715350223547	9.39730651570027	NA
rand.5	3	Yadav_Deng_2024	40	1	99.5715350223547	33.5456742084288	73.3012230249799
rand.50	2	Yadav_Deng_2024	102	1	99.0871833084948	17.7991199156725	NA
rand.50	3	Yadav_Deng_2024	11	1	99.0871833084948	61.8164913707943	83.4728351849034
rand.51	2	Yadav_Deng_2024	184	2	100	19.8454135003066	NA
rand.51	3	Yadav_Deng_2024	20	2	100	56.5266862480485	65.2991661087102
rand.52	2	Yadav_Deng_2024	558	5	100	8.16143369483211	NA
rand.52	3	Yadav_Deng_2024	63	5	100	38.7231948968512	79.5370857443451
rand.53	2	Yadav_Deng_2024	144	1	99.599478390462	13.6889674066108	NA
rand.53	3	Yadav_Deng_2024	12	1	99.599478390462	58.9926073044246	95.0491053410467
rand.54	2	Yadav_Deng_2024	142	2	100	24.6452981109459	NA
rand.54	3	Yadav_Deng_2024	22	2	100	65.9216327033943	62.7736565948978
rand.55	2	Yadav_Deng_2024	77	1	99.8882265275708	21.8335810411874	NA
rand.55	3	Yadav_Deng_2024	21	1	99.8882265275708	47.0929211312138	58.1009296148738
rand.56	2	Yadav_Deng_2024	72	2	100	36.8132814383632	NA
rand.56	3	Yadav_Deng_2024	18	2	100	65.9346082665022	81.1481347337921
rand.57	2	Yadav_Deng_2024	85	2	100	34.2609503668813	NA
rand.57	3	Yadav_Deng_2024	10	2	100	80.7956777996071	100
rand.58	2	Yadav_Deng_2024	126	2	100	24.8323866281777	NA
rand.58	3	Yadav_Deng_2024	19	2	100	59.4576516819487	52.5881625077335
rand.59	2	Yadav_Deng_2024	180	2	100	19.951231770082	NA
rand.59	3	Yadav_Deng_2024	25	2	100	60.3536135589403	64.7351228518676
rand.6	2	Yadav_Deng_2024	261	6	100	9.61580581087103	NA
rand.6	3	Yadav_Deng_2024	26	6	100	44.8041665200408	64.0548294548932
rand.60	2	Yadav_Deng_2024	224	1	99.5622205663189	9.90198984696335	NA
rand.60	3	Yadav_Deng_2024	37	1	99.5622205663189	36.3559062616918	64.8086789226165
rand.61	2	Yadav_Deng_2024	79	1	99.5622205663189	22.1171553311676	NA
rand.61	3	Yadav_Deng_2024	15	1	99.5622205663189	56.7989797545034	91.8327183271833
rand.62	2	Yadav_Deng_2024	116	2	100	28.710214159197	NA
rand.62	3	Yadav_Deng_2024	18	2	100	70.2637023414666	77.7912755383766
rand.63	2	Yadav_Deng_2024	68	2	100	38.0582420708292	NA
rand.63	3	Yadav_Deng_2024	22	2	100	65.7564122254646	69.9318263365626
rand.64	2	Yadav_Deng_2024	200	5	100	12.78426489201	NA
rand.64	3	Yadav_Deng_2024	33	5	100	44.0927972963458	59.1272589887287
rand.65	2	Yadav_Deng_2024	58	1	99.7298807749627	25.999222961488	NA
rand.65	3	Yadav_Deng_2024	21	1	99.7298807749627	47.94894760412	62.5483954228685
rand.66	2	Yadav_Deng_2024	199	2	100	19.2131342852501	NA
rand.66	3	Yadav_Deng_2024	22	2	100	66.0799652325076	74.7597693786035
rand.67	2	Yadav_Deng_2024	152	1	99.478390461997	13.0538409827049	NA
rand.67	3	Yadav_Deng_2024	20	1	99.478390461997	50.0961583563957	71.3412914747627
rand.68	2	Yadav_Deng_2024	103	4	100	40.6005434442344	NA
rand.68	3	Yadav_Deng_2024	18	4	100	79.6423658872077	85.2316602316602
rand.69	2	Yadav_Deng_2024	169	2	100	21.5141206546025	NA
rand.69	3	Yadav_Deng_2024	12	2	100	77.3036308404455	86.6794136392607
rand.7	2	Yadav_Deng_2024	510	4	100	7.46841968580543	NA
rand.7	3	Yadav_Deng_2024	67	4	100	34.5187122664326	69.3277885693962
rand.70	2	Yadav_Deng_2024	108	1	99.4597615499255	17.4885762484236	NA
rand.70	3	Yadav_Deng_2024	11	1	99.4597615499255	61.9014492753623	83.323189287888
rand.71	2	Yadav_Deng_2024	40	2	100	37.3576088014799	NA
rand.71	3	Yadav_Deng_2024	12	2	100	65.8561702614566	100
rand.72	2	Yadav_Deng_2024	140	1	99.3107302533532	13.3776662484316	NA
rand.72	3	Yadav_Deng_2024	19	1	99.3107302533532	43.049218718456	64.2183622828784
rand.73	2	Yadav_Deng_2024	89	2	100	25.8830210107893	NA
rand.73	3	Yadav_Deng_2024	12	2	100	72.1463458755427	94.7881149537263
rand.74	2	Yadav_Deng_2024	86	5	100	23.5325538607633	NA
rand.74	3	Yadav_Deng_2024	14	5	100	65.5877812086458	90.882871334722
rand.75	2	Yadav_Deng_2024	126	1	100	15.0020865210739	NA
rand.75	3	Yadav_Deng_2024	12	1	100	60.3863381858903	75.4487632508834
rand.76	2	Yadav_Deng_2024	126	1	99.5622205663189	15.0105322286196	NA
rand.76	3	Yadav_Deng_2024	15	1	99.5622205663189	53.9766702014846	75.927145051569
rand.77	2	Yadav_Deng_2024	276	1	99.841654247392	8.0149846340205	NA
rand.77	3	Yadav_Deng_2024	45	1	99.841654247392	30.2164965890511	68.0993738638659
rand.78	2	Yadav_Deng_2024	125	15	100	35.2496523827582	NA
rand.78	3	Yadav_Deng_2024	35	15	100	69.4770411341157	65.5048567463881
rand.79	2	Yadav_Deng_2024	103	8	100	32.8685024296863	NA
rand.79	3	Yadav_Deng_2024	26	8	100	66.3801820020223	66.5457762052189
rand.8	2	Yadav_Deng_2024	120	2	100	27.1698640934691	NA
rand.8	3	Yadav_Deng_2024	14	2	100	75.2632505722839	87.9128701594533
rand.80	2	Yadav_Deng_2024	115	1	99.5715350223547	16.1416966146227	NA
rand.80	3	Yadav_Deng_2024	10	1	99.5715350223547	64.6116651556361	100
rand.81	2	Yadav_Deng_2024	129	2	100	26.5629272415422	NA
rand.81	3	Yadav_Deng_2024	15	2	100	74.3554952510176	80.3147469814136
rand.82	2	Yadav_Deng_2024	143	1	99.8882265275708	13.4093580413634	NA
rand.82	3	Yadav_Deng_2024	19	1	99.8882265275708	47.3048081164535	68.3910932529717
rand.83	2	Yadav_Deng_2024	426	1	99.7857675111774	5.27157492791135	NA
rand.83	3	Yadav_Deng_2024	59	1	99.7857675111774	25.014009526478	67.7502724583528
rand.84	2	Yadav_Deng_2024	134	4	100	31.9610394731653	NA
rand.84	3	Yadav_Deng_2024	16	4	100	70.8602902605351	87.1812181218122
rand.85	2	Yadav_Deng_2024	84	4	100	30.6132739823686	NA
rand.85	3	Yadav_Deng_2024	27	4	100	56.0432914212956	66.0294011152147
rand.86	2	Yadav_Deng_2024	128	2	100	26.5481879729192	NA
rand.86	3	Yadav_Deng_2024	21	2	100	64.0850782587797	55.207026348808
rand.87	2	Yadav_Deng_2024	73	1	99.6833084947839	22.8763199521183	NA
rand.87	3	Yadav_Deng_2024	18	1	99.6833084947839	51.7579919717561	75.0375939849624
rand.88	2	Yadav_Deng_2024	647	5	100	7.20183645566583	NA
rand.88	3	Yadav_Deng_2024	61	5	100	40.0393230812443	78.2000234219464
rand.89	2	Yadav_Deng_2024	92	1	100	21.4898284802553	NA
rand.89	3	Yadav_Deng_2024	17	1	100	57.8523489932886	100
rand.9	2	Yadav_Deng_2024	116	5	100	27.1834957835943	NA
rand.9	3	Yadav_Deng_2024	16	5	100	70.9153244526981	94.2411591355599
rand.90	2	Yadav_Deng_2024	143	2	100	25.3674295316309	NA
rand.90	3	Yadav_Deng_2024	17	2	100	70.6652162447257	86.0546128778514
rand.91	2	Yadav_Deng_2024	172	5	100	20.7876553217149	NA
rand.91	3	Yadav_Deng_2024	22	5	100	65.4782662847179	71.5432488500045
rand.92	2	Yadav_Deng_2024	296	2	100	14.2595746101706	NA
rand.92	3	Yadav_Deng_2024	37	2	100	50.6763812416936	72.4149545301448
rand.93	2	Yadav_Deng_2024	88	1	99.320044709389	19.1154852819906	NA
rand.93	3	Yadav_Deng_2024	14	1	99.320044709389	58.4562249876652	94.0089733438902
rand.94	2	Yadav_Deng_2024	228	1	99.4597615499255	9.43552947829775	NA
rand.94	3	Yadav_Deng_2024	42	1	99.4597615499255	32.4717187690062	60.3980906061425
rand.95	2	Yadav_Deng_2024	119	1	100	17.9226877418075	NA
rand.95	3	Yadav_Deng_2024	24	1	100	48.5946115569104	81.991802563879
rand.96	2	Yadav_Deng_2024	73	2	100	39.0591927596526	NA
rand.96	3	Yadav_Deng_2024	20	2	100	70.5211833695724	79.54850245865
rand.97	2	Yadav_Deng_2024	39	1	99.4411326378539	32.8149013339891	NA
rand.97	3	Yadav_Deng_2024	10	1	99.4411326378539	65.2049105234227	100
rand.98	2	Yadav_Deng_2024	145	9	100	32.7946777613635	NA
rand.98	3	Yadav_Deng_2024	29	9	100	72.0295773093478	68.7973484848485
rand.99	2	Yadav_Deng_2024	108	3	100	36.8493182236963	NA
rand.99	3	Yadav_Deng_2024	21	3	100	72.5407513205922	77.0970937912814
rand.60	1	Lia_HRSV_B_2024	66	8	100	53.306342780027	NA
rand.3	1	Lia_HRSV_B_2024	57	1	100	34.0728328865058	NA
rand.33	1	Lia_HRSV_B_2024	2641	7	100	1.00729109696544	NA
rand.48	1	Lia_HRSV_B_2024	2710	20	92.2250273006135	0.892564785102605	NA
rand.24	1	Lia_HRSV_B_2024	112	5	100	36.7062494359133	NA
rand.10	1	Lia_HRSV_B_2024	39	9	99.8742638418079	38.7580574745114	NA
rand.97	1	Lia_HRSV_B_2024	359	11	100	14.6851736615271	NA
rand.70	1	Lia_HRSV_B_2024	66	11	100	57.4631155393754	NA
rand.59	1	Lia_HRSV_B_2024	2666	27	100	1.60215628943719	NA
rand.62	1	Lia_HRSV_B_2024	111	12	100	32.5601930888326	NA
rand.79	1	Lia_HRSV_B_2024	2792	2	99.9338565535596	0.932536962452743	NA
rand.64	1	Lia_HRSV_B_2024	178	7	100	26.6546621207828	NA
rand.4	1	Lia_HRSV_B_2024	152	12	100	31.2568648987918	NA
rand.34	1	Lia_HRSV_B_2024	114	8	100	38.1008470089995	NA
rand.22	1	Lia_HRSV_B_2024	338	7	100	17.9405919321051	NA
rand.95	1	Lia_HRSV_B_2024	3033	3	100	1.66224996269611	NA
rand.55	1	Lia_HRSV_B_2024	507	12	100	10.9719653326736	NA
rand.99	1	Lia_HRSV_B_2024	200	7	100	28.5579679637537	NA
rand.53	1	Lia_HRSV_B_2024	49	6	100	83.7532430095128	NA
rand.27	1	Lia_HRSV_B_2024	305	20	99.0125547042176	10.4739022946481	NA
rand.5	1	Lia_HRSV_B_2024	37	6	100	93.2806453728602	NA
rand.38	1	Lia_HRSV_B_2024	2714	2	99.3249839342949	0.951166603399205	NA
rand.68	1	Lia_HRSV_B_2024	438	28	100	13.4151702361989	NA
rand.92	1	Lia_HRSV_B_2024	2725	34	100	1.67389010159262	NA
rand.43	1	Lia_HRSV_B_2024	122	6	100	31.6332844813548	NA
rand.31	1	Lia_HRSV_B_2024	103	6	100	40.2332240527867	NA
rand.30	1	Lia_HRSV_B_2024	148	1	100	19.0687555483314	NA
rand.90	1	Lia_HRSV_B_2024	90	6	100	41.4261851275848	NA
rand.51	1	Lia_HRSV_B_2024	51	7	100	57.0320362294532	NA
rand.63	1	Lia_HRSV_B_2024	151	8	100	32.9917008908442	NA
rand.11	1	Lia_HRSV_B_2024	11	1	100	46.808053526487	NA
rand.67	1	Lia_HRSV_B_2024	342	12	100	16.8353163571667	NA
rand.61	1	Lia_HRSV_B_2024	2957	14	100	1.60225815643254	NA
rand.47	1	Lia_HRSV_B_2024	2699	5	100	1.783069491772	NA
rand.76	1	Lia_HRSV_B_2024	444	3	100	12.8182222139934	NA
rand.2	1	Lia_HRSV_B_2024	166	5	100	22.9469632164243	NA
rand.6	1	Lia_HRSV_B_2024	335	5	100	11.8425321061235	NA
rand.87	1	Lia_HRSV_B_2024	164	13	93.088028714368	17.9833151054251	NA
rand.83	1	Lia_HRSV_B_2024	38	5	100	61.255250803064	NA
rand.84	1	Lia_HRSV_B_2024	262	6	100	19.4204181706736	NA
rand.100	1	Lia_HRSV_B_2024	83	5	100	20.2724701110162	NA
rand.75	1	Lia_HRSV_B_2024	319	10	100	17.9835803471729	NA
rand.88	1	Lia_HRSV_B_2024	40	32	100	98.6728735350566	NA
rand.26	1	Lia_HRSV_B_2024	315	2	100	9.33677801665733	NA
rand.21	1	Lia_HRSV_B_2024	210	13	99.9270512758202	14.7308200088015	NA
rand.1	1	Lia_HRSV_B_2024	321	4	100	18.4569929001976	NA
rand.14	1	Lia_HRSV_B_2024	40	8	100	63.8614208570026	NA
rand.56	1	Lia_HRSV_B_2024	47	28	100	91.3623149664183	NA
rand.7	1	Lia_HRSV_B_2024	141	7	100	31.0527109082296	NA
rand.17	1	Lia_HRSV_B_2024	61	4	100	37.7418159357628	NA
rand.19	1	Lia_HRSV_B_2024	174	8	100	30.1021625490749	NA
rand.40	1	Lia_HRSV_B_2024	306	10	99.6511194257212	10.359836301173	NA
rand.32	1	Lia_HRSV_B_2024	115	5	100	36.7540704897666	NA
rand.85	1	Lia_HRSV_B_2024	160	11	20.9698660657812	3.7888503997411	NA
rand.78	1	Lia_HRSV_B_2024	2637	5	99.9272049606614	0.986277677009084	NA
rand.93	1	Lia_HRSV_B_2024	71	31	100	50.7620594947971	NA
rand.54	1	Lia_HRSV_B_2024	2963	2	100	1.66736964515076	NA
rand.28	1	Lia_HRSV_B_2024	336	2	100	17.029132442755	NA
rand.36	1	Lia_HRSV_B_2024	2741	6	100	1.76469377996098	NA
rand.12	1	Lia_HRSV_B_2024	387	14	100	13.3089990839057	NA
rand.81	1	Lia_HRSV_B_2024	27	12	91.4817889740222	79.6846330275229	NA
rand.20	1	Lia_HRSV_B_2024	64	3	100	21.7846259989651	NA
rand.44	1	Lia_HRSV_B_2024	231	5	100	10.9141639107435	NA
rand.96	1	Lia_HRSV_B_2024	88	29	100	41.358433995445	NA
rand.23	1	Lia_HRSV_B_2024	2706	1	100	0.968211714612966	NA
rand.72	1	Lia_HRSV_B_2024	2664	7	100	1.87946542124063	NA
rand.80	1	Lia_HRSV_B_2024	156	4	100	19.0580749797268	NA
rand.57	1	Lia_HRSV_B_2024	2988	5	100	1.75271682413347	NA
rand.52	1	Lia_HRSV_B_2024	2949	4	100	1.76304570462286	NA
rand.91	1	Lia_HRSV_B_2024	179	6	100	27.6343355965082	NA
rand.58	1	Lia_HRSV_B_2024	2684	7	100	1.83694101929916	NA
rand.50	1	Lia_HRSV_B_2024	99	28	100	51.7231942493295	NA
rand.15	1	Lia_HRSV_B_2024	316	9	100	16.7751701312945	NA
rand.82	1	Lia_HRSV_B_2024	400	3	100	13.1199773265435	NA
rand.25	1	Lia_HRSV_B_2024	2664	6	100	1.67157122245404	NA
rand.46	1	Lia_HRSV_B_2024	98	6	100	40.5801317952373	NA
rand.42	1	Lia_HRSV_B_2024	387	6	100	14.376272372812	NA
rand.98	1	Lia_HRSV_B_2024	207	6	100	20.2791597767299	NA
rand.8	1	Lia_HRSV_B_2024	232	6	100	21.7123463695596	NA
rand.65	1	Lia_HRSV_B_2024	171	1	100	13.9597646994246	NA
rand.41	1	Lia_HRSV_B_2024	49	12	100	87.4992624063256	NA
rand.74	1	Lia_HRSV_B_2024	202	5	100	23.1438935912938	NA
rand.9	1	Lia_HRSV_B_2024	69	2	100	36.1302220015604	NA
rand.18	1	Lia_HRSV_B_2024	179	5	98.5838388210697	11.9102632778209	NA
rand.94	1	Lia_HRSV_B_2024	102	7	100	50.8520851549814	NA
rand.71	1	Lia_HRSV_B_2024	387	3	100	14.0791276857848	NA
rand.69	1	Lia_HRSV_B_2024	2662	6	100	1.88253236462962	NA
rand.13	1	Lia_HRSV_B_2024	2680	9	100	1.83710744355591	NA
rand.49	1	Lia_HRSV_B_2024	33	4	100	42.8942121220398	NA
rand.77	1	Lia_HRSV_B_2024	357	5	100	14.7541919209214	NA
rand.89	1	Lia_HRSV_B_2024	63	11	100	74.0028988404638	NA
rand.37	1	Lia_HRSV_B_2024	94	22	67.6196086211987	22.7612937717188	NA
rand.66	1	Lia_HRSV_B_2024	147	5	100	33.9579790965625	NA
rand.86	1	Lia_HRSV_B_2024	3044	2	100	1.59066407683979	NA
rand.39	1	Lia_HRSV_B_2024	200	5	99.6314074801838	15.076352986881	NA
rand.73	1	Lia_HRSV_B_2024	181	11	100	21.502088377432	NA
rand.35	1	Lia_HRSV_B_2024	364	5	100	15.1010942495609	NA
rand.16	1	Lia_HRSV_B_2024	117	6	100	46.3778079782557	NA
rand.29	1	Lia_HRSV_B_2024	181	6	100	30.9282994583579	NA
rand.45	1	Lia_HRSV_B_2024	418	6	100	13.1074263669412	NA
rand.1	2	Lia_HRSV_B_2024	37	13	100	48.5972193871765	NA
rand.1	3	Lia_HRSV_B_2024	13	13	100	100	NA
rand.10	2	Lia_HRSV_B_2024	11	9	99.22419460881	96.0600852905607	NA
rand.10	3	Lia_HRSV_B_2024	9	9	99.22419460881	100	NA
rand.100	2	Lia_HRSV_B_2024	36	5	99.888231426693	27.7776762044063	NA
rand.100	3	Lia_HRSV_B_2024	5	5	99.888231426693	100	NA
rand.11	2	Lia_HRSV_B_2024	6	1	100	89.0673363312504	NA
rand.11	3	Lia_HRSV_B_2024	1	1	100	100	NA
rand.12	2	Lia_HRSV_B_2024	70	41	100	38.2497783234432	NA
rand.12	3	Lia_HRSV_B_2024	41	41	100	100	NA
rand.13	2	Lia_HRSV_B_2024	1012	35	100	3.36407890103883	NA
rand.13	3	Lia_HRSV_B_2024	35	35	100	100	NA
rand.14	2	Lia_HRSV_B_2024	32	32	100	100	NA
rand.14	3	Lia_HRSV_B_2024	32	32	100	100	NA
rand.15	2	Lia_HRSV_B_2024	37	21	100	50.5662551805146	NA
rand.15	3	Lia_HRSV_B_2024	21	21	100	100	NA
rand.16	2	Lia_HRSV_B_2024	61	30	100	78.3612519285872	NA
rand.16	3	Lia_HRSV_B_2024	30	30	100	100	NA
rand.17	2	Lia_HRSV_B_2024	23	2	75.9697567389875	65.1793772563177	NA
rand.17	3	Lia_HRSV_B_2024	2	2	75.9697567389875	100	NA
rand.18	2	Lia_HRSV_B_2024	72	5	97.9421433267587	19.3663711291958	NA
rand.18	3	Lia_HRSV_B_2024	5	5	97.9421433267587	100	NA
rand.19	2	Lia_HRSV_B_2024	44	29	100	83.4935595350298	NA
rand.19	3	Lia_HRSV_B_2024	29	29	100	100	NA
rand.2	2	Lia_HRSV_B_2024	34	19	100	80.913280268119	NA
rand.2	3	Lia_HRSV_B_2024	19	19	100	100	NA
rand.20	2	Lia_HRSV_B_2024	14	3	99.6449704142012	40.1579184441324	NA
rand.20	3	Lia_HRSV_B_2024	3	3	99.6449704142012	100	NA
rand.21	2	Lia_HRSV_B_2024	67	13	99.0335305719921	49.7194349088989	NA
rand.21	3	Lia_HRSV_B_2024	13	13	99.0335305719921	100	NA
rand.22	2	Lia_HRSV_B_2024	42	27	100	61.3445023526681	NA
rand.22	3	Lia_HRSV_B_2024	27	27	100	100	NA
rand.23	2	Lia_HRSV_B_2024	129	1	100	9.87572815533981	NA
rand.23	3	Lia_HRSV_B_2024	1	1	100	100	NA
rand.24	2	Lia_HRSV_B_2024	51	28	100	55.1464696800922	NA
rand.24	3	Lia_HRSV_B_2024	28	28	100	100	NA
rand.25	2	Lia_HRSV_B_2024	30	18	100	73.469518853986	NA
rand.25	3	Lia_HRSV_B_2024	18	18	100	100	NA
rand.26	2	Lia_HRSV_B_2024	32	3	100	36.68251224431	NA
rand.26	3	Lia_HRSV_B_2024	3	3	100	100	NA
rand.27	2	Lia_HRSV_B_2024	41	20	98.8823142669297	38.5977518862598	NA
rand.27	3	Lia_HRSV_B_2024	20	20	98.8823142669297	100	NA
rand.28	2	Lia_HRSV_B_2024	44	28	100	59.3318992787549	NA
rand.28	3	Lia_HRSV_B_2024	28	28	100	100	NA
rand.29	2	Lia_HRSV_B_2024	106	33	100	56.1601112435439	NA
rand.29	3	Lia_HRSV_B_2024	33	33	100	100	NA
rand.3	2	Lia_HRSV_B_2024	39	1	100	37.6187069879875	NA
rand.3	3	Lia_HRSV_B_2024	1	1	100	100	NA
rand.30	2	Lia_HRSV_B_2024	46	1	100	53.6912515402218	NA
rand.30	3	Lia_HRSV_B_2024	1	1	100	100	NA
rand.31	2	Lia_HRSV_B_2024	69	31	100	48.5273349100747	NA
rand.31	3	Lia_HRSV_B_2024	31	31	100	100	NA
rand.32	2	Lia_HRSV_B_2024	36	30	100	88.2358481680324	NA
rand.32	3	Lia_HRSV_B_2024	30	30	100	100	NA
rand.33	2	Lia_HRSV_B_2024	87	5	88.3431952662722	13.608191043325	NA
rand.33	3	Lia_HRSV_B_2024	5	5	88.3431952662722	100	NA
rand.34	2	Lia_HRSV_B_2024	34	31	100	91.1490946014554	NA
rand.34	3	Lia_HRSV_B_2024	31	31	100	100	NA
rand.35	2	Lia_HRSV_B_2024	51	13	100	63.4420218686571	NA
rand.35	3	Lia_HRSV_B_2024	13	13	100	100	NA
rand.36	2	Lia_HRSV_B_2024	80	30	100	26.3908973285638	NA
rand.36	3	Lia_HRSV_B_2024	30	30	100	100	NA
rand.37	2	Lia_HRSV_B_2024	46	22	67.1794871794872	32.605782117557	NA
rand.37	3	Lia_HRSV_B_2024	22	22	67.1794871794872	100	NA
rand.38	2	Lia_HRSV_B_2024	64	2	98.6785009861933	17.0278181158105	NA
rand.38	3	Lia_HRSV_B_2024	2	2	98.6785009861933	100	NA
rand.39	2	Lia_HRSV_B_2024	78	3	78.5996055226825	35.9884403504019	NA
rand.39	3	Lia_HRSV_B_2024	3	3	78.5996055226825	100	NA
rand.4	2	Lia_HRSV_B_2024	105	30	100	36.7157242447715	NA
rand.4	3	Lia_HRSV_B_2024	30	30	100	100	NA
rand.40	2	Lia_HRSV_B_2024	29	10	99.5266272189349	42.8341020344642	NA
rand.40	3	Lia_HRSV_B_2024	10	10	99.5266272189349	100	NA
rand.41	2	Lia_HRSV_B_2024	40	29	100	91.2628704891608	NA
rand.41	3	Lia_HRSV_B_2024	29	29	100	100	NA
rand.42	2	Lia_HRSV_B_2024	66	32	100	40.3774002851961	NA
rand.42	3	Lia_HRSV_B_2024	32	32	100	100	NA
rand.43	2	Lia_HRSV_B_2024	81	31	100	37.1699144053906	NA
rand.43	3	Lia_HRSV_B_2024	31	31	100	100	NA
rand.44	2	Lia_HRSV_B_2024	73	5	100	19.7147425647586	NA
rand.44	3	Lia_HRSV_B_2024	5	5	100	100	NA
rand.45	2	Lia_HRSV_B_2024	44	14	100	36.644422134294	NA
rand.45	3	Lia_HRSV_B_2024	14	14	100	100	NA
rand.46	2	Lia_HRSV_B_2024	37	28	100	86.2970438859226	NA
rand.46	3	Lia_HRSV_B_2024	28	28	100	100	NA
rand.47	2	Lia_HRSV_B_2024	1013	26	100	3.37534353901808	NA
rand.47	3	Lia_HRSV_B_2024	26	26	100	100	NA
rand.48	2	Lia_HRSV_B_2024	985	9	61.4201183431953	1.18059785616977	NA
rand.48	3	Lia_HRSV_B_2024	9	9	61.4201183431953	100	NA
rand.49	2	Lia_HRSV_B_2024	15	4	100	84.1055945214558	NA
rand.49	3	Lia_HRSV_B_2024	4	4	100	100	NA
rand.5	2	Lia_HRSV_B_2024	36	34	100	94.0548226035777	NA
rand.5	3	Lia_HRSV_B_2024	34	34	100	100	NA
rand.50	2	Lia_HRSV_B_2024	62	33	100	76.8316104615037	NA
rand.50	3	Lia_HRSV_B_2024	33	33	100	100	NA
rand.51	2	Lia_HRSV_B_2024	32	28	100	96.206743566992	NA
rand.51	3	Lia_HRSV_B_2024	28	28	100	100	NA
rand.52	2	Lia_HRSV_B_2024	1059	24	100	3.3852944047525	NA
rand.52	3	Lia_HRSV_B_2024	24	24	100	100	NA
rand.53	2	Lia_HRSV_B_2024	43	30	100	86.2362271461436	NA
rand.53	3	Lia_HRSV_B_2024	30	30	100	100	NA
rand.54	2	Lia_HRSV_B_2024	71	28	100	37.0226331732741	NA
rand.54	3	Lia_HRSV_B_2024	28	28	100	100	NA
rand.55	2	Lia_HRSV_B_2024	69	38	100	47.9879085584735	NA
rand.55	3	Lia_HRSV_B_2024	38	38	100	100	NA
rand.56	2	Lia_HRSV_B_2024	32	24	100	90.2754051914503	NA
rand.56	3	Lia_HRSV_B_2024	24	24	100	100	NA
rand.57	2	Lia_HRSV_B_2024	167	26	100	15.1865731624	NA
rand.57	3	Lia_HRSV_B_2024	26	26	100	100	NA
rand.58	2	Lia_HRSV_B_2024	113	27	100	21.9800264113569	NA
rand.58	3	Lia_HRSV_B_2024	27	27	100	100	NA
rand.59	2	Lia_HRSV_B_2024	58	26	100	36.1056391037653	NA
rand.59	3	Lia_HRSV_B_2024	26	26	100	100	NA
rand.6	2	Lia_HRSV_B_2024	30	14	100	75.7104851991048	NA
rand.6	3	Lia_HRSV_B_2024	14	14	100	100	NA
rand.60	2	Lia_HRSV_B_2024	35	28	100	93.8775510204082	NA
rand.60	3	Lia_HRSV_B_2024	28	28	100	100	NA
rand.61	2	Lia_HRSV_B_2024	77	41	100	41.886774884385	NA
rand.61	3	Lia_HRSV_B_2024	41	41	100	100	NA
rand.62	2	Lia_HRSV_B_2024	39	16	98.3497698882314	71.663313212609	NA
rand.62	3	Lia_HRSV_B_2024	16	16	98.3497698882314	100	NA
rand.63	2	Lia_HRSV_B_2024	61	31	100	73.8954290579221	NA
rand.63	3	Lia_HRSV_B_2024	31	31	100	100	NA
rand.64	2	Lia_HRSV_B_2024	96	26	100	31.6844002558288	NA
rand.64	3	Lia_HRSV_B_2024	26	26	100	100	NA
rand.65	2	Lia_HRSV_B_2024	65	1	100	28.147423954548	NA
rand.65	3	Lia_HRSV_B_2024	1	1	100	100	NA
rand.66	2	Lia_HRSV_B_2024	53	28	100	79.4408901251739	NA
rand.66	3	Lia_HRSV_B_2024	28	28	100	100	NA
rand.67	2	Lia_HRSV_B_2024	47	40	100	63.723518683066	NA
rand.67	3	Lia_HRSV_B_2024	40	40	100	100	NA
rand.68	2	Lia_HRSV_B_2024	93	38	100	41.750272146871	NA
rand.68	3	Lia_HRSV_B_2024	38	38	100	100	NA
rand.69	2	Lia_HRSV_B_2024	121	31	100	22.3986667085941	NA
rand.69	3	Lia_HRSV_B_2024	31	31	100	100	NA
rand.7	2	Lia_HRSV_B_2024	92	29	100	36.8306831365591	NA
rand.7	3	Lia_HRSV_B_2024	29	29	100	100	NA
rand.70	2	Lia_HRSV_B_2024	24	12	99.1913214990138	81.3885742029455	NA
rand.70	3	Lia_HRSV_B_2024	12	12	99.1913214990138	100	NA
rand.71	2	Lia_HRSV_B_2024	39	29	100	85.8953849868703	NA
rand.71	3	Lia_HRSV_B_2024	29	29	100	100	NA
rand.72	2	Lia_HRSV_B_2024	106	11	100	17.0171974937998	NA
rand.72	3	Lia_HRSV_B_2024	11	11	100	100	NA
rand.73	2	Lia_HRSV_B_2024	76	32	100	37.9427734940169	NA
rand.73	3	Lia_HRSV_B_2024	32	32	100	100	NA
rand.74	2	Lia_HRSV_B_2024	70	27	100	50.0712538925738	NA
rand.74	3	Lia_HRSV_B_2024	27	27	100	100	NA
rand.75	2	Lia_HRSV_B_2024	50	35	100	59.9741864500021	NA
rand.75	3	Lia_HRSV_B_2024	35	35	100	100	NA
rand.76	2	Lia_HRSV_B_2024	58	29	100	48.8843777581642	NA
rand.76	3	Lia_HRSV_B_2024	29	29	100	100	NA
rand.77	2	Lia_HRSV_B_2024	51	27	100	77.0513178727764	NA
rand.77	3	Lia_HRSV_B_2024	27	27	100	100	NA
rand.78	2	Lia_HRSV_B_2024	33	5	99.2767915844839	30.8648284038182	NA
rand.78	3	Lia_HRSV_B_2024	5	5	99.2767915844839	100	NA
rand.79	2	Lia_HRSV_B_2024	604	2	99.2833662064431	2.91182198569252	NA
rand.79	3	Lia_HRSV_B_2024	2	2	99.2833662064431	100	NA
rand.8	2	Lia_HRSV_B_2024	79	31	100	48.8227747147959	NA
rand.8	3	Lia_HRSV_B_2024	31	31	100	100	NA
rand.80	2	Lia_HRSV_B_2024	74	3	98.7902695595003	42.5412644036126	NA
rand.80	3	Lia_HRSV_B_2024	3	3	98.7902695595003	100	NA
rand.81	2	Lia_HRSV_B_2024	18	12	91.3675213675214	90.4634813175368	NA
rand.81	3	Lia_HRSV_B_2024	12	12	91.3675213675214	100	NA
rand.82	2	Lia_HRSV_B_2024	84	27	100	37.9492264974217	NA
rand.82	3	Lia_HRSV_B_2024	27	27	100	100	NA
rand.83	2	Lia_HRSV_B_2024	32	28	100	94.6610198909987	NA
rand.83	3	Lia_HRSV_B_2024	28	28	100	100	NA
rand.84	2	Lia_HRSV_B_2024	97	32	100	51.6548182532576	NA
rand.84	3	Lia_HRSV_B_2024	32	32	100	100	NA
rand.85	2	Lia_HRSV_B_2024	110	11	20.7823800131492	5.69375146351568	NA
rand.85	3	Lia_HRSV_B_2024	11	11	20.7823800131492	100	NA
rand.86	2	Lia_HRSV_B_2024	686	25	100	4.69497653797556	NA
rand.86	3	Lia_HRSV_B_2024	25	25	100	100	NA
rand.87	2	Lia_HRSV_B_2024	84	13	92.9717291255753	41.0038565256474	NA
rand.87	3	Lia_HRSV_B_2024	13	13	92.9717291255753	100	NA
rand.88	2	Lia_HRSV_B_2024	27	26	100	98.4390009606148	NA
rand.88	3	Lia_HRSV_B_2024	26	26	100	100	NA
rand.89	2	Lia_HRSV_B_2024	37	28	100	92.0783192606875	NA
rand.89	3	Lia_HRSV_B_2024	28	28	100	100	NA
rand.9	2	Lia_HRSV_B_2024	39	2	100	61.6408518877057	NA
rand.9	3	Lia_HRSV_B_2024	2	2	100	100	NA
rand.90	2	Lia_HRSV_B_2024	53	31	100	55.6447794175677	NA
rand.90	3	Lia_HRSV_B_2024	31	31	100	100	NA
rand.91	2	Lia_HRSV_B_2024	68	28	100	56.3164296966917	NA
rand.91	3	Lia_HRSV_B_2024	28	28	100	100	NA
rand.92	2	Lia_HRSV_B_2024	58	27	100	33.050284629981	NA
rand.92	3	Lia_HRSV_B_2024	27	27	100	100	NA
rand.93	2	Lia_HRSV_B_2024	43	38	100	92.1718058579757	NA
rand.93	3	Lia_HRSV_B_2024	38	38	100	100	NA
rand.94	2	Lia_HRSV_B_2024	58	28	100	77.9071127749181	NA
rand.94	3	Lia_HRSV_B_2024	28	28	100	100	NA
rand.95	2	Lia_HRSV_B_2024	79	28	100	38.9381130439495	NA
rand.95	3	Lia_HRSV_B_2024	28	28	100	100	NA
rand.96	2	Lia_HRSV_B_2024	59	30	100	47.7370574630849	NA
rand.96	3	Lia_HRSV_B_2024	30	30	100	100	NA
rand.97	2	Lia_HRSV_B_2024	45	25	100	52.7747907803076	NA
rand.97	3	Lia_HRSV_B_2024	25	25	100	100	NA
rand.98	2	Lia_HRSV_B_2024	93	31	100	31.2531231544996	NA
rand.98	3	Lia_HRSV_B_2024	31	31	100	100	NA
rand.99	2	Lia_HRSV_B_2024	102	27	100	55.157201441531	NA
rand.99	3	Lia_HRSV_B_2024	27	27	100	100	NA
rand.49	1	Lia_HRSV_A_2024	1033	3	100	3.04967256168128	NA
rand.43	1	Lia_HRSV_A_2024	3554	6	99.3351491634751	0.939276315298066	NA
rand.53	1	Lia_HRSV_A_2024	995	6	99.2824863938722	3.18366330259156	NA
rand.73	1	Lia_HRSV_A_2024	3629	2	99.0521165242355	0.9188250128997	NA
rand.60	1	Lia_HRSV_A_2024	66	7	98.9006890510949	46.447783342608	NA
rand.82	1	Lia_HRSV_A_2024	43	1	99.3514540957657	30.7108140947752	NA
rand.28	1	Lia_HRSV_A_2024	1043	3	100	3.11327178256746	NA
rand.33	1	Lia_HRSV_A_2024	1480	4	6.3533	0.172729811196472	NA
rand.89	1	Lia_HRSV_A_2024	333	11	99.1245315564598	8.75256479560105	NA
rand.29	1	Lia_HRSV_A_2024	9	5	99.6314074801838	91.4833172147002	NA
rand.67	1	Lia_HRSV_A_2024	108	5	99.6314074801838	23.7852024138798	NA
rand.55	1	Lia_HRSV_A_2024	3362	4	100	1.01654875958497	NA
rand.83	1	Lia_HRSV_A_2024	293	3	99.6972101936257	10.3897262106484	NA
rand.59	1	Lia_HRSV_A_2024	NA	NA	NA	NA	NA
rand.81	1	Lia_HRSV_A_2024	1763	10	99.6511194257212	2.16806282197623	NA
rand.7	1	Lia_HRSV_A_2024	66	6	99.3351491634751	24.7425723093067	NA
rand.77	1	Lia_HRSV_A_2024	333	9	99.5532441266183	8.79374677212509	NA
rand.14	1	Lia_HRSV_A_2024	3403	4	100	0.996905062918304	NA
rand.50	1	Lia_HRSV_A_2024	1052	7	99.6182115500907	2.97262894880549	NA
rand.70	1	Lia_HRSV_A_2024	67	18	96.0560408224459	31.7071060940271	NA
rand.32	1	Lia_HRSV_A_2024	4779	5	99.6314074801838	0.746142097795639	NA
rand.86	1	Lia_HRSV_A_2024	1475	4	100	2.69323525759746	NA
rand.15	1	Lia_HRSV_A_2024	158	23	54.8219261697163	10.7674803475383	NA
rand.64	1	Lia_HRSV_A_2024	66	18	97.0902072672544	25.8229443899706	NA
rand.62	1	Lia_HRSV_A_2024	1057	4	100	2.94753201613104	NA
rand.71	1	Lia_HRSV_A_2024	998	3	100	3.21006909047342	NA
rand.39	1	Lia_HRSV_A_2024	1473	4	100	2.65643231888317	NA
rand.41	1	Lia_HRSV_A_2024	71	7	99.6182115500907	44.305539290315	NA
rand.46	1	Lia_HRSV_A_2024	1435	7	99.6182115500907	2.79454645174038	NA
rand.23	1	Lia_HRSV_A_2024	2430	7	99.6182115500907	1.51071516635037	NA
rand.27	1	Lia_HRSV_A_2024	3374	18	95.4009449289915	0.962198586105937	NA
rand.98	1	Lia_HRSV_A_2024	121	7	99.6708743196936	19.6335485878783	NA
rand.37	1	Lia_HRSV_A_2024	NA	NA	NA	NA	NA
rand.44	1	Lia_HRSV_A_2024	123	6	99.3351491634751	19.6430663490452	NA
rand.21	1	Lia_HRSV_A_2024	1317	2	99.2429451037786	2.34528376440134	NA
rand.95	1	Lia_HRSV_A_2024	1281	5	99.7959584166333	2.5143713905668	NA
rand.30	1	Lia_HRSV_A_2024	1437	3	100	2.84139733009485	NA
rand.78	1	Lia_HRSV_A_2024	9	7	98.9006890510949	96.8228394663917	NA
rand.36	1	Lia_HRSV_A_2024	4784	6	99.2824863938722	0.743369461818648	NA
rand.35	1	Lia_HRSV_A_2024	108	4	100	23.8904143590698	NA
rand.80	1	Lia_HRSV_A_2024	1512	23	55.653850208706	1.46049527896405	NA
rand.93	1	Lia_HRSV_A_2024	294	5	99.7959584166333	10.4824267232736	NA
rand.66	1	Lia_HRSV_A_2024	67	5	99.6314074801838	44.5710751833201	NA
rand.47	1	Lia_HRSV_A_2024	71	13	91.639789138986	44.8269199806794	NA
rand.52	1	Lia_HRSV_A_2024	44	7	98.9006890510949	31.724982579133	NA
rand.20	1	Lia_HRSV_A_2024	62	3	100	31.1305539875816	NA
rand.48	1	Lia_HRSV_A_2024	1270	5	99.7959584166333	2.52755973777401	NA
rand.74	1	Lia_HRSV_A_2024	290	11	98.8216706857881	10.5575559806459	NA
rand.97	1	Lia_HRSV_A_2024	3654	10	99.6511194257212	0.905725672458532	NA
rand.4	1	Lia_HRSV_A_2024	999	7	99.6182115500907	3.18644481784224	NA
rand.75	1	Lia_HRSV_A_2024	3361	13	91.639789138986	0.921372587692882	NA
rand.99	1	Lia_HRSV_A_2024	4349	11	97.913246935035	0.754745320391266	NA
rand.25	1	Lia_HRSV_A_2024	5063	10	99.6511194257212	0.703027038072504	NA
rand.11	1	Lia_HRSV_A_2024	348	2	99.3154050968128	9.32977960274074	NA
rand.90	1	Lia_HRSV_A_2024	1488	18	96.0560408224459	2.56600075254421	NA
rand.1	1	Lia_HRSV_A_2024	43	1	1.4616	0.655041161370275	NA
rand.18	1	Lia_HRSV_A_2024	328	5	99.7959584166333	8.78774353237147	NA
rand.100	1	Lia_HRSV_A_2024	53	5	99.6314074801838	32.3888805666717	NA
rand.85	1	Lia_HRSV_A_2024	1540	2	98.9452540927152	2.50889567392828	NA
rand.96	1	Lia_HRSV_A_2024	1438	5	99.6314074801838	2.78744168657258	NA
rand.34	1	Lia_HRSV_A_2024	2468	5	99.6314074801838	1.45240460048078	NA
rand.57	1	Lia_HRSV_A_2024	4509	21	48.709332901731	0.364247056996458	NA
rand.91	1	Lia_HRSV_A_2024	1436	6	100	2.87148116806139	NA
rand.58	1	Lia_HRSV_A_2024	334	2	99.2429451037786	8.13551273264944	NA
rand.9	1	Lia_HRSV_A_2024	1048	5	100	2.98880500893751	NA
rand.45	1	Lia_HRSV_A_2024	332	5	99.7959584166333	8.7152983379995	NA
rand.24	1	Lia_HRSV_A_2024	5050	2	99.2429451037786	0.700631851329974	NA
rand.8	1	Lia_HRSV_A_2024	81	12	100	23.9502965617615	NA
rand.13	1	Lia_HRSV_A_2024	1037	2	99.6462764946549	3.090087948657	NA
rand.72	1	Lia_HRSV_A_2024	997	5	99.6774388944256	3.18840701778029	NA
rand.76	1	Lia_HRSV_A_2024	996	5	99.6314074801838	3.19049365695711	NA
rand.87	1	Lia_HRSV_A_2024	58	4	100	31.958163858222	NA
rand.26	1	Lia_HRSV_A_2024	4834	5	99.6314074801838	0.740305591887405	NA
rand.3	1	Lia_HRSV_A_2024	1511	1	100	2.60089350423105	NA
rand.12	1	Lia_HRSV_A_2024	364	11	98.9094871627146	9.21493142049245	NA
rand.17	1	Lia_HRSV_A_2024	1487	5	99.6314074801838	2.58463903001324	NA
rand.40	1	Lia_HRSV_A_2024	14	7	99.6182115500907	87.7987932234857	NA
rand.42	1	Lia_HRSV_A_2024	64	5	99.6314074801838	24.954657873042	NA
rand.94	1	Lia_HRSV_A_2024	86	4	100	24.8884866507208	NA
rand.54	1	Lia_HRSV_A_2024	397	10	99.6511194257212	7.88573035990561	NA
rand.19	1	Lia_HRSV_A_2024	1042	5	99.6314074801838	3.07284063661705	NA
rand.68	1	Lia_HRSV_A_2024	1504	21	49.5086853982301	1.30627780831579	NA
rand.2	1	Lia_HRSV_A_2024	1490	4	100	2.60199493091325	NA
rand.51	1	Lia_HRSV_A_2024	22	5	99.6314074801838	30.7328365179605	NA
rand.10	1	Lia_HRSV_A_2024	3635	2	99.3154050968128	0.919442301293326	NA
rand.61	1	Lia_HRSV_A_2024	1721	2	99.2429451037786	2.24762654453509	NA
rand.5	1	Lia_HRSV_A_2024	3526	18	97.6234382835927	0.931392623224707	NA
rand.65	1	Lia_HRSV_A_2024	89	21	49.6265850722311	13.8043517877319	NA
rand.92	1	Lia_HRSV_A_2024	1001	3	100	3.24230577030483	NA
rand.22	1	Lia_HRSV_A_2024	3399	1	100	0.989206596522377	NA
rand.63	1	Lia_HRSV_A_2024	331	2	99.2429451037786	8.17543897703979	NA
rand.79	1	Lia_HRSV_A_2024	129	18	97.5773553334285	19.4132285527177	NA
rand.69	1	Lia_HRSV_A_2024	992	5	99.6314074801838	3.19947066570552	NA
rand.38	1	Lia_HRSV_A_2024	94	6	12.2325	3.70651133099266	NA
rand.31	1	Lia_HRSV_A_2024	3373	4	100	0.987229224466689	NA
rand.88	1	Lia_HRSV_A_2024	1283	11	98.3707786783298	2.48863213317024	NA
rand.84	1	Lia_HRSV_A_2024	5781	18	95.4009449289915	0.585817755242268	NA
rand.6	1	Lia_HRSV_A_2024	35	4	100	33.1870519226591	NA
rand.16	1	Lia_HRSV_A_2024	1509	23	59.6632384207034	1.56868216573565	NA
rand.56	1	Lia_HRSV_A_2024	99	18	96.0560408224459	24.0688149449251	NA
rand.1	2	Lia_HRSV_A_2024	17	1	1.45956607495069	1.06782106782107	NA
rand.1	3	Lia_HRSV_A_2024	1	1	1.45956607495069	100	NA
rand.10	2	Lia_HRSV_A_2024	242	2	99.1913214990138	8.94495004891353	NA
rand.10	3	Lia_HRSV_A_2024	2	2	99.1913214990138	100	NA
rand.100	2	Lia_HRSV_A_2024	11	5	99.5069033530572	78.0838879430429	NA
rand.100	3	Lia_HRSV_A_2024	5	5	99.5069033530572	100	NA
rand.11	2	Lia_HRSV_A_2024	25	2	99.1913214990138	37.7175	NA
rand.11	3	Lia_HRSV_A_2024	2	2	99.1913214990138	100	NA
rand.12	2	Lia_HRSV_A_2024	37	12	98.9875082182775	37.8262945004145	NA
rand.12	3	Lia_HRSV_A_2024	12	12	98.9875082182775	100	NA
rand.13	2	Lia_HRSV_A_2024	600	2	100	4.65045174506597	NA
rand.13	3	Lia_HRSV_A_2024	2	2	100	100	NA
rand.14	2	Lia_HRSV_A_2024	79	4	100	20.3946497152695	NA
rand.14	3	Lia_HRSV_A_2024	4	4	100	100	NA
rand.15	2	Lia_HRSV_A_2024	117	23	54.7534516765286	12.4706128988784	NA
rand.15	3	Lia_HRSV_A_2024	23	23	54.7534516765286	100	NA
rand.16	2	Lia_HRSV_A_2024	94	23	59.8750821827745	12.9360795454545	NA
rand.16	3	Lia_HRSV_A_2024	23	23	59.8750821827745	100	NA
rand.17	2	Lia_HRSV_A_2024	56	5	99.5069033530572	21.4982741722419	NA
rand.17	3	Lia_HRSV_A_2024	5	5	99.5069033530572	100	NA
rand.18	2	Lia_HRSV_A_2024	16	5	99.6712689020381	44.2757009345794	NA
rand.18	3	Lia_HRSV_A_2024	5	5	99.6712689020381	100	NA
rand.19	2	Lia_HRSV_A_2024	606	5	99.5069033530572	4.59947912076558	NA
rand.19	3	Lia_HRSV_A_2024	5	5	99.5069033530572	100	NA
rand.2	2	Lia_HRSV_A_2024	44	4	100	24.7902500770841	NA
rand.2	3	Lia_HRSV_A_2024	4	4	100	100	NA
rand.20	2	Lia_HRSV_A_2024	20	3	100	49.2316521073774	NA
rand.20	3	Lia_HRSV_A_2024	3	3	100	100	NA
rand.21	2	Lia_HRSV_A_2024	210	2	99.1190006574622	8.71500500031794	NA
rand.21	3	Lia_HRSV_A_2024	2	2	99.1190006574622	100	NA
rand.22	2	Lia_HRSV_A_2024	224	1	100	10.3233822447009	NA
rand.22	3	Lia_HRSV_A_2024	1	1	100	100	NA
rand.23	2	Lia_HRSV_A_2024	50	3	51.6173570019724	21.2896927624264	NA
rand.23	3	Lia_HRSV_A_2024	3	3	51.6173570019724	100	NA
rand.24	2	Lia_HRSV_A_2024	232	2	99.1190006574622	8.56873287788021	NA
rand.24	3	Lia_HRSV_A_2024	2	2	99.1190006574622	100	NA
rand.25	2	Lia_HRSV_A_2024	241	10	99.5266272189349	8.4828107926368	NA
rand.25	3	Lia_HRSV_A_2024	10	10	99.5266272189349	100	NA
rand.26	2	Lia_HRSV_A_2024	196	5	99.5069033530572	11.6555771185658	NA
rand.26	3	Lia_HRSV_A_2024	5	5	99.5069033530572	100	NA
rand.27	2	Lia_HRSV_A_2024	65	17	92.4063116370809	24.9082885852517	NA
rand.27	3	Lia_HRSV_A_2024	17	17	92.4063116370809	100	NA
rand.28	2	Lia_HRSV_A_2024	601	3	100	4.70007678964227	NA
rand.28	3	Lia_HRSV_A_2024	3	3	100	100	NA
rand.29	2	Lia_HRSV_A_2024	9	5	99.5069033530572	91.4833172147002	NA
rand.29	3	Lia_HRSV_A_2024	5	5	99.5069033530572	100	NA
rand.3	2	Lia_HRSV_A_2024	60	1	100	25.1368815666157	NA
rand.3	3	Lia_HRSV_A_2024	1	1	100	100	NA
rand.30	2	Lia_HRSV_A_2024	8	3	100	91.6928923460602	NA
rand.30	3	Lia_HRSV_A_2024	3	3	100	100	NA
rand.31	2	Lia_HRSV_A_2024	73	4	100	16.529426404233	NA
rand.31	3	Lia_HRSV_A_2024	4	4	100	100	NA
rand.32	2	Lia_HRSV_A_2024	218	5	99.5069033530572	10.0653733864478	NA
rand.32	3	Lia_HRSV_A_2024	5	5	99.5069033530572	100	NA
rand.33	2	Lia_HRSV_A_2024	39	4	6.34451019066404	2.38530749456199	NA
rand.33	3	Lia_HRSV_A_2024	4	4	6.34451019066404	100	NA
rand.34	2	Lia_HRSV_A_2024	69	5	99.5069033530572	16.6804430484378	NA
rand.34	3	Lia_HRSV_A_2024	5	5	99.5069033530572	100	NA
rand.35	2	Lia_HRSV_A_2024	72	4	100	28.2351215576987	NA
rand.35	3	Lia_HRSV_A_2024	4	4	100	100	NA
rand.36	2	Lia_HRSV_A_2024	197	6	99.1584483892176	11.1802991890169	NA
rand.36	3	Lia_HRSV_A_2024	6	6	99.1584483892176	100	NA
rand.37	2	Lia_HRSV_A_2024	697	0	0	0	NA
rand.37	3	Lia_HRSV_A_2024	0	0	0	0	0
rand.38	2	Lia_HRSV_A_2024	66	6	12.215647600263	4.49074297868226	NA
rand.38	3	Lia_HRSV_A_2024	6	6	12.215647600263	100	NA
rand.39	2	Lia_HRSV_A_2024	47	4	100	42.679928475637	NA
rand.39	3	Lia_HRSV_A_2024	4	4	100	100	NA
rand.4	2	Lia_HRSV_A_2024	43	6	94.8060486522025	36.4546465770048	NA
rand.4	3	Lia_HRSV_A_2024	6	6	94.8060486522025	100	NA
rand.40	2	Lia_HRSV_A_2024	14	7	99.4937541091387	87.7987932234857	NA
rand.40	3	Lia_HRSV_A_2024	7	7	99.4937541091387	100	NA
rand.41	2	Lia_HRSV_A_2024	17	7	99.4937541091387	81.0291282929964	NA
rand.41	3	Lia_HRSV_A_2024	7	7	99.4937541091387	100	NA
rand.42	2	Lia_HRSV_A_2024	38	5	99.5069033530572	28.0215507664963	NA
rand.42	3	Lia_HRSV_A_2024	5	5	99.5069033530572	100	NA
rand.43	2	Lia_HRSV_A_2024	591	6	99.2110453648915	4.58122335968523	NA
rand.43	3	Lia_HRSV_A_2024	6	6	99.2110453648915	100	NA
rand.44	2	Lia_HRSV_A_2024	70	6	99.2110453648915	24.3815740576174	NA
rand.44	3	Lia_HRSV_A_2024	6	6	99.2110453648915	100	NA
rand.45	2	Lia_HRSV_A_2024	73	5	99.6712689020381	22.5112853409361	NA
rand.45	3	Lia_HRSV_A_2024	5	5	99.6712689020381	100	NA
rand.46	2	Lia_HRSV_A_2024	15	7	99.4937541091387	63.2994520433346	NA
rand.46	3	Lia_HRSV_A_2024	7	7	99.4937541091387	100	NA
rand.47	2	Lia_HRSV_A_2024	27	13	91.5253122945431	73.7692756080759	NA
rand.47	3	Lia_HRSV_A_2024	13	13	91.5253122945431	100	NA
rand.48	2	Lia_HRSV_A_2024	56	5	99.6712689020381	23.0770401717078	NA
rand.48	3	Lia_HRSV_A_2024	5	5	99.6712689020381	100	NA
rand.49	2	Lia_HRSV_A_2024	177	3	100	10.1391217116986	NA
rand.49	3	Lia_HRSV_A_2024	3	3	100	100	NA
rand.5	2	Lia_HRSV_A_2024	649	18	97.4950690335306	4.19122073649491	NA
rand.5	3	Lia_HRSV_A_2024	18	18	97.4950690335306	100	NA
rand.50	2	Lia_HRSV_A_2024	409	7	99.4937541091387	5.83157675692965	NA
rand.50	3	Lia_HRSV_A_2024	7	7	99.4937541091387	100	NA
rand.51	2	Lia_HRSV_A_2024	16	5	99.5069033530572	31.7775258251449	NA
rand.51	3	Lia_HRSV_A_2024	5	5	99.5069033530572	100	NA
rand.52	2	Lia_HRSV_A_2024	22	7	98.7771203155819	38.896080360379	NA
rand.52	3	Lia_HRSV_A_2024	7	7	98.7771203155819	100	NA
rand.53	2	Lia_HRSV_A_2024	76	6	99.1584483892176	21.3263574660633	NA
rand.53	3	Lia_HRSV_A_2024	6	6	99.1584483892176	100	NA
rand.54	2	Lia_HRSV_A_2024	131	10	99.5266272189349	14.7931711797989	NA
rand.54	3	Lia_HRSV_A_2024	10	10	99.5266272189349	100	NA
rand.55	2	Lia_HRSV_A_2024	215	4	100	11.6523790084819	NA
rand.55	3	Lia_HRSV_A_2024	4	4	100	100	NA
rand.56	2	Lia_HRSV_A_2024	70	18	96.3971071663379	28.2640963855422	NA
rand.56	3	Lia_HRSV_A_2024	18	18	96.3971071663379	100	NA
rand.57	2	Lia_HRSV_A_2024	664	14	35.0887573964497	1.3454033941374	NA
rand.57	3	Lia_HRSV_A_2024	14	14	35.0887573964497	100	NA
rand.58	2	Lia_HRSV_A_2024	47	2	99.1190006574622	25.7269624573379	NA
rand.58	3	Lia_HRSV_A_2024	2	2	99.1190006574622	100	NA
rand.59	2	Lia_HRSV_A_2024	17	0	0	0	NA
rand.59	3	Lia_HRSV_A_2024	0	0	0	0	0
rand.6	2	Lia_HRSV_A_2024	8	4	100	91.8691363964397	NA
rand.6	3	Lia_HRSV_A_2024	4	4	100	100	NA
rand.60	2	Lia_HRSV_A_2024	10	7	98.7771203155819	95.5178333015449	NA
rand.60	3	Lia_HRSV_A_2024	7	7	98.7771203155819	100	NA
rand.61	2	Lia_HRSV_A_2024	52	2	99.1190006574622	28.8784599176324	NA
rand.61	3	Lia_HRSV_A_2024	2	2	99.1190006574622	100	NA
rand.62	2	Lia_HRSV_A_2024	369	4	100	5.70793180133432	NA
rand.62	3	Lia_HRSV_A_2024	4	4	100	100	NA
rand.63	2	Lia_HRSV_A_2024	39	2	99.1190006574622	27.4883763333029	NA
rand.63	3	Lia_HRSV_A_2024	2	2	99.1190006574622	100	NA
rand.64	2	Lia_HRSV_A_2024	32	18	96.9625246548324	30.3850670622412	NA
rand.64	3	Lia_HRSV_A_2024	18	18	96.9625246548324	100	NA
rand.65	2	Lia_HRSV_A_2024	67	17	43.2084155161078	33.1785137318255	NA
rand.65	3	Lia_HRSV_A_2024	17	17	43.2084155161078	100	NA
rand.66	2	Lia_HRSV_A_2024	34	5	99.5069033530572	61.8487188917494	NA
rand.66	3	Lia_HRSV_A_2024	5	5	99.5069033530572	100	NA
rand.67	2	Lia_HRSV_A_2024	71	5	99.5069033530572	28.2269344821798	NA
rand.67	3	Lia_HRSV_A_2024	5	5	99.5069033530572	100	NA
rand.68	2	Lia_HRSV_A_2024	48	19	46.5417488494412	14.6861126094353	NA
rand.68	3	Lia_HRSV_A_2024	19	19	46.5417488494412	100	NA
rand.69	2	Lia_HRSV_A_2024	60	5	99.5069033530572	22.9641767945742	NA
rand.69	3	Lia_HRSV_A_2024	5	5	99.5069033530572	100	NA
rand.7	2	Lia_HRSV_A_2024	38	6	99.2110453648915	28.0410302151856	NA
rand.7	3	Lia_HRSV_A_2024	6	6	99.2110453648915	100	NA
rand.70	2	Lia_HRSV_A_2024	23	18	96.3971071663379	89.7142507495564	NA
rand.70	3	Lia_HRSV_A_2024	18	18	96.3971071663379	100	NA
rand.71	2	Lia_HRSV_A_2024	77	3	100	21.4458237375723	NA
rand.71	3	Lia_HRSV_A_2024	3	3	100	100	NA
rand.72	2	Lia_HRSV_A_2024	83	5	99.5529257067719	19.0343301781247	NA
rand.72	3	Lia_HRSV_A_2024	5	5	99.5529257067719	100	NA
rand.73	2	Lia_HRSV_A_2024	81	2	98.9283366206443	15.0355729645469	NA
rand.73	3	Lia_HRSV_A_2024	2	2	98.9283366206443	100	NA
rand.74	2	Lia_HRSV_A_2024	21	11	98.698224852071	43.0562725864739	NA
rand.74	3	Lia_HRSV_A_2024	11	11	98.698224852071	100	NA
rand.75	2	Lia_HRSV_A_2024	28	13	91.5253122945431	52.5201841092583	NA
rand.75	3	Lia_HRSV_A_2024	13	13	91.5253122945431	100	NA
rand.76	2	Lia_HRSV_A_2024	225	5	99.5069033530572	8.71957367132364	NA
rand.76	3	Lia_HRSV_A_2024	5	5	99.5069033530572	100	NA
rand.77	2	Lia_HRSV_A_2024	22	10	99.6318211702827	42.9644750645006	NA
rand.77	3	Lia_HRSV_A_2024	10	10	99.6318211702827	100	NA
rand.78	2	Lia_HRSV_A_2024	9	7	98.7771203155819	96.8228394663917	NA
rand.78	3	Lia_HRSV_A_2024	7	7	98.7771203155819	100	NA
rand.79	2	Lia_HRSV_A_2024	61	18	97.4490466798159	25.7058619493583	NA
rand.79	3	Lia_HRSV_A_2024	18	18	97.4490466798159	100	NA
rand.8	2	Lia_HRSV_A_2024	53	12	100	26.9788104220287	NA
rand.8	3	Lia_HRSV_A_2024	12	12	100	100	NA
rand.80	2	Lia_HRSV_A_2024	71	22	52.7350427350427	14.1446382280847	NA
rand.80	3	Lia_HRSV_A_2024	22	22	52.7350427350427	100	NA
rand.81	2	Lia_HRSV_A_2024	39	10	99.5266272189349	32.3033587981734	NA
rand.81	3	Lia_HRSV_A_2024	10	10	99.5266272189349	100	NA
rand.82	2	Lia_HRSV_A_2024	40	1	99.7041420118343	31.3242310949538	NA
rand.82	3	Lia_HRSV_A_2024	1	1	99.7041420118343	100	NA
rand.83	2	Lia_HRSV_A_2024	17	3	99.5726495726496	40.8430193360481	NA
rand.83	3	Lia_HRSV_A_2024	3	3	99.5726495726496	100	NA
rand.84	2	Lia_HRSV_A_2024	263	8	63.5502958579882	5.38633856029958	NA
rand.84	3	Lia_HRSV_A_2024	8	8	63.5502958579882	100	NA
rand.85	2	Lia_HRSV_A_2024	74	2	99.2965154503616	19.5255332902392	NA
rand.85	3	Lia_HRSV_A_2024	2	2	99.2965154503616	100	NA
rand.86	2	Lia_HRSV_A_2024	34	4	100	30.9684684684685	NA
rand.86	3	Lia_HRSV_A_2024	4	4	100	100	NA
rand.87	2	Lia_HRSV_A_2024	22	3	95.4240631163708	40.2976372268651	NA
rand.87	3	Lia_HRSV_A_2024	3	3	95.4240631163708	100	NA
rand.88	2	Lia_HRSV_A_2024	197	12	98.44838921762	8.77216621069836	NA
rand.88	3	Lia_HRSV_A_2024	12	12	98.44838921762	100	NA
rand.89	2	Lia_HRSV_A_2024	19	11	99.0006574621959	47.1874902071386	NA
rand.89	3	Lia_HRSV_A_2024	11	11	99.0006574621959	100	NA
rand.9	2	Lia_HRSV_A_2024	355	5	99.9276791584484	6.40597143254532	NA
rand.9	3	Lia_HRSV_A_2024	5	5	99.9276791584484	100	NA
rand.90	2	Lia_HRSV_A_2024	35	18	96.3971071663379	46.954461026068	NA
rand.90	3	Lia_HRSV_A_2024	18	18	96.3971071663379	100	NA
rand.91	2	Lia_HRSV_A_2024	8	6	100	96.8715014305262	NA
rand.91	3	Lia_HRSV_A_2024	6	6	100	100	NA
rand.92	2	Lia_HRSV_A_2024	25	3	100	43.6239335555681	NA
rand.92	3	Lia_HRSV_A_2024	3	3	100	100	NA
rand.93	2	Lia_HRSV_A_2024	25	5	99.6712689020381	42.402036192767	NA
rand.93	3	Lia_HRSV_A_2024	5	5	99.6712689020381	100	NA
rand.94	2	Lia_HRSV_A_2024	50	4	100	30.0528852721347	NA
rand.94	3	Lia_HRSV_A_2024	4	4	100	100	NA
rand.95	2	Lia_HRSV_A_2024	92	5	99.6712689020381	17.6657033653398	NA
rand.95	3	Lia_HRSV_A_2024	5	5	99.6712689020381	100	NA
rand.96	2	Lia_HRSV_A_2024	12	5	99.5069033530572	84.2143334075228	NA
rand.96	3	Lia_HRSV_A_2024	5	5	99.5069033530572	100	NA
rand.97	2	Lia_HRSV_A_2024	158	10	99.5266272189349	9.15147265077139	NA
rand.97	3	Lia_HRSV_A_2024	10	10	99.5266272189349	100	NA
rand.98	2	Lia_HRSV_A_2024	58	7	99.5463510848126	24.9950475435816	NA
rand.98	3	Lia_HRSV_A_2024	7	7	99.5463510848126	100	NA
rand.99	2	Lia_HRSV_A_2024	119	11	97.7909270216962	13.0491998877035	NA
rand.99	3	Lia_HRSV_A_2024	11	11	97.7909270216962	100	NA
rand.14	1	Natasha_HIV_2022	5975	2	8.076565625	0.0189379049205617	NA
rand.4	1	Natasha_HIV_2022	1795	1	5.98038605442177	0.0285086161450369	NA
rand.58	1	Natasha_HIV_2022	422	2	25.6809916230367	0.712053338889468	NA
rand.10	1	Natasha_HIV_2022	NA	NA	NA	NA	NA
rand.35	1	Natasha_HIV_2022	NA	NA	NA	NA	NA
rand.92	1	Natasha_HIV_2022	NA	NA	NA	NA	NA
rand.9	1	Natasha_HIV_2022	NA	NA	NA	NA	NA
rand.7	1	Natasha_HIV_2022	NA	NA	NA	NA	NA
rand.51	1	Natasha_HIV_2022	31168	1	6.0196	0.00168820345018194	NA
rand.70	1	Natasha_HIV_2022	461	11	100	6.52162912108765	NA
rand.3	1	Natasha_HIV_2022	396	10	55.5349046175467	2.75406179449837	NA
rand.98	1	Natasha_HIV_2022	1227	5	27.5767717842324	0.352849727356626	NA
rand.18	1	Natasha_HIV_2022	NA	NA	NA	NA	NA
rand.45	1	Natasha_HIV_2022	471	18	100	6.95163548547749	NA
rand.54	1	Natasha_HIV_2022	183	4	100	10.1113716295428	NA
rand.34	1	Natasha_HIV_2022	NA	NA	NA	NA	NA
rand.23	1	Natasha_HIV_2022	4744	3	64.2352751915144	0.106389612009166	NA
rand.21	1	Natasha_HIV_2022	3565	14	100	0.450166003914567	NA
rand.60	1	Natasha_HIV_2022	46	8	100	42.456403213052	NA
rand.93	1	Natasha_HIV_2022	601	7	100	2.96590890492791	NA
rand.87	1	Natasha_HIV_2022	NA	NA	NA	NA	NA
rand.41	1	Natasha_HIV_2022	30	3	11.6858934900542	8.20007578628268	NA
rand.8	1	Natasha_HIV_2022	291	11	100	7.0581527936146	NA
rand.96	1	Natasha_HIV_2022	3132	4	17.4890559190958	0.0858738576284342	NA
rand.62	1	Natasha_HIV_2022	283	3	33.7058823529412	1.40684846302419	NA
rand.33	1	Natasha_HIV_2022	NA	NA	NA	NA	NA
rand.100	1	Natasha_HIV_2022	NA	NA	NA	NA	NA
rand.47	1	Natasha_HIV_2022	2564	27	100	1.79701305556343	NA
rand.2	1	Natasha_HIV_2022	100	4	14.2280108003108	3.04709789065058	NA
rand.86	1	Natasha_HIV_2022	2890	5	100	0.321564587662696	NA
rand.88	1	Natasha_HIV_2022	332	3	14.4616722772277	0.800815902864109	NA
rand.25	1	Natasha_HIV_2022	68	9	41.076245501139	12.4024488697524	NA
rand.78	1	Natasha_HIV_2022	66	4	71.1372725320116	13.3181601262802	NA
rand.15	1	Natasha_HIV_2022	763	16	100	4.6995127538857	NA
rand.48	1	Natasha_HIV_2022	1264	2	7.34639090909091	0.103413938664506	NA
rand.52	1	Natasha_HIV_2022	31809	1	6.9608	0.00191691651828563	NA
rand.84	1	Natasha_HIV_2022	444	2	11.6600684150513	0.405084149366198	NA
rand.17	1	Natasha_HIV_2022	416	4	17.3815393048128	0.734995418087689	NA
rand.97	1	Natasha_HIV_2022	2189	2	8.15307872340425	0.0552858423112383	NA
rand.73	1	Natasha_HIV_2022	60	7	100	28.6877185314685	NA
rand.20	1	Natasha_HIV_2022	1221	3	12.6205089974293	0.176743361957916	NA
rand.79	1	Natasha_HIV_2022	1256	9	44.6062959183674	0.5552909774561	NA
rand.82	1	Natasha_HIV_2022	4062	2	13.019	0.0260673213965314	NA
rand.94	1	Natasha_HIV_2022	NA	NA	NA	NA	NA
rand.71	1	Natasha_HIV_2022	113	5	21.971183268047	3.14890154597234	NA
rand.27	1	Natasha_HIV_2022	NA	NA	NA	NA	NA
rand.91	1	Natasha_HIV_2022	944	2	7.10658613861386	0.113441821413609	NA
rand.39	1	Natasha_HIV_2022	NA	NA	NA	NA	NA
rand.46	1	Natasha_HIV_2022	NA	NA	NA	NA	NA
rand.83	1	Natasha_HIV_2022	371	1	4.06522943262411	0.181240818057442	NA
rand.61	1	Natasha_HIV_2022	NA	NA	NA	NA	NA
rand.99	1	Natasha_HIV_2022	387	2	22.4510073333333	0.542294212370939	NA
rand.11	1	Natasha_HIV_2022	68	1	3.83066186186186	1.20670228619198	NA
rand.81	1	Natasha_HIV_2022	494	3	12.6931124690339	0.482075761514285	NA
rand.37	1	Natasha_HIV_2022	731	7	28.7433623664749	0.553014356938615	NA
rand.29	1	Natasha_HIV_2022	12617	9	100	0.116480116029353	NA
rand.38	1	Natasha_HIV_2022	2995	12	71.13127748018	0.337317867706189	NA
rand.77	1	Natasha_HIV_2022	1844	13	100	1.5883998188738	NA
rand.53	1	Natasha_HIV_2022	2904	4	23.1978025798526	0.141249262206664	NA
rand.59	1	Natasha_HIV_2022	679	10	72.7702573361281	1.43824355047991	NA
rand.30	1	Natasha_HIV_2022	NA	NA	NA	NA	NA
rand.22	1	Natasha_HIV_2022	584	2	19.5489562398703	0.309312253356829	NA
rand.90	1	Natasha_HIV_2022	623	7	49.7786328120209	1.52486956521739	NA
rand.72	1	Natasha_HIV_2022	148	8	36.8995793558401	4.96576851879059	NA
rand.67	1	Natasha_HIV_2022	446	4	100	2.57664592937385	NA
rand.95	1	Natasha_HIV_2022	NA	NA	NA	NA	NA
rand.66	1	Natasha_HIV_2022	5261	9	100	0.217784386344132	NA
rand.65	1	Natasha_HIV_2022	3879	11	100	0.457214158881327	NA
rand.57	1	Natasha_HIV_2022	1900	3	12.2188322128852	0.121664156913057	NA
rand.85	1	Natasha_HIV_2022	437	20	100	5.75383432306575	NA
rand.75	1	Natasha_HIV_2022	692	10	54.0183681222707	1.40407343074146	NA
rand.32	1	Natasha_HIV_2022	4743	6	35.2948001764291	0.104183786257279	NA
rand.64	1	Natasha_HIV_2022	NA	NA	NA	NA	NA
rand.36	1	Natasha_HIV_2022	3823	13	100	0.391901023219358	NA
rand.76	1	Natasha_HIV_2022	3967	10	100	0.308969016820901	NA
rand.56	1	Natasha_HIV_2022	489	9	100	4.96185358194649	NA
rand.55	1	Natasha_HIV_2022	6156	8	100	0.210380750932529	NA
rand.26	1	Natasha_HIV_2022	3547	5	22.6345759736698	0.0826598397001489	NA
rand.80	1	Natasha_HIV_2022	1466	2	21.8234566666667	0.156360852187717	NA
rand.5	1	Natasha_HIV_2022	1772	10	100	0.628291555457722	NA
rand.43	1	Natasha_HIV_2022	693	2	20.5097371994342	0.304908265171081	NA
rand.89	1	Natasha_HIV_2022	NA	NA	NA	NA	NA
rand.68	1	Natasha_HIV_2022	881	11	53.3202732270248	1.09765456323148	NA
rand.16	1	Natasha_HIV_2022	NA	NA	NA	NA	NA
rand.19	1	Natasha_HIV_2022	667	8	100	3.35644777625604	NA
rand.63	1	Natasha_HIV_2022	1834	12	80.8030907012195	0.714313544683559	NA
rand.12	1	Natasha_HIV_2022	8399	5	25.1624170212766	0.0466559042539704	NA
rand.40	1	Natasha_HIV_2022	1326	12	90.3821381684876	1.20227530492542	NA
rand.6	1	Natasha_HIV_2022	NA	NA	NA	NA	NA
rand.69	1	Natasha_HIV_2022	139	8	48.8057656882591	7.3733200857606	NA
rand.49	1	Natasha_HIV_2022	2629	12	57.5220305594546	0.34509267513388	NA
rand.44	1	Natasha_HIV_2022	257	4	16.6569711585867	1.14784427284427	NA
rand.28	1	Natasha_HIV_2022	502	13	80.6440598960081	3.43300368070789	NA
rand.31	1	Natasha_HIV_2022	1113	10	50.9203639634653	0.820004244727855	NA
rand.24	1	Natasha_HIV_2022	129	2	8.38141648044693	1.06545124131665	NA
rand.74	1	Natasha_HIV_2022	NA	NA	NA	NA	NA
rand.13	1	Natasha_HIV_2022	1425	1	4.8285	0.0513918950855094	NA
rand.50	1	Natasha_HIV_2022	8028	12	100	0.193502171120333	NA
rand.1	1	Natasha_HIV_2022	1257	2	7.34382877358491	0.0951635408605652	NA
rand.42	1	Natasha_HIV_2022	279	4	24.9218534427966	1.70105372310414	NA
rand.1	2	Natasha_HIV_2022	208	0	0	0	NA
rand.1	3	Natasha_HIV_2022	0	0	0	0	0
rand.10	2	Natasha_HIV_2022	10	0	0	0	NA
rand.10	3	Natasha_HIV_2022	0	0	0	0	0
rand.100	2	Natasha_HIV_2022	37	0	0	0	NA
rand.100	3	Natasha_HIV_2022	0	0	0	0	0
rand.11	2	Natasha_HIV_2022	44	0	0	0	NA
rand.11	3	Natasha_HIV_2022	0	0	0	0	0
rand.12	2	Natasha_HIV_2022	316	0	0	0	NA
rand.12	3	Natasha_HIV_2022	0	0	0	0	0
rand.13	2	Natasha_HIV_2022	453	0	0	0	NA
rand.13	3	Natasha_HIV_2022	0	0	0	0	0
rand.14	2	Natasha_HIV_2022	2334	0	0	0	NA
rand.14	3	Natasha_HIV_2022	0	0	0	0	0
rand.15	2	Natasha_HIV_2022	150	14	100	16.1659851106218	NA
rand.15	3	Natasha_HIV_2022	14	14	100	100	NA
rand.16	2	Natasha_HIV_2022	4	0	0	0	NA
rand.16	3	Natasha_HIV_2022	0	0	0	0	0
rand.17	2	Natasha_HIV_2022	57	3	13.5404001326407	3.55639425170562	NA
rand.17	3	Natasha_HIV_2022	3	3	13.5404001326407	100	NA
rand.18	2	Natasha_HIV_2022	30	0	0	0	NA
rand.18	3	Natasha_HIV_2022	0	0	0	0	0
rand.19	2	Natasha_HIV_2022	35	6	100	38.5380557648832	NA
rand.19	3	Natasha_HIV_2022	6	6	100	100	NA
rand.2	2	Natasha_HIV_2022	27	3	11.0312810876534	7.3134984610875	NA
rand.2	3	Natasha_HIV_2022	3	3	11.0312810876534	100	NA
rand.20	2	Natasha_HIV_2022	64	2	9.15220515087874	1.86067415730337	NA
rand.20	3	Natasha_HIV_2022	2	2	9.15220515087874	100	NA
rand.21	2	Natasha_HIV_2022	1937	9	64.6733723886371	0.418992513131559	NA
rand.21	3	Natasha_HIV_2022	9	9	64.6733723886371	100	NA
rand.22	2	Natasha_HIV_2022	88	0	0	0	NA
rand.22	3	Natasha_HIV_2022	0	0	0	0	0
rand.23	2	Natasha_HIV_2022	1502	3	18.9897203492871	0.133302710436718	NA
rand.23	3	Natasha_HIV_2022	3	3	18.9897203492871	100	NA
rand.24	2	Natasha_HIV_2022	28	1	4.53188902398585	3.52052206766272	NA
rand.24	3	Natasha_HIV_2022	1	1	4.53188902398585	100	NA
rand.25	2	Natasha_HIV_2022	28	4	20.9461700011053	14.8116304517743	NA
rand.25	3	Natasha_HIV_2022	4	4	20.9461700011053	100	NA
rand.26	2	Natasha_HIV_2022	83	2	9.42853984746325	0.682531045960824	NA
rand.26	3	Natasha_HIV_2022	2	2	9.42853984746325	100	NA
rand.27	2	Natasha_HIV_2022	188	0	0	0	NA
rand.27	3	Natasha_HIV_2022	0	0	0	0	0
rand.28	2	Natasha_HIV_2022	87	5	36.8188349729192	7.48035032562318	NA
rand.28	3	Natasha_HIV_2022	5	5	36.8188349729192	100	NA
rand.29	2	Natasha_HIV_2022	4283	6	74.8314358350835	0.175273311156211	NA
rand.29	3	Natasha_HIV_2022	6	6	74.8314358350835	100	NA
rand.3	2	Natasha_HIV_2022	97	7	43.5724549574445	7.57552463678991	NA
rand.3	3	Natasha_HIV_2022	7	7	43.5724549574445	100	NA
rand.30	2	Natasha_HIV_2022	13	0	0	0	NA
rand.30	3	Natasha_HIV_2022	0	0	0	0	0
rand.31	2	Natasha_HIV_2022	671	6	26.2075826240743	0.664782508733857	NA
rand.31	3	Natasha_HIV_2022	6	6	26.2075826240743	100	NA
rand.32	2	Natasha_HIV_2022	1153	0	0	0	NA
rand.32	3	Natasha_HIV_2022	0	0	0	0	0
rand.33	2	Natasha_HIV_2022	431	0	0	0	NA
rand.33	3	Natasha_HIV_2022	0	0	0	0	0
rand.34	2	Natasha_HIV_2022	168	0	0	0	NA
rand.34	3	Natasha_HIV_2022	0	0	0	0	0
rand.35	2	Natasha_HIV_2022	82	0	0	0	NA
rand.35	3	Natasha_HIV_2022	0	0	0	0	0
rand.36	2	Natasha_HIV_2022	73	11	96.6287167016691	21.6702610247639	NA
rand.36	3	Natasha_HIV_2022	11	11	96.6287167016691	100	NA
rand.37	2	Natasha_HIV_2022	44	0	0	0	NA
rand.37	3	Natasha_HIV_2022	0	0	0	0	0
rand.38	2	Natasha_HIV_2022	36	5	21.25566486128	11.3357698655977	NA
rand.38	3	Natasha_HIV_2022	5	5	21.25566486128	100	NA
rand.39	2	Natasha_HIV_2022	357	0	0	0	NA
rand.39	3	Natasha_HIV_2022	0	0	0	0	0
rand.4	2	Natasha_HIV_2022	648	0	0	0	NA
rand.4	3	Natasha_HIV_2022	0	0	0	0	0
rand.40	2	Natasha_HIV_2022	463	1	12.6450757157069	0.42031472167009	NA
rand.40	3	Natasha_HIV_2022	1	1	12.6450757157069	100	NA
rand.41	2	Natasha_HIV_2022	11	2	8.09107991599425	14.0688064578128	NA
rand.41	3	Natasha_HIV_2022	2	2	8.09107991599425	100	NA
rand.42	2	Natasha_HIV_2022	105	1	4.9519177627943	0.876678016515988	NA
rand.42	3	Natasha_HIV_2022	1	1	4.9519177627943	100	NA
rand.43	2	Natasha_HIV_2022	383	1	3.54813750414502	0.161773970013859	NA
rand.43	3	Natasha_HIV_2022	1	1	3.54813750414502	100	NA
rand.44	2	Natasha_HIV_2022	45	0	0	0	NA
rand.44	3	Natasha_HIV_2022	0	0	0	0	0
rand.45	2	Natasha_HIV_2022	50	6	62.8937769426329	21.0826633072733	NA
rand.45	3	Natasha_HIV_2022	6	6	62.8937769426329	100	NA
rand.46	2	Natasha_HIV_2022	88	0	0	0	NA
rand.46	3	Natasha_HIV_2022	0	0	0	0	0
rand.47	2	Natasha_HIV_2022	701	11	100	3.45142722374948	NA
rand.47	3	Natasha_HIV_2022	11	11	100	100	NA
rand.48	2	Natasha_HIV_2022	178	1	3.48181717696474	0.245569995244518	NA
rand.48	3	Natasha_HIV_2022	1	1	3.48181717696474	100	NA
rand.49	2	Natasha_HIV_2022	323	4	20.382447220073	0.670828422170807	NA
rand.49	3	Natasha_HIV_2022	4	4	20.382447220073	100	NA
rand.5	2	Natasha_HIV_2022	286	6	100	5.73413238899482	NA
rand.5	3	Natasha_HIV_2022	6	6	100	100	NA
rand.50	2	Natasha_HIV_2022	446	11	100	1.73840786877565	NA
rand.50	3	Natasha_HIV_2022	11	11	100	100	NA
rand.51	2	Natasha_HIV_2022	216	0	0	0	NA
rand.51	3	Natasha_HIV_2022	0	0	0	0	0
rand.52	2	Natasha_HIV_2022	795	1	3.92395269149994	0.0861928729419934	NA
rand.52	3	Natasha_HIV_2022	5	1	3.92395269149994	18.6253934942287	80.4642166344294
rand.53	2	Natasha_HIV_2022	1099	1	4.76401016911683	0.0674757494348319	NA
rand.53	3	Natasha_HIV_2022	1	1	4.76401016911683	100	NA
rand.54	2	Natasha_HIV_2022	15	3	98.7288603957113	51.7437145174371	NA
rand.54	3	Natasha_HIV_2022	3	3	98.7288603957113	100	NA
rand.55	2	Natasha_HIV_2022	3020	6	76.0362551121919	0.251956056578218	NA
rand.55	3	Natasha_HIV_2022	6	6	76.0362551121919	100	NA
rand.56	2	Natasha_HIV_2022	89	3	77.3405548800707	13.5333255966887	NA
rand.56	3	Natasha_HIV_2022	3	3	77.3405548800707	100	NA
rand.57	2	Natasha_HIV_2022	501	3	12.3687410191224	0.405448003739252	NA
rand.57	3	Natasha_HIV_2022	3	3	12.3687410191224	100	NA
rand.58	2	Natasha_HIV_2022	177	0	0	0	NA
rand.58	3	Natasha_HIV_2022	0	0	0	0	0
rand.59	2	Natasha_HIV_2022	47	1	15.7400243174533	2.33561318046876	NA
rand.59	3	Natasha_HIV_2022	1	1	15.7400243174533	100	NA
rand.6	2	Natasha_HIV_2022	236	0	0	0	NA
rand.6	3	Natasha_HIV_2022	0	0	0	0	0
rand.60	2	Natasha_HIV_2022	6	2	57.9308057919752	76.2216404886562	NA
rand.60	3	Natasha_HIV_2022	2	2	57.9308057919752	100	NA
rand.61	2	Natasha_HIV_2022	222	0	0	0	NA
rand.61	3	Natasha_HIV_2022	0	0	0	0	0
rand.62	2	Natasha_HIV_2022	77	2	8.47794849121256	2.13375618984032	NA
rand.62	3	Natasha_HIV_2022	2	2	8.47794849121256	100	NA
rand.63	2	Natasha_HIV_2022	179	13	64.0654360561512	4.55416915485432	NA
rand.63	3	Natasha_HIV_2022	17	13	64.0654360561512	79.2344497607655	28.768926925609
rand.64	2	Natasha_HIV_2022	996	0	0	0	NA
rand.64	3	Natasha_HIV_2022	0	0	0	0	0
rand.65	2	Natasha_HIV_2022	21	7	100	55.0583657587549	NA
rand.65	3	Natasha_HIV_2022	8	7	100	90.8310201249133	100
rand.66	2	Natasha_HIV_2022	4543	5	66.0882060351498	0.148052731435465	NA
rand.66	3	Natasha_HIV_2022	6	5	66.0882060351498	94.3506391036768	100
rand.67	2	Natasha_HIV_2022	88	0	0	0	NA
rand.67	3	Natasha_HIV_2022	0	0	0	0	0
rand.68	2	Natasha_HIV_2022	52	2	9.91488891345197	2.66528004754123	NA
rand.68	3	Natasha_HIV_2022	2	2	9.91488891345197	100	NA
rand.69	2	Natasha_HIV_2022	64	5	34.4202498065657	11.0885589146459	NA
rand.69	3	Natasha_HIV_2022	5	5	34.4202498065657	100	NA
rand.7	2	Natasha_HIV_2022	3621	0	0	0	NA
rand.7	3	Natasha_HIV_2022	0	0	0	0	0
rand.70	2	Natasha_HIV_2022	198	10	95.4902177517409	7.41755175285703	NA
rand.70	3	Natasha_HIV_2022	10	10	95.4902177517409	100	NA
rand.71	2	Natasha_HIV_2022	14	1	5.3387863380126	4.46684546379358	NA
rand.71	3	Natasha_HIV_2022	1	1	5.3387863380126	100	NA
rand.72	2	Natasha_HIV_2022	45	7	33.613352492539	14.6455403583125	NA
rand.72	3	Natasha_HIV_2022	8	7	33.613352492539	90.9934171154997	100
rand.73	2	Natasha_HIV_2022	25	9	89.2782137725213	56.5616246498599	NA
rand.73	3	Natasha_HIV_2022	9	9	89.2782137725213	100	NA
rand.74	2	Natasha_HIV_2022	113	0	0	0	NA
rand.74	3	Natasha_HIV_2022	0	0	0	0	0
rand.75	2	Natasha_HIV_2022	427	6	33.2043771415939	1.3558098075057	NA
rand.75	3	Natasha_HIV_2022	6	6	33.2043771415939	100	NA
rand.76	2	Natasha_HIV_2022	33	5	80.8223720570355	37.3137374974485	NA
rand.76	3	Natasha_HIV_2022	5	5	80.8223720570355	100	NA
rand.77	2	Natasha_HIV_2022	861	5	83.8731071073284	1.42864942923686	NA
rand.77	3	Natasha_HIV_2022	5	5	83.8731071073284	100	NA
rand.78	2	Natasha_HIV_2022	8	1	11.1418149662872	25.8793324775353	NA
rand.78	3	Natasha_HIV_2022	1	1	11.1418149662872	100	NA
rand.79	2	Natasha_HIV_2022	81	3	20.1724328506687	2.76105177161185	NA
rand.79	3	Natasha_HIV_2022	4	3	20.1724328506687	78.0247969217614	100
rand.8	2	Natasha_HIV_2022	82	5	45.0646623190008	9.65038937676048	NA
rand.8	3	Natasha_HIV_2022	7	5	45.0646623190008	86.048965808358	100
rand.80	2	Natasha_HIV_2022	181	2	8.345307836852	0.772678893073522	NA
rand.80	3	Natasha_HIV_2022	4	2	8.345307836852	51.8900343642612	100
rand.81	2	Natasha_HIV_2022	64	1	5.5598540952802	1.24169937544743	NA
rand.81	3	Natasha_HIV_2022	1	1	5.5598540952802	100	NA
rand.82	2	Natasha_HIV_2022	28	2	7.65999778932243	4.136078782453	NA
rand.82	3	Natasha_HIV_2022	2	2	7.65999778932243	100	NA
rand.83	2	Natasha_HIV_2022	59	1	3.96816624295346	1.33626144569344	NA
rand.83	3	Natasha_HIV_2022	1	1	3.96816624295346	100	NA
rand.84	2	Natasha_HIV_2022	58	0	0	0	NA
rand.84	3	Natasha_HIV_2022	0	0	0	0	0
rand.85	2	Natasha_HIV_2022	124	12	85.4979551232453	9.64355620940293	NA
rand.85	3	Natasha_HIV_2022	12	12	85.4979551232453	100	NA
rand.86	2	Natasha_HIV_2022	700	1	22.0736155631701	0.486124634858812	NA
rand.86	3	Natasha_HIV_2022	1	1	22.0736155631701	100	NA
rand.87	2	Natasha_HIV_2022	493	0	0	0	NA
rand.87	3	Natasha_HIV_2022	0	0	0	0	0
rand.88	2	Natasha_HIV_2022	21	1	5.68144136177738	3.18483177396369	NA
rand.88	3	Natasha_HIV_2022	2	1	5.68144136177738	56.359649122807	100
rand.89	2	Natasha_HIV_2022	645	0	0	0	NA
rand.89	3	Natasha_HIV_2022	0	0	0	0	0
rand.9	2	Natasha_HIV_2022	51	0	0	0	NA
rand.9	3	Natasha_HIV_2022	0	0	0	0	0
rand.90	2	Natasha_HIV_2022	146	3	15.994252238311	2.12428615470441	NA
rand.90	3	Natasha_HIV_2022	4	3	15.994252238311	81.7052512704687	100
rand.91	2	Natasha_HIV_2022	33	0	0	0	NA
rand.91	3	Natasha_HIV_2022	0	0	0	0	0
rand.92	2	Natasha_HIV_2022	1181	0	0	0	NA
rand.92	3	Natasha_HIV_2022	0	0	0	0	0
rand.93	2	Natasha_HIV_2022	67	8	89.0903061788438	19.9086081264666	NA
rand.93	3	Natasha_HIV_2022	8	8	89.0903061788438	100	NA
rand.94	2	Natasha_HIV_2022	3569	0	0	0	NA
rand.94	3	Natasha_HIV_2022	0	0	0	0	0
rand.95	2	Natasha_HIV_2022	16	0	0	0	NA
rand.95	3	Natasha_HIV_2022	0	0	0	0	0
rand.96	2	Natasha_HIV_2022	1161	4	17.707527357135	0.189949062348823	NA
rand.96	3	Natasha_HIV_2022	5	4	17.707527357135	74.8948106591865	100
rand.97	2	Natasha_HIV_2022	385	1	3.91289930363656	0.179653481928078	NA
rand.97	3	Natasha_HIV_2022	1	1	3.91289930363656	100	NA
rand.98	2	Natasha_HIV_2022	454	3	15.2315684757378	0.557087298571301	NA
rand.98	3	Natasha_HIV_2022	3	3	15.2315684757378	100	NA
rand.99	2	Natasha_HIV_2022	21	1	4.27766110312811	4.08788422942854	NA
rand.99	3	Natasha_HIV_2022	1	1	4.27766110312811	100	NA
rand.14	1	Eran_SARS2_2020	147	1	100	26.7047923039411	NA
rand.5	1	Eran_SARS2_2020	8468	2	100	0.606077585775608	NA
rand.63	1	Eran_SARS2_2020	1766	1	99.8629	2.92041473762036	NA
rand.36	1	Eran_SARS2_2020	547	1	99.9866099705272	8.40636430858856	NA
rand.86	1	Eran_SARS2_2020	2669	1	99.9699153694218	2.00779503216139	NA
rand.65	1	Eran_SARS2_2020	3156	1	100	1.48736980677982	NA
rand.96	1	Eran_SARS2_2020	8828	1	100	0.552207742968641	NA
rand.13	1	Eran_SARS2_2020	624	1	100	6.99039239576261	NA
rand.39	1	Eran_SARS2_2020	5863	1	100	0.861835170824088	NA
rand.19	1	Eran_SARS2_2020	1809	1	100	3.28210262611552	NA
rand.82	1	Eran_SARS2_2020	3071	1	100	1.48484875556998	NA
rand.43	1	Eran_SARS2_2020	5469	1	100	0.883260655939074	NA
rand.58	1	Eran_SARS2_2020	6157	1	100	0.43728114191443	NA
rand.49	1	Eran_SARS2_2020	10814	3	100	0.481489126970813	NA
rand.10	1	Eran_SARS2_2020	94	1	100	40.1285398674433	NA
rand.20	1	Eran_SARS2_2020	4485	1	99.9465270910065	1.12698585677434	NA
rand.89	1	Eran_SARS2_2020	6575	1	100	0.732848818689262	NA
rand.18	1	Eran_SARS2_2020	597	1	99.9230712036975	11.0718745483987	NA
rand.74	1	Eran_SARS2_2020	5852	1	100	0.838734220451229	NA
rand.38	1	Eran_SARS2_2020	59	1	100	51.5947757346623	NA
rand.31	1	Eran_SARS2_2020	6286	1	99.9465153763729	0.768129377382655	NA
rand.24	1	Eran_SARS2_2020	3353	1	99.9899658405894	1.42740863271917	NA
rand.12	1	Eran_SARS2_2020	132	1	100	36.2933288148722	NA
rand.30	1	Eran_SARS2_2020	27	1	100	63.8464326064249	NA
rand.33	1	Eran_SARS2_2020	617	1	100	10.7615835003316	NA
rand.2	1	Eran_SARS2_2020	360	1	99.9498478065769	13.5417516197726	NA
rand.9	1	Eran_SARS2_2020	4982	1	100	0.966457279950469	NA
rand.3	1	Eran_SARS2_2020	129	1	100	34.246200191702	NA
rand.47	1	Eran_SARS2_2020	1811	1	100	2.91598569894786	NA
rand.75	1	Eran_SARS2_2020	9977	1	100	0.480237691524319	NA
rand.98	1	Eran_SARS2_2020	5876	1	100	0.454929857007944	NA
rand.55	1	Eran_SARS2_2020	6773	1	99.9799776047423	0.71729966916931	NA
rand.8	1	Eran_SARS2_2020	90	1	99.9264478144365	42.9843489268658	NA
rand.40	1	Eran_SARS2_2020	48	1	100	54.9592690444738	NA
rand.76	1	Eran_SARS2_2020	2014	1	100	2.64926196169083	NA
rand.79	1	Eran_SARS2_2020	38	1	100	58.4366955300725	NA
rand.78	1	Eran_SARS2_2020	4016	1	100	1.21436542229489	NA
rand.53	1	Eran_SARS2_2020	3862	1	100	1.47192589945316	NA
rand.51	1	Eran_SARS2_2020	3579	1	100	1.34447011954338	NA
rand.35	1	Eran_SARS2_2020	530	1	100	10.2147203728816	NA
rand.4	1	Eran_SARS2_2020	5894	1	100	0.831006480035502	NA
rand.23	1	Eran_SARS2_2020	279	2	100	20.0753136973495	NA
rand.28	1	Eran_SARS2_2020	3980	1	100	1.36242395371586	NA
rand.59	1	Eran_SARS2_2020	1238	1	100	4.21722546519714	NA
rand.68	1	Eran_SARS2_2020	436	1	100	13.2743598506873	NA
rand.29	1	Eran_SARS2_2020	107	1	99.9866658997287	38.8510616180254	NA
rand.80	1	Eran_SARS2_2020	6390	1	99.9564892141756	0.74803412677339	NA
rand.17	1	Eran_SARS2_2020	5858	1	100	0.45458159233377	NA
rand.85	1	Eran_SARS2_2020	5896	1	100	0.448889730756219	NA
rand.100	1	Eran_SARS2_2020	1813	4	100	2.89995673784807	NA
rand.90	1	Eran_SARS2_2020	5249	2	100	0.970341159103356	NA
rand.67	1	Eran_SARS2_2020	1112	1	100	5.52714329186762	NA
rand.11	1	Eran_SARS2_2020	74	1	100	38.7095114358486	NA
rand.73	1	Eran_SARS2_2020	570	1	99.9766334572491	9.2735856665157	NA
rand.93	1	Eran_SARS2_2020	2517	1	100	1.37165203680908	NA
rand.16	1	Eran_SARS2_2020	2009	1	99.9331297579592	2.82537209289133	NA
rand.77	1	Eran_SARS2_2020	56	1	100	50.6434800209152	NA
rand.44	1	Eran_SARS2_2020	3608	1	99.8629	1.42442219602953	NA
rand.25	1	Eran_SARS2_2020	1767	1	99.9665712229253	3.22731095566968	NA
rand.42	1	Eran_SARS2_2020	152	1	100	28.3960906129252	NA
rand.32	1	Eran_SARS2_2020	5013	1	100	1.0176117138913	NA
rand.64	1	Eran_SARS2_2020	3744	2	100	1.36527975290486	NA
rand.70	1	Eran_SARS2_2020	1118	4	100	5.32478231183711	NA
rand.15	1	Eran_SARS2_2020	2925	1	99.9932982617724	1.77555903001901	NA
rand.91	1	Eran_SARS2_2020	25	2	100	64.9642208693795	NA
rand.62	1	Eran_SARS2_2020	5958	1	100	0.452057809692789	NA
rand.1	1	Eran_SARS2_2020	3725	2	100	1.3718832589319	NA
rand.26	1	Eran_SARS2_2020	723	3	100	6.42605578275634	NA
rand.7	1	Eran_SARS2_2020	6354	1	100	0.752733586983204	NA
rand.56	1	Eran_SARS2_2020	7088	1	100	0.723348691604449	NA
rand.50	1	Eran_SARS2_2020	689	1	100	8.30670041707978	NA
rand.34	1	Eran_SARS2_2020	829	1	100	7.65862598697916	NA
rand.88	1	Eran_SARS2_2020	3887	1	100	1.45286453366565	NA
rand.97	1	Eran_SARS2_2020	5029	1	100	1.04171196592823	NA
rand.95	1	Eran_SARS2_2020	138	2	100	34.6328799593657	NA
rand.87	1	Eran_SARS2_2020	5803	1	100	0.845135310138112	NA
rand.52	1	Eran_SARS2_2020	152	1	100	33.027240096012	NA
rand.54	1	Eran_SARS2_2020	3191	1	100	1.47224650253015	NA
rand.66	1	Eran_SARS2_2020	2123	2	100	2.35098733268563	NA
rand.41	1	Eran_SARS2_2020	3245	2	100	1.50041925058105	NA
rand.81	1	Eran_SARS2_2020	1265	1	100	3.81234658436968	NA
rand.94	1	Eran_SARS2_2020	201	2	100	22.6161808038051	NA
rand.6	1	Eran_SARS2_2020	3038	1	100	1.42291341640704	NA
rand.21	1	Eran_SARS2_2020	785	1	100	8.00820425395895	NA
rand.60	1	Eran_SARS2_2020	20	1	100	68.2271505988433	NA
rand.72	1	Eran_SARS2_2020	57	1	100	49.6244821154449	NA
rand.61	1	Eran_SARS2_2020	4482	1	100	1.09161840253561	NA
rand.48	1	Eran_SARS2_2020	96	1	100	35.9396927062718	NA
rand.46	1	Eran_SARS2_2020	2031	1	100	2.65847528127954	NA
rand.84	1	Eran_SARS2_2020	8955	1	100	0.365841640873486	NA
rand.69	1	Eran_SARS2_2020	1300	1	99.9498712381973	3.88420171649278	NA
rand.92	1	Eran_SARS2_2020	85	1	99.9765775336593	42.8027374509635	NA
rand.37	1	Eran_SARS2_2020	1965	1	100	3.04269158999559	NA
rand.57	1	Eran_SARS2_2020	1381	1	100	3.72786139524478	NA
rand.27	1	Eran_SARS2_2020	1860	1	100	3.21769525151628	NA
rand.99	1	Eran_SARS2_2020	8221	1	100	0.379515863176848	NA
rand.71	1	Eran_SARS2_2020	4334	1	100	1.27525916796217	NA
rand.22	1	Eran_SARS2_2020	1851	1	100	3.01861039452275	NA
rand.83	1	Eran_SARS2_2020	1973	2	100	3.04400222978853	NA
rand.45	1	Eran_SARS2_2020	5843	2	100	0.862196510955098	NA
rand.1	2	Eran_SARS2_2020	1194	2	100	3.27930095133415	NA
rand.1	3	Eran_SARS2_2020	2	1	99.9097080560479	98.9337042188224	100
rand.10	2	Eran_SARS2_2020	12	1	100	75.1090170918751	NA
rand.10	3	Eran_SARS2_2020	1	1	100	100	NA
rand.100	2	Eran_SARS2_2020	295	4	100	12.3364980569334	NA
rand.100	3	Eran_SARS2_2020	179	4	100	22.778616379719	85.9928609201481
rand.11	2	Eran_SARS2_2020	22	1	100	59.0571888369902	NA
rand.11	3	Eran_SARS2_2020	1	1	100	100	NA
rand.12	2	Eran_SARS2_2020	37	1	100	62.8618745152297	NA
rand.12	3	Eran_SARS2_2020	1	1	100	100	NA
rand.13	2	Eran_SARS2_2020	19	1	100	68.4610830259143	NA
rand.13	3	Eran_SARS2_2020	1	1	100	100	NA
rand.14	2	Eran_SARS2_2020	11	1	100	73.7054620203602	NA
rand.14	3	Eran_SARS2_2020	1	1	100	100	NA
rand.15	2	Eran_SARS2_2020	21	1	99.9933117078554	66.9930320614792	NA
rand.15	3	Eran_SARS2_2020	1	1	99.9933117078554	100	NA
rand.16	2	Eran_SARS2_2020	96	1	99.933117078554	39.3285340141874	NA
rand.16	3	Eran_SARS2_2020	5	1	99.933117078554	95.6990969064241	75.1303052866716
rand.17	2	Eran_SARS2_2020	69	1	100	18.174856413529	NA
rand.17	3	Eran_SARS2_2020	4	1	100	96.673455532926	100
rand.18	2	Eran_SARS2_2020	278	1	99.9230846403371	19.7641269190319	NA
rand.18	3	Eran_SARS2_2020	25	1	99.9230846403371	77.4835982677696	95.0247610272947
rand.19	2	Eran_SARS2_2020	39	1	100	49.0002588326647	NA
rand.19	3	Eran_SARS2_2020	4	1	100	96.4557526350986	100
rand.2	2	Eran_SARS2_2020	20	1	99.9498378089155	67.4124864669794	NA
rand.2	3	Eran_SARS2_2020	2	1	99.9498378089155	98.9210299860992	100
rand.20	2	Eran_SARS2_2020	1868	1	99.9464936628432	2.15881642512077	NA
rand.20	3	Eran_SARS2_2020	8	1	99.9464936628432	92.5093632958801	100
rand.21	2	Eran_SARS2_2020	18	1	100	66.7569668035972	NA
rand.21	3	Eran_SARS2_2020	2	1	100	98.9826490633128	100
rand.22	2	Eran_SARS2_2020	12	1	100	70.9888454840683	NA
rand.22	3	Eran_SARS2_2020	1	1	100	100	NA
rand.23	2	Eran_SARS2_2020	35	2	100	60.3937257387309	NA
rand.23	3	Eran_SARS2_2020	7	2	100	94.4554578119192	64.2458100558659
rand.24	2	Eran_SARS2_2020	29	1	99.9899675617831	61.9214281276534	NA
rand.24	3	Eran_SARS2_2020	6	1	99.9899675617831	93.7480403837712	81.8455366098295
rand.25	2	Eran_SARS2_2020	66	1	99.966558539277	47.7798734096285	NA
rand.25	3	Eran_SARS2_2020	3	1	99.966558539277	97.5906761124351	100
rand.26	2	Eran_SARS2_2020	19	3	100	70.5982905982906	NA
rand.26	3	Eran_SARS2_2020	4	2	100	97.6477430611651	51.510989010989
rand.27	2	Eran_SARS2_2020	64	1	100	49.3907114076442	NA
rand.27	3	Eran_SARS2_2020	5	1	100	95.779950017399	100
rand.28	2	Eran_SARS2_2020	1895	1	100	2.40439727224086	NA
rand.28	3	Eran_SARS2_2020	2	1	100	98.796888390797	0
rand.29	2	Eran_SARS2_2020	27	1	99.9866234157108	62.2623435580267	NA
rand.29	3	Eran_SARS2_2020	4	1	99.9866234157108	96.3706688154714	100
rand.3	2	Eran_SARS2_2020	16	1	100	68.4268125854993	NA
rand.3	3	Eran_SARS2_2020	2	1	100	98.9678483099753	100
rand.30	2	Eran_SARS2_2020	18	1	100	69.1581232104923	NA
rand.30	3	Eran_SARS2_2020	1	1	100	100	NA
rand.31	2	Eran_SARS2_2020	40	1	99.9464936628432	55.9943793911007	NA
rand.31	3	Eran_SARS2_2020	2	1	99.9464936628432	98.9177202621301	100
rand.32	2	Eran_SARS2_2020	1029	1	100	3.55931176901583	NA
rand.32	3	Eran_SARS2_2020	2	1	100	98.6635504789493	0
rand.33	2	Eran_SARS2_2020	336	1	100	17.2371449622188	NA
rand.33	3	Eran_SARS2_2020	23	1	100	79.3625749447775	100
rand.34	2	Eran_SARS2_2020	48	1	100	52.544631896461	NA
rand.34	3	Eran_SARS2_2020	7	1	100	92.8766274023559	100
rand.35	2	Eran_SARS2_2020	84	1	100	42.3548027068646	NA
rand.35	3	Eran_SARS2_2020	6	1	100	94.8314038084393	76.7441860465116
rand.36	2	Eran_SARS2_2020	12	1	99.9866234157108	71.9556218713901	NA
rand.36	3	Eran_SARS2_2020	1	1	99.9866234157108	100	NA
rand.37	2	Eran_SARS2_2020	114	1	100	36.3491295938104	NA
rand.37	3	Eran_SARS2_2020	11	1	100	89.6107766585206	100
rand.38	2	Eran_SARS2_2020	24	1	100	65.7476348983882	NA
rand.38	3	Eran_SARS2_2020	2	1	100	98.8313911383238	100
rand.39	2	Eran_SARS2_2020	3264	2	100	1.32172573963549	NA
rand.39	3	Eran_SARS2_2020	6	1	100	94.2358490566038	71.4129841789416
rand.4	2	Eran_SARS2_2020	34	1	100	56.2647976248638	NA
rand.4	3	Eran_SARS2_2020	3	1	100	97.5373790677221	100
rand.40	2	Eran_SARS2_2020	36	1	100	59.2464398734177	NA
rand.40	3	Eran_SARS2_2020	2	1	100	98.8157287062083	100
rand.41	2	Eran_SARS2_2020	24	2	100	65.9261006626493	NA
rand.41	3	Eran_SARS2_2020	1	1	100	100	NA
rand.42	2	Eran_SARS2_2020	66	1	100	48.8760656592824	NA
rand.42	3	Eran_SARS2_2020	2	1	100	98.8298889218498	100
rand.43	2	Eran_SARS2_2020	1605	1	100	2.32857933540557	NA
rand.43	3	Eran_SARS2_2020	2	1	100	98.2945583596214	100
rand.44	2	Eran_SARS2_2020	1692	1	99.8628900110357	2.44919451010369	NA
rand.44	3	Eran_SARS2_2020	6	1	99.8628900110357	93.4092402014452	100
rand.45	2	Eran_SARS2_2020	48	2	100	55.4610467006176	NA
rand.45	3	Eran_SARS2_2020	2	1	100	98.6357659434583	100
rand.46	2	Eran_SARS2_2020	69	1	100	47.0225582781665	NA
rand.46	3	Eran_SARS2_2020	4	1	100	96.5565004509728	100
rand.47	2	Eran_SARS2_2020	35	1	100	47.3958168528304	NA
rand.47	3	Eran_SARS2_2020	2	1	100	98.982322815133	100
rand.48	2	Eran_SARS2_2020	11	1	100	77.2586633663366	NA
rand.48	3	Eran_SARS2_2020	1	1	100	100	NA
rand.49	2	Eran_SARS2_2020	5281	3	100	0.897132209782872	NA
rand.49	3	Eran_SARS2_2020	23	2	1.87606594656055	6.15806805708013	63.3875307053457
rand.5	2	Eran_SARS2_2020	3495	4	100	1.28177463563767	NA
rand.5	3	Eran_SARS2_2020	22	3	100	79.6070197267802	54.6714122282954
rand.50	2	Eran_SARS2_2020	63	1	100	49.4591385792494	NA
rand.50	3	Eran_SARS2_2020	8	1	100	92.7228885866205	100
rand.51	2	Eran_SARS2_2020	74	1	100	43.796442572114	NA
rand.51	3	Eran_SARS2_2020	5	1	100	95.5482512126627	100
rand.52	2	Eran_SARS2_2020	73	1	100	47.9583026892207	NA
rand.52	3	Eran_SARS2_2020	3	1	100	97.6146311302027	100
rand.53	2	Eran_SARS2_2020	1799	1	100	2.75842201306273	NA
rand.53	3	Eran_SARS2_2020	13	1	100	83.2760912918236	39.9304405432262
rand.54	2	Eran_SARS2_2020	38	1	100	53.9153591478336	NA
rand.54	3	Eran_SARS2_2020	1	1	100	100	NA
rand.55	2	Eran_SARS2_2020	4492	1	99.9799351235662	0.951356917472484	NA
rand.55	3	Eran_SARS2_2020	9	1	99.9799351235662	90.2060766979453	78.0345040049291
rand.56	2	Eran_SARS2_2020	3628	1	100	1.18740223752015	NA
rand.56	3	Eran_SARS2_2020	5	1	100	94.7446781550938	77.9987944544907
rand.57	2	Eran_SARS2_2020	45	1	100	53.829863603733	NA
rand.57	3	Eran_SARS2_2020	5	1	100	94.87868914687	100
rand.58	2	Eran_SARS2_2020	1317	1	100	1.00071077771933	NA
rand.58	3	Eran_SARS2_2020	55	1	100	52.9274336283186	90.0360956534817
rand.59	2	Eran_SARS2_2020	21	1	100	69.4700300856283	NA
rand.59	3	Eran_SARS2_2020	2	1	100	98.8767745973188	100
rand.6	2	Eran_SARS2_2020	204	1	100	12.784363575868	NA
rand.6	3	Eran_SARS2_2020	2	1	100	97.9699911738747	0
rand.60	2	Eran_SARS2_2020	13	1	100	72.455567645992	NA
rand.60	3	Eran_SARS2_2020	2	1	100	99.0185387131952	100
rand.61	2	Eran_SARS2_2020	26	1	100	51.9239435643221	NA
rand.61	3	Eran_SARS2_2020	1	1	100	100	NA
rand.62	2	Eran_SARS2_2020	418	1	100	3.02828793849033	NA
rand.62	3	Eran_SARS2_2020	13	1	100	84.5608985212778	100
rand.63	2	Eran_SARS2_2020	426	1	99.8628900110357	8.46577346359054	NA
rand.63	3	Eran_SARS2_2020	1	1	99.8628900110357	100	NA
rand.64	2	Eran_SARS2_2020	1190	2	100	3.27722406951478	NA
rand.64	3	Eran_SARS2_2020	1	1	100	100	NA
rand.65	2	Eran_SARS2_2020	23	1	100	65.2351738241309	NA
rand.65	3	Eran_SARS2_2020	2	1	100	98.9898322989568	100
rand.66	2	Eran_SARS2_2020	191	1	99.9866234157108	22.600761950836	NA
rand.66	3	Eran_SARS2_2020	11	1	99.9866234157108	88.1014821581165	100
rand.67	2	Eran_SARS2_2020	53	1	100	47.5306096555224	NA
rand.67	3	Eran_SARS2_2020	5	1	100	94.9437668303501	100
rand.68	2	Eran_SARS2_2020	81	1	100	42.1694561554406	NA
rand.68	3	Eran_SARS2_2020	11	1	100	86.7900983777823	100
rand.69	2	Eran_SARS2_2020	125	1	99.9498378089155	29.5619318912396	NA
rand.69	3	Eran_SARS2_2020	7	1	99.9498378089155	93.8781920407073	100
rand.7	2	Eran_SARS2_2020	11	1	100	76.6312827727331	NA
rand.7	3	Eran_SARS2_2020	1	1	100	100	NA
rand.70	2	Eran_SARS2_2020	362	4	100	13.4111582777441	NA
rand.70	3	Eran_SARS2_2020	7	4	100	96.6957119210469	100
rand.71	2	Eran_SARS2_2020	2736	1	100	1.7765539687968	NA
rand.71	3	Eran_SARS2_2020	15	1	100	85.4436661656694	87.8628482368985
rand.72	2	Eran_SARS2_2020	25	1	100	64.0832160975402	NA
rand.72	3	Eran_SARS2_2020	4	1	100	96.8962516517872	100
rand.73	2	Eran_SARS2_2020	176	1	99.9765909774939	22.3344489600765	NA
rand.73	3	Eran_SARS2_2020	19	1	99.9765909774939	76.4271288698009	100
rand.74	2	Eran_SARS2_2020	52	1	100	50.7844365088767	NA
rand.74	3	Eran_SARS2_2020	4	1	100	96.4700208969619	100
rand.75	2	Eran_SARS2_2020	3787	1	100	1.05419752143571	NA
rand.75	3	Eran_SARS2_2020	19	1	100	81.1651537732015	95.223708818875
rand.76	2	Eran_SARS2_2020	655	1	100	6.11042600212452	NA
rand.76	3	Eran_SARS2_2020	4	1	100	96.4072433057215	100
rand.77	2	Eran_SARS2_2020	10	1	100	73.1175725696474	NA
rand.77	3	Eran_SARS2_2020	1	1	100	100	NA
rand.78	2	Eran_SARS2_2020	23	1	100	63.6216859279402	NA
rand.78	3	Eran_SARS2_2020	3	1	100	97.7702327707225	100
rand.79	2	Eran_SARS2_2020	15	1	100	70.8201370834318	NA
rand.79	3	Eran_SARS2_2020	1	1	100	100	NA
rand.8	2	Eran_SARS2_2020	50	1	99.9264287864094	53.9631228215917	NA
rand.8	3	Eran_SARS2_2020	5	1	99.9264287864094	95.4481569028301	100
rand.80	2	Eran_SARS2_2020	35	1	99.9565261010601	56.712962962963	NA
rand.80	3	Eran_SARS2_2020	1	1	99.9565261010601	100	NA
rand.81	2	Eran_SARS2_2020	273	1	100	11.4362098267993	NA
rand.81	3	Eran_SARS2_2020	1	1	100	100	NA
rand.82	2	Eran_SARS2_2020	40	1	100	51.9717184351331	NA
rand.82	3	Eran_SARS2_2020	2	1	100	98.9482387960972	100
rand.83	2	Eran_SARS2_2020	204	2	100	18.9604566346922	NA
rand.83	3	Eran_SARS2_2020	17	2	100	84.8499245430664	100
rand.84	2	Eran_SARS2_2020	1813	1	100	0.91637921836151	NA
rand.84	3	Eran_SARS2_2020	71	1	100	46.1921544590867	98.9662537377189
rand.85	2	Eran_SARS2_2020	1243	1	100	1.02026578696446	NA
rand.85	3	Eran_SARS2_2020	53	1	100	54.0784405909263	98.5745786738069
rand.86	2	Eran_SARS2_2020	1168	1	99.9699026853493	4.02614421337729	NA
rand.86	3	Eran_SARS2_2020	6	1	99.9699026853493	93.7792138532484	78.416540595058
rand.87	2	Eran_SARS2_2020	56	1	100	39.6727018580301	NA
rand.87	3	Eran_SARS2_2020	2	1	100	98.9182613270204	100
rand.88	2	Eran_SARS2_2020	599	1	100	6.85172346605404	NA
rand.88	3	Eran_SARS2_2020	12	1	100	87.8770267914221	100
rand.89	2	Eran_SARS2_2020	41	1	100	53.9086861695416	NA
rand.89	3	Eran_SARS2_2020	3	1	100	97.6523982107291	100
rand.9	2	Eran_SARS2_2020	2128	1	100	1.95332892322833	NA
rand.9	3	Eran_SARS2_2020	1	1	100	100	NA
rand.90	2	Eran_SARS2_2020	2024	2	100	2.08180730933029	NA
rand.90	3	Eran_SARS2_2020	3	1	100	97.6130857533088	100
rand.91	2	Eran_SARS2_2020	15	2	100	70.9059964562156	NA
rand.91	3	Eran_SARS2_2020	2	2	100	100	NA
rand.92	2	Eran_SARS2_2020	36	1	99.9765909774939	59.3245227606461	NA
rand.92	3	Eran_SARS2_2020	1	1	99.9765909774939	100	NA
rand.93	2	Eran_SARS2_2020	188	1	100	9.66770876978116	NA
rand.93	3	Eran_SARS2_2020	5	1	100	92.970493429209	100
rand.94	2	Eran_SARS2_2020	28	2	100	61.4030456852792	NA
rand.94	3	Eran_SARS2_2020	7	2	100	94.2557037775838	100
rand.95	2	Eran_SARS2_2020	19	2	100	74.1009974158959	NA
rand.95	3	Eran_SARS2_2020	4	2	100	97.5922391857506	100
rand.96	2	Eran_SARS2_2020	4252	2	100	0.959972683114024	NA
rand.96	3	Eran_SARS2_2020	28	1	100	75.1028290529695	82.5627077666969
rand.97	2	Eran_SARS2_2020	2669	1	100	1.68562855711366	NA
rand.97	3	Eran_SARS2_2020	19	1	100	80.4097964444922	73.9958875942426
rand.98	2	Eran_SARS2_2020	50	1	100	32.6197735191638	NA
rand.98	3	Eran_SARS2_2020	1	1	100	100	NA
rand.99	2	Eran_SARS2_2020	853	1	100	1.81277323575992	NA
rand.99	3	Eran_SARS2_2020	68	1	100	48.2831544111712	100
rand.19	1	Miftahul_sars2_2022	306	1	100	19.9872073344616	NA
rand.27	1	Miftahul_sars2_2022	336	1	100	17.1191682644024	NA
rand.24	1	Miftahul_sars2_2022	88	1	100	41.6372480889507	NA
rand.92	1	Miftahul_sars2_2022	316	1	100	18.3980928506476	NA
rand.85	1	Miftahul_sars2_2022	321	1	99.7793180598867	18.4199478954452	NA
rand.15	1	Miftahul_sars2_2022	334	1	100	17.7389722171352	NA
rand.40	1	Miftahul_sars2_2022	321	1	99.9431360774332	19.2524737167594	NA
rand.58	1	Miftahul_sars2_2022	335	1	99.7659	18.4384232190756	NA
rand.12	1	Miftahul_sars2_2022	343	1	100	17.4146519679195	NA
rand.20	1	Miftahul_sars2_2022	348	2	100	17.4018904112736	NA
rand.29	1	Miftahul_sars2_2022	290	1	100	21.1287293675783	NA
rand.53	1	Miftahul_sars2_2022	99	2	100	39.9703883880179	NA
rand.33	1	Miftahul_sars2_2022	113	1	99.9732333880367	35.5558462874202	NA
rand.7	1	Miftahul_sars2_2022	325	2	100	18.5729295312529	NA
rand.5	1	Miftahul_sars2_2022	363	1	100	16.3886227380985	NA
rand.100	1	Miftahul_sars2_2022	321	1	99.9397919318106	19.3844457417137	NA
rand.54	1	Miftahul_sars2_2022	320	1	100	18.7457729014804	NA
rand.93	1	Miftahul_sars2_2022	317	1	100	18.5813468101051	NA
rand.17	1	Miftahul_sars2_2022	98	1	100	39.455043012583	NA
rand.78	1	Miftahul_sars2_2022	358	1	99.9164073219793	16.7021639358925	NA
rand.64	1	Miftahul_sars2_2022	338	3	100	18.2568315770673	NA
rand.79	1	Miftahul_sars2_2022	342	1	100	17.9574907412409	NA
rand.34	1	Miftahul_sars2_2022	307	2	100	19.2905610694754	NA
rand.25	1	Miftahul_sars2_2022	307	1	100	19.8547343865974	NA
rand.65	1	Miftahul_sars2_2022	334	2	100	17.7616512332121	NA
rand.22	1	Miftahul_sars2_2022	274	1	100	22.0314303993882	NA
rand.44	1	Miftahul_sars2_2022	359	2	100	17.1128015157085	NA
rand.91	1	Miftahul_sars2_2022	336	1	99.7357882905238	17.7379161041294	NA
rand.76	1	Miftahul_sars2_2022	312	1	100	19.6280571432321	NA
rand.56	1	Miftahul_sars2_2022	115	1	100	35.2132729305171	NA
rand.99	1	Miftahul_sars2_2022	97	1	99.806044146227	38.620305908538	NA
rand.37	1	Miftahul_sars2_2022	321	1	99.9431477963831	18.3035276825086	NA
rand.75	1	Miftahul_sars2_2022	92	1	100	41.0558870217308	NA
rand.18	1	Miftahul_sars2_2022	309	1	100	19.952355357368	NA
rand.81	1	Miftahul_sars2_2022	314	1	100	19.6815923014224	NA
rand.38	1	Miftahul_sars2_2022	344	1	100	17.2445706533611	NA
rand.57	1	Miftahul_sars2_2022	316	1	99.8094153840995	18.57307321323	NA
rand.69	1	Miftahul_sars2_2022	310	1	100	20.0192454191893	NA
rand.88	1	Miftahul_sars2_2022	89	1	99.7357882905238	40.8805548701922	NA
rand.36	1	Miftahul_sars2_2022	107	1	99.959904686243	36.2614033385093	NA
rand.21	1	Miftahul_sars2_2022	308	2	100	19.3842914566452	NA
rand.50	1	Miftahul_sars2_2022	306	1	99.9431360774332	20.0042838592217	NA
rand.96	1	Miftahul_sars2_2022	113	2	100	35.5882387381585	NA
rand.32	1	Miftahul_sars2_2022	320	1	99.9464477579451	18.1626476736837	NA
rand.6	1	Miftahul_sars2_2022	85	1	100	42.1574827494133	NA
rand.31	1	Miftahul_sars2_2022	317	2	100	19.0965131230618	NA
rand.87	1	Miftahul_sars2_2022	369	1	100	16.3679665266481	NA
rand.59	1	Miftahul_sars2_2022	356	2	100	17.0889682526249	NA
rand.52	1	Miftahul_sars2_2022	329	1	100	17.9418029510212	NA
rand.60	1	Miftahul_sars2_2022	331	1	100	18.2538424005855	NA
rand.30	1	Miftahul_sars2_2022	352	1	99.7357882905238	16.8891254735626	NA
rand.84	1	Miftahul_sars2_2022	356	1	99.7793180598867	16.7411039915613	NA
rand.83	1	Miftahul_sars2_2022	333	1	99.9397919318106	18.7461971283222	NA
rand.68	1	Miftahul_sars2_2022	345	2	100	17.5405746417851	NA
rand.1	1	Miftahul_sars2_2022	111	1	99.9932666979582	35.5300212697696	NA
rand.98	1	Miftahul_sars2_2022	347	1	99.7357882905238	17.2005305957668	NA
rand.13	1	Miftahul_sars2_2022	338	1	100	17.7020723859007	NA
rand.11	1	Miftahul_sars2_2022	100	1	100	38.1430683730179	NA
rand.41	1	Miftahul_sars2_2022	324	1	99.889645114798	18.1469128377106	NA
rand.45	1	Miftahul_sars2_2022	324	2	100	18.4897374119369	NA
rand.26	1	Miftahul_sars2_2022	317	2	100	18.7450106748352	NA
rand.90	1	Miftahul_sars2_2022	348	1	100	17.1057138942176	NA
rand.16	1	Miftahul_sars2_2022	338	1	100	18.451694826449	NA
rand.3	1	Miftahul_sars2_2022	103	4	100	39.6344273206697	NA
rand.14	1	Miftahul_sars2_2022	346	1	99.7759829487524	17.0754878956104	NA
rand.28	1	Miftahul_sars2_2022	94	3	100	41.7001020061204	NA
rand.46	1	Miftahul_sars2_2022	100	1	99.8562441474932	38.6062447475596	NA
rand.61	1	Miftahul_sars2_2022	337	1	100	17.7862857007811	NA
rand.49	1	Miftahul_sars2_2022	305	1	100	19.6962742449477	NA
rand.73	1	Miftahul_sars2_2022	337	1	100	18.1342189147587	NA
rand.63	1	Miftahul_sars2_2022	316	1	100	19.6128661238253	NA
rand.70	1	Miftahul_sars2_2022	117	1	100	34.3866299104066	NA
rand.55	1	Miftahul_sars2_2022	103	1	99.7926360648039	37.9540598290598	NA
rand.72	1	Miftahul_sars2_2022	278	1	99.9397919318106	21.6949423234677	NA
rand.80	1	Miftahul_sars2_2022	335	1	99.7357882905238	17.8295361474954	NA
rand.42	1	Miftahul_sars2_2022	330	1	99.9431595137633	17.897201578566	NA
rand.47	1	Miftahul_sars2_2022	355	1	99.8595909669211	16.8122061762802	NA
rand.94	1	Miftahul_sars2_2022	328	1	100	18.2517044452418	NA
rand.9	1	Miftahul_sars2_2022	348	1	100	17.2653373968049	NA
rand.95	1	Miftahul_sars2_2022	329	2	100	18.2757890277484	NA
rand.48	1	Miftahul_sars2_2022	360	1	100	16.6770282872241	NA
rand.43	1	Miftahul_sars2_2022	322	1	99.6655532542784	18.4039570699897	NA
rand.71	1	Miftahul_sars2_2022	94	1	100	39.353744626589	NA
rand.74	1	Miftahul_sars2_2022	340	1	99.7759829487524	17.3929264723885	NA
rand.66	1	Miftahul_sars2_2022	86	1	100	43.5143035820765	NA
rand.2	1	Miftahul_sars2_2022	338	1	100	17.5481740413497	NA
rand.67	1	Miftahul_sars2_2022	312	1	99.9164381572762	18.7007492066671	NA
rand.4	1	Miftahul_sars2_2022	332	1	100	17.8338240182345	NA
rand.23	1	Miftahul_sars2_2022	316	2	100	18.5613682092555	NA
rand.35	1	Miftahul_sars2_2022	90	1	99.8461324345146	40.6649233199858	NA
rand.10	1	Miftahul_sars2_2022	340	1	100	17.5661170839859	NA
rand.82	1	Miftahul_sars2_2022	337	1	99.9431595137633	17.8102763971824	NA
rand.77	1	Miftahul_sars2_2022	333	1	100	18.4699595021913	NA
rand.62	1	Miftahul_sars2_2022	355	2	100	17.1268424330496	NA
rand.39	1	Miftahul_sars2_2022	326	1	100	18.2341464007634	NA
rand.8	1	Miftahul_sars2_2022	114	1	99.9665595065118	34.6722186137144	NA
rand.51	1	Miftahul_sars2_2022	349	1	100	17.4007492812128	NA
rand.97	1	Miftahul_sars2_2022	341	1	100	17.3749768903679	NA
rand.89	1	Miftahul_sars2_2022	342	2	100	17.7867586158283	NA
rand.86	1	Miftahul_sars2_2022	356	1	99.9164381572762	16.8755542251015	NA
rand.1	2	Miftahul_sars2_2022	105	2	100	36.7283688029461	NA
rand.1	3	Miftahul_sars2_2022	19	2	100	82.2957516339869	74.00399938471
rand.10	2	Miftahul_sars2_2022	92	1	100	40.5225486083862	NA
rand.10	3	Miftahul_sars2_2022	25	1	100	77.5458947204888	79.4626383763838
rand.100	2	Miftahul_sars2_2022	304	1	99.9398053706986	20.1689916516504	NA
rand.100	3	Miftahul_sars2_2022	12	1	99.9398053706986	87.5750915750916	92.7122641509434
rand.11	2	Miftahul_sars2_2022	53	1	100	57.4357005758157	NA
rand.11	3	Miftahul_sars2_2022	2	1	100	98.7427817191883	100
rand.12	2	Miftahul_sars2_2022	78	1	100	43.0007446016381	NA
rand.12	3	Miftahul_sars2_2022	20	1	100	80.6911006018917	81.3387141664347
rand.13	2	Miftahul_sars2_2022	289	1	100	21.0624666310731	NA
rand.13	3	Miftahul_sars2_2022	10	1	100	89.6805455850682	100
rand.14	2	Miftahul_sars2_2022	103	1	99.7759422131559	36.9994667592604	NA
rand.14	3	Miftahul_sars2_2022	11	1	99.7759422131559	89.230493166253	57.7895029158567
rand.15	2	Miftahul_sars2_2022	73	1	100	44.4207754552582	NA
rand.15	3	Miftahul_sars2_2022	11	1	100	88.7562071411681	80.9411146161935
rand.16	2	Miftahul_sars2_2022	325	1	100	18.9646543040148	NA
rand.16	3	Miftahul_sars2_2022	10	1	100	89.4326431836515	100
rand.17	2	Miftahul_sars2_2022	51	1	100	58.6564665576579	NA
rand.17	3	Miftahul_sars2_2022	4	1	100	96.6668805338124	100
rand.18	2	Miftahul_sars2_2022	67	1	100	52.3458853432217	NA
rand.18	3	Miftahul_sars2_2022	8	1	100	92.1991904820312	87.8537735849057
rand.19	2	Miftahul_sars2_2022	290	1	100	20.8610630115648	NA
rand.19	3	Miftahul_sars2_2022	8	1	100	91.6781271966016	100
rand.2	2	Miftahul_sars2_2022	286	1	100	21.0879614970553	NA
rand.2	3	Miftahul_sars2_2022	6	1	100	93.2860211037445	100
rand.20	2	Miftahul_sars2_2022	292	2	100	20.9479963777884	NA
rand.20	3	Miftahul_sars2_2022	8	2	100	92.4494340888984	100
rand.21	2	Miftahul_sars2_2022	31	2	100	74.5857167407262	NA
rand.21	3	Miftahul_sars2_2022	11	2	100	90.0284478160375	90.8172362555721
rand.22	2	Miftahul_sars2_2022	30	1	100	73.2386446975994	NA
rand.22	3	Miftahul_sars2_2022	8	1	100	91.9495426922841	88.2195958825772
rand.23	2	Miftahul_sars2_2022	48	2	100	58.9790070756096	NA
rand.23	3	Miftahul_sars2_2022	4	2	100	97.805217054013	61.2665684830633
rand.24	2	Miftahul_sars2_2022	79	1	100	43.4747275392184	NA
rand.24	3	Miftahul_sars2_2022	22	1	100	79.82414068745	76.4791336502905
rand.25	2	Miftahul_sars2_2022	286	1	100	20.9608697781478	NA
rand.25	3	Miftahul_sars2_2022	11	1	100	88.4610842092831	100
rand.26	2	Miftahul_sars2_2022	65	2	100	47.3600275176285	NA
rand.26	3	Miftahul_sars2_2022	12	2	100	88.8429388473383	80.9411146161935
rand.27	2	Miftahul_sars2_2022	60	1	100	51.3337782112486	NA
rand.27	3	Miftahul_sars2_2022	1	1	100	100	NA
rand.28	2	Miftahul_sars2_2022	37	2	100	69.8589338074019	NA
rand.28	3	Miftahul_sars2_2022	12	2	100	89.4201784975471	81.9832402234637
rand.29	2	Miftahul_sars2_2022	32	1	100	71.8870099923136	NA
rand.29	3	Miftahul_sars2_2022	7	1	100	93.1668897674563	85.9225512528474
rand.3	2	Miftahul_sars2_2022	96	4	100	40.8911427175363	NA
rand.3	3	Miftahul_sars2_2022	34	4	100	73.9739117970281	78.7038736919405
rand.30	2	Miftahul_sars2_2022	346	1	99.7358124602883	17.082404962512	NA
rand.30	3	Miftahul_sars2_2022	19	1	99.7358124602883	81.4930185534333	77.5579506865495
rand.31	2	Miftahul_sars2_2022	26	3	100	78.268758945001	NA
rand.31	3	Miftahul_sars2_2022	5	3	100	97.4294531225146	100
rand.32	2	Miftahul_sars2_2022	75	1	99.9464936628432	43.3918434310437	NA
rand.32	3	Miftahul_sars2_2022	20	1	99.9464936628432	81.2168808935025	77.3582175925926
rand.33	2	Miftahul_sars2_2022	64	1	99.9732468314216	52.1709538934069	NA
rand.33	3	Miftahul_sars2_2022	1	1	99.9732468314216	100	NA
rand.34	2	Miftahul_sars2_2022	25	2	100	77.750848279205	NA
rand.34	3	Miftahul_sars2_2022	3	2	100	98.7652720614447	100
rand.35	2	Miftahul_sars2_2022	68	1	99.8461692806742	45.7480387349841	NA
rand.35	3	Miftahul_sars2_2022	18	1	99.8461692806742	82.1511116002641	84.0295976568522
rand.36	2	Miftahul_sars2_2022	62	1	99.9598702471324	51.3282390315103	NA
rand.36	3	Miftahul_sars2_2022	2	1	99.9598702471324	98.6859916141173	100
rand.37	2	Miftahul_sars2_2022	83	2	100	42.8790220797822	NA
rand.37	3	Miftahul_sars2_2022	19	2	100	82.7436171086118	78.2746590548684
rand.38	2	Miftahul_sars2_2022	339	1	100	17.4248672761701	NA
rand.38	3	Miftahul_sars2_2022	19	1	100	81.4481972198089	89.3897263281136
rand.39	2	Miftahul_sars2_2022	53	1	100	58.3399778300694	NA
rand.39	3	Miftahul_sars2_2022	2	1	100	98.9151938802427	100
rand.4	2	Miftahul_sars2_2022	282	1	100	21.2204682699439	NA
rand.4	3	Miftahul_sars2_2022	9	1	100	90.5324374001868	100
rand.40	2	Miftahul_sars2_2022	302	1	99.9431495167709	20.1713001397129	NA
rand.40	3	Miftahul_sars2_2022	11	1	99.9431495167709	88.7536008077688	100
rand.41	2	Miftahul_sars2_2022	80	1	99.8896431796141	42.7257513123829	NA
rand.41	3	Miftahul_sars2_2022	17	1	99.8896431796141	83.7727170742652	74.5592810231594
rand.42	2	Miftahul_sars2_2022	74	1	99.9431495167709	44.1037144164219	NA
rand.42	3	Miftahul_sars2_2022	18	1	99.9431495167709	82.398676592225	83.7719298245614
rand.43	2	Miftahul_sars2_2022	37	1	99.66558539277	69.055563279114	NA
rand.43	3	Miftahul_sars2_2022	12	1	99.66558539277	88.0365107966798	84.2716049382716
rand.44	2	Miftahul_sars2_2022	314	2	100	19.9990746677066	NA
rand.44	3	Miftahul_sars2_2022	17	2	100	84.0383280099986	94.6232817121977
rand.45	2	Miftahul_sars2_2022	71	2	100	45.8676310374047	NA
rand.45	3	Miftahul_sars2_2022	18	2	100	83.323254535459	82.924015164002
rand.46	2	Miftahul_sars2_2022	84	1	99.8562017188911	41.8611823751244	NA
rand.46	3	Miftahul_sars2_2022	23	1	99.8562017188911	78.9842613410924	66.7337948395217
rand.47	2	Miftahul_sars2_2022	341	1	99.8595458649634	17.2989914087257	NA
rand.47	3	Miftahul_sars2_2022	23	1	99.8595458649634	77.8441084462982	80.1035415931286
rand.48	2	Miftahul_sars2_2022	346	1	100	17.1282624311597	NA
rand.48	3	Miftahul_sars2_2022	29	1	100	73.5813475055717	87.5683693334569
rand.49	2	Miftahul_sars2_2022	57	1	100	53.0603592941301	NA
rand.49	3	Miftahul_sars2_2022	1	1	100	100	NA
rand.5	2	Miftahul_sars2_2022	325	1	100	18.7843188935118	NA
rand.5	3	Miftahul_sars2_2022	8	1	100	91.4291823207795	100
rand.50	2	Miftahul_sars2_2022	300	1	99.9431495167709	20.2908587257618	NA
rand.50	3	Miftahul_sars2_2022	10	1	99.9431495167709	89.556800815079	100
rand.51	2	Miftahul_sars2_2022	60	1	100	56.4457173003731	NA
rand.51	3	Miftahul_sars2_2022	5	1	100	95.0745794985719	100
rand.52	2	Miftahul_sars2_2022	81	1	100	42.2588850321112	NA
rand.52	3	Miftahul_sars2_2022	21	1	100	79.9973397180101	82.1651815400984
rand.53	2	Miftahul_sars2_2022	54	2	100	58.9028286448999	NA
rand.53	3	Miftahul_sars2_2022	3	2	100	98.917132855694	100
rand.54	2	Miftahul_sars2_2022	66	1	100	48.5036052823463	NA
rand.54	3	Miftahul_sars2_2022	3	1	100	97.7468652037618	61.8840579710145
rand.55	2	Miftahul_sars2_2022	99	1	99.7926629435174	38.4449884050502	NA
rand.55	3	Miftahul_sars2_2022	16	1	99.7926629435174	86.0293481707844	80.6851011143211
rand.56	2	Miftahul_sars2_2022	104	1	100	36.8297335548582	NA
rand.56	3	Miftahul_sars2_2022	12	1	100	87.7055185955863	82.7175208581645
rand.57	2	Miftahul_sars2_2022	27	1	99.8093836738789	74.3399422138089	NA
rand.57	3	Miftahul_sars2_2022	6	1	99.8093836738789	94.0209173387097	100
rand.58	2	Miftahul_sars2_2022	332	1	99.765909774939	18.5603633309485	NA
rand.58	3	Miftahul_sars2_2022	8	1	99.765909774939	91.6359503624524	100
rand.59	2	Miftahul_sars2_2022	342	2	100	17.5850397403668	NA
rand.59	3	Miftahul_sars2_2022	23	2	100	79.0402129380757	90.9736055776892
rand.6	2	Miftahul_sars2_2022	76	1	100	44.136124884135	NA
rand.6	3	Miftahul_sars2_2022	22	1	100	79.4501681807347	78.3348369635262
rand.60	2	Miftahul_sars2_2022	328	1	100	18.3758925775614	NA
rand.60	3	Miftahul_sars2_2022	8	1	100	91.6521206553361	100
rand.61	2	Miftahul_sars2_2022	56	1	100	57.5217349765931	NA
rand.61	3	Miftahul_sars2_2022	1	1	100	100	NA
rand.62	2	Miftahul_sars2_2022	339	2	100	17.7493632906535	NA
rand.62	3	Miftahul_sars2_2022	23	2	100	79.6643787352872	81.1088295687885
rand.63	2	Miftahul_sars2_2022	300	1	100	20.3616133518776	NA
rand.63	3	Miftahul_sars2_2022	14	1	100	85.475051264525	93.9411764705882
rand.64	2	Miftahul_sars2_2022	45	3	100	65.5662696970345	NA
rand.64	3	Miftahul_sars2_2022	11	3	100	91.5102503655516	89.1388400702988
rand.65	2	Miftahul_sars2_2022	80	2	100	42.6830126535955	NA
rand.65	3	Miftahul_sars2_2022	24	2	100	78.7110338204376	79.3708851499634
rand.66	2	Miftahul_sars2_2022	77	1	100	45.6508139942936	NA
rand.66	3	Miftahul_sars2_2022	7	1	100	93.6023776005005	72.0293398533007
rand.67	2	Miftahul_sars2_2022	26	2	100	76.4224967095272	NA
rand.67	3	Miftahul_sars2_2022	5	2	100	96.3216997384036	100
rand.68	2	Miftahul_sars2_2022	66	2	100	52.0400663213852	NA
rand.68	3	Miftahul_sars2_2022	6	2	100	95.5047368090846	81.6468946266574
rand.69	2	Miftahul_sars2_2022	70	2	100	53.007848083526	NA
rand.69	3	Miftahul_sars2_2022	9	2	100	92.0173944775575	88.2285714285714
rand.7	2	Miftahul_sars2_2022	40	2	100	67.8168397909048	NA
rand.7	3	Miftahul_sars2_2022	10	2	100	91.367428364164	78.2563025210084
rand.70	2	Miftahul_sars2_2022	115	1	100	34.6280638034539	NA
rand.70	3	Miftahul_sars2_2022	15	1	100	85.7719966765034	70.3584373741442
rand.71	2	Miftahul_sars2_2022	92	1	100	39.6844965864652	NA
rand.71	3	Miftahul_sars2_2022	16	1	100	84.2342215594136	69.8197394253079
rand.72	2	Miftahul_sars2_2022	32	1	99.9398053706986	71.5791238533209	NA
rand.72	3	Miftahul_sars2_2022	7	1	99.9398053706986	93.1577306733167	85.9225512528474
rand.73	2	Miftahul_sars2_2022	332	1	100	18.334773204909	NA
rand.73	3	Miftahul_sars2_2022	9	1	100	90.9240071708547	91.1951791094744
rand.74	2	Miftahul_sars2_2022	333	1	99.7759422131559	17.646189059552	NA
rand.74	3	Miftahul_sars2_2022	19	1	99.7759422131559	81.4946327606457	77.5645756457565
rand.75	2	Miftahul_sars2_2022	39	1	100	68.1879133616673	NA
rand.75	3	Miftahul_sars2_2022	10	1	100	90.2994732881866	79.9875892026063
rand.76	2	Miftahul_sars2_2022	296	1	100	20.4899334835833	NA
rand.76	3	Miftahul_sars2_2022	8	1	100	91.6531331392677	100
rand.77	2	Miftahul_sars2_2022	318	1	100	19.0436241610738	NA
rand.77	3	Miftahul_sars2_2022	7	1	100	92.3702950152594	100
rand.78	2	Miftahul_sars2_2022	320	1	99.9163963481925	18.989690983742	NA
rand.78	3	Miftahul_sars2_2022	7	1	99.9163963481925	91.977588966876	100
rand.79	2	Miftahul_sars2_2022	330	1	100	18.4258825848094	NA
rand.79	3	Miftahul_sars2_2022	11	1	100	88.5825955645042	93.1794605809129
rand.8	2	Miftahul_sars2_2022	102	2	100	36.8629699202264	NA
rand.8	3	Miftahul_sars2_2022	19	2	100	82.8699133486893	68.7209860733152
rand.80	2	Miftahul_sars2_2022	83	1	99.7358124602883	42.4039924359831	NA
rand.80	3	Miftahul_sars2_2022	17	1	99.7358124602883	83.6953471403716	73.8382099827883
rand.81	2	Miftahul_sars2_2022	308	1	100	19.9819813807601	NA
rand.81	3	Miftahul_sars2_2022	15	1	100	85.0359262730397	94.1355095843614
rand.82	2	Miftahul_sars2_2022	77	1	99.9431495167709	43.9099644441832	NA
rand.82	3	Miftahul_sars2_2022	18	1	99.9431495167709	82.219593386338	83.9702924338542
rand.83	2	Miftahul_sars2_2022	316	1	99.9398053706986	19.5356164652203	NA
rand.83	3	Miftahul_sars2_2022	14	1	99.9398053706986	86.1239193083573	93.582554517134
rand.84	2	Miftahul_sars2_2022	321	1	99.7792863592282	18.9269425220276	NA
rand.84	3	Miftahul_sars2_2022	7	1	99.7792863592282	91.9674506056776	100
rand.85	2	Miftahul_sars2_2022	53	1	99.7792863592282	58.5360590127913	NA
rand.85	3	Miftahul_sars2_2022	2	1	99.7792863592282	98.5174668163508	100
rand.86	2	Miftahul_sars2_2022	301	1	99.9163963481925	20.2484463631004	NA
rand.86	3	Miftahul_sars2_2022	11	1	99.9163963481925	88.281527006264	100
rand.87	2	Miftahul_sars2_2022	347	1	100	17.1494142357594	NA
rand.87	3	Miftahul_sars2_2022	24	1	100	77.0308483290488	88.4051482932289
rand.88	2	Miftahul_sars2_2022	68	1	99.7358124602883	45.6701836056536	NA
rand.88	3	Miftahul_sars2_2022	12	1	99.7358124602883	88.2131976692597	69.8368883312422
rand.89	2	Miftahul_sars2_2022	295	2	100	20.8608906525573	NA
rand.89	3	Miftahul_sars2_2022	13	2	100	87.3075370509198	100
rand.9	2	Miftahul_sars2_2022	293	1	100	20.8320589461977	NA
rand.9	3	Miftahul_sars2_2022	8	1	100	91.6679411494815	100
rand.90	2	Miftahul_sars2_2022	291	1	100	20.7364086237326	NA
rand.90	3	Miftahul_sars2_2022	11	1	100	88.2451696512724	100
rand.91	2	Miftahul_sars2_2022	87	1	99.7358124602883	41.5185221277129	NA
rand.91	3	Miftahul_sars2_2022	20	1	99.7358124602883	81.0919571482952	73.6985907391429
rand.92	2	Miftahul_sars2_2022	76	1	100	43.07249712313	NA
rand.92	3	Miftahul_sars2_2022	21	1	100	79.6086563513585	73.8070404172099
rand.93	2	Miftahul_sars2_2022	39	1	100	67.3551399771008	NA
rand.93	3	Miftahul_sars2_2022	9	1	100	90.8463285389856	89.7783658617268
rand.94	2	Miftahul_sars2_2022	40	1	100	67.6434126000225	NA
rand.94	3	Miftahul_sars2_2022	9	1	100	90.8485453939999	89.7783658617268
rand.95	2	Miftahul_sars2_2022	38	2	100	69.925438799611	NA
rand.95	3	Miftahul_sars2_2022	10	2	100	91.1252602673587	89.4933696021761
rand.96	2	Miftahul_sars2_2022	64	2	100	51.0164000470012	NA
rand.96	3	Miftahul_sars2_2022	3	2	100	98.9741752694825	100
rand.97	2	Miftahul_sars2_2022	332	1	100	17.688507234443	NA
rand.97	3	Miftahul_sars2_2022	24	1	100	77.0950293522008	88.4051482932289
rand.98	2	Miftahul_sars2_2022	292	1	99.7358124602883	20.5635958712845	NA
rand.98	3	Miftahul_sars2_2022	11	1	99.7358124602883	88.3726443048477	100
rand.99	2	Miftahul_sars2_2022	54	1	99.8060395278066	56.788126724384	NA
rand.99	3	Miftahul_sars2_2022	3	1	99.8060395278066	97.6283938501799	100
rand.44	1	sfl_sars2_2023	NA	NA	NA	NA	NA
rand.55	1	sfl_sars2_2023	23801	3	3.1435	0.00970527556065002	NA
rand.28	1	sfl_sars2_2023	NA	NA	NA	NA	NA
rand.82	1	sfl_sars2_2023	37865	6	98.9165441476773	0.178087929643377	NA
rand.3	1	sfl_sars2_2023	14149	48	75.5241875138858	0.457938740352141	NA
rand.4	1	sfl_sars2_2023	NA	NA	NA	NA	NA
rand.27	1	sfl_sars2_2023	NA	NA	NA	NA	NA
rand.54	1	sfl_sars2_2023	NA	NA	NA	NA	NA
rand.78	1	sfl_sars2_2023	9791	40	69.5214595136046	0.535608055170026	NA
rand.81	1	sfl_sars2_2023	50150	1	1.4346	0.00157454860003911	NA
rand.80	1	sfl_sars2_2023	NA	NA	NA	NA	NA
rand.57	1	sfl_sars2_2023	NA	NA	NA	NA	NA
rand.89	1	sfl_sars2_2023	NA	NA	NA	NA	NA
rand.100	1	sfl_sars2_2023	23000	2	99.8495324401273	0.30366841987768	NA
rand.60	1	sfl_sars2_2023	30727	32	81.8513515168884	0.186945625754196	NA
rand.69	1	sfl_sars2_2023	NA	NA	NA	NA	NA
rand.61	1	sfl_sars2_2023	NA	NA	NA	NA	NA
rand.51	1	sfl_sars2_2023	NA	NA	NA	NA	NA
rand.10	1	sfl_sars2_2023	NA	NA	NA	NA	NA
rand.68	1	sfl_sars2_2023	NA	NA	NA	NA	NA
rand.52	1	sfl_sars2_2023	NA	NA	NA	NA	NA
rand.41	1	sfl_sars2_2023	NA	NA	NA	NA	NA
rand.87	1	sfl_sars2_2023	25894	2	99.8863180539273	0.266523778250503	NA
rand.13	1	sfl_sars2_2023	NA	NA	NA	NA	NA
rand.97	1	sfl_sars2_2023	13310	42	73.4140622071292	0.3126247390937	NA
rand.18	1	sfl_sars2_2023	NA	NA	NA	NA	NA
rand.58	1	sfl_sars2_2023	NA	NA	NA	NA	NA
rand.96	1	sfl_sars2_2023	NA	NA	NA	NA	NA
rand.40	1	sfl_sars2_2023	NA	NA	NA	NA	NA
rand.86	1	sfl_sars2_2023	NA	NA	NA	NA	NA
rand.91	1	sfl_sars2_2023	NA	NA	NA	NA	NA
rand.22	1	sfl_sars2_2023	NA	NA	NA	NA	NA
rand.95	1	sfl_sars2_2023	NA	NA	NA	NA	NA
rand.76	1	sfl_sars2_2023	NA	NA	NA	NA	NA
rand.50	1	sfl_sars2_2023	NA	NA	NA	NA	NA
rand.42	1	sfl_sars2_2023	NA	NA	NA	NA	NA
rand.83	1	sfl_sars2_2023	NA	NA	NA	NA	NA
rand.99	1	sfl_sars2_2023	NA	NA	NA	NA	NA
rand.12	1	sfl_sars2_2023	45067	35	80.9851784965831	0.123030737261325	NA
rand.73	1	sfl_sars2_2023	NA	NA	NA	NA	NA
rand.98	1	sfl_sars2_2023	21214	1	99.6589	0.350796156956943	NA
rand.7	1	sfl_sars2_2023	10038	1	99.6589	0.797667036043704	NA
rand.2	1	sfl_sars2_2023	35934	41	69.4646361357501	0.109004871896448	NA
rand.26	1	sfl_sars2_2023	NA	NA	NA	NA	NA
rand.6	1	sfl_sars2_2023	44421	3	99.6689297529538	0.12597470944853	NA
rand.56	1	sfl_sars2_2023	NA	NA	NA	NA	NA
rand.20	1	sfl_sars2_2023	NA	NA	NA	NA	NA
rand.72	1	sfl_sars2_2023	NA	NA	NA	NA	NA
rand.65	1	sfl_sars2_2023	20062	1	0.8628	0.00290244086276742	NA
rand.45	1	sfl_sars2_2023	NA	NA	NA	NA	NA
rand.94	1	sfl_sars2_2023	NA	NA	NA	NA	NA
rand.90	1	sfl_sars2_2023	38204	31	92.8066937122609	0.175305388404526	NA
rand.59	1	sfl_sars2_2023	NA	NA	NA	NA	NA
rand.92	1	sfl_sars2_2023	50367	23	96.4651901098137	0.106205636660009	NA
rand.29	1	sfl_sars2_2023	19723	35	82.4532695051035	0.263251149561695	NA
rand.32	1	sfl_sars2_2023	NA	NA	NA	NA	NA
rand.77	1	sfl_sars2_2023	NA	NA	NA	NA	NA
rand.53	1	sfl_sars2_2023	NA	NA	NA	NA	NA
rand.79	1	sfl_sars2_2023	38412	31	92.8367937215355	0.165303566742573	NA
rand.21	1	sfl_sars2_2023	NA	NA	NA	NA	NA
rand.66	1	sfl_sars2_2023	NA	NA	NA	NA	NA
rand.25	1	sfl_sars2_2023	NA	NA	NA	NA	NA
rand.43	1	sfl_sars2_2023	NA	NA	NA	NA	NA
rand.85	1	sfl_sars2_2023	NA	NA	NA	NA	NA
rand.70	1	sfl_sars2_2023	39008	2	99.8863180539273	0.187156229114965	NA
rand.67	1	sfl_sars2_2023	35348	4	99.5820297722233	0.172190221101195	NA
rand.47	1	sfl_sars2_2023	NA	NA	NA	NA	NA
rand.9	1	sfl_sars2_2023	12376	2	1.7891	0.0141717499541736	NA
rand.35	1	sfl_sars2_2023	15180	43	74.1864954997289	0.254197221935121	NA
rand.74	1	sfl_sars2_2023	NA	NA	NA	NA	NA
rand.16	1	sfl_sars2_2023	26754	1	99.6589	0.212848382899392	NA
rand.63	1	sfl_sars2_2023	NA	NA	NA	NA	NA
rand.84	1	sfl_sars2_2023	NA	NA	NA	NA	NA
rand.37	1	sfl_sars2_2023	NA	NA	NA	NA	NA
rand.46	1	sfl_sars2_2023	21827	3	99.5452441476853	0.322433191543752	NA
rand.71	1	sfl_sars2_2023	26395	1	0.8227	0.00206543482230754	NA
rand.39	1	sfl_sars2_2023	NA	NA	NA	NA	NA
rand.30	1	sfl_sars2_2023	45983	2	2.9596	0.00359411179710138	NA
rand.5	1	sfl_sars2_2023	NA	NA	NA	NA	NA
rand.11	1	sfl_sars2_2023	NA	NA	NA	NA	NA
rand.23	1	sfl_sars2_2023	NA	NA	NA	NA	NA
rand.38	1	sfl_sars2_2023	28814	5	4.5581	0.0113736394085674	NA
rand.36	1	sfl_sars2_2023	33276	3	99.7224063212992	0.214303254628271	NA
rand.8	1	sfl_sars2_2023	NA	NA	NA	NA	NA
rand.33	1	sfl_sars2_2023	NA	NA	NA	NA	NA
rand.17	1	sfl_sars2_2023	NA	NA	NA	NA	NA
rand.49	1	sfl_sars2_2023	NA	NA	NA	NA	NA
rand.88	1	sfl_sars2_2023	NA	NA	NA	NA	NA
rand.15	1	sfl_sars2_2023	NA	NA	NA	NA	NA
rand.93	1	sfl_sars2_2023	NA	NA	NA	NA	NA
rand.1	1	sfl_sars2_2023	NA	NA	NA	NA	NA
rand.31	1	sfl_sars2_2023	31392	31	92.3585874287374	0.206271234050632	NA
rand.19	1	sfl_sars2_2023	49014	1	99.6589	0.13333201497152	NA
rand.14	1	sfl_sars2_2023	NA	NA	NA	NA	NA
rand.64	1	sfl_sars2_2023	NA	NA	NA	NA	NA
rand.24	1	sfl_sars2_2023	NA	NA	NA	NA	NA
rand.34	1	sfl_sars2_2023	39733	1	1.4346	0.00186762963798503	NA
rand.75	1	sfl_sars2_2023	NA	NA	NA	NA	NA
rand.62	1	sfl_sars2_2023	34411	3	99.6655531599262	0.20184046428928	NA
rand.48	1	sfl_sars2_2023	64525	1	1.4346	0.00131441833266126	NA
rand.1	2	sfl_sars2_2023	28674	0	0	0	NA
rand.1	3	sfl_sars2_2023	0	0	0	0	0
rand.10	2	sfl_sars2_2023	22478	0	0	0	NA
rand.10	3	sfl_sars2_2023	0	0	0	0	0
rand.100	2	sfl_sars2_2023	19325	2	99.8495134267465	0.353160746096727	NA
rand.100	3	sfl_sars2_2023	44	2	99.8495134267465	70.3998868244836	58.8258722319579
rand.11	2	sfl_sars2_2023	12244	0	0	0	NA
rand.11	3	sfl_sars2_2023	0	0	0	0	0
rand.12	2	sfl_sars2_2023	37463	0	0	0	NA
rand.12	3	sfl_sars2_2023	0	0	0	0	0
rand.13	2	sfl_sars2_2023	18834	0	0	0	NA
rand.13	3	sfl_sars2_2023	0	0	0	0	0
rand.14	2	sfl_sars2_2023	35930	0	0	0	NA
rand.14	3	sfl_sars2_2023	0	0	0	0	0
rand.15	2	sfl_sars2_2023	13509	0	0	0	NA
rand.15	3	sfl_sars2_2023	0	0	0	0	0
rand.16	2	sfl_sars2_2023	19458	1	99.6588971006254	0.270538419660184	NA
rand.16	3	sfl_sars2_2023	51	1	99.6588971006254	62.2670288340995	78.9744725621574
rand.17	2	sfl_sars2_2023	11041	0	0	0	NA
rand.17	3	sfl_sars2_2023	0	0	0	0	0
rand.18	2	sfl_sars2_2023	19450	0	0	0	NA
rand.18	3	sfl_sars2_2023	0	0	0	0	0
rand.19	2	sfl_sars2_2023	39661	1	99.6588971006254	0.157647554217301	NA
rand.19	3	sfl_sars2_2023	48	1	99.6588971006254	65.6005106982478	77.6732578229987
rand.2	2	sfl_sars2_2023	29779	0	0	0	NA
rand.2	3	sfl_sars2_2023	0	0	0	0	0
rand.20	2	sfl_sars2_2023	21313	0	0	0	NA
rand.20	3	sfl_sars2_2023	0	0	0	0	0
rand.21	2	sfl_sars2_2023	13354	0	0	0	NA
rand.21	3	sfl_sars2_2023	0	0	0	0	0
rand.22	2	sfl_sars2_2023	10906	0	0	0	NA
rand.22	3	sfl_sars2_2023	0	0	0	0	0
rand.23	2	sfl_sars2_2023	13462	0	0	0	NA
rand.23	3	sfl_sars2_2023	0	0	0	0	0
rand.24	2	sfl_sars2_2023	34026	0	0	0	NA
rand.24	3	sfl_sars2_2023	0	0	0	0	0
rand.25	2	sfl_sars2_2023	20758	0	0	0	NA
rand.25	3	sfl_sars2_2023	0	0	0	0	0
rand.26	2	sfl_sars2_2023	23358	0	0	0	NA
rand.26	3	sfl_sars2_2023	0	0	0	0	0
rand.27	2	sfl_sars2_2023	25784	0	0	0	NA
rand.27	3	sfl_sars2_2023	0	0	0	0	0
rand.28	2	sfl_sars2_2023	45077	0	0	0	NA
rand.28	3	sfl_sars2_2023	0	0	0	0	0
rand.29	2	sfl_sars2_2023	6955	17	44.3366886265592	0.340154729608034	NA
rand.29	3	sfl_sars2_2023	28	17	44.3366886265592	73.9637377963738	75.337475894579
rand.3	2	sfl_sars2_2023	6874	7	11.7379527137745	0.137236103964755	NA
rand.3	3	sfl_sars2_2023	16	7	11.7379527137745	58.1703679151475	50.1980982567353
rand.30	2	sfl_sars2_2023	36693	2	2.95956927398589	0.00421504803583048	NA
rand.30	3	sfl_sars2_2023	115	2	2.95956927398589	2.20736786970294	91.075800856968
rand.31	2	sfl_sars2_2023	25988	0	0	0	NA
rand.31	3	sfl_sars2_2023	0	0	0	0	0
rand.32	2	sfl_sars2_2023	35535	0	0	0	NA
rand.32	3	sfl_sars2_2023	0	0	0	0	0
rand.33	2	sfl_sars2_2023	22868	0	0	0	NA
rand.33	3	sfl_sars2_2023	0	0	0	0	0
rand.34	2	sfl_sars2_2023	10087	0	0	0	NA
rand.34	3	sfl_sars2_2023	0	0	0	0	0
rand.35	2	sfl_sars2_2023	12001	29	53.9812058990737	0.21684837446337	NA
rand.35	3	sfl_sars2_2023	64	29	53.9812058990737	55.4631665750412	86.4064187625366
rand.36	2	sfl_sars2_2023	24544	3	99.7224358759991	0.280369455863247	NA
rand.36	3	sfl_sars2_2023	59	3	99.7224358759991	55.7602049402569	97.2864449046874
rand.37	2	sfl_sars2_2023	15650	0	0	0	NA
rand.37	3	sfl_sars2_2023	0	0	0	0	0
rand.38	2	sfl_sars2_2023	25915	0	0	0	NA
rand.38	3	sfl_sars2_2023	0	0	0	0	0
rand.39	2	sfl_sars2_2023	20030	0	0	0	NA
rand.39	3	sfl_sars2_2023	0	0	0	0	0
rand.4	2	sfl_sars2_2023	36604	0	0	0	NA
rand.4	3	sfl_sars2_2023	0	0	0	0	0
rand.40	2	sfl_sars2_2023	6190	0	0	0	NA
rand.40	3	sfl_sars2_2023	0	0	0	0	0
rand.41	2	sfl_sars2_2023	32721	0	0	0	NA
rand.41	3	sfl_sars2_2023	0	0	0	0	0
rand.42	2	sfl_sars2_2023	7581	0	0	0	NA
rand.42	3	sfl_sars2_2023	0	0	0	0	0
rand.43	2	sfl_sars2_2023	18541	0	0	0	NA
rand.43	3	sfl_sars2_2023	0	0	0	0	0
rand.44	2	sfl_sars2_2023	16878	0	0	0	NA
rand.44	3	sfl_sars2_2023	0	0	0	0	0
rand.45	2	sfl_sars2_2023	26572	0	0	0	NA
rand.45	3	sfl_sars2_2023	0	0	0	0	0
rand.46	2	sfl_sars2_2023	14942	3	99.5451961341671	0.450802659534271	NA
rand.46	3	sfl_sars2_2023	8	3	99.5451961341671	95.3550949802992	82.9655172413793
rand.47	2	sfl_sars2_2023	32565	0	0	0	NA
rand.47	3	sfl_sars2_2023	0	0	0	0	0
rand.48	2	sfl_sars2_2023	44639	0	0	0	NA
rand.48	3	sfl_sars2_2023	0	0	0	0	0
rand.49	2	sfl_sars2_2023	41215	0	0	0	NA
rand.49	3	sfl_sars2_2023	0	0	0	0	0
rand.5	2	sfl_sars2_2023	25307	0	0	0	NA
rand.5	3	sfl_sars2_2023	0	0	0	0	0
rand.50	2	sfl_sars2_2023	24715	0	0	0	NA
rand.50	3	sfl_sars2_2023	0	0	0	0	0
rand.51	2	sfl_sars2_2023	23934	0	0	0	NA
rand.51	3	sfl_sars2_2023	0	0	0	0	0
rand.52	2	sfl_sars2_2023	29052	0	0	0	NA
rand.52	3	sfl_sars2_2023	0	0	0	0	0
rand.53	2	sfl_sars2_2023	34266	0	0	0	NA
rand.53	3	sfl_sars2_2023	0	0	0	0	0
rand.54	2	sfl_sars2_2023	22201	0	0	0	NA
rand.54	3	sfl_sars2_2023	0	0	0	0	0
rand.55	2	sfl_sars2_2023	17180	0	0	0	NA
rand.55	3	sfl_sars2_2023	0	0	0	0	0
rand.56	2	sfl_sars2_2023	11541	0	0	0	NA
rand.56	3	sfl_sars2_2023	0	0	0	0	0
rand.57	2	sfl_sars2_2023	32736	0	0	0	NA
rand.57	3	sfl_sars2_2023	0	0	0	0	0
rand.58	2	sfl_sars2_2023	29496	0	0	0	NA
rand.58	3	sfl_sars2_2023	0	0	0	0	0
rand.59	2	sfl_sars2_2023	12992	0	0	0	NA
rand.59	3	sfl_sars2_2023	0	0	0	0	0
rand.6	2	sfl_sars2_2023	33113	3	99.6689295388422	0.155358405440192	NA
rand.6	3	sfl_sars2_2023	140	3	99.6689295388422	38.9498033168233	82.1941560526597
rand.60	2	sfl_sars2_2023	24920	26	73.263552151958	0.202492109619697	NA
rand.60	3	sfl_sars2_2023	44	26	73.263552151958	77.5394634388051	100
rand.61	2	sfl_sars2_2023	26945	0	0	0	NA
rand.61	3	sfl_sars2_2023	0	0	0	0	0
rand.62	2	sfl_sars2_2023	24941	2	91.1246363241146	0.242523634239221	NA
rand.62	3	sfl_sars2_2023	77	2	91.1246363241146	51.8347314957484	85.9004739336493
rand.63	2	sfl_sars2_2023	30820	0	0	0	NA
rand.63	3	sfl_sars2_2023	0	0	0	0	0
rand.64	2	sfl_sars2_2023	44108	0	0	0	NA
rand.64	3	sfl_sars2_2023	0	0	0	0	0
rand.65	2	sfl_sars2_2023	16857	1	0.862789686653513	0.00333848037290567	NA
rand.65	3	sfl_sars2_2023	2	1	0.862789686653513	47.3394495412844	100
rand.66	2	sfl_sars2_2023	5860	0	0	0	NA
rand.66	3	sfl_sars2_2023	0	0	0	0	0
rand.67	2	sfl_sars2_2023	26745	3	89.2987325686386	0.196767988339675	NA
rand.67	3	sfl_sars2_2023	49	3	89.2987325686386	63.3432963279248	89.7948618391251
rand.68	2	sfl_sars2_2023	40877	0	0	0	NA
rand.68	3	sfl_sars2_2023	0	0	0	0	0
rand.69	2	sfl_sars2_2023	29268	0	0	0	NA
rand.69	3	sfl_sars2_2023	0	0	0	0	0
rand.7	2	sfl_sars2_2023	7443	2	100	1.06193079994273	NA
rand.7	3	sfl_sars2_2023	18	1	99.6588971006254	84.7558374335201	62.5186567164179
rand.70	2	sfl_sars2_2023	33719	2	99.8862990335418	0.212565375648757	NA
rand.70	3	sfl_sars2_2023	25	2	99.8862990335418	78.5674829681458	92.9553264604811
rand.71	2	sfl_sars2_2023	17743	1	0.822659933785908	0.00291704424207483	NA
rand.71	3	sfl_sars2_2023	29	1	0.822659933785908	2.89037715897074	64.9848759830611
rand.72	2	sfl_sars2_2023	45700	0	0	0	NA
rand.72	3	sfl_sars2_2023	0	0	0	0	0
rand.73	2	sfl_sars2_2023	39001	0	0	0	NA
rand.73	3	sfl_sars2_2023	0	0	0	0	0
rand.74	2	sfl_sars2_2023	29176	0	0	0	NA
rand.74	3	sfl_sars2_2023	0	0	0	0	0
rand.75	2	sfl_sars2_2023	27196	0	0	0	NA
rand.75	3	sfl_sars2_2023	0	0	0	0	0
rand.76	2	sfl_sars2_2023	8020	0	0	0	NA
rand.76	3	sfl_sars2_2023	0	0	0	0	0
rand.77	2	sfl_sars2_2023	9974	0	0	0	NA
rand.77	3	sfl_sars2_2023	0	0	0	0	0
rand.78	2	sfl_sars2_2023	7089	2	6.40403972845534	0.064639233753359	NA
rand.78	3	sfl_sars2_2023	5	2	6.40403972845534	68.0767863490935	33.5189309576837
rand.79	2	sfl_sars2_2023	24452	19	69.3408688091496	0.184212962444721	NA
rand.79	3	sfl_sars2_2023	47	19	69.3408688091496	70.3764043037029	96.7919340054995
rand.8	2	sfl_sars2_2023	24483	0	0	0	NA
rand.8	3	sfl_sars2_2023	0	0	0	0	0
rand.80	2	sfl_sars2_2023	37228	0	0	0	NA
rand.80	3	sfl_sars2_2023	0	0	0	0	0
rand.81	2	sfl_sars2_2023	24821	0	0	0	NA
rand.81	3	sfl_sars2_2023	0	0	0	0	0
rand.82	2	sfl_sars2_2023	28171	5	95.9435508142996	0.221702812055595	NA
rand.82	3	sfl_sars2_2023	35	5	95.9435508142996	76.2950749920221	81.9385236706305
rand.83	2	sfl_sars2_2023	8250	0	0	0	NA
rand.83	3	sfl_sars2_2023	0	0	0	0	0
rand.84	2	sfl_sars2_2023	26730	0	0	0	NA
rand.84	3	sfl_sars2_2023	0	0	0	0	0
rand.85	2	sfl_sars2_2023	15019	0	0	0	NA
rand.85	3	sfl_sars2_2023	0	0	0	0	0
rand.86	2	sfl_sars2_2023	28391	0	0	0	NA
rand.86	3	sfl_sars2_2023	0	0	0	0	0
rand.87	2	sfl_sars2_2023	20180	0	0	0	NA
rand.87	3	sfl_sars2_2023	0	0	0	0	0
rand.88	2	sfl_sars2_2023	10352	0	0	0	NA
rand.88	3	sfl_sars2_2023	0	0	0	0	0
rand.89	2	sfl_sars2_2023	24571	0	0	0	NA
rand.89	3	sfl_sars2_2023	0	0	0	0	0
rand.9	2	sfl_sars2_2023	10622	2	1.78911814868073	0.0167152032428119	NA
rand.9	3	sfl_sars2_2023	20	2	1.78911814868073	7.97317436661699	91.497975708502
rand.90	2	sfl_sars2_2023	34645	0	0	0	NA
rand.90	3	sfl_sars2_2023	0	0	0	0	0
rand.91	2	sfl_sars2_2023	27788	0	0	0	NA
rand.91	3	sfl_sars2_2023	0	0	0	0	0
rand.92	2	sfl_sars2_2023	35389	23	96.4652376015784	0.137798101370887	NA
rand.92	3	sfl_sars2_2023	98	23	96.4652376015784	51.4317298434547	89.4383259911894
rand.93	2	sfl_sars2_2023	9455	0	0	0	NA
rand.93	3	sfl_sars2_2023	0	0	0	0	0
rand.94	2	sfl_sars2_2023	29498	0	0	0	NA
rand.94	3	sfl_sars2_2023	0	0	0	0	0
rand.95	2	sfl_sars2_2023	22565	0	0	0	NA
rand.95	3	sfl_sars2_2023	0	0	0	0	0
rand.96	2	sfl_sars2_2023	27929	0	0	0	NA
rand.96	3	sfl_sars2_2023	0	0	0	0	0
rand.97	2	sfl_sars2_2023	10685	28	53.1786108417216	0.265530007211823	NA
rand.97	3	sfl_sars2_2023	40	28	53.1786108417216	80.102760427161	90.9367088607595
rand.98	2	sfl_sars2_2023	18455	1	99.6588971006254	0.394777245803116	NA
rand.98	3	sfl_sars2_2023	9	1	99.6588971006254	91.3916830225711	14.8557178482366
rand.99	2	sfl_sars2_2023	9510	0	0	0	NA
rand.99	3	sfl_sars2_2023	0	0	0	0	0
rand.93	1	Wendy_li_sars2_2022	2707	2	100	2.12210418712935	NA
rand.79	1	Wendy_li_sars2_2022	2833	1	100	0.400973210462856	NA
rand.92	1	Wendy_li_sars2_2022	4170	1	100	0.749931868820088	NA
rand.24	1	Wendy_li_sars2_2022	8376	1	99.9331659082532	0.463699813374907	NA
rand.45	1	Wendy_li_sars2_2022	2298	1	100	0.399903391949249	NA
rand.23	1	Wendy_li_sars2_2022	3906	1	100	0.725705177743431	NA
rand.70	1	Wendy_li_sars2_2022	1221	1	100	0.571311572605259	NA
rand.16	1	Wendy_li_sars2_2022	3652	1	100	1.34767116715506	NA
rand.7	1	Wendy_li_sars2_2022	2826	1	100	1.8089115014544	NA
rand.22	1	Wendy_li_sars2_2022	3728	1	100	1.22343645977547	NA
rand.94	1	Wendy_li_sars2_2022	2038	3	100	1.25538706331095	NA
rand.31	1	Wendy_li_sars2_2022	3509	1	100	1.2791889523	NA
rand.17	1	Wendy_li_sars2_2022	2179	1	100	0.671249050626531	NA
rand.51	1	Wendy_li_sars2_2022	1107	1	100	0.646282534168728	NA
rand.67	1	Wendy_li_sars2_2022	3570	1	100	1.41231365371208	NA
rand.98	1	Wendy_li_sars2_2022	4069	2	100	0.817716361975489	NA
rand.81	1	Wendy_li_sars2_2022	2320	1	100	0.665035055930624	NA
rand.75	1	Wendy_li_sars2_2022	1335	1	100	4.22823439481103	NA
rand.49	1	Wendy_li_sars2_2022	2999	1	100	1.83243655527128	NA
rand.66	1	Wendy_li_sars2_2022	325	2	100	0.655478282238477	NA
rand.28	1	Wendy_li_sars2_2022	3456	2	100	0.699771135467633	NA
rand.40	1	Wendy_li_sars2_2022	4152	1	100	0.246578818857199	NA
rand.4	1	Wendy_li_sars2_2022	3911	1	100	0.893009108937334	NA
rand.19	1	Wendy_li_sars2_2022	698	1	100	0.613956494879946	NA
rand.21	1	Wendy_li_sars2_2022	1221	1	100	5.09361910756061	NA
rand.33	1	Wendy_li_sars2_2022	1080	1	100	0.637742329222252	NA
rand.52	1	Wendy_li_sars2_2022	2515	1	100	2.27566375107608	NA
rand.53	1	Wendy_li_sars2_2022	3201	1	100	1.63584699358145	NA
rand.32	1	Wendy_li_sars2_2022	1646	1	100	3.52610455967893	NA
rand.10	1	Wendy_li_sars2_2022	1516	1	100	0.655315303651658	NA
rand.76	1	Wendy_li_sars2_2022	1455	1	99.7892765786299	4.11665700962945	NA
rand.34	1	Wendy_li_sars2_2022	4253	5	100	0.85757084043929	NA
rand.88	1	Wendy_li_sars2_2022	3375	3	100	1.49090843888584	NA
rand.91	1	Wendy_li_sars2_2022	3642	2	100	0.885607499433201	NA
rand.1	1	Wendy_li_sars2_2022	1043	1	100	0.586889176324584	NA
rand.54	1	Wendy_li_sars2_2022	5792	1	99.8528297416826	0.671897410925607	NA
rand.77	1	Wendy_li_sars2_2022	3144	1	100	0.694916600973365	NA
rand.65	1	Wendy_li_sars2_2022	3547	1	99.9698603901327	0.621369119738166	NA
rand.15	1	Wendy_li_sars2_2022	3277	1	100	0.725316939015402	NA
rand.58	1	Wendy_li_sars2_2022	1039	1	100	5.63968373493976	NA
rand.6	1	Wendy_li_sars2_2022	4905	2	100	0.776220434715214	NA
rand.38	1	Wendy_li_sars2_2022	5340	2	100	0.772806011662234	NA
rand.84	1	Wendy_li_sars2_2022	3053	4	100	1.70446416189933	NA
rand.60	1	Wendy_li_sars2_2022	1715	1	99.7859640946364	0.639606928649928	NA
rand.82	1	Wendy_li_sars2_2022	1749	3	100	0.896610867612745	NA
rand.47	1	Wendy_li_sars2_2022	3256	2	100	1.58904412932122	NA
rand.83	1	Wendy_li_sars2_2022	4339	1	100	0.985224590758554	NA
rand.46	1	Wendy_li_sars2_2022	4050	2	100	0.742714288023362	NA
rand.69	1	Wendy_li_sars2_2022	3714	1	99.839476583699	0.763122486079501	NA
rand.89	1	Wendy_li_sars2_2022	3545	5	100	0.741730776229289	NA
rand.63	1	Wendy_li_sars2_2022	3513	5	100	1.39464930081965	NA
rand.41	1	Wendy_li_sars2_2022	4056	1	100	1.07733583765406	NA
rand.62	1	Wendy_li_sars2_2022	919	1	100	0.647198651300478	NA
rand.64	1	Wendy_li_sars2_2022	7067	1	100	0.579601966552112	NA
rand.80	1	Wendy_li_sars2_2022	2415	1	100	2.44543335452426	NA
rand.18	1	Wendy_li_sars2_2022	2290	1	100	0.642438409341257	NA
rand.8	1	Wendy_li_sars2_2022	3890	1	100	0.955331595112823	NA
rand.55	1	Wendy_li_sars2_2022	4150	1	100	0.815637407344876	NA
rand.35	1	Wendy_li_sars2_2022	986	1	100	6.46987246127478	NA
rand.71	1	Wendy_li_sars2_2022	2490	2	100	0.687547850380511	NA
rand.85	1	Wendy_li_sars2_2022	1904	1	99.8628414444593	0.634812386813368	NA
rand.96	1	Wendy_li_sars2_2022	4096	2	100	1.2739303774356	NA
rand.5	1	Wendy_li_sars2_2022	6309	1	100	0.737817955921121	NA
rand.97	1	Wendy_li_sars2_2022	3893	3	100	0.850259105260069	NA
rand.50	1	Wendy_li_sars2_2022	1514	1	100	3.89190535039727	NA
rand.68	1	Wendy_li_sars2_2022	1924	1	100	3.16590923252894	NA
rand.3	1	Wendy_li_sars2_2022	800	1	100	8.01437359026706	NA
rand.14	1	Wendy_li_sars2_2022	4545	1	99.9698992386894	0.481030635572227	NA
rand.30	1	Wendy_li_sars2_2022	3982	6	100	1.18963714227245	NA
rand.12	1	Wendy_li_sars2_2022	4486	1	100	0.931862961182946	NA
rand.26	1	Wendy_li_sars2_2022	4057	1	100	0.897772751234924	NA
rand.13	1	Wendy_li_sars2_2022	5362	1	100	0.494867783990022	NA
rand.100	1	Wendy_li_sars2_2022	3694	1	100	1.15172240746043	NA
rand.59	1	Wendy_li_sars2_2022	3288	20	92.769941926418	1.53225997990569	NA
rand.27	1	Wendy_li_sars2_2022	2507	3	100	2.28960093506517	NA
rand.39	1	Wendy_li_sars2_2022	856	2	100	7.14490082129071	NA
rand.44	1	Wendy_li_sars2_2022	4871	3	100	0.900612408188853	NA
rand.25	1	Wendy_li_sars2_2022	934	1	100	0.636908571239167	NA
rand.86	1	Wendy_li_sars2_2022	4061	2	100	1.02474159063914	NA
rand.78	1	Wendy_li_sars2_2022	4110	3	100	0.812284067464054	NA
rand.95	1	Wendy_li_sars2_2022	2782	2	100	1.98881431767338	NA
rand.42	1	Wendy_li_sars2_2022	3908	1	100	1.22754397680604	NA
rand.61	1	Wendy_li_sars2_2022	1748	1	100	0.635084523710959	NA
rand.87	1	Wendy_li_sars2_2022	4014	1	100	1.16655082101478	NA
rand.43	1	Wendy_li_sars2_2022	2007	2	100	2.95615890075452	NA
rand.37	1	Wendy_li_sars2_2022	3720	1	100	1.24499945782885	NA
rand.9	1	Wendy_li_sars2_2022	3175	1	100	1.56898097905041	NA
rand.11	1	Wendy_li_sars2_2022	2584	1	100	0.637341161785049	NA
rand.90	1	Wendy_li_sars2_2022	3029	1	100	1.68423773771524	NA
rand.57	1	Wendy_li_sars2_2022	1613	1	100	0.663441783796812	NA
rand.29	1	Wendy_li_sars2_2022	3862	1	100	1.14998819604197	NA
rand.74	1	Wendy_li_sars2_2022	3339	1	100	1.42582934438332	NA
rand.36	1	Wendy_li_sars2_2022	2423	1	100	2.41614106487716	NA
rand.56	1	Wendy_li_sars2_2022	2740	2	100	0.734807203981231	NA
rand.73	1	Wendy_li_sars2_2022	723	1	100	0.642795096998359	NA
rand.2	1	Wendy_li_sars2_2022	2925	1	100	1.88793352460198	NA
rand.72	1	Wendy_li_sars2_2022	3860	1	100	0.750568360090517	NA
rand.20	1	Wendy_li_sars2_2022	1439	1	100	0.657031230497636	NA
rand.99	1	Wendy_li_sars2_2022	2713	1	100	2.11870845002837	NA
rand.48	1	Wendy_li_sars2_2022	1888	1	100	3.17116426107519	NA
rand.1	2	Wendy_li_sars2_2022	380	1	100	0.637861245990644	NA
rand.1	3	Wendy_li_sars2_2022	22	1	100	68.7465627864345	97.5511401129115
rand.10	2	Wendy_li_sars2_2022	1482	1	100	0.657327706763182	NA
rand.10	3	Wendy_li_sars2_2022	5	1	100	95.7654202620646	79.7735849056604
rand.100	2	Wendy_li_sars2_2022	3199	1	100	1.25811043390454	NA
rand.100	3	Wendy_li_sars2_2022	4	1	100	91.0631694255112	100
rand.11	2	Wendy_li_sars2_2022	2201	1	100	0.673362622993544	NA
rand.11	3	Wendy_li_sars2_2022	5	1	100	93.9824396362496	100
rand.12	2	Wendy_li_sars2_2022	4218	1	100	0.964692002382766	NA
rand.12	3	Wendy_li_sars2_2022	28	1	100	65.9915463191264	97.6566545831176
rand.13	2	Wendy_li_sars2_2022	3136	1	100	0.684362491756319	NA
rand.13	3	Wendy_li_sars2_2022	26	1	100	72.678549775676	100
rand.14	2	Wendy_li_sars2_2022	2727	1	99.9699026853493	0.696747981122964	NA
rand.14	3	Wendy_li_sars2_2022	24	1	99.9699026853493	71.5852490421456	100
rand.15	2	Wendy_li_sars2_2022	2923	1	100	0.755714752471653	NA
rand.15	3	Wendy_li_sars2_2022	7	1	100	84.4394366197183	94.1889934829833
rand.16	2	Wendy_li_sars2_2022	2664	1	100	1.82486000001219	NA
rand.16	3	Wendy_li_sars2_2022	4	1	100	90.3397091655102	100
rand.17	2	Wendy_li_sars2_2022	2135	1	100	0.677166617884874	NA
rand.17	3	Wendy_li_sars2_2022	2	1	100	97.7424721886928	100
rand.18	2	Wendy_li_sars2_2022	2004	1	100	0.661614744872216	NA
rand.18	3	Wendy_li_sars2_2022	5	1	100	95.0331020938262	75.8928571428571
rand.19	2	Wendy_li_sars2_2022	335	1	100	0.644392258705006	NA
rand.19	3	Wendy_li_sars2_2022	13	1	100	86.8938363104716	100
rand.2	2	Wendy_li_sars2_2022	2576	1	100	2.07580134581121	NA
rand.2	3	Wendy_li_sars2_2022	6	1	100	87.2169084513184	100
rand.20	2	Wendy_li_sars2_2022	1392	1	100	0.659534911938186	NA
rand.20	3	Wendy_li_sars2_2022	17	1	100	79.7178458513776	95.8344249410532
rand.21	2	Wendy_li_sars2_2022	1192	1	100	5.18664135389909	NA
rand.21	3	Wendy_li_sars2_2022	12	1	100	83.1325968380541	100
rand.22	2	Wendy_li_sars2_2022	3660	1	100	1.24137223969547	NA
rand.22	3	Wendy_li_sars2_2022	4	1	100	94.8272595212531	100
rand.23	2	Wendy_li_sars2_2022	3588	1	100	0.748758692639914	NA
rand.23	3	Wendy_li_sars2_2022	28	1	100	62.2127448138793	100
rand.24	2	Wendy_li_sars2_2022	3903	1	99.933117078554	0.878853088337926	NA
rand.24	3	Wendy_li_sars2_2022	12	1	99.933117078554	85.8953722334004	82.0052985530874
rand.25	2	Wendy_li_sars2_2022	896	1	100	0.639034847608864	NA
rand.25	3	Wendy_li_sars2_2022	4	1	100	94.3383162863887	100
rand.26	2	Wendy_li_sars2_2022	3996	1	100	0.904201385758723	NA
rand.26	3	Wendy_li_sars2_2022	5	1	100	85.9681811666906	100
rand.27	2	Wendy_li_sars2_2022	2457	3	100	2.32023707714611	NA
rand.27	3	Wendy_li_sars2_2022	10	3	100	87.9289428076257	100
rand.28	2	Wendy_li_sars2_2022	3208	2	100	0.723071075201586	NA
rand.28	3	Wendy_li_sars2_2022	10	2	100	91.7069924993951	100
rand.29	2	Wendy_li_sars2_2022	3521	1	100	1.22040752952203	NA
rand.29	3	Wendy_li_sars2_2022	9	1	100	85.278037449364	100
rand.3	2	Wendy_li_sars2_2022	596	1	100	10.3325755720293	NA
rand.3	3	Wendy_li_sars2_2022	11	1	100	86.5993986353649	100
rand.30	2	Wendy_li_sars2_2022	3764	6	100	1.22888329565073	NA
rand.30	3	Wendy_li_sars2_2022	9	6	100	91.9171405361495	100
rand.31	2	Wendy_li_sars2_2022	3478	1	100	1.28645057741577	NA
rand.31	3	Wendy_li_sars2_2022	6	1	100	84.5899881483154	100
rand.32	2	Wendy_li_sars2_2022	1595	1	100	3.64376907692645	NA
rand.32	3	Wendy_li_sars2_2022	10	1	100	77.9752906219048	100
rand.33	2	Wendy_li_sars2_2022	910	1	100	0.649982003932049	NA
rand.33	3	Wendy_li_sars2_2022	3	1	100	94.8490118577075	80.6015960712093
rand.34	2	Wendy_li_sars2_2022	4211	4	100	0.85590713507444	NA
rand.34	3	Wendy_li_sars2_2022	6	4	100	97.9711065248452	100
rand.35	2	Wendy_li_sars2_2022	640	1	100	9.62741408976153	NA
rand.35	3	Wendy_li_sars2_2022	8	1	100	91.2096282754418	100
rand.36	2	Wendy_li_sars2_2022	2348	1	100	2.47268853785621	NA
rand.36	3	Wendy_li_sars2_2022	12	1	100	86.428839437758	92.4712888132709
rand.37	2	Wendy_li_sars2_2022	3311	1	100	1.33975334804214	NA
rand.37	3	Wendy_li_sars2_2022	11	1	100	83.0087809201961	100
rand.38	2	Wendy_li_sars2_2022	3834	2	100	0.980290702228962	NA
rand.38	3	Wendy_li_sars2_2022	8	2	100	90.0977777777778	100
rand.39	2	Wendy_li_sars2_2022	620	2	100	10.4437192337753	NA
rand.39	3	Wendy_li_sars2_2022	10	2	100	87.102953369357	100
rand.4	2	Wendy_li_sars2_2022	3856	1	100	0.899790722595713	NA
rand.4	3	Wendy_li_sars2_2022	5	1	100	90.9032982370968	100
rand.40	2	Wendy_li_sars2_2022	650	1	100	0.596498436303293	NA
rand.40	3	Wendy_li_sars2_2022	8	1	100	79.5483562081072	100
rand.41	2	Wendy_li_sars2_2022	4005	1	100	1.08480077036158	NA
rand.41	3	Wendy_li_sars2_2022	29	1	100	61.5183085330659	100
rand.42	2	Wendy_li_sars2_2022	3872	1	100	1.23547513733235	NA
rand.42	3	Wendy_li_sars2_2022	2	1	100	95.3907943389009	100
rand.43	2	Wendy_li_sars2_2022	1944	2	100	3.03269912530066	NA
rand.43	3	Wendy_li_sars2_2022	13	2	100	80.8036788492902	100
rand.44	2	Wendy_li_sars2_2022	4437	3	100	0.957001455959495	NA
rand.44	3	Wendy_li_sars2_2022	81	3	100	50.5222277309536	90.3403587294165
rand.45	2	Wendy_li_sars2_2022	620	1	100	0.526497577386953	NA
rand.45	3	Wendy_li_sars2_2022	7	1	100	89.9192458947495	90.8874329958308
rand.46	2	Wendy_li_sars2_2022	3578	2	100	0.783819213198206	NA
rand.46	3	Wendy_li_sars2_2022	10	2	100	89.5314852537419	100
rand.47	2	Wendy_li_sars2_2022	2804	2	100	1.82258299293933	NA
rand.47	3	Wendy_li_sars2_2022	13	2	100	76.7287032834014	100
rand.48	2	Wendy_li_sars2_2022	1796	1	100	3.29595067030033	NA
rand.48	3	Wendy_li_sars2_2022	8	1	100	88.8061472734825	100
rand.49	2	Wendy_li_sars2_2022	2952	1	100	1.85516935177749	NA
rand.49	3	Wendy_li_sars2_2022	12	1	100	82.5248602043908	89.7856242118537
rand.5	2	Wendy_li_sars2_2022	4042	1	100	1.0087916909835	NA
rand.5	3	Wendy_li_sars2_2022	8	1	100	87.3403729237572	100
rand.50	2	Wendy_li_sars2_2022	1421	1	100	4.12157067933406	NA
rand.50	3	Wendy_li_sars2_2022	8	1	100	89.4492131616595	100
rand.51	2	Wendy_li_sars2_2022	1036	1	100	0.650003575615602	NA
rand.51	3	Wendy_li_sars2_2022	16	1	100	82.2862943048392	82.3757162769088
rand.52	2	Wendy_li_sars2_2022	2130	1	100	2.57580835030375	NA
rand.52	3	Wendy_li_sars2_2022	8	1	100	84.1601392515231	100
rand.53	2	Wendy_li_sars2_2022	3133	1	100	1.65964675906116	NA
rand.53	3	Wendy_li_sars2_2022	9	1	100	90.7280760152515	100
rand.54	2	Wendy_li_sars2_2022	3603	1	99.8528575728188	0.931441314892299	NA
rand.54	3	Wendy_li_sars2_2022	29	1	99.8528575728188	69.1644854184522	100
rand.55	2	Wendy_li_sars2_2022	4082	1	100	0.825334506819095	NA
rand.55	3	Wendy_li_sars2_2022	8	1	100	85.5771428571428	100
rand.56	2	Wendy_li_sars2_2022	2724	2	100	0.736114177994164	NA
rand.56	3	Wendy_li_sars2_2022	2	1	100	97.7847276518113	100
rand.57	2	Wendy_li_sars2_2022	1596	1	100	0.66458226780025	NA
rand.57	3	Wendy_li_sars2_2022	2	1	100	94.7499841962197	100
rand.58	2	Wendy_li_sars2_2022	962	1	100	6.11446404042837	NA
rand.58	3	Wendy_li_sars2_2022	7	1	100	88.1688151156631	100
rand.59	2	Wendy_li_sars2_2022	3198	20	92.7699561916864	1.5632457763174	NA
rand.59	3	Wendy_li_sars2_2022	27	20	92.7699561916864	84.4783482550703	100
rand.6	2	Wendy_li_sars2_2022	4136	2	100	0.854980893028333	NA
rand.6	3	Wendy_li_sars2_2022	5	2	100	96.031444148599	100
rand.60	2	Wendy_li_sars2_2022	1599	1	99.7859746513728	0.647268917360903	NA
rand.60	3	Wendy_li_sars2_2022	16	1	99.7859746513728	80.2727859679329	75.8489022228283
rand.61	2	Wendy_li_sars2_2022	1476	1	100	0.650365320904284	NA
rand.61	3	Wendy_li_sars2_2022	11	1	100	85.9394251984298	77.7053189321378
rand.62	2	Wendy_li_sars2_2022	816	1	100	0.653726961486334	NA
rand.62	3	Wendy_li_sars2_2022	7	1	100	92.5183721361082	100
rand.63	2	Wendy_li_sars2_2022	3374	5	100	1.4460764439118	NA
rand.63	3	Wendy_li_sars2_2022	8	5	100	95.0953514295183	100
rand.64	2	Wendy_li_sars2_2022	3929	1	100	0.882629063877732	NA
rand.64	3	Wendy_li_sars2_2022	14	1	100	80.6924315619968	100
rand.65	2	Wendy_li_sars2_2022	2707	1	99.9699026853493	0.690606809456143	NA
rand.65	3	Wendy_li_sars2_2022	9	1	99.9699026853493	89.0338336907315	100
rand.66	2	Wendy_li_sars2_2022	296	2	100	0.657122381681945	NA
rand.66	3	Wendy_li_sars2_2022	10	2	100	91.3154265843276	40.9389023127373
rand.67	2	Wendy_li_sars2_2022	3511	1	100	1.43017399768409	NA
rand.67	3	Wendy_li_sars2_2022	13	1	100	82.5063124382479	86.8057734546596
rand.68	2	Wendy_li_sars2_2022	1892	1	100	3.20944933147179	NA
rand.68	3	Wendy_li_sars2_2022	10	1	100	84.0417180666143	100
rand.69	2	Wendy_li_sars2_2022	3674	1	99.8394809885296	0.766349910414966	NA
rand.69	3	Wendy_li_sars2_2022	26	1	99.8394809885296	65.5016564645999	100
rand.7	2	Wendy_li_sars2_2022	2780	1	100	1.82945224305667	NA
rand.7	3	Wendy_li_sars2_2022	10	1	100	87.6412367522116	100
rand.70	2	Wendy_li_sars2_2022	468	1	100	0.628086937895934	NA
rand.70	3	Wendy_li_sars2_2022	40	1	100	66.8361657522637	50.9818426361802
rand.71	2	Wendy_li_sars2_2022	2462	2	100	0.689202135935227	NA
rand.71	3	Wendy_li_sars2_2022	3	2	100	98.2649586508837	100
rand.72	2	Wendy_li_sars2_2022	3760	1	100	0.75978950783769	NA
rand.72	3	Wendy_li_sars2_2022	34	1	100	64.5434969853575	100
rand.73	2	Wendy_li_sars2_2022	681	1	100	0.645109491030783	NA
rand.73	3	Wendy_li_sars2_2022	58	1	100	55.3575056798242	71.0207290330589
rand.74	2	Wendy_li_sars2_2022	3300	1	100	1.43693098881646	NA
rand.74	3	Wendy_li_sars2_2022	22	1	100	73.6722941379141	100
rand.75	2	Wendy_li_sars2_2022	1100	1	100	4.8923695028158	NA
rand.75	3	Wendy_li_sars2_2022	9	1	100	88.189439623474	100
rand.76	2	Wendy_li_sars2_2022	1412	1	99.7893187974451	4.2212357582805	NA
rand.76	3	Wendy_li_sars2_2022	7	1	99.7893187974451	89.5074689543464	100
rand.77	2	Wendy_li_sars2_2022	2984	1	100	0.706398418315589	NA
rand.77	3	Wendy_li_sars2_2022	7	1	100	92.2504459068823	87.1031746031746
rand.78	2	Wendy_li_sars2_2022	3774	1	100	0.84562962962963	NA
rand.78	3	Wendy_li_sars2_2022	5	1	100	92.648013603339	100
rand.79	2	Wendy_li_sars2_2022	782	1	100	0.6526009438955	NA
rand.79	3	Wendy_li_sars2_2022	8	1	100	87.202190248733	100
rand.8	2	Wendy_li_sars2_2022	3591	1	100	1.0069633873588	NA
rand.8	3	Wendy_li_sars2_2022	3	1	100	93.875508289021	100
rand.80	2	Wendy_li_sars2_2022	2219	1	100	2.71842091672865	NA
rand.80	3	Wendy_li_sars2_2022	7	1	100	88.1226503759399	100
rand.81	2	Wendy_li_sars2_2022	2303	1	100	0.666247892029155	NA
rand.81	3	Wendy_li_sars2_2022	8	1	100	90.9978110178767	100
rand.82	2	Wendy_li_sars2_2022	1631	3	100	0.906179562830066	NA
rand.82	3	Wendy_li_sars2_2022	3	2	100	94.3924431086303	100
rand.83	2	Wendy_li_sars2_2022	4176	1	100	1.0117742014464	NA
rand.83	3	Wendy_li_sars2_2022	16	1	100	73.9826155669696	97.0292331055429
rand.84	2	Wendy_li_sars2_2022	2763	4	100	1.94266948652914	NA
rand.84	3	Wendy_li_sars2_2022	27	4	100	64.8507181441313	100
rand.85	2	Wendy_li_sars2_2022	1641	1	99.8628900110357	0.654332757854151	NA
rand.85	3	Wendy_li_sars2_2022	7	1	99.8628900110357	92.1552894704357	100
rand.86	2	Wendy_li_sars2_2022	3745	2	100	1.07514792962167	NA
rand.86	3	Wendy_li_sars2_2022	4	2	100	97.9641142930773	100
rand.87	2	Wendy_li_sars2_2022	3857	1	100	1.20153973164746	NA
rand.87	3	Wendy_li_sars2_2022	20	1	100	74.7262319561971	100
rand.88	2	Wendy_li_sars2_2022	3269	3	100	1.53858772000454	NA
rand.88	3	Wendy_li_sars2_2022	12	3	100	84.4774562029766	100
rand.89	2	Wendy_li_sars2_2022	3322	5	100	0.76349428852635	NA
rand.89	3	Wendy_li_sars2_2022	13	5	100	87.3287484307625	100
rand.9	2	Wendy_li_sars2_2022	3141	1	100	1.57987793242108	NA
rand.9	3	Wendy_li_sars2_2022	17	1	100	73.8923543479869	100
rand.90	2	Wendy_li_sars2_2022	3007	1	100	1.69275937287134	NA
rand.90	3	Wendy_li_sars2_2022	11	1	100	80.0566299818357	100
rand.91	2	Wendy_li_sars2_2022	3537	1	100	0.886095467201353	NA
rand.91	3	Wendy_li_sars2_2022	2	1	100	95.2680386178862	100
rand.92	2	Wendy_li_sars2_2022	3996	1	100	0.7667543594543	NA
rand.92	3	Wendy_li_sars2_2022	2	1	100	98.9153439153439	0
rand.93	2	Wendy_li_sars2_2022	2666	2	100	2.14937693241971	NA
rand.93	3	Wendy_li_sars2_2022	12	2	100	84.3900940893989	100
rand.94	2	Wendy_li_sars2_2022	1726	3	100	1.29633316391917	NA
rand.94	3	Wendy_li_sars2_2022	26	3	100	86.3984951526552	60.4042553191489
rand.95	2	Wendy_li_sars2_2022	2701	2	100	2.03536056844107	NA
rand.95	3	Wendy_li_sars2_2022	30	2	100	65.2942193035514	100
rand.96	2	Wendy_li_sars2_2022	3876	2	100	1.3200171465698	NA
rand.96	3	Wendy_li_sars2_2022	10	2	100	86.5469322799739	100
rand.97	2	Wendy_li_sars2_2022	3823	3	100	0.857635194886229	NA
rand.97	3	Wendy_li_sars2_2022	3	3	100	100	NA
rand.98	2	Wendy_li_sars2_2022	3959	2	100	0.827479830111011	NA
rand.98	3	Wendy_li_sars2_2022	8	2	100	88.118869348192	100
rand.99	2	Wendy_li_sars2_2022	2569	1	100	2.21655227788083	NA
rand.99	3	Wendy_li_sars2_2022	14	1	100	76.3413205673398	100
rand.74	1	See_sars_2023	12746	33	100	0.491269701067621	NA
rand.31	1	See_sars_2023	6654	1	100	0.954168243029396	NA
rand.62	1	See_sars_2023	4977	38	100	1.52309022718303	NA
rand.15	1	See_sars_2023	6269	11	100	1.11653365673004	NA
rand.76	1	See_sars_2023	9104	22	100	0.648827128157641	NA
rand.48	1	See_sars_2023	12865	40	100	0.640828946891357	NA
rand.8	1	See_sars_2023	9671	29	100	0.728250766695553	NA
rand.52	1	See_sars_2023	12961	29	100	0.576831350382697	NA
rand.22	1	See_sars_2023	8145	3	100	0.576380926308408	NA
rand.36	1	See_sars_2023	14514	12	100	0.441107440008796	NA
rand.87	1	See_sars_2023	2101	1	100	2.65052129930641	NA
rand.71	1	See_sars_2023	13870	2	100	0.330279053734478	NA
rand.34	1	See_sars_2023	8976	2	100	0.541488537982737	NA
rand.67	1	See_sars_2023	2727	1	100	2.36385934349875	NA
rand.5	1	See_sars_2023	15381	1	100	0.355169949544145	NA
rand.90	1	See_sars_2023	8428	4	100	0.69166977529068	NA
rand.2	1	See_sars_2023	4847	8	100	1.48605843781447	NA
rand.11	1	See_sars_2023	6257	1	100	0.876177353257781	NA
rand.35	1	See_sars_2023	7762	1	99.9699424857621	0.669068635152804	NA
rand.57	1	See_sars_2023	9738	8	100	0.511596211818325	NA
rand.16	1	See_sars_2023	11300	6	100	0.442325764495729	NA
rand.75	1	See_sars_2023	11971	2	100	0.492445497806905	NA
rand.99	1	See_sars_2023	1859	2	100	3.52498937212354	NA
rand.6	1	See_sars_2023	13555	25	100	0.438777250735192	NA
rand.14	1	See_sars_2023	5925	1	100	0.650814991195687	NA
rand.82	1	See_sars_2023	9341	13	100	0.698110741358048	NA
rand.43	1	See_sars_2023	9202	7	100	0.690670784998478	NA
rand.27	1	See_sars_2023	3079	6	100	2.27511304617265	NA
rand.97	1	See_sars_2023	2972	17	100	2.18225952748807	NA
rand.59	1	See_sars_2023	8682	2	100	0.685468302428407	NA
rand.46	1	See_sars_2023	6176	15	100	1.06148838877648	NA
rand.44	1	See_sars_2023	4605	15	100	1.29861680824975	NA
rand.60	1	See_sars_2023	11766	40	100	0.725220179798129	NA
rand.29	1	See_sars_2023	9385	9	100	0.695711258620882	NA
rand.13	1	See_sars_2023	9366	1	100	0.660860342710319	NA
rand.78	1	See_sars_2023	4367	2	100	1.50587695625495	NA
rand.69	1	See_sars_2023	4819	7	100	1.41033411424731	NA
rand.38	1	See_sars_2023	11034	1	100	0.479009627554294	NA
rand.9	1	See_sars_2023	11972	52	100	0.681774296979158	NA
rand.20	1	See_sars_2023	5854	9	100	1.06935565275908	NA
rand.50	1	See_sars_2023	9793	3	100	0.470222448983328	NA
rand.41	1	See_sars_2023	20870	33	100	0.324210586256318	NA
rand.33	1	See_sars_2023	6404	28	100	1.30512461767573	NA
rand.92	1	See_sars_2023	10523	1	99.8896387725704	0.462903413273411	NA
rand.89	1	See_sars_2023	9000	22	100	0.823120612685329	NA
rand.80	1	See_sars_2023	7845	8	100	0.711300114301997	NA
rand.45	1	See_sars_2023	12611	8	100	0.389027902253345	NA
rand.18	1	See_sars_2023	9150	25	100	0.805705700240434	NA
rand.73	1	See_sars_2023	10466	28	100	0.752309455507681	NA
rand.98	1	See_sars_2023	7833	2	100	0.843242679148131	NA
rand.25	1	See_sars_2023	9101	8	100	0.727489002683667	NA
rand.3	1	See_sars_2023	14331	14	100	0.375966438717926	NA
rand.81	1	See_sars_2023	15747	2	100	0.298720813717071	NA
rand.55	1	See_sars_2023	20469	1	1.43125936073059	0.00336072718598225	NA
rand.77	1	See_sars_2023	8035	3	100	0.709250497803749	NA
rand.37	1	See_sars_2023	9090	37	100	0.877133066834976	NA
rand.100	1	See_sars_2023	5761	1	100	0.955536912484781	NA
rand.86	1	See_sars_2023	3158	37	100	2.98406227937537	NA
rand.84	1	See_sars_2023	10438	1	100	0.50551307079438	NA
rand.7	1	See_sars_2023	11474	50	100	0.805934020984761	NA
rand.12	1	See_sars_2023	10057	7	100	0.502822895238602	NA
rand.65	1	See_sars_2023	19856	46	100	0.390364515287736	NA
rand.40	1	See_sars_2023	6126	3	100	0.67499818227019	NA
rand.51	1	See_sars_2023	11003	6	100	0.43874225593488	NA
rand.85	1	See_sars_2023	4339	1	100	1.47907378820624	NA
rand.72	1	See_sars_2023	5506	9	100	1.07993973740854	NA
rand.66	1	See_sars_2023	8966	68	100	1.13352098174333	NA
rand.64	1	See_sars_2023	4517	1	100	1.1508440342717	NA
rand.21	1	See_sars_2023	14148	33	100	0.546565394360349	NA
rand.1	1	See_sars_2023	5886	18	100	1.38504780333374	NA
rand.61	1	See_sars_2023	13248	29	100	0.56249718607279	NA
rand.24	1	See_sars_2023	26125	9	100	0.201805696945691	NA
rand.93	1	See_sars_2023	3533	2	100	1.77035278016037	NA
rand.32	1	See_sars_2023	9299	1	100	0.585689706791656	NA
rand.26	1	See_sars_2023	16276	1	99.959882929932	0.311607247477306	NA
rand.49	1	See_sars_2023	13675	23	100	0.46641570924618	NA
rand.17	1	See_sars_2023	2990	29	100	2.8552468386525	NA
rand.56	1	See_sars_2023	15978	47	100	0.492599915813035	NA
rand.54	1	See_sars_2023	20435	9	15.89148	0.0398505771079735	NA
rand.53	1	See_sars_2023	6715	6	100	0.850579639426918	NA
rand.96	1	See_sars_2023	10443	39	100	0.772062969499751	NA
rand.23	1	See_sars_2023	9311	5	100	0.581537072461831	NA
rand.47	1	See_sars_2023	12255	3	100	0.474400736514229	NA
rand.19	1	See_sars_2023	11122	38	100	0.751728828100334	NA
rand.94	1	See_sars_2023	2374	1	99.8562361222848	2.61750043610397	NA
rand.10	1	See_sars_2023	4700	1	100	1.21619150272216	NA
rand.91	1	See_sars_2023	8942	1	100	0.620635910612494	NA
rand.63	1	See_sars_2023	4458	58	100	2.4116651475313	NA
rand.88	1	See_sars_2023	7170	3	100	0.857546201736194	NA
rand.4	1	See_sars_2023	15987	33	100	0.467151081902004	NA
rand.68	1	See_sars_2023	4621	6	100	1.3743268015679	NA
rand.39	1	See_sars_2023	6978	43	100	1.37589105532891	NA
rand.70	1	See_sars_2023	9598	62	100	0.885752081667586	NA
rand.42	1	See_sars_2023	10805	5	100	0.497995944735229	NA
rand.83	1	See_sars_2023	4895	1	100	1.05294489974207	NA
rand.58	1	See_sars_2023	4452	7	100	1.5651130188084	NA
rand.30	1	See_sars_2023	17242	18	100	0.271069069336587	NA
rand.95	1	See_sars_2023	9816	25	100	0.653857878995835	NA
rand.79	1	See_sars_2023	11997	40	100	0.559515215355894	NA
rand.28	1	See_sars_2023	7166	3	100	0.858159486209584	NA
rand.1	2	See_sars_2023	4178	14	100	1.79849981232519	NA
rand.1	3	See_sars_2023	644	14	100	11.7660455076539	64.2730227843177
rand.10	2	See_sars_2023	2098	1	100	2.47549540379259	NA
rand.10	3	See_sars_2023	86	1	100	47.5624614313518	51.3548581774291
rand.100	2	See_sars_2023	2568	1	100	2.40891478930116	NA
rand.100	3	See_sars_2023	343	1	100	17.5146514272385	50.0530222693531
rand.11	2	See_sars_2023	3936	1	100	1.30177283222667	NA
rand.11	3	See_sars_2023	528	1	100	11.7470482289374	63.8228624783247
rand.12	2	See_sars_2023	7519	5	100	0.601373006045597	NA
rand.12	3	See_sars_2023	1037	3	100	6.36792549674993	55.2803420677557
rand.13	2	See_sars_2023	6030	1	100	0.947514904249095	NA
rand.13	3	See_sars_2023	691	1	100	9.08699357883594	56.4200685946112
rand.14	2	See_sars_2023	3126	1	100	1.18910573451155	NA
rand.14	3	See_sars_2023	261	1	100	22.271060636486	49.5139314145744
rand.15	2	See_sars_2023	4073	12	100	1.61587734053891	NA
rand.15	3	See_sars_2023	478	11	100	14.84536529334	56.8610783076109
rand.16	2	See_sars_2023	8699	6	100	0.530069582301033	NA
rand.16	3	See_sars_2023	884	6	100	7.63417603328251	58.4628495530379
rand.17	2	See_sars_2023	1795	16	100	3.76909151442008	NA
rand.17	3	See_sars_2023	163	16	100	36.1890015483742	66.8367826168634
rand.18	2	See_sars_2023	4573	14	100	1.4759110265467	NA
rand.18	3	See_sars_2023	584	14	100	12.5506058683529	52.485299835262
rand.19	2	See_sars_2023	7366	36	100	1.01792153474703	NA
rand.19	3	See_sars_2023	689	35	100	13.8449126177628	49.6256025885345
rand.2	2	See_sars_2023	3543	9	100	1.93437807485551	NA
rand.2	3	See_sars_2023	927	9	100	7.91242254352316	88.0983630090283
rand.20	2	See_sars_2023	3040	8	100	1.94592518113852	NA
rand.20	3	See_sars_2023	118	8	100	40.108630054315	78.9338976219266
rand.21	2	See_sars_2023	9827	32	100	0.732037842916908	NA
rand.21	3	See_sars_2023	966	31	100	9.19814432083022	51.9885710134751
rand.22	2	See_sars_2023	3529	2	100	1.11546175501868	NA
rand.22	3	See_sars_2023	400	2	100	15.2112492284222	55.2617249461398
rand.23	2	See_sars_2023	4681	4	100	1.14388075493426	NA
rand.23	3	See_sars_2023	785	4	100	8.92444338028008	81.4943946118167
rand.24	2	See_sars_2023	13660	6	100	0.298878150093447	NA
rand.24	3	See_sars_2023	1564	6	100	4.43753105917752	61.8733366386852
rand.25	2	See_sars_2023	6613	5	100	0.924180322469103	NA
rand.25	3	See_sars_2023	859	5	100	7.81269336818292	56.674998724685
rand.26	2	See_sars_2023	8437	1	99.9598702471324	0.573173977506407	NA
rand.26	3	See_sars_2023	814	1	99.9598702471324	7.75984486021583	57.8731248768681
rand.27	2	See_sars_2023	1604	5	100	4.06994702014491	NA
rand.27	3	See_sars_2023	166	5	100	32.8919116169362	53.6204016013618
rand.28	2	See_sars_2023	3818	3	100	1.4184279005925	NA
rand.28	3	See_sars_2023	337	3	100	17.9066982151725	58.4891292744547
rand.29	2	See_sars_2023	6363	7	100	0.943576307329657	NA
rand.29	3	See_sars_2023	810	7	100	8.31847968545216	56.4753477334782
rand.3	2	See_sars_2023	10474	12	100	0.453890219657144	NA
rand.3	3	See_sars_2023	394	12	100	18.23772536539	63.9119766709916
rand.30	2	See_sars_2023	11719	11	100	0.313403019692227	NA
rand.30	3	See_sars_2023	1014	11	100	6.99193214469441	55.9889738037904
rand.31	2	See_sars_2023	4388	2	100	1.39581165794814	NA
rand.31	3	See_sars_2023	541	2	100	12.0447411883498	55.0191778871397
rand.32	2	See_sars_2023	4300	1	100	1.25910985092761	NA
rand.32	3	See_sars_2023	422	1	100	14.0290598610669	58.6486839669386
rand.33	2	See_sars_2023	3857	20	100	1.81805956710362	NA
rand.33	3	See_sars_2023	462	20	100	16.4150345774165	52.3615540889043
rand.34	2	See_sars_2023	2717	2	100	1.44837689728435	NA
rand.34	3	See_sars_2023	146	1	100	34.1418910442825	63.6270757935202
rand.35	2	See_sars_2023	3517	1	99.9699026853493	1.45254355468418	NA
rand.35	3	See_sars_2023	352	1	99.9699026853493	17.1110322484631	53.4044139988399
rand.36	2	See_sars_2023	10015	5	100	0.550571632260832	NA
rand.36	3	See_sars_2023	1028	5	100	6.74425973874358	59.3542589268349
rand.37	2	See_sars_2023	5565	35	100	1.34493195103004	NA
rand.37	3	See_sars_2023	598	35	100	15.1630230491159	53.6347110244274
rand.38	2	See_sars_2023	5253	2	100	0.969255203223714	NA
rand.38	3	See_sars_2023	603	1	100	10.484015002679	56.7841102921616
rand.39	2	See_sars_2023	4624	34	100	1.79415444214707	NA
rand.39	3	See_sars_2023	506	34	100	17.8986171361072	58.3653745975204
rand.4	2	See_sars_2023	8713	25	100	0.732852571766474	NA
rand.4	3	See_sars_2023	722	24	100	11.2601213139125	59.8200041562095
rand.40	2	See_sars_2023	4108	5	100	0.874189559429748	NA
rand.40	3	See_sars_2023	503	3	100	12.6596382960487	58.760222440301
rand.41	2	See_sars_2023	12131	30	100	0.45037484827518	NA
rand.41	3	See_sars_2023	939	30	100	9.04005746511592	76.1619924534099
rand.42	2	See_sars_2023	3630	7	100	1.46263982606932	NA
rand.42	3	See_sars_2023	284	5	100	22.1493416324167	54.4175248953544
rand.43	2	See_sars_2023	5896	2	100	0.928343283107558	NA
rand.43	3	See_sars_2023	374	2	100	16.2999661837564	49.7184706350122
rand.44	2	See_sars_2023	2589	15	100	1.97513784438801	NA
rand.44	3	See_sars_2023	128	15	100	43.728558382901	56.3586920765806
rand.45	2	See_sars_2023	8373	6	100	0.497098456578505	NA
rand.45	3	See_sars_2023	595	6	100	11.4171356388075	53.4220456165931
rand.46	2	See_sars_2023	2687	12	100	2.24353916478615	NA
rand.46	3	See_sars_2023	222	12	100	28.3206480689901	64.0736452061139
rand.47	2	See_sars_2023	8362	5	100	0.689018827552331	NA
rand.47	3	See_sars_2023	865	2	100	7.31597162682072	55.183304191932
rand.48	2	See_sars_2023	7997	34	100	0.930616843407881	NA
rand.48	3	See_sars_2023	876	34	100	10.3677025319193	55.1162697189422
rand.49	2	See_sars_2023	8346	18	100	0.748825880838243	NA
rand.49	3	See_sars_2023	721	18	100	10.8010814134956	56.0486375565449
rand.5	2	See_sars_2023	12325	2	100	0.430074142114453	NA
rand.5	3	See_sars_2023	1325	1	100	4.72005685372614	56.3593905304991
rand.50	2	See_sars_2023	7278	3	100	0.563876165266429	NA
rand.50	3	See_sars_2023	753	2	100	8.4724873329104	53.7308283028143
rand.51	2	See_sars_2023	7494	7	100	0.557331920569512	NA
rand.51	3	See_sars_2023	706	7	100	9.89993252177913	57.60377485223
rand.52	2	See_sars_2023	8191	27	100	0.895390076948753	NA
rand.52	3	See_sars_2023	888	27	100	9.64628105629866	59.9806541909615
rand.53	2	See_sars_2023	3785	4	100	1.23979157906052	NA
rand.53	3	See_sars_2023	253	3	100	23.5915764176667	53.0907881207282
rand.54	2	See_sars_2023	10657	11	18.2088753636759	0.0736496449194392	NA
rand.54	3	See_sars_2023	1207	11	18.2088753636759	0.940928036717794	57.3542623582834
rand.55	2	See_sars_2023	11043	2	2.82914757716617	0.0099735582814781	NA
rand.55	3	See_sars_2023	739	1	1.43129451894459	0.132916777948237	60.4239095958057
rand.56	2	See_sars_2023	6287	43	100	0.927747046993852	NA
rand.56	3	See_sars_2023	417	43	100	22.1916983769512	54.8050651862017
rand.57	2	See_sars_2023	6361	2	100	0.652374405437948	NA
rand.57	3	See_sars_2023	634	2	100	10.0998482940517	53.9700221690361
rand.58	2	See_sars_2023	2052	4	100	2.94028324570715	NA
rand.58	3	See_sars_2023	67	3	100	54.070089254826	68.4593077994953
rand.59	2	See_sars_2023	5833	2	100	0.946691540681901	NA
rand.59	3	See_sars_2023	646	2	100	9.81090222403301	58.1757296973652
rand.6	2	See_sars_2023	9044	22	100	0.551956385735991	NA
rand.6	3	See_sars_2023	837	22	100	10.0180121257423	61.3835712452084
rand.60	2	See_sars_2023	7704	31	100	1.00344877404737	NA
rand.60	3	See_sars_2023	982	31	100	9.04925815002978	57.9212870924353
rand.61	2	See_sars_2023	7757	20	100	0.828062036552288	NA
rand.61	3	See_sars_2023	804	20	100	10.0842154183928	56.4139352784263
rand.62	2	See_sars_2023	1577	28	100	3.77896525580079	NA
rand.62	3	See_sars_2023	98	28	100	59.2899881474289	44.0157148870492
rand.63	2	See_sars_2023	2337	50	100	3.86348174348839	NA
rand.63	3	See_sars_2023	186	50	100	48.0557895542962	56.2409007979655
rand.64	2	See_sars_2023	2736	3	100	1.86768308618967	NA
rand.64	3	See_sars_2023	221	2	100	26.5787001676807	55.6796441553472
rand.65	2	See_sars_2023	8890	44	100	0.684846281045935	NA
rand.65	3	See_sars_2023	580	44	100	17.1840908590025	55.5554569929434
rand.66	2	See_sars_2023	5115	58	100	1.69632048714453	NA
rand.66	3	See_sars_2023	369	57	100	27.5098109726544	68.3871106893279
rand.67	2	See_sars_2023	1590	2	100	3.68058772675375	NA
rand.67	3	See_sars_2023	257	2	100	21.7934410885921	67.8683544303798
rand.68	2	See_sars_2023	2624	3	100	2.05981571484935	NA
rand.68	3	See_sars_2023	187	3	100	28.9878925463488	56.0713429416309
rand.69	2	See_sars_2023	3570	6	100	1.74884227431828	NA
rand.69	3	See_sars_2023	965	6	100	7.16969923356991	88.8494579866969
rand.7	2	See_sars_2023	8812	44	100	0.953257584975224	NA
rand.7	3	See_sars_2023	871	43	100	11.0980420985567	57.2348401323043
rand.70	2	See_sars_2023	5838	54	100	1.18971529469877	NA
rand.70	3	See_sars_2023	591	54	100	18.1420465467283	56.8193183943085
rand.71	2	See_sars_2023	7403	6	100	0.655485028324403	NA
rand.71	3	See_sars_2023	641	6	100	10.3530365685559	59.8124484450297
rand.72	2	See_sars_2023	2952	7	100	1.67159373279261	NA
rand.72	3	See_sars_2023	56	7	100	61.0007372261394	53.4632349377151
rand.73	2	See_sars_2023	7684	27	100	0.963479702508165	NA
rand.73	3	See_sars_2023	953	27	100	9.07812263166811	58.478895614377
rand.74	2	See_sars_2023	9000	33	100	0.633802954785098	NA
rand.74	3	See_sars_2023	893	33	100	10.0733201358685	53.9045717708125
rand.75	2	See_sars_2023	8111	1	99.7425007524329	0.656860376537404	NA
rand.75	3	See_sars_2023	834	1	99.7425007524329	7.59588448021189	57.2559352210653
rand.76	2	See_sars_2023	3605	11	100	1.48066427677966	NA
rand.76	3	See_sars_2023	220	10	100	27.0791577068203	66.0253271610434
rand.77	2	See_sars_2023	5168	3	100	1.01983868610229	NA
rand.77	3	See_sars_2023	494	3	100	12.9529853044795	50.902763303944
rand.78	2	See_sars_2023	2821	1	100	2.19489817867349	NA
rand.78	3	See_sars_2023	464	1	100	13.2250641415611	56.118612897654
rand.79	2	See_sars_2023	7568	36	100	0.745791038769396	NA
rand.79	3	See_sars_2023	784	36	100	11.6931453125813	48.9829147037753
rand.8	2	See_sars_2023	3764	15	100	1.44280184798264	NA
rand.8	3	See_sars_2023	259	15	100	25.6711814108515	63.5922902940309
rand.80	2	See_sars_2023	3933	7	100	1.33164422708659	NA
rand.80	3	See_sars_2023	245	6	100	24.1128728518784	69.557601354639
rand.81	2	See_sars_2023	6325	1	100	0.557346539281311	NA
rand.81	3	See_sars_2023	375	1	100	16.4949417198153	54.2175020904799
rand.82	2	See_sars_2023	5602	9	100	1.01559099893091	NA
rand.82	3	See_sars_2023	609	9	100	11.116655259955	53.3132804321109
rand.83	2	See_sars_2023	1960	1	100	2.89023816675053	NA
rand.83	3	See_sars_2023	214	1	100	25.5987614192356	52.2274979593245
rand.84	2	See_sars_2023	4225	3	100	1.20794117120044	NA
rand.84	3	See_sars_2023	395	1	100	15.5103400558645	52.3991216363769
rand.85	2	See_sars_2023	2760	3	100	2.24523120858199	NA
rand.85	3	See_sars_2023	355	1	100	16.9557560210432	51.6014647418631
rand.86	2	See_sars_2023	1671	34	100	5.04959896842555	NA
rand.86	3	See_sars_2023	127	34	100	54.4139858027488	71.1946768270797
rand.87	2	See_sars_2023	1449	1	100	3.46719134557893	NA
rand.87	3	See_sars_2023	58	1	100	58.4391234717394	51.8796992481203
rand.88	2	See_sars_2023	5002	4	100	1.17171016853386	NA
rand.88	3	See_sars_2023	418	3	100	15.2281911633539	51.3966119229277
rand.89	2	See_sars_2023	5620	17	100	1.17581638297444	NA
rand.89	3	See_sars_2023	732	17	100	10.4806516839611	59.0122290215165
rand.9	2	See_sars_2023	6934	49	100	1.0562162730865	NA
rand.9	3	See_sars_2023	718	47	100	14.3086117489621	59.224345073097
rand.90	2	See_sars_2023	3072	6	100	1.90998655296878	NA
rand.90	3	See_sars_2023	367	5	100	17.6546013240245	53.7909604132226
rand.91	2	See_sars_2023	3935	1	100	1.28049046727436	NA
rand.91	3	See_sars_2023	308	1	100	17.5488102501525	52.4487167628413
rand.92	2	See_sars_2023	4619	2	100	0.828162627403837	NA
rand.92	3	See_sars_2023	414	2	100	14.8169398103196	57.3056929196866
rand.93	2	See_sars_2023	2095	1	100	2.75883335711294	NA
rand.93	3	See_sars_2023	188	1	100	28.913628602024	50.8264799283446
rand.94	2	See_sars_2023	1039	1	99.8562017188911	4.91188706278694	NA
rand.94	3	See_sars_2023	73	1	99.8562017188911	51.4960765715271	50.8586666666667
rand.95	2	See_sars_2023	5339	20	100	1.15894609845689	NA
rand.95	3	See_sars_2023	354	20	100	21.1134429819559	53.9168341454246
rand.96	2	See_sars_2023	7107	35	100	1.00276861948013	NA
rand.96	3	See_sars_2023	444	35	100	20.7136721813497	51.8469890016721
rand.97	2	See_sars_2023	2066	6	100	2.51520576429119	NA
rand.97	3	See_sars_2023	133	6	100	37.2231886783582	89.7955362492511
rand.98	2	See_sars_2023	5943	1	100	1.0351624471707	NA
rand.98	3	See_sars_2023	1382	1	100	4.88765501130541	77.2078067876615
rand.99	2	See_sars_2023	1197	2	100	5.03166847778589	NA
rand.99	3	See_sars_2023	177	2	100	30.1488968590371	73.0087556756298
rand.20	1	Pavels_SARS2_2021	21072	21	74.6045080579921	0.174154840819946	NA
rand.12	1	Pavels_SARS2_2021	30117	3	100	0.158098453566546	NA
rand.61	1	Pavels_SARS2_2021	6335	1	100	0.480859217465301	NA
rand.34	1	Pavels_SARS2_2021	22015	11	97.9099084826187	0.186423506604638	NA
rand.27	1	Pavels_SARS2_2021	63637	1	100	0.0879804369627469	NA
rand.64	1	Pavels_SARS2_2021	65404	1	100	0.0805277367346213	NA
rand.17	1	Pavels_SARS2_2021	40979	1	99.9665919741512	0.114902977268253	NA
rand.74	1	Pavels_SARS2_2021	27955	11	100	0.205152295526627	NA
rand.67	1	Pavels_SARS2_2021	22609	1	100	0.139249305755225	NA
rand.19	1	Pavels_SARS2_2021	36160	13	91.8235660746329	0.110887574303822	NA
rand.33	1	Pavels_SARS2_2021	55652	5	100	0.11195499115529	NA
rand.52	1	Pavels_SARS2_2021	20830	12	100	0.282130226418571	NA
rand.68	1	Pavels_SARS2_2021	70515	2	100	0.0725227089217688	NA
rand.15	1	Pavels_SARS2_2021	47869	11	100	0.11497983462792	NA
rand.66	1	Pavels_SARS2_2021	8817	105	100	0.815702398489329	NA
rand.5	1	Pavels_SARS2_2021	56925	1	100	0.071221351731104	NA
rand.87	1	Pavels_SARS2_2021	27186	1	100	0.120826773242905	NA
rand.7	1	Pavels_SARS2_2021	62122	71	100	0.202444573380916	NA
rand.43	1	Pavels_SARS2_2021	62258	1	100	0.0862466201136024	NA
rand.75	1	Pavels_SARS2_2021	10153	2	100	0.343174855926468	NA
rand.55	1	Pavels_SARS2_2021	16685	2	100	0.22597922338491	NA
rand.92	1	Pavels_SARS2_2021	16034	4	100	0.370022175786257	NA
rand.39	1	Pavels_SARS2_2021	21266	4	100	0.174067628974	NA
rand.49	1	Pavels_SARS2_2021	82648	4	100	0.0811029902390157	NA
rand.42	1	Pavels_SARS2_2021	138526	1	100	0.0436545890478383	NA
rand.38	1	Pavels_SARS2_2021	145810	40	100	0.0647788867473394	NA
rand.97	1	Pavels_SARS2_2021	34365	5	100	0.122769230520054	NA
rand.23	1	Pavels_SARS2_2021	34075	1	100	0.116677959632817	NA
rand.88	1	Pavels_SARS2_2021	13493	166	100	1.48873285491325	NA
rand.89	1	Pavels_SARS2_2021	66000	1	100	0.0817417991066366	NA
rand.51	1	Pavels_SARS2_2021	26849	4	100	0.174180093048839	NA
rand.98	1	Pavels_SARS2_2021	29960	69	100	0.190282552250767	NA
rand.100	1	Pavels_SARS2_2021	45185	1	99.9833036722124	0.0761890006048384	NA
rand.18	1	Pavels_SARS2_2021	46178	1	100	0.141131335732286	NA
rand.41	1	Pavels_SARS2_2021	40978	1	100	0.0994186913448232	NA
rand.30	1	Pavels_SARS2_2021	33505	4	100	0.119590710361498	NA
rand.46	1	Pavels_SARS2_2021	16704	30	100	0.254191790010692	NA
rand.37	1	Pavels_SARS2_2021	27498	49	100	0.262911034356344	NA
rand.58	1	Pavels_SARS2_2021	39978	1	100	0.128548633144776	NA
rand.31	1	Pavels_SARS2_2021	140075	1	100	0.0382205305059724	NA
rand.96	1	Pavels_SARS2_2021	72652	64	100	0.127787555574404	NA
rand.94	1	Pavels_SARS2_2021	76666	1	100	0.0619191636042867	NA
rand.65	1	Pavels_SARS2_2021	15096	34	100	0.353161628827961	NA
rand.56	1	Pavels_SARS2_2021	7568	1	100	0.635976160037698	NA
rand.72	1	Pavels_SARS2_2021	34162	1	100	0.0914720606702206	NA
rand.13	1	Pavels_SARS2_2021	42577	1	100	0.107449482570664	NA
rand.9	1	Pavels_SARS2_2021	22643	1	100	0.224012756485414	NA
rand.93	1	Pavels_SARS2_2021	128231	1	100	0.0442455926784104	NA
rand.90	1	Pavels_SARS2_2021	10288	1	100	0.307077566625094	NA
rand.26	1	Pavels_SARS2_2021	36322	1	100	0.141745499162503	NA
rand.69	1	Pavels_SARS2_2021	5045	1	100	0.671376038127373	NA
rand.6	1	Pavels_SARS2_2021	16537	1	100	0.18629289774284	NA
rand.84	1	Pavels_SARS2_2021	11160	1	100	0.347947742556307	NA
rand.14	1	Pavels_SARS2_2021	52048	1	99.7358	0.0897693709157893	NA
rand.10	1	Pavels_SARS2_2021	7626	1	99.8763	0.319796056933678	NA
rand.95	1	Pavels_SARS2_2021	16042	4	99.5652889302515	0.167476787507997	NA
rand.4	1	Pavels_SARS2_2021	21199	1	100	0.254966781020312	NA
rand.35	1	Pavels_SARS2_2021	41530	3	100	0.102870238713687	NA
rand.29	1	Pavels_SARS2_2021	78103	1	99.7224	0.0613793015862927	NA
rand.50	1	Pavels_SARS2_2021	44262	1	100	0.120320230796043	NA
rand.83	1	Pavels_SARS2_2021	15039	2	99.7892973081694	0.349099063527723	NA
rand.73	1	Pavels_SARS2_2021	80562	40	100	0.111738354764561	NA
rand.59	1	Pavels_SARS2_2021	20360	95	100	0.702970923281592	NA
rand.21	1	Pavels_SARS2_2021	9215	1	99.8829882943816	0.567886033403137	NA
rand.40	1	Pavels_SARS2_2021	78101	5	100	0.0679816835882679	NA
rand.45	1	Pavels_SARS2_2021	36696	28	100	0.170418416225525	NA
rand.79	1	Pavels_SARS2_2021	22783	7	100	0.182743041924774	NA
rand.47	1	Pavels_SARS2_2021	63248	1	99.9264441465863	0.0963391074680299	NA
rand.99	1	Pavels_SARS2_2021	63294	1	99.9632505037657	0.0853245511348305	NA
rand.91	1	Pavels_SARS2_2021	13078	1	100	0.29594551676644	NA
rand.62	1	Pavels_SARS2_2021	12855	50	100	0.316071803802836	NA
rand.8	1	Pavels_SARS2_2021	58400	1	100	0.0670011445272902	NA
rand.16	1	Pavels_SARS2_2021	28769	34	100	0.177237702835452	NA
rand.32	1	Pavels_SARS2_2021	60040	1	100	0.0954849890927485	NA
rand.25	1	Pavels_SARS2_2021	69639	1	99.9932775072833	0.0793994521886563	NA
rand.86	1	Pavels_SARS2_2021	52116	1	100	0.0732689927920352	NA
rand.24	1	Pavels_SARS2_2021	29909	128	100	0.414343011933374	NA
rand.44	1	Pavels_SARS2_2021	2501	1	99.9431063140274	1.93146361072406	NA
rand.82	1	Pavels_SARS2_2021	41248	1	99.9565712468194	0.160201293005056	NA
rand.76	1	Pavels_SARS2_2021	40059	1	100	0.108472681934108	NA
rand.3	1	Pavels_SARS2_2021	17180	136	100	0.519511500901371	NA
rand.28	1	Pavels_SARS2_2021	24635	1	100	0.175975137332702	NA
rand.77	1	Pavels_SARS2_2021	42462	30	100	0.144325719827696	NA
rand.63	1	Pavels_SARS2_2021	33878	1	100	0.122197757091333	NA
rand.1	1	Pavels_SARS2_2021	23955	1	100	0.141818454573298	NA
rand.71	1	Pavels_SARS2_2021	59583	2	100	0.0681640340154497	NA
rand.70	1	Pavels_SARS2_2021	44118	28	100	0.135113321854626	NA
rand.36	1	Pavels_SARS2_2021	7495	3	100	0.553317079244474	NA
rand.60	1	Pavels_SARS2_2021	35179	40	100	0.221788436729928	NA
rand.2	1	Pavels_SARS2_2021	73882	1	99.9298180661578	0.0572667043921926	NA
rand.22	1	Pavels_SARS2_2021	53435	1	100	0.0735511579985981	NA
rand.57	1	Pavels_SARS2_2021	37224	1	99.9063180235089	0.163465434378956	NA
rand.48	1	Pavels_SARS2_2021	46472	1	100	0.126724741792207	NA
rand.85	1	Pavels_SARS2_2021	14664	1	99.9899993293766	0.197474727527805	NA
rand.11	1	Pavels_SARS2_2021	21739	1	100	0.240765674214997	NA
rand.53	1	Pavels_SARS2_2021	111405	2	99.4281451055662	0.0469831172081498	NA
rand.80	1	Pavels_SARS2_2021	66652	1	100	0.0786859739614167	NA
rand.54	1	Pavels_SARS2_2021	38760	1	99.8762477815013	0.108865495488366	NA
rand.81	1	Pavels_SARS2_2021	39905	19	100	0.192628183302941	NA
rand.78	1	Pavels_SARS2_2021	58931	1	100	0.338133240627967	NA
rand.1	2	Pavels_SARS2_2021	6026	1	100	0.332847178700892	NA
rand.1	3	Pavels_SARS2_2021	1537	1	100	2.269542779847	86.3382173230691
rand.10	2	Pavels_SARS2_2021	544	1	99.8762665953249	1.47342060914146	NA
rand.10	3	Pavels_SARS2_2021	126	1	99.8762665953249	17.4466220755323	86.7639878572591
rand.100	2	Pavels_SARS2_2021	5855	1	99.9832792696385	0.285440064889927	NA
rand.100	3	Pavels_SARS2_2021	1778	1	99.9832792696385	1.36443728257105	86.2503498994834
rand.11	2	Pavels_SARS2_2021	1454	1	100	1.58107042134617	NA
rand.11	3	Pavels_SARS2_2021	282	1	100	11.2780115471181	83.8522201341371
rand.12	2	Pavels_SARS2_2021	11464	2	100	0.332142752536194	NA
rand.12	3	Pavels_SARS2_2021	1524	2	100	2.78623483396467	81.8940392286335
rand.13	2	Pavels_SARS2_2021	2017	1	100	0.490878219527903	NA
rand.13	3	Pavels_SARS2_2021	717	1	100	4.49512956293722	60.1061763766997
rand.14	2	Pavels_SARS2_2021	1362	1	99.7358124602883	0.948477122409966	NA
rand.14	3	Pavels_SARS2_2021	319	1	99.7358124602883	9.07895377721494	97.3951358011464
rand.15	2	Pavels_SARS2_2021	2893	11	100	0.752504841524298	NA
rand.15	3	Pavels_SARS2_2021	954	11	100	4.28019803485373	78.7795968606483
rand.16	2	Pavels_SARS2_2021	4749	29	100	0.478384099662941	NA
rand.16	3	Pavels_SARS2_2021	1464	29	100	2.16750521320026	78.6542895558024
rand.17	2	Pavels_SARS2_2021	8284	1	99.966558539277	0.335583767907558	NA
rand.17	3	Pavels_SARS2_2021	3413	1	99.966558539277	1.06341349577843	71.7060466735152
rand.18	2	Pavels_SARS2_2021	909	1	100	3.20841622117246	NA
rand.18	3	Pavels_SARS2_2021	267	1	100	14.3572861379582	77.9966828043751
rand.19	2	Pavels_SARS2_2021	3047	13	91.8235628532254	0.523278339367862	NA
rand.19	3	Pavels_SARS2_2021	819	13	91.8235628532254	4.60288430429528	75.6677871867098
rand.2	2	Pavels_SARS2_2021	1421	1	99.9297729324817	1.73492492945808	NA
rand.2	3	Pavels_SARS2_2021	357	1	99.9297729324817	8.8827190953788	77.2497422714045
rand.20	2	Pavels_SARS2_2021	563	20	73.5912784670434	1.52041078589333	NA
rand.20	3	Pavels_SARS2_2021	251	20	73.5912784670434	5.57986926381021	90.9991513953638
rand.21	2	Pavels_SARS2_2021	912	1	99.8829548874695	2.64813058010976	NA
rand.21	3	Pavels_SARS2_2021	257	1	99.8829548874695	9.40887397816945	85.4525918275801
rand.22	2	Pavels_SARS2_2021	9744	1	100	0.214792915086608	NA
rand.22	3	Pavels_SARS2_2021	2477	1	100	1.33466176343295	83.1493640249823
rand.23	2	Pavels_SARS2_2021	1596	1	100	0.553979557071738	NA
rand.23	3	Pavels_SARS2_2021	379	1	100	5.40970837994279	73.872324816305
rand.24	2	Pavels_SARS2_2021	3570	125	100	1.93191970426346	NA
rand.24	3	Pavels_SARS2_2021	1902	125	100	7.52957421970409	30.0647654384666
rand.25	2	Pavels_SARS2_2021	8878	1	99.9933117078554	0.428373049159106	NA
rand.25	3	Pavels_SARS2_2021	3796	1	99.9933117078554	1.48390954906043	19.1232342323917
rand.26	2	Pavels_SARS2_2021	1188	1	100	2.22007415038787	NA
rand.26	3	Pavels_SARS2_2021	457	1	100	8.20121359820119	42.2281481305115
rand.27	2	Pavels_SARS2_2021	4083	1	100	0.667925545782528	NA
rand.27	3	Pavels_SARS2_2021	2163	1	100	1.95512017046345	56.0783021223471
rand.28	2	Pavels_SARS2_2021	902	1	100	1.51501443292091	NA
rand.28	3	Pavels_SARS2_2021	239	1	100	11.5882300635199	80.1351203620701
rand.29	2	Pavels_SARS2_2021	12050	1	99.7224358759991	0.217436718586793	NA
rand.29	3	Pavels_SARS2_2021	981	1	99.7224358759991	3.43468455497684	87.6819874472496
rand.3	2	Pavels_SARS2_2021	2123	139	100	1.61176190383047	NA
rand.3	3	Pavels_SARS2_2021	560	139	100	18.4122380219024	87.2873095956029
rand.30	2	Pavels_SARS2_2021	7329	3	100	0.316963837096505	NA
rand.30	3	Pavels_SARS2_2021	2744	2	100	1.52141606098139	67.7883549582691
rand.31	2	Pavels_SARS2_2021	6623	1	100	0.270032056996797	NA
rand.31	3	Pavels_SARS2_2021	1561	1	100	2.13817541316303	84.3074320375868
rand.32	2	Pavels_SARS2_2021	2318	1	100	1.42993976592581	NA
rand.32	3	Pavels_SARS2_2021	1159	1	100	3.92491043481787	44.5038936992866
rand.33	2	Pavels_SARS2_2021	4831	5	100	0.78112495825767	NA
rand.33	3	Pavels_SARS2_2021	2506	5	100	1.96913516828712	38.8321339422387
rand.34	2	Pavels_SARS2_2021	3416	11	97.9099087048122	0.720687988968388	NA
rand.34	3	Pavels_SARS2_2021	821	11	97.9099087048122	3.87783456885944	78.0162346654615
rand.35	2	Pavels_SARS2_2021	5697	3	100	0.400581784341632	NA
rand.35	3	Pavels_SARS2_2021	2162	3	100	1.91819896407536	52.8889430977977
rand.36	2	Pavels_SARS2_2021	1187	3	100	2.55450698282597	NA
rand.36	3	Pavels_SARS2_2021	274	3	100	12.1319619700649	87.7758108364418
rand.37	2	Pavels_SARS2_2021	1966	30	100	1.48251743124647	NA
rand.37	3	Pavels_SARS2_2021	513	30	100	8.21362200806312	86.6121294730972
rand.38	2	Pavels_SARS2_2021	5106	39	100	1.05134429024069	NA
rand.38	3	Pavels_SARS2_2021	1938	39	100	3.7557908532857	42.6019712945809
rand.39	2	Pavels_SARS2_2021	5372	4	100	0.3948869328141	NA
rand.39	3	Pavels_SARS2_2021	2886	4	100	1.45531215838219	82.9576373014271
rand.4	2	Pavels_SARS2_2021	1415	1	100	1.76309621265834	NA
rand.4	3	Pavels_SARS2_2021	266	1	100	13.2147400784535	88.6577997668748
rand.40	2	Pavels_SARS2_2021	5640	5	100	0.374595997645877	NA
rand.40	3	Pavels_SARS2_2021	1705	3	100	1.77074286219985	87.7352590079749
rand.41	2	Pavels_SARS2_2021	4994	2	100	0.319657652743734	NA
rand.41	3	Pavels_SARS2_2021	850	2	100	2.93893037179357	93.4565882002443
rand.42	2	Pavels_SARS2_2021	3755	1	100	0.758933940372231	NA
rand.42	3	Pavels_SARS2_2021	1305	1	100	3.54555874672701	41.8070993628147
rand.43	2	Pavels_SARS2_2021	3248	1	100	0.687596522977096	NA
rand.43	3	Pavels_SARS2_2021	938	1	100	3.32043545602416	85.3909060945681
rand.44	2	Pavels_SARS2_2021	245	1	99.9431495167709	16.0162488343927	NA
rand.44	3	Pavels_SARS2_2021	148	1	99.9431495167709	26.0830860534125	67.1771317920986
rand.45	2	Pavels_SARS2_2021	3804	30	100	0.665985578412895	NA
rand.45	3	Pavels_SARS2_2021	1239	29	100	3.81995781618506	78.6443496408217
rand.46	2	Pavels_SARS2_2021	1058	28	100	1.61121869407389	NA
rand.46	3	Pavels_SARS2_2021	335	28	100	9.09949177666408	95.2233967172379
rand.47	2	Pavels_SARS2_2021	509	1	99.9264287864094	4.97921231763912	NA
rand.47	3	Pavels_SARS2_2021	180	1	99.9264287864094	20.530279087024	83.0052306229196
rand.48	2	Pavels_SARS2_2021	924	1	100	3.25349771631993	NA
rand.48	3	Pavels_SARS2_2021	334	1	100	10.6089677780217	85.4382004673082
rand.49	2	Pavels_SARS2_2021	3042	4	100	1.64397040863834	NA
rand.49	3	Pavels_SARS2_2021	2011	4	100	2.65686104537306	26.123721687618
rand.5	2	Pavels_SARS2_2021	1352	1	100	2.25401149443462	NA
rand.5	3	Pavels_SARS2_2021	491	1	100	5.93270219761273	52.3742407675437
rand.50	2	Pavels_SARS2_2021	480	1	100	3.16249282452948	NA
rand.50	3	Pavels_SARS2_2021	122	1	100	16.7369752036523	88.5788967954791
rand.51	2	Pavels_SARS2_2021	6541	1	100	0.448049474623975	NA
rand.51	3	Pavels_SARS2_2021	1362	1	100	2.82715412787546	95.7102371571465
rand.52	2	Pavels_SARS2_2021	1430	12	100	2.57808889194826	NA
rand.52	3	Pavels_SARS2_2021	880	11	100	6.46799910086628	61.1048918011236
rand.53	2	Pavels_SARS2_2021	6274	2	99.4281510216366	0.402673201822133	NA
rand.53	3	Pavels_SARS2_2021	3244	2	99.4281510216366	1.17054565096543	62.252776582692
rand.54	2	Pavels_SARS2_2021	3963	1	99.8762665953249	0.458597685483616	NA
rand.54	3	Pavels_SARS2_2021	1151	1	99.8762665953249	2.84887403371412	72.5113355418576
rand.55	2	Pavels_SARS2_2021	1877	2	100	0.927329510452647	NA
rand.55	3	Pavels_SARS2_2021	180	2	100	14.2812640124608	90.7966609400467
rand.56	2	Pavels_SARS2_2021	1443	1	100	2.84902130383591	NA
rand.56	3	Pavels_SARS2_2021	288	1	100	15.2063493677579	77.8687197567952
rand.57	2	Pavels_SARS2_2021	103	1	99.9063639099756	16.9205935659266	NA
rand.57	3	Pavels_SARS2_2021	34	1	99.9063639099756	53.92793963681	65.0276221447322
rand.58	2	Pavels_SARS2_2021	2872	1	100	0.759760442803079	NA
rand.58	3	Pavels_SARS2_2021	884	1	100	4.41303754819779	51.5740452221773
rand.59	2	Pavels_SARS2_2021	1158	96	100	9.50071421915053	NA
rand.59	3	Pavels_SARS2_2021	528	96	100	24.1358962580828	12.7143076715276
rand.6	2	Pavels_SARS2_2021	1331	1	100	0.831886238159656	NA
rand.6	3	Pavels_SARS2_2021	374	1	100	5.91722179148404	89.3700530824618
rand.60	2	Pavels_SARS2_2021	465	39	100	4.96120463276251	NA
rand.60	3	Pavels_SARS2_2021	180	37	100	31.7796518620412	86.2878196060216
rand.61	2	Pavels_SARS2_2021	1557	1	100	1.13608561064602	NA
rand.61	3	Pavels_SARS2_2021	656	1	100	5.33777910262337	79.5264826173941
rand.62	2	Pavels_SARS2_2021	2109	41	100	0.802031336112466	NA
rand.62	3	Pavels_SARS2_2021	699	41	100	5.67731491039463	91.5291222291474
rand.63	2	Pavels_SARS2_2021	3919	1	100	0.580670013709375	NA
rand.63	3	Pavels_SARS2_2021	910	1	100	4.36237894423931	55.9213002253484
rand.64	2	Pavels_SARS2_2021	2068	1	100	0.735476768683407	NA
rand.64	3	Pavels_SARS2_2021	485	1	100	6.93915246921888	88.3199265912298
rand.65	2	Pavels_SARS2_2021	2358	34	100	1.38287792345346	NA
rand.65	3	Pavels_SARS2_2021	322	34	100	10.8994676032281	89.9096868171886
rand.66	2	Pavels_SARS2_2021	988	99	100	3.75163925244431	NA
rand.66	3	Pavels_SARS2_2021	226	99	100	42.3381664719365	87.7294771574728
rand.67	2	Pavels_SARS2_2021	5479	1	100	0.324416920258707	NA
rand.67	3	Pavels_SARS2_2021	1557	0	0	0	80.1718709542218
rand.68	2	Pavels_SARS2_2021	5566	1	100	0.373355587433035	NA
rand.68	3	Pavels_SARS2_2021	1030	1	100	3.11062625003247	86.2405311966508
rand.69	2	Pavels_SARS2_2021	1176	1	100	1.53899414453829	NA
rand.69	3	Pavels_SARS2_2021	528	1	100	7.4278209358389	75.2181084306653
rand.7	2	Pavels_SARS2_2021	1917	72	100	4.34271228663581	NA
rand.7	3	Pavels_SARS2_2021	1336	72	100	7.54192495756121	51.9031930060967
rand.70	2	Pavels_SARS2_2021	2939	20	100	0.925960171433559	NA
rand.70	3	Pavels_SARS2_2021	747	20	100	4.80428616935128	80.8395923792169
rand.71	2	Pavels_SARS2_2021	565	2	100	4.51036968364913	NA
rand.71	3	Pavels_SARS2_2021	284	2	100	10.431939425228	49.695665539502
rand.72	2	Pavels_SARS2_2021	6978	1	100	0.216144068693406	NA
rand.72	3	Pavels_SARS2_2021	1244	1	100	2.64428791216754	87.1731146624356
rand.73	2	Pavels_SARS2_2021	6828	41	100	0.788818987122042	NA
rand.73	3	Pavels_SARS2_2021	1857	41	100	4.19348065292601	31.054031631484
rand.74	2	Pavels_SARS2_2021	1801	12	100	1.1857740451867	NA
rand.74	3	Pavels_SARS2_2021	651	10	100	5.54273480286422	94.8941668237144
rand.75	2	Pavels_SARS2_2021	1325	2	100	1.57858709760119	NA
rand.75	3	Pavels_SARS2_2021	509	2	100	5.99201799693485	68.3404439005582
rand.76	2	Pavels_SARS2_2021	1503	1	100	0.882911754877152	NA
rand.76	3	Pavels_SARS2_2021	560	1	100	4.00773997126991	95.7515062511517
rand.77	2	Pavels_SARS2_2021	2177	26	100	1.09841002144749	NA
rand.77	3	Pavels_SARS2_2021	730	25	100	6.1462629199017	77.0495250428897
rand.78	2	Pavels_SARS2_2021	633	1	100	9.51889109464875	NA
rand.78	3	Pavels_SARS2_2021	255	0	0	0	66.0586141848661
rand.79	2	Pavels_SARS2_2021	4816	7	100	0.524605089742202	NA
rand.79	3	Pavels_SARS2_2021	1292	5	100	2.1444176036867	91.838023248951
rand.8	2	Pavels_SARS2_2021	558	1	100	2.21416553724214	NA
rand.8	3	Pavels_SARS2_2021	167	1	100	16.4832621573219	80.5861627584751
rand.80	2	Pavels_SARS2_2021	117	1	100	7.40345631587024	NA
rand.80	3	Pavels_SARS2_2021	28	1	100	69.7307378482341	46.8345656192237
rand.81	2	Pavels_SARS2_2021	2845	16	100	2.26622474747475	NA
rand.81	3	Pavels_SARS2_2021	1629	16	100	4.21803542975855	12.1246805759508
rand.82	2	Pavels_SARS2_2021	4838	1	99.9565261010601	1.11380692050832	NA
rand.82	3	Pavels_SARS2_2021	2504	1	99.9565261010601	2.39446988807916	13.8095523402355
rand.83	2	Pavels_SARS2_2021	176	2	99.7893187974451	12.9419520488533	NA
rand.83	3	Pavels_SARS2_2021	23	2	99.7893187974451	52.1240916713248	85.3145067133684
rand.84	2	Pavels_SARS2_2021	826	1	100	1.4324052395599	NA
rand.84	3	Pavels_SARS2_2021	325	1	100	7.53203516324355	77.0875143446078
rand.85	2	Pavels_SARS2_2021	2513	1	99.9899675617831	0.582996923960043	NA
rand.85	3	Pavels_SARS2_2021	740	1	99.9899675617831	4.68496361710529	79.0771840765923
rand.86	2	Pavels_SARS2_2021	8246	1	100	0.260285176267951	NA
rand.86	3	Pavels_SARS2_2021	2093	1	100	1.7811404801677	72.6123145875574
rand.87	2	Pavels_SARS2_2021	4311	1	100	0.380800480014718	NA
rand.87	3	Pavels_SARS2_2021	1183	1	100	2.63505423299056	78.238012134803
rand.88	2	Pavels_SARS2_2021	907	149	100	17.7014522998469	NA
rand.88	3	Pavels_SARS2_2021	535	149	100	30.0838028339089	30.0715519368369
rand.89	2	Pavels_SARS2_2021	2332	1	100	0.706224460426899	NA
rand.89	3	Pavels_SARS2_2021	556	1	100	7.08034777997922	71.7422428287563
rand.9	2	Pavels_SARS2_2021	1376	1	100	1.27441288953799	NA
rand.9	3	Pavels_SARS2_2021	389	1	100	7.45955900652033	97.2163207349279
rand.90	2	Pavels_SARS2_2021	2567	1	100	0.700038941757734	NA
rand.90	3	Pavels_SARS2_2021	998	1	100	3.33218966734915	80.1824184561844
rand.91	2	Pavels_SARS2_2021	3333	1	100	0.569099494140119	NA
rand.91	3	Pavels_SARS2_2021	1395	1	100	3.57147543447583	70.6872727677583
rand.92	2	Pavels_SARS2_2021	1269	2	100	2.50929629023918	NA
rand.92	3	Pavels_SARS2_2021	405	2	100	12.1977660180999	42.3496218252988
rand.93	2	Pavels_SARS2_2021	4599	1	100	0.437694132036852	NA
rand.93	3	Pavels_SARS2_2021	1817	1	100	2.11953298857977	46.939220152773
rand.94	2	Pavels_SARS2_2021	5803	1	100	0.344388729008198	NA
rand.94	3	Pavels_SARS2_2021	1957	1	100	1.66615128747294	84.5788210150089
rand.95	2	Pavels_SARS2_2021	4969	4	99.5652610106009	0.321617704755962	NA
rand.95	3	Pavels_SARS2_2021	1721	4	99.5652610106009	1.88219779608439	85.6983804624599
rand.96	2	Pavels_SARS2_2021	2342	65	100	1.01065114381126	NA
rand.96	3	Pavels_SARS2_2021	968	65	100	4.87418268278185	86.409550562852
rand.97	2	Pavels_SARS2_2021	3195	5	100	0.518650804123792	NA
rand.97	3	Pavels_SARS2_2021	885	4	100	2.9020638953297	88.6914022703079
rand.98	2	Pavels_SARS2_2021	5214	69	100	0.544060272731605	NA
rand.98	3	Pavels_SARS2_2021	1802	69	100	2.48359816467568	87.2804047448927
rand.99	2	Pavels_SARS2_2021	1394	1	99.9632143932047	1.07873012115324	NA
rand.99	3	Pavels_SARS2_2021	630	1	99.9632143932047	4.22957305253149	76.6163942758028
