	SRR8476493.rna.1	SRR8476529.rna.1	SRR8476462.rna.1	SRR8476489.rna.1	SRR8476480.rna.1	SRR8476457.rna.1	SRR8476441.rna.1	SRR8476533.rna.1	SRR8476431.rna.1	SRR8476448.rna.1	SRR8476538.rna.1	SRR8476452.rna.1	SRR8476487.rna.1	SRR8476464.rna.1	SRR8476447.rna.1	SRR8476475.rna.1	SRR8476534.rna.1	SRR8476450.rna.1	SRR8476520.rna.1	SRR8476456.rna.1	SRR8476499.rna.1	SRR8476530.rna.1	SRR8476523.rna.1	SRR8476494.rna.1	SRR8476539.rna.1	SRR8476497.rna.1	SRR8476524.rna.1	SRR8476445.rna.1	SRR8476444.rna.1	SRR8476463.rna.1	SRR8476521.rna.1	SRR8476468.rna.1	SRR8476430.rna.1	SRR8476506.rna.1	SRR8476543.rna.1	SRR8476453.rna.1	SRR8476467.rna.1	SRR8476512.rna.1	SRR8476504.rna.1	SRR8476451.rna.1	SRR8476477.rna.1	SRR8476518.rna.1	SRR8476454.rna.1	SRR8476466.rna.1	SRR8476495.rna.1	SRR8476434.rna.1	SRR8476439.rna.1	SRR8476541.rna.1	SRR8476536.rna.1	SRR8476460.rna.1	SRR8476440.rna.1	SRR8476503.rna.1	SRR8476473.rna.1	SRR8476479.rna.1	SRR8476500.rna.1	SRR8476498.rna.1	SRR8476476.rna.1	SRR8476455.rna.1	SRR8476483.rna.1	SRR8476436.rna.1	SRR8476484.rna.1	SRR8476474.rna.1	SRR8476509.rna.1	SRR8476458.rna.1	SRR8476469.rna.1	SRR8476511.rna.1	SRR8476490.rna.1	SRR8476496.rna.1	SRR8476478.rna.1	SRR8476488.rna.1	SRR8476502.rna.1	SRR8476527.rna.1	SRR8476515.rna.1	SRR8476435.rna.1	SRR8476517.rna.1	SRR8476433.rna.1	SRR8476492.rna.1	SRR8476438.rna.1	SRR8476491.rna.1	SRR8476449.rna.1	SRR8476542.rna.1	SRR8476537.rna.1	SRR8476442.rna.1	SRR8476507.rna.1	SRR8476532.rna.1	SRR8476514.rna.1	SRR8476486.rna.1	SRR8476508.rna.1	SRR8476522.rna.1	SRR8476470.rna.1	SRR8476513.rna.1	SRR8476459.rna.1	SRR8476505.rna.1	SRR8476471.rna.1	SRR8476485.rna.1	SRR8476528.rna.1	SRR8476525.rna.1	SRR8476432.rna.1	SRR8476510.rna.1	SRR8476535.rna.1	SRR8476501.rna.1	SRR8476437.rna.1	SRR8476544.rna.1	SRR8476465.rna.1	SRR8476481.rna.1	SRR8476531.rna.1	SRR8476472.rna.1	SRR8476516.rna.1	SRR8476461.rna.1	SRR8476482.rna.1	SRR8476443.rna.1	SRR8476526.rna.1	SRR8476446.rna.1	SRR8476519.rna.1	SRR8476540.rna.1
SRR8476493.rna.1	0.0000000000	0.5000000000	0.5000000000	0.5000000000	0.5000000000	0.5000000000	0.5000000000	0.5000000000	0.5000000000	0.5000000000	0.5000000000	0.5000000000	0.5000000000	0.5000000000	0.5000000000	0.5000000000	0.5000000000	0.5000000000	0.5000000000	0.5000000000	0.5000000000	0.5000000000	0.5000000000	0.5000000000	0.5000000000	0.5000000000	0.5000000000	0.5000000000	0.5000000000	0.5000000000	0.5000000000	0.5000000000	0.5000000000	0.5000000000	0.5000000000	0.5000000000	0.5000000000	0.5000000000	0.5000000000	0.5000000000	0.5000000000	0.5000000000	0.5000000000	0.5000000000	0.5000000000	0.5000000000	0.5000000000	0.5000000000	0.5000000000	0.5000000000	0.5000000000	0.5000000000	0.5000000000	0.5000000000	0.5000000000	0.5000000000	0.5000000000	0.5000000000	0.5000000000	0.5000000000	0.5000000000	0.5000000000	0.5000000000	0.5000000000	0.5000000000	0.5000000000	0.5000000000	0.5000000000	0.5000000000	0.5000000000	0.5000000000	0.4838234937	0.5000000000	0.5000000000	0.5000000000	0.5000000000	0.5000000000	0.5000000000	0.5000000000	0.5000000000	0.5000000000	0.5000000000	0.5000000000	0.5000000000	0.5000000000	0.5000000000	0.5000000000	0.5000000000	0.5000000000	0.5000000000	0.5000000000	0.5000000000	0.5000000000	0.5000000000	0.5000000000	0.5000000000	0.5000000000	0.5000000000	0.4977411928	0.5000000000	0.5000000000	0.5000000000	0.5000000000	0.5000000000	0.5000000000	0.5000000000	0.5000000000	0.5000000000	0.5000000000	0.5000000000	0.5000000000	0.5000000000	0.5000000000	0.5000000000	0.5000000000
SRR8476529.rna.1	0.5000000000	0.0000000000	0.5000000000	0.5000000000	0.5000000000	0.5000000000	0.5000000000	0.5000000000	0.5000000000	0.5000000000	0.5000000000	0.5000000000	0.5000000000	0.5000000000	0.5000000000	0.5000000000	0.5000000000	0.5000000000	0.5000000000	0.5000000000	0.5000000000	0.5000000000	0.5000000000	0.5000000000	0.5000000000	0.5000000000	0.5000000000	0.5000000000	0.5000000000	0.5000000000	0.5000000000	0.5000000000	0.5000000000	0.5000000000	0.5000000000	0.5000000000	0.5000000000	0.5000000000	0.5000000000	0.5000000000	0.5000000000	0.5000000000	0.5000000000	0.5000000000	0.5000000000	0.5000000000	0.5000000000	0.5000000000	0.5000000000	0.5000000000	0.5000000000	0.5000000000	0.5000000000	0.5000000000	0.5000000000	0.5000000000	0.5000000000	0.5000000000	0.5000000000	0.5000000000	0.5000000000	0.5000000000	0.5000000000	0.5000000000	0.5000000000	0.5000000000	0.5000000000	0.5000000000	0.5000000000	0.5000000000	0.5000000000	0.5000000000	0.5000000000	0.5000000000	0.5000000000	0.5000000000	0.5000000000	0.5000000000	0.5000000000	0.5000000000	0.5000000000	0.5000000000	0.5000000000	0.5000000000	0.5000000000	0.5000000000	0.5000000000	0.5000000000	0.5000000000	0.5000000000	0.5000000000	0.5000000000	0.5000000000	0.5000000000	0.5000000000	0.5000000000	0.5000000000	0.5000000000	0.5000000000	0.5000000000	0.5000000000	0.5000000000	0.5000000000	0.5000000000	0.5000000000	0.5000000000	0.5000000000	0.5000000000	0.5000000000	0.5000000000	0.5000000000	0.5000000000	0.5000000000	0.5000000000	0.5000000000
SRR8476462.rna.1	0.5000000000	0.5000000000	0.0000000000	0.5000000000	0.5000000000	0.5000000000	0.5000000000	0.5000000000	0.5000000000	0.5000000000	0.5000000000	0.5000000000	0.5000000000	0.5000000000	0.5000000000	0.5000000000	0.5000000000	0.5000000000	0.5000000000	0.5000000000	0.5000000000	0.5000000000	0.5000000000	0.5000000000	0.5000000000	0.5000000000	0.5000000000	0.5000000000	0.5000000000	0.5000000000	0.5000000000	0.5000000000	0.5000000000	0.5000000000	0.5000000000	0.5000000000	0.5000000000	0.5000000000	0.5000000000	0.5000000000	0.5000000000	0.5000000000	0.5000000000	0.5000000000	0.5000000000	0.5000000000	0.5000000000	0.5000000000	0.5000000000	0.5000000000	0.5000000000	0.5000000000	0.5000000000	0.5000000000	0.5000000000	0.5000000000	0.5000000000	0.5000000000	0.5000000000	0.5000000000	0.5000000000	0.5000000000	0.5000000000	0.5000000000	0.5000000000	0.5000000000	0.5000000000	0.5000000000	0.5000000000	0.5000000000	0.5000000000	0.5000000000	0.5000000000	0.5000000000	0.5000000000	0.5000000000	0.5000000000	0.5000000000	0.5000000000	0.5000000000	0.5000000000	0.5000000000	0.5000000000	0.5000000000	0.5000000000	0.5000000000	0.5000000000	0.5000000000	0.5000000000	0.5000000000	0.5000000000	0.5000000000	0.5000000000	0.5000000000	0.5000000000	0.5000000000	0.5000000000	0.5000000000	0.5000000000	0.5000000000	0.5000000000	0.5000000000	0.4975109287	0.5000000000	0.5000000000	0.5000000000	0.5000000000	0.5000000000	0.5000000000	0.5000000000	0.5000000000	0.5000000000	0.5000000000	0.5000000000	0.5000000000
SRR8476489.rna.1	0.5000000000	0.5000000000	0.5000000000	0.0000000000	0.5000000000	0.5000000000	0.5000000000	0.5000000000	0.5000000000	0.5000000000	0.5000000000	0.5000000000	0.5000000000	0.5000000000	0.5000000000	0.5000000000	0.5000000000	0.5000000000	0.5000000000	0.5000000000	0.4999986356	0.5000000000	0.5000000000	0.5000000000	0.5000000000	0.5000000000	0.5000000000	0.5000000000	0.5000000000	0.5000000000	0.5000000000	0.5000000000	0.4908448099	0.5000000000	0.5000000000	0.4480486295	0.5000000000	0.5000000000	0.5000000000	0.5000000000	0.5000000000	0.5000000000	0.5000000000	0.5000000000	0.5000000000	0.5000000000	0.5000000000	0.5000000000	0.5000000000	0.5000000000	0.5000000000	0.5000000000	0.5000000000	0.5000000000	0.5000000000	0.5000000000	0.5000000000	0.5000000000	0.5000000000	0.5000000000	0.5000000000	0.5000000000	0.5000000000	0.4955031124	0.4689798503	0.5000000000	0.5000000000	0.5000000000	0.5000000000	0.5000000000	0.5000000000	0.5000000000	0.5000000000	0.5000000000	0.5000000000	0.5000000000	0.5000000000	0.4999581155	0.5000000000	0.5000000000	0.5000000000	0.5000000000	0.5000000000	0.5000000000	0.5000000000	0.5000000000	0.5000000000	0.5000000000	0.5000000000	0.5000000000	0.5000000000	0.5000000000	0.5000000000	0.5000000000	0.5000000000	0.5000000000	0.5000000000	0.5000000000	0.5000000000	0.5000000000	0.5000000000	0.5000000000	0.5000000000	0.5000000000	0.5000000000	0.5000000000	0.5000000000	0.5000000000	0.5000000000	0.5000000000	0.5000000000	0.5000000000	0.5000000000	0.5000000000	0.5000000000
SRR8476480.rna.1	0.5000000000	0.5000000000	0.5000000000	0.5000000000	0.0000000000	0.5000000000	0.5000000000	0.5000000000	0.5000000000	0.5000000000	0.5000000000	0.5000000000	0.5000000000	0.5000000000	0.5000000000	0.5000000000	0.5000000000	0.5000000000	0.5000000000	0.5000000000	0.5000000000	0.5000000000	0.5000000000	0.5000000000	0.5000000000	0.5000000000	0.5000000000	0.5000000000	0.5000000000	0.5000000000	0.5000000000	0.5000000000	0.5000000000	0.5000000000	0.5000000000	0.5000000000	0.5000000000	0.5000000000	0.5000000000	0.5000000000	0.5000000000	0.5000000000	0.5000000000	0.5000000000	0.5000000000	0.5000000000	0.5000000000	0.5000000000	0.5000000000	0.5000000000	0.5000000000	0.5000000000	0.5000000000	0.5000000000	0.5000000000	0.5000000000	0.5000000000	0.5000000000	0.5000000000	0.5000000000	0.5000000000	0.5000000000	0.5000000000	0.5000000000	0.5000000000	0.5000000000	0.5000000000	0.5000000000	0.5000000000	0.5000000000	0.5000000000	0.5000000000	0.5000000000	0.5000000000	0.5000000000	0.5000000000	0.5000000000	0.5000000000	0.5000000000	0.5000000000	0.5000000000	0.5000000000	0.5000000000	0.5000000000	0.5000000000	0.5000000000	0.5000000000	0.5000000000	0.5000000000	0.5000000000	0.5000000000	0.5000000000	0.5000000000	0.5000000000	0.5000000000	0.5000000000	0.5000000000	0.5000000000	0.5000000000	0.5000000000	0.5000000000	0.5000000000	0.5000000000	0.5000000000	0.5000000000	0.5000000000	0.5000000000	0.5000000000	0.5000000000	0.5000000000	0.5000000000	0.5000000000	0.5000000000	0.5000000000	0.5000000000
SRR8476457.rna.1	0.5000000000	0.5000000000	0.5000000000	0.5000000000	0.5000000000	0.0000000000	0.5000000000	0.5000000000	0.5000000000	0.5000000000	0.5000000000	0.5000000000	0.5000000000	0.5000000000	0.5000000000	0.5000000000	0.5000000000	0.5000000000	0.5000000000	0.5000000000	0.5000000000	0.5000000000	0.5000000000	0.5000000000	0.5000000000	0.4997709955	0.5000000000	0.5000000000	0.5000000000	0.5000000000	0.5000000000	0.5000000000	0.5000000000	0.5000000000	0.5000000000	0.5000000000	0.5000000000	0.5000000000	0.5000000000	0.5000000000	0.4997942872	0.5000000000	0.5000000000	0.5000000000	0.5000000000	0.5000000000	0.5000000000	0.5000000000	0.5000000000	0.5000000000	0.5000000000	0.5000000000	0.5000000000	0.5000000000	0.5000000000	0.5000000000	0.5000000000	0.5000000000	0.5000000000	0.5000000000	0.5000000000	0.5000000000	0.5000000000	0.5000000000	0.5000000000	0.5000000000	0.5000000000	0.5000000000	0.5000000000	0.5000000000	0.5000000000	0.5000000000	0.5000000000	0.5000000000	0.5000000000	0.5000000000	0.5000000000	0.5000000000	0.5000000000	0.5000000000	0.5000000000	0.5000000000	0.5000000000	0.5000000000	0.5000000000	0.5000000000	0.5000000000	0.5000000000	0.5000000000	0.5000000000	0.5000000000	0.5000000000	0.5000000000	0.5000000000	0.5000000000	0.5000000000	0.5000000000	0.5000000000	0.5000000000	0.5000000000	0.5000000000	0.5000000000	0.5000000000	0.5000000000	0.5000000000	0.5000000000	0.5000000000	0.4974276683	0.5000000000	0.5000000000	0.5000000000	0.5000000000	0.5000000000	0.5000000000	0.5000000000
SRR8476441.rna.1	0.5000000000	0.5000000000	0.5000000000	0.5000000000	0.5000000000	0.5000000000	0.0000000000	0.5000000000	0.5000000000	0.5000000000	0.4999668706	0.5000000000	0.5000000000	0.5000000000	0.5000000000	0.5000000000	0.5000000000	0.5000000000	0.5000000000	0.5000000000	0.5000000000	0.5000000000	0.5000000000	0.5000000000	0.5000000000	0.5000000000	0.5000000000	0.5000000000	0.5000000000	0.5000000000	0.5000000000	0.5000000000	0.5000000000	0.5000000000	0.5000000000	0.5000000000	0.5000000000	0.5000000000	0.5000000000	0.5000000000	0.5000000000	0.5000000000	0.5000000000	0.5000000000	0.5000000000	0.5000000000	0.5000000000	0.5000000000	0.5000000000	0.5000000000	0.5000000000	0.5000000000	0.5000000000	0.5000000000	0.5000000000	0.5000000000	0.5000000000	0.5000000000	0.5000000000	0.5000000000	0.5000000000	0.5000000000	0.5000000000	0.5000000000	0.5000000000	0.4826205464	0.5000000000	0.5000000000	0.5000000000	0.5000000000	0.5000000000	0.5000000000	0.5000000000	0.5000000000	0.5000000000	0.5000000000	0.5000000000	0.5000000000	0.5000000000	0.5000000000	0.5000000000	0.5000000000	0.5000000000	0.5000000000	0.5000000000	0.5000000000	0.5000000000	0.5000000000	0.5000000000	0.5000000000	0.5000000000	0.5000000000	0.5000000000	0.5000000000	0.5000000000	0.5000000000	0.5000000000	0.5000000000	0.5000000000	0.5000000000	0.5000000000	0.5000000000	0.5000000000	0.5000000000	0.5000000000	0.5000000000	0.5000000000	0.5000000000	0.5000000000	0.5000000000	0.5000000000	0.5000000000	0.5000000000	0.5000000000	0.5000000000
SRR8476533.rna.1	0.5000000000	0.5000000000	0.5000000000	0.5000000000	0.5000000000	0.5000000000	0.5000000000	0.0000000000	0.5000000000	0.5000000000	0.5000000000	0.5000000000	0.5000000000	0.5000000000	0.5000000000	0.5000000000	0.5000000000	0.4935369665	0.5000000000	0.5000000000	0.5000000000	0.5000000000	0.5000000000	0.5000000000	0.5000000000	0.5000000000	0.5000000000	0.5000000000	0.5000000000	0.5000000000	0.5000000000	0.5000000000	0.5000000000	0.5000000000	0.5000000000	0.5000000000	0.5000000000	0.5000000000	0.5000000000	0.5000000000	0.5000000000	0.5000000000	0.5000000000	0.5000000000	0.5000000000	0.5000000000	0.5000000000	0.5000000000	0.5000000000	0.5000000000	0.5000000000	0.5000000000	0.5000000000	0.5000000000	0.5000000000	0.5000000000	0.5000000000	0.5000000000	0.5000000000	0.5000000000	0.5000000000	0.5000000000	0.5000000000	0.5000000000	0.5000000000	0.5000000000	0.5000000000	0.5000000000	0.5000000000	0.5000000000	0.5000000000	0.5000000000	0.5000000000	0.5000000000	0.5000000000	0.5000000000	0.5000000000	0.5000000000	0.5000000000	0.5000000000	0.5000000000	0.5000000000	0.5000000000	0.5000000000	0.5000000000	0.5000000000	0.5000000000	0.5000000000	0.5000000000	0.5000000000	0.5000000000	0.5000000000	0.5000000000	0.5000000000	0.5000000000	0.5000000000	0.5000000000	0.5000000000	0.5000000000	0.5000000000	0.5000000000	0.5000000000	0.5000000000	0.5000000000	0.5000000000	0.5000000000	0.5000000000	0.5000000000	0.5000000000	0.5000000000	0.5000000000	0.5000000000	0.5000000000	0.5000000000	0.5000000000
SRR8476431.rna.1	0.5000000000	0.5000000000	0.5000000000	0.5000000000	0.5000000000	0.5000000000	0.5000000000	0.5000000000	0.0000000000	0.5000000000	0.5000000000	0.5000000000	0.5000000000	0.5000000000	0.5000000000	0.5000000000	0.5000000000	0.5000000000	0.5000000000	0.5000000000	0.4988137857	0.5000000000	0.5000000000	0.5000000000	0.5000000000	0.5000000000	0.5000000000	0.5000000000	0.5000000000	0.5000000000	0.5000000000	0.4994574006	0.5000000000	0.5000000000	0.5000000000	0.5000000000	0.5000000000	0.5000000000	0.5000000000	0.5000000000	0.5000000000	0.5000000000	0.5000000000	0.5000000000	0.5000000000	0.5000000000	0.5000000000	0.5000000000	0.5000000000	0.5000000000	0.5000000000	0.5000000000	0.5000000000	0.5000000000	0.5000000000	0.5000000000	0.4981128021	0.4993876333	0.5000000000	0.5000000000	0.5000000000	0.5000000000	0.5000000000	0.5000000000	0.5000000000	0.5000000000	0.5000000000	0.5000000000	0.5000000000	0.5000000000	0.5000000000	0.5000000000	0.5000000000	0.5000000000	0.5000000000	0.5000000000	0.5000000000	0.5000000000	0.5000000000	0.5000000000	0.4860874972	0.5000000000	0.5000000000	0.5000000000	0.5000000000	0.5000000000	0.5000000000	0.5000000000	0.5000000000	0.5000000000	0.5000000000	0.5000000000	0.5000000000	0.5000000000	0.5000000000	0.5000000000	0.5000000000	0.5000000000	0.5000000000	0.5000000000	0.5000000000	0.5000000000	0.5000000000	0.5000000000	0.5000000000	0.5000000000	0.5000000000	0.5000000000	0.5000000000	0.5000000000	0.5000000000	0.5000000000	0.5000000000	0.5000000000	0.5000000000
SRR8476448.rna.1	0.5000000000	0.5000000000	0.5000000000	0.5000000000	0.5000000000	0.5000000000	0.5000000000	0.5000000000	0.5000000000	0.0000000000	0.5000000000	0.5000000000	0.5000000000	0.5000000000	0.5000000000	0.5000000000	0.5000000000	0.5000000000	0.5000000000	0.5000000000	0.5000000000	0.5000000000	0.5000000000	0.5000000000	0.5000000000	0.5000000000	0.5000000000	0.5000000000	0.5000000000	0.5000000000	0.5000000000	0.5000000000	0.5000000000	0.5000000000	0.5000000000	0.5000000000	0.5000000000	0.5000000000	0.5000000000	0.5000000000	0.5000000000	0.5000000000	0.5000000000	0.5000000000	0.5000000000	0.5000000000	0.5000000000	0.5000000000	0.5000000000	0.5000000000	0.5000000000	0.5000000000	0.5000000000	0.5000000000	0.5000000000	0.5000000000	0.5000000000	0.5000000000	0.5000000000	0.5000000000	0.5000000000	0.5000000000	0.5000000000	0.5000000000	0.5000000000	0.5000000000	0.5000000000	0.5000000000	0.5000000000	0.5000000000	0.5000000000	0.5000000000	0.5000000000	0.5000000000	0.5000000000	0.5000000000	0.5000000000	0.5000000000	0.5000000000	0.5000000000	0.5000000000	0.5000000000	0.5000000000	0.5000000000	0.5000000000	0.5000000000	0.5000000000	0.4791144587	0.5000000000	0.5000000000	0.5000000000	0.5000000000	0.5000000000	0.5000000000	0.5000000000	0.5000000000	0.5000000000	0.5000000000	0.5000000000	0.5000000000	0.5000000000	0.5000000000	0.5000000000	0.5000000000	0.5000000000	0.5000000000	0.5000000000	0.5000000000	0.5000000000	0.5000000000	0.5000000000	0.5000000000	0.5000000000	0.5000000000	0.5000000000
SRR8476538.rna.1	0.5000000000	0.5000000000	0.5000000000	0.5000000000	0.5000000000	0.5000000000	0.4999668706	0.5000000000	0.5000000000	0.5000000000	0.0000000000	0.5000000000	0.5000000000	0.5000000000	0.5000000000	0.5000000000	0.5000000000	0.5000000000	0.5000000000	0.5000000000	0.5000000000	0.5000000000	0.5000000000	0.4869323061	0.5000000000	0.5000000000	0.5000000000	0.5000000000	0.5000000000	0.5000000000	0.5000000000	0.5000000000	0.5000000000	0.5000000000	0.5000000000	0.5000000000	0.5000000000	0.5000000000	0.5000000000	0.5000000000	0.5000000000	0.5000000000	0.5000000000	0.5000000000	0.5000000000	0.5000000000	0.5000000000	0.5000000000	0.5000000000	0.5000000000	0.5000000000	0.5000000000	0.5000000000	0.5000000000	0.5000000000	0.5000000000	0.5000000000	0.5000000000	0.5000000000	0.5000000000	0.5000000000	0.5000000000	0.5000000000	0.5000000000	0.5000000000	0.5000000000	0.5000000000	0.5000000000	0.5000000000	0.5000000000	0.5000000000	0.5000000000	0.5000000000	0.5000000000	0.5000000000	0.5000000000	0.5000000000	0.5000000000	0.5000000000	0.5000000000	0.5000000000	0.5000000000	0.5000000000	0.5000000000	0.5000000000	0.5000000000	0.5000000000	0.5000000000	0.5000000000	0.5000000000	0.5000000000	0.5000000000	0.5000000000	0.5000000000	0.5000000000	0.5000000000	0.5000000000	0.5000000000	0.4999998439	0.5000000000	0.5000000000	0.5000000000	0.5000000000	0.5000000000	0.5000000000	0.5000000000	0.5000000000	0.5000000000	0.5000000000	0.5000000000	0.5000000000	0.5000000000	0.5000000000	0.5000000000	0.5000000000
SRR8476452.rna.1	0.5000000000	0.5000000000	0.5000000000	0.5000000000	0.5000000000	0.5000000000	0.5000000000	0.5000000000	0.5000000000	0.5000000000	0.5000000000	0.0000000000	0.5000000000	0.5000000000	0.5000000000	0.5000000000	0.5000000000	0.5000000000	0.5000000000	0.5000000000	0.5000000000	0.5000000000	0.5000000000	0.5000000000	0.5000000000	0.5000000000	0.5000000000	0.5000000000	0.5000000000	0.5000000000	0.5000000000	0.5000000000	0.5000000000	0.5000000000	0.5000000000	0.5000000000	0.4995270511	0.5000000000	0.5000000000	0.5000000000	0.5000000000	0.5000000000	0.5000000000	0.5000000000	0.5000000000	0.5000000000	0.5000000000	0.5000000000	0.5000000000	0.5000000000	0.5000000000	0.5000000000	0.5000000000	0.5000000000	0.5000000000	0.5000000000	0.5000000000	0.5000000000	0.5000000000	0.5000000000	0.5000000000	0.5000000000	0.5000000000	0.5000000000	0.5000000000	0.5000000000	0.5000000000	0.5000000000	0.5000000000	0.5000000000	0.5000000000	0.5000000000	0.5000000000	0.5000000000	0.5000000000	0.5000000000	0.5000000000	0.5000000000	0.5000000000	0.5000000000	0.5000000000	0.5000000000	0.5000000000	0.5000000000	0.5000000000	0.5000000000	0.5000000000	0.5000000000	0.5000000000	0.5000000000	0.5000000000	0.5000000000	0.5000000000	0.5000000000	0.5000000000	0.5000000000	0.5000000000	0.5000000000	0.5000000000	0.5000000000	0.5000000000	0.5000000000	0.5000000000	0.5000000000	0.5000000000	0.5000000000	0.5000000000	0.5000000000	0.5000000000	0.5000000000	0.5000000000	0.5000000000	0.5000000000	0.5000000000	0.5000000000
SRR8476487.rna.1	0.5000000000	0.5000000000	0.5000000000	0.5000000000	0.5000000000	0.5000000000	0.5000000000	0.5000000000	0.5000000000	0.5000000000	0.5000000000	0.5000000000	0.0000000000	0.5000000000	0.5000000000	0.5000000000	0.5000000000	0.5000000000	0.5000000000	0.5000000000	0.5000000000	0.5000000000	0.5000000000	0.5000000000	0.5000000000	0.5000000000	0.5000000000	0.5000000000	0.5000000000	0.5000000000	0.5000000000	0.5000000000	0.5000000000	0.5000000000	0.5000000000	0.5000000000	0.5000000000	0.5000000000	0.5000000000	0.5000000000	0.5000000000	0.5000000000	0.5000000000	0.5000000000	0.5000000000	0.5000000000	0.5000000000	0.5000000000	0.5000000000	0.5000000000	0.5000000000	0.5000000000	0.5000000000	0.5000000000	0.5000000000	0.5000000000	0.5000000000	0.5000000000	0.5000000000	0.5000000000	0.5000000000	0.5000000000	0.5000000000	0.5000000000	0.5000000000	0.5000000000	0.5000000000	0.5000000000	0.5000000000	0.5000000000	0.5000000000	0.5000000000	0.5000000000	0.5000000000	0.5000000000	0.5000000000	0.5000000000	0.5000000000	0.5000000000	0.5000000000	0.5000000000	0.5000000000	0.5000000000	0.5000000000	0.5000000000	0.5000000000	0.5000000000	0.5000000000	0.5000000000	0.5000000000	0.5000000000	0.5000000000	0.5000000000	0.5000000000	0.5000000000	0.5000000000	0.5000000000	0.5000000000	0.5000000000	0.5000000000	0.5000000000	0.5000000000	0.5000000000	0.5000000000	0.5000000000	0.5000000000	0.5000000000	0.5000000000	0.5000000000	0.5000000000	0.5000000000	0.5000000000	0.5000000000	0.5000000000	0.5000000000
SRR8476464.rna.1	0.5000000000	0.5000000000	0.5000000000	0.5000000000	0.5000000000	0.5000000000	0.5000000000	0.5000000000	0.5000000000	0.5000000000	0.5000000000	0.5000000000	0.5000000000	0.0000000000	0.5000000000	0.5000000000	0.5000000000	0.5000000000	0.5000000000	0.5000000000	0.5000000000	0.5000000000	0.5000000000	0.5000000000	0.5000000000	0.5000000000	0.5000000000	0.5000000000	0.5000000000	0.5000000000	0.5000000000	0.5000000000	0.5000000000	0.5000000000	0.5000000000	0.5000000000	0.5000000000	0.5000000000	0.5000000000	0.5000000000	0.5000000000	0.3899178424	0.5000000000	0.5000000000	0.5000000000	0.5000000000	0.5000000000	0.5000000000	0.5000000000	0.5000000000	0.5000000000	0.5000000000	0.5000000000	0.5000000000	0.5000000000	0.5000000000	0.5000000000	0.5000000000	0.5000000000	0.5000000000	0.5000000000	0.5000000000	0.5000000000	0.5000000000	0.5000000000	0.5000000000	0.5000000000	0.5000000000	0.5000000000	0.5000000000	0.5000000000	0.5000000000	0.5000000000	0.5000000000	0.5000000000	0.5000000000	0.5000000000	0.5000000000	0.5000000000	0.5000000000	0.5000000000	0.5000000000	0.5000000000	0.5000000000	0.5000000000	0.5000000000	0.5000000000	0.5000000000	0.5000000000	0.5000000000	0.5000000000	0.5000000000	0.5000000000	0.5000000000	0.5000000000	0.5000000000	0.5000000000	0.5000000000	0.5000000000	0.5000000000	0.5000000000	0.5000000000	0.5000000000	0.5000000000	0.5000000000	0.5000000000	0.5000000000	0.5000000000	0.5000000000	0.5000000000	0.5000000000	0.5000000000	0.4987862072	0.5000000000	0.5000000000
SRR8476447.rna.1	0.5000000000	0.5000000000	0.5000000000	0.5000000000	0.5000000000	0.5000000000	0.5000000000	0.5000000000	0.5000000000	0.5000000000	0.5000000000	0.5000000000	0.5000000000	0.5000000000	0.0000000000	0.5000000000	0.5000000000	0.5000000000	0.5000000000	0.5000000000	0.5000000000	0.5000000000	0.5000000000	0.5000000000	0.5000000000	0.5000000000	0.5000000000	0.5000000000	0.5000000000	0.5000000000	0.5000000000	0.5000000000	0.5000000000	0.5000000000	0.5000000000	0.5000000000	0.5000000000	0.5000000000	0.5000000000	0.5000000000	0.5000000000	0.5000000000	0.5000000000	0.5000000000	0.5000000000	0.5000000000	0.5000000000	0.5000000000	0.4967258024	0.5000000000	0.5000000000	0.5000000000	0.5000000000	0.5000000000	0.5000000000	0.5000000000	0.5000000000	0.5000000000	0.5000000000	0.5000000000	0.5000000000	0.5000000000	0.5000000000	0.5000000000	0.5000000000	0.5000000000	0.5000000000	0.5000000000	0.5000000000	0.5000000000	0.5000000000	0.5000000000	0.5000000000	0.5000000000	0.5000000000	0.5000000000	0.5000000000	0.5000000000	0.5000000000	0.5000000000	0.5000000000	0.5000000000	0.5000000000	0.5000000000	0.5000000000	0.5000000000	0.5000000000	0.5000000000	0.5000000000	0.5000000000	0.5000000000	0.5000000000	0.5000000000	0.5000000000	0.5000000000	0.5000000000	0.5000000000	0.5000000000	0.5000000000	0.5000000000	0.5000000000	0.5000000000	0.5000000000	0.5000000000	0.5000000000	0.5000000000	0.5000000000	0.5000000000	0.5000000000	0.5000000000	0.5000000000	0.5000000000	0.5000000000	0.5000000000	0.5000000000
SRR8476475.rna.1	0.5000000000	0.5000000000	0.5000000000	0.5000000000	0.5000000000	0.5000000000	0.5000000000	0.5000000000	0.5000000000	0.5000000000	0.5000000000	0.5000000000	0.5000000000	0.5000000000	0.5000000000	0.0000000000	0.5000000000	0.5000000000	0.5000000000	0.5000000000	0.5000000000	0.5000000000	0.5000000000	0.5000000000	0.5000000000	0.5000000000	0.5000000000	0.5000000000	0.5000000000	0.5000000000	0.5000000000	0.5000000000	0.5000000000	0.5000000000	0.5000000000	0.5000000000	0.5000000000	0.5000000000	0.5000000000	0.5000000000	0.5000000000	0.5000000000	0.5000000000	0.5000000000	0.5000000000	0.5000000000	0.5000000000	0.5000000000	0.5000000000	0.5000000000	0.5000000000	0.5000000000	0.5000000000	0.5000000000	0.5000000000	0.5000000000	0.5000000000	0.5000000000	0.5000000000	0.5000000000	0.5000000000	0.5000000000	0.5000000000	0.5000000000	0.5000000000	0.5000000000	0.5000000000	0.5000000000	0.5000000000	0.5000000000	0.5000000000	0.5000000000	0.5000000000	0.5000000000	0.5000000000	0.5000000000	0.5000000000	0.5000000000	0.5000000000	0.5000000000	0.5000000000	0.5000000000	0.5000000000	0.5000000000	0.5000000000	0.5000000000	0.5000000000	0.5000000000	0.5000000000	0.5000000000	0.5000000000	0.5000000000	0.5000000000	0.5000000000	0.5000000000	0.5000000000	0.5000000000	0.5000000000	0.5000000000	0.5000000000	0.5000000000	0.5000000000	0.5000000000	0.5000000000	0.5000000000	0.5000000000	0.5000000000	0.5000000000	0.5000000000	0.5000000000	0.5000000000	0.5000000000	0.5000000000	0.5000000000	0.5000000000
SRR8476534.rna.1	0.5000000000	0.5000000000	0.5000000000	0.5000000000	0.5000000000	0.5000000000	0.5000000000	0.5000000000	0.5000000000	0.5000000000	0.5000000000	0.5000000000	0.5000000000	0.5000000000	0.5000000000	0.5000000000	0.0000000000	0.5000000000	0.5000000000	0.5000000000	0.5000000000	0.5000000000	0.5000000000	0.5000000000	0.5000000000	0.5000000000	0.5000000000	0.5000000000	0.5000000000	0.5000000000	0.5000000000	0.5000000000	0.5000000000	0.5000000000	0.5000000000	0.5000000000	0.5000000000	0.5000000000	0.5000000000	0.5000000000	0.5000000000	0.5000000000	0.5000000000	0.5000000000	0.5000000000	0.5000000000	0.5000000000	0.5000000000	0.5000000000	0.5000000000	0.5000000000	0.5000000000	0.5000000000	0.5000000000	0.5000000000	0.5000000000	0.5000000000	0.5000000000	0.5000000000	0.5000000000	0.5000000000	0.5000000000	0.5000000000	0.5000000000	0.5000000000	0.5000000000	0.5000000000	0.5000000000	0.5000000000	0.5000000000	0.5000000000	0.5000000000	0.5000000000	0.5000000000	0.5000000000	0.5000000000	0.5000000000	0.5000000000	0.5000000000	0.5000000000	0.5000000000	0.5000000000	0.5000000000	0.5000000000	0.5000000000	0.5000000000	0.5000000000	0.5000000000	0.5000000000	0.5000000000	0.5000000000	0.5000000000	0.5000000000	0.5000000000	0.5000000000	0.5000000000	0.5000000000	0.5000000000	0.5000000000	0.5000000000	0.5000000000	0.5000000000	0.5000000000	0.5000000000	0.5000000000	0.5000000000	0.5000000000	0.5000000000	0.5000000000	0.5000000000	0.5000000000	0.5000000000	0.5000000000	0.5000000000	0.5000000000
SRR8476450.rna.1	0.5000000000	0.5000000000	0.5000000000	0.5000000000	0.5000000000	0.5000000000	0.5000000000	0.4935369665	0.5000000000	0.5000000000	0.5000000000	0.5000000000	0.5000000000	0.5000000000	0.5000000000	0.5000000000	0.5000000000	0.0000000000	0.5000000000	0.5000000000	0.5000000000	0.5000000000	0.5000000000	0.5000000000	0.5000000000	0.5000000000	0.5000000000	0.5000000000	0.5000000000	0.5000000000	0.5000000000	0.5000000000	0.5000000000	0.5000000000	0.5000000000	0.5000000000	0.4987023593	0.5000000000	0.5000000000	0.5000000000	0.5000000000	0.5000000000	0.5000000000	0.5000000000	0.5000000000	0.5000000000	0.5000000000	0.5000000000	0.5000000000	0.5000000000	0.5000000000	0.5000000000	0.5000000000	0.5000000000	0.5000000000	0.5000000000	0.5000000000	0.5000000000	0.5000000000	0.5000000000	0.5000000000	0.5000000000	0.5000000000	0.5000000000	0.5000000000	0.5000000000	0.5000000000	0.5000000000	0.5000000000	0.5000000000	0.5000000000	0.5000000000	0.5000000000	0.5000000000	0.5000000000	0.5000000000	0.5000000000	0.5000000000	0.5000000000	0.5000000000	0.5000000000	0.5000000000	0.5000000000	0.5000000000	0.5000000000	0.5000000000	0.5000000000	0.5000000000	0.5000000000	0.5000000000	0.5000000000	0.5000000000	0.5000000000	0.5000000000	0.5000000000	0.5000000000	0.5000000000	0.5000000000	0.5000000000	0.5000000000	0.5000000000	0.5000000000	0.5000000000	0.5000000000	0.5000000000	0.5000000000	0.5000000000	0.5000000000	0.5000000000	0.5000000000	0.5000000000	0.5000000000	0.5000000000	0.5000000000	0.5000000000
SRR8476520.rna.1	0.5000000000	0.5000000000	0.5000000000	0.5000000000	0.5000000000	0.5000000000	0.5000000000	0.5000000000	0.5000000000	0.5000000000	0.5000000000	0.5000000000	0.5000000000	0.5000000000	0.5000000000	0.5000000000	0.5000000000	0.5000000000	0.0000000000	0.5000000000	0.5000000000	0.5000000000	0.5000000000	0.5000000000	0.5000000000	0.5000000000	0.5000000000	0.5000000000	0.5000000000	0.5000000000	0.5000000000	0.5000000000	0.5000000000	0.5000000000	0.5000000000	0.5000000000	0.5000000000	0.5000000000	0.5000000000	0.5000000000	0.4936497021	0.5000000000	0.5000000000	0.5000000000	0.4941559108	0.5000000000	0.5000000000	0.5000000000	0.5000000000	0.5000000000	0.5000000000	0.5000000000	0.5000000000	0.5000000000	0.5000000000	0.5000000000	0.5000000000	0.5000000000	0.5000000000	0.5000000000	0.5000000000	0.5000000000	0.5000000000	0.5000000000	0.5000000000	0.5000000000	0.5000000000	0.5000000000	0.5000000000	0.5000000000	0.5000000000	0.5000000000	0.5000000000	0.5000000000	0.5000000000	0.5000000000	0.5000000000	0.5000000000	0.5000000000	0.5000000000	0.5000000000	0.5000000000	0.5000000000	0.5000000000	0.5000000000	0.5000000000	0.5000000000	0.5000000000	0.5000000000	0.5000000000	0.5000000000	0.5000000000	0.5000000000	0.5000000000	0.5000000000	0.5000000000	0.5000000000	0.5000000000	0.5000000000	0.5000000000	0.5000000000	0.5000000000	0.5000000000	0.5000000000	0.5000000000	0.5000000000	0.5000000000	0.5000000000	0.5000000000	0.5000000000	0.5000000000	0.5000000000	0.5000000000	0.5000000000	0.5000000000
SRR8476456.rna.1	0.5000000000	0.5000000000	0.5000000000	0.5000000000	0.5000000000	0.5000000000	0.5000000000	0.5000000000	0.5000000000	0.5000000000	0.5000000000	0.5000000000	0.5000000000	0.5000000000	0.5000000000	0.5000000000	0.5000000000	0.5000000000	0.5000000000	0.0000000000	0.5000000000	0.5000000000	0.5000000000	0.5000000000	0.5000000000	0.5000000000	0.5000000000	0.5000000000	0.5000000000	0.5000000000	0.5000000000	0.5000000000	0.5000000000	0.5000000000	0.5000000000	0.5000000000	0.5000000000	0.5000000000	0.5000000000	0.5000000000	0.5000000000	0.5000000000	0.4956604834	0.5000000000	0.5000000000	0.5000000000	0.5000000000	0.5000000000	0.5000000000	0.5000000000	0.5000000000	0.5000000000	0.5000000000	0.5000000000	0.5000000000	0.5000000000	0.5000000000	0.5000000000	0.5000000000	0.5000000000	0.5000000000	0.5000000000	0.5000000000	0.5000000000	0.5000000000	0.5000000000	0.5000000000	0.5000000000	0.5000000000	0.5000000000	0.5000000000	0.5000000000	0.5000000000	0.5000000000	0.5000000000	0.5000000000	0.5000000000	0.5000000000	0.5000000000	0.5000000000	0.5000000000	0.5000000000	0.5000000000	0.5000000000	0.5000000000	0.5000000000	0.5000000000	0.5000000000	0.5000000000	0.5000000000	0.5000000000	0.5000000000	0.5000000000	0.5000000000	0.5000000000	0.5000000000	0.5000000000	0.5000000000	0.5000000000	0.5000000000	0.5000000000	0.5000000000	0.5000000000	0.5000000000	0.5000000000	0.5000000000	0.5000000000	0.5000000000	0.5000000000	0.5000000000	0.5000000000	0.5000000000	0.5000000000	0.5000000000	0.5000000000
SRR8476499.rna.1	0.5000000000	0.5000000000	0.5000000000	0.4999986356	0.5000000000	0.5000000000	0.5000000000	0.5000000000	0.4988137857	0.5000000000	0.5000000000	0.5000000000	0.5000000000	0.5000000000	0.5000000000	0.5000000000	0.5000000000	0.5000000000	0.5000000000	0.5000000000	0.0000000000	0.5000000000	0.5000000000	0.5000000000	0.5000000000	0.5000000000	0.5000000000	0.5000000000	0.5000000000	0.5000000000	0.5000000000	0.4859622469	0.5000000000	0.5000000000	0.5000000000	0.5000000000	0.5000000000	0.5000000000	0.5000000000	0.5000000000	0.5000000000	0.5000000000	0.5000000000	0.5000000000	0.5000000000	0.5000000000	0.5000000000	0.5000000000	0.5000000000	0.5000000000	0.5000000000	0.5000000000	0.5000000000	0.5000000000	0.5000000000	0.5000000000	0.4995198760	0.5000000000	0.4999350569	0.5000000000	0.5000000000	0.5000000000	0.5000000000	0.5000000000	0.5000000000	0.5000000000	0.5000000000	0.5000000000	0.5000000000	0.5000000000	0.4972210454	0.5000000000	0.5000000000	0.5000000000	0.5000000000	0.5000000000	0.5000000000	0.5000000000	0.4988721488	0.5000000000	0.4943551083	0.5000000000	0.5000000000	0.5000000000	0.5000000000	0.5000000000	0.4999987692	0.5000000000	0.5000000000	0.4893986578	0.5000000000	0.5000000000	0.5000000000	0.5000000000	0.5000000000	0.5000000000	0.5000000000	0.5000000000	0.5000000000	0.5000000000	0.5000000000	0.5000000000	0.4999966843	0.5000000000	0.5000000000	0.5000000000	0.5000000000	0.5000000000	0.5000000000	0.5000000000	0.5000000000	0.5000000000	0.5000000000	0.5000000000	0.5000000000
SRR8476530.rna.1	0.5000000000	0.5000000000	0.5000000000	0.5000000000	0.5000000000	0.5000000000	0.5000000000	0.5000000000	0.5000000000	0.5000000000	0.5000000000	0.5000000000	0.5000000000	0.5000000000	0.5000000000	0.5000000000	0.5000000000	0.5000000000	0.5000000000	0.5000000000	0.5000000000	0.0000000000	0.5000000000	0.5000000000	0.5000000000	0.5000000000	0.5000000000	0.5000000000	0.5000000000	0.5000000000	0.4998348241	0.5000000000	0.5000000000	0.5000000000	0.5000000000	0.5000000000	0.5000000000	0.5000000000	0.5000000000	0.5000000000	0.5000000000	0.5000000000	0.5000000000	0.5000000000	0.5000000000	0.5000000000	0.5000000000	0.5000000000	0.5000000000	0.5000000000	0.5000000000	0.5000000000	0.5000000000	0.5000000000	0.5000000000	0.5000000000	0.5000000000	0.5000000000	0.5000000000	0.5000000000	0.5000000000	0.5000000000	0.5000000000	0.5000000000	0.5000000000	0.5000000000	0.5000000000	0.5000000000	0.5000000000	0.5000000000	0.5000000000	0.5000000000	0.5000000000	0.5000000000	0.5000000000	0.5000000000	0.5000000000	0.5000000000	0.5000000000	0.5000000000	0.5000000000	0.5000000000	0.5000000000	0.5000000000	0.5000000000	0.5000000000	0.5000000000	0.5000000000	0.5000000000	0.5000000000	0.5000000000	0.5000000000	0.5000000000	0.5000000000	0.5000000000	0.5000000000	0.5000000000	0.5000000000	0.5000000000	0.5000000000	0.5000000000	0.5000000000	0.5000000000	0.5000000000	0.5000000000	0.5000000000	0.5000000000	0.5000000000	0.5000000000	0.5000000000	0.5000000000	0.5000000000	0.5000000000	0.5000000000	0.5000000000
SRR8476523.rna.1	0.5000000000	0.5000000000	0.5000000000	0.5000000000	0.5000000000	0.5000000000	0.5000000000	0.5000000000	0.5000000000	0.5000000000	0.5000000000	0.5000000000	0.5000000000	0.5000000000	0.5000000000	0.5000000000	0.5000000000	0.5000000000	0.5000000000	0.5000000000	0.5000000000	0.5000000000	0.0000000000	0.5000000000	0.5000000000	0.5000000000	0.5000000000	0.5000000000	0.5000000000	0.5000000000	0.5000000000	0.5000000000	0.5000000000	0.5000000000	0.5000000000	0.5000000000	0.5000000000	0.5000000000	0.5000000000	0.5000000000	0.5000000000	0.5000000000	0.5000000000	0.5000000000	0.5000000000	0.5000000000	0.5000000000	0.5000000000	0.5000000000	0.5000000000	0.5000000000	0.5000000000	0.5000000000	0.5000000000	0.5000000000	0.5000000000	0.5000000000	0.5000000000	0.5000000000	0.5000000000	0.5000000000	0.5000000000	0.5000000000	0.5000000000	0.5000000000	0.5000000000	0.5000000000	0.5000000000	0.5000000000	0.5000000000	0.5000000000	0.5000000000	0.5000000000	0.5000000000	0.5000000000	0.5000000000	0.5000000000	0.5000000000	0.5000000000	0.5000000000	0.5000000000	0.5000000000	0.5000000000	0.5000000000	0.5000000000	0.5000000000	0.5000000000	0.5000000000	0.5000000000	0.5000000000	0.5000000000	0.5000000000	0.5000000000	0.5000000000	0.5000000000	0.5000000000	0.5000000000	0.5000000000	0.5000000000	0.5000000000	0.5000000000	0.5000000000	0.5000000000	0.5000000000	0.5000000000	0.5000000000	0.5000000000	0.5000000000	0.5000000000	0.5000000000	0.5000000000	0.5000000000	0.5000000000	0.5000000000	0.5000000000
SRR8476494.rna.1	0.5000000000	0.5000000000	0.5000000000	0.5000000000	0.5000000000	0.5000000000	0.5000000000	0.5000000000	0.5000000000	0.5000000000	0.4869323061	0.5000000000	0.5000000000	0.5000000000	0.5000000000	0.5000000000	0.5000000000	0.5000000000	0.5000000000	0.5000000000	0.5000000000	0.5000000000	0.5000000000	0.0000000000	0.5000000000	0.5000000000	0.5000000000	0.5000000000	0.5000000000	0.5000000000	0.5000000000	0.5000000000	0.5000000000	0.5000000000	0.5000000000	0.5000000000	0.5000000000	0.5000000000	0.5000000000	0.5000000000	0.5000000000	0.5000000000	0.5000000000	0.5000000000	0.5000000000	0.5000000000	0.5000000000	0.5000000000	0.5000000000	0.5000000000	0.5000000000	0.5000000000	0.5000000000	0.5000000000	0.5000000000	0.5000000000	0.5000000000	0.5000000000	0.5000000000	0.5000000000	0.5000000000	0.5000000000	0.5000000000	0.5000000000	0.5000000000	0.5000000000	0.5000000000	0.5000000000	0.5000000000	0.5000000000	0.5000000000	0.5000000000	0.5000000000	0.5000000000	0.5000000000	0.5000000000	0.5000000000	0.5000000000	0.5000000000	0.5000000000	0.5000000000	0.5000000000	0.5000000000	0.5000000000	0.5000000000	0.5000000000	0.5000000000	0.5000000000	0.5000000000	0.5000000000	0.5000000000	0.5000000000	0.5000000000	0.5000000000	0.5000000000	0.5000000000	0.5000000000	0.5000000000	0.5000000000	0.5000000000	0.5000000000	0.5000000000	0.5000000000	0.5000000000	0.5000000000	0.5000000000	0.5000000000	0.5000000000	0.5000000000	0.5000000000	0.5000000000	0.5000000000	0.5000000000	0.5000000000	0.5000000000
SRR8476539.rna.1	0.5000000000	0.5000000000	0.5000000000	0.5000000000	0.5000000000	0.5000000000	0.5000000000	0.5000000000	0.5000000000	0.5000000000	0.5000000000	0.5000000000	0.5000000000	0.5000000000	0.5000000000	0.5000000000	0.5000000000	0.5000000000	0.5000000000	0.5000000000	0.5000000000	0.5000000000	0.5000000000	0.5000000000	0.0000000000	0.5000000000	0.5000000000	0.5000000000	0.5000000000	0.5000000000	0.5000000000	0.5000000000	0.5000000000	0.5000000000	0.5000000000	0.5000000000	0.5000000000	0.5000000000	0.5000000000	0.5000000000	0.5000000000	0.5000000000	0.5000000000	0.5000000000	0.5000000000	0.5000000000	0.5000000000	0.5000000000	0.5000000000	0.5000000000	0.5000000000	0.5000000000	0.5000000000	0.5000000000	0.5000000000	0.5000000000	0.5000000000	0.5000000000	0.5000000000	0.5000000000	0.5000000000	0.5000000000	0.5000000000	0.5000000000	0.5000000000	0.5000000000	0.5000000000	0.5000000000	0.5000000000	0.5000000000	0.5000000000	0.5000000000	0.5000000000	0.5000000000	0.5000000000	0.5000000000	0.5000000000	0.5000000000	0.5000000000	0.5000000000	0.5000000000	0.5000000000	0.5000000000	0.5000000000	0.5000000000	0.5000000000	0.5000000000	0.5000000000	0.5000000000	0.5000000000	0.5000000000	0.5000000000	0.5000000000	0.5000000000	0.5000000000	0.5000000000	0.5000000000	0.5000000000	0.5000000000	0.5000000000	0.5000000000	0.5000000000	0.5000000000	0.5000000000	0.5000000000	0.5000000000	0.5000000000	0.5000000000	0.5000000000	0.5000000000	0.5000000000	0.5000000000	0.5000000000	0.5000000000	0.5000000000
SRR8476497.rna.1	0.5000000000	0.5000000000	0.5000000000	0.5000000000	0.5000000000	0.4997709955	0.5000000000	0.5000000000	0.5000000000	0.5000000000	0.5000000000	0.5000000000	0.5000000000	0.5000000000	0.5000000000	0.5000000000	0.5000000000	0.5000000000	0.5000000000	0.5000000000	0.5000000000	0.5000000000	0.5000000000	0.5000000000	0.5000000000	0.0000000000	0.5000000000	0.5000000000	0.5000000000	0.5000000000	0.5000000000	0.5000000000	0.5000000000	0.5000000000	0.5000000000	0.5000000000	0.5000000000	0.5000000000	0.5000000000	0.5000000000	0.4976237757	0.5000000000	0.5000000000	0.5000000000	0.5000000000	0.5000000000	0.5000000000	0.5000000000	0.5000000000	0.5000000000	0.5000000000	0.5000000000	0.5000000000	0.5000000000	0.5000000000	0.5000000000	0.5000000000	0.5000000000	0.5000000000	0.5000000000	0.5000000000	0.5000000000	0.5000000000	0.5000000000	0.5000000000	0.5000000000	0.5000000000	0.5000000000	0.5000000000	0.5000000000	0.5000000000	0.5000000000	0.5000000000	0.5000000000	0.5000000000	0.5000000000	0.5000000000	0.5000000000	0.5000000000	0.5000000000	0.5000000000	0.5000000000	0.5000000000	0.5000000000	0.5000000000	0.5000000000	0.5000000000	0.5000000000	0.5000000000	0.5000000000	0.5000000000	0.5000000000	0.4996315872	0.5000000000	0.5000000000	0.5000000000	0.5000000000	0.5000000000	0.5000000000	0.5000000000	0.5000000000	0.5000000000	0.5000000000	0.5000000000	0.5000000000	0.5000000000	0.5000000000	0.5000000000	0.5000000000	0.5000000000	0.5000000000	0.5000000000	0.5000000000	0.5000000000	0.5000000000
SRR8476524.rna.1	0.5000000000	0.5000000000	0.5000000000	0.5000000000	0.5000000000	0.5000000000	0.5000000000	0.5000000000	0.5000000000	0.5000000000	0.5000000000	0.5000000000	0.5000000000	0.5000000000	0.5000000000	0.5000000000	0.5000000000	0.5000000000	0.5000000000	0.5000000000	0.5000000000	0.5000000000	0.5000000000	0.5000000000	0.5000000000	0.5000000000	0.0000000000	0.5000000000	0.5000000000	0.5000000000	0.5000000000	0.4999813018	0.4999624170	0.5000000000	0.5000000000	0.5000000000	0.5000000000	0.5000000000	0.5000000000	0.4504170886	0.5000000000	0.5000000000	0.5000000000	0.5000000000	0.5000000000	0.5000000000	0.5000000000	0.5000000000	0.5000000000	0.5000000000	0.5000000000	0.5000000000	0.5000000000	0.5000000000	0.5000000000	0.5000000000	0.5000000000	0.5000000000	0.5000000000	0.5000000000	0.5000000000	0.5000000000	0.5000000000	0.5000000000	0.5000000000	0.5000000000	0.5000000000	0.5000000000	0.5000000000	0.5000000000	0.4999585085	0.5000000000	0.5000000000	0.5000000000	0.5000000000	0.5000000000	0.5000000000	0.4996309829	0.4999975531	0.5000000000	0.5000000000	0.5000000000	0.5000000000	0.5000000000	0.5000000000	0.5000000000	0.5000000000	0.5000000000	0.5000000000	0.5000000000	0.5000000000	0.5000000000	0.5000000000	0.5000000000	0.5000000000	0.5000000000	0.5000000000	0.5000000000	0.5000000000	0.5000000000	0.5000000000	0.5000000000	0.5000000000	0.5000000000	0.5000000000	0.5000000000	0.5000000000	0.5000000000	0.5000000000	0.5000000000	0.5000000000	0.5000000000	0.5000000000	0.5000000000	0.5000000000
SRR8476445.rna.1	0.5000000000	0.5000000000	0.5000000000	0.5000000000	0.5000000000	0.5000000000	0.5000000000	0.5000000000	0.5000000000	0.5000000000	0.5000000000	0.5000000000	0.5000000000	0.5000000000	0.5000000000	0.5000000000	0.5000000000	0.5000000000	0.5000000000	0.5000000000	0.5000000000	0.5000000000	0.5000000000	0.5000000000	0.5000000000	0.5000000000	0.5000000000	0.0000000000	0.5000000000	0.5000000000	0.5000000000	0.4998553467	0.5000000000	0.5000000000	0.5000000000	0.5000000000	0.5000000000	0.5000000000	0.5000000000	0.5000000000	0.5000000000	0.5000000000	0.5000000000	0.5000000000	0.5000000000	0.5000000000	0.5000000000	0.5000000000	0.5000000000	0.5000000000	0.5000000000	0.5000000000	0.5000000000	0.5000000000	0.5000000000	0.5000000000	0.5000000000	0.5000000000	0.4987974057	0.5000000000	0.4999995426	0.5000000000	0.5000000000	0.5000000000	0.5000000000	0.5000000000	0.5000000000	0.5000000000	0.5000000000	0.5000000000	0.5000000000	0.5000000000	0.5000000000	0.5000000000	0.5000000000	0.5000000000	0.5000000000	0.5000000000	0.4969534161	0.5000000000	0.5000000000	0.5000000000	0.5000000000	0.5000000000	0.5000000000	0.5000000000	0.5000000000	0.5000000000	0.5000000000	0.5000000000	0.5000000000	0.5000000000	0.5000000000	0.5000000000	0.5000000000	0.5000000000	0.5000000000	0.5000000000	0.5000000000	0.5000000000	0.5000000000	0.5000000000	0.5000000000	0.5000000000	0.5000000000	0.5000000000	0.5000000000	0.5000000000	0.5000000000	0.5000000000	0.5000000000	0.5000000000	0.5000000000	0.5000000000	0.5000000000
SRR8476444.rna.1	0.5000000000	0.5000000000	0.5000000000	0.5000000000	0.5000000000	0.5000000000	0.5000000000	0.5000000000	0.5000000000	0.5000000000	0.5000000000	0.5000000000	0.5000000000	0.5000000000	0.5000000000	0.5000000000	0.5000000000	0.5000000000	0.5000000000	0.5000000000	0.5000000000	0.5000000000	0.5000000000	0.5000000000	0.5000000000	0.5000000000	0.5000000000	0.5000000000	0.0000000000	0.5000000000	0.5000000000	0.5000000000	0.5000000000	0.5000000000	0.5000000000	0.5000000000	0.5000000000	0.5000000000	0.5000000000	0.5000000000	0.5000000000	0.5000000000	0.5000000000	0.5000000000	0.5000000000	0.5000000000	0.5000000000	0.5000000000	0.5000000000	0.5000000000	0.5000000000	0.5000000000	0.5000000000	0.5000000000	0.5000000000	0.5000000000	0.5000000000	0.5000000000	0.5000000000	0.5000000000	0.5000000000	0.5000000000	0.5000000000	0.5000000000	0.5000000000	0.5000000000	0.5000000000	0.5000000000	0.5000000000	0.5000000000	0.5000000000	0.5000000000	0.5000000000	0.5000000000	0.5000000000	0.5000000000	0.5000000000	0.5000000000	0.5000000000	0.5000000000	0.5000000000	0.5000000000	0.5000000000	0.5000000000	0.4996899701	0.5000000000	0.5000000000	0.5000000000	0.5000000000	0.5000000000	0.5000000000	0.5000000000	0.5000000000	0.5000000000	0.5000000000	0.5000000000	0.5000000000	0.5000000000	0.5000000000	0.5000000000	0.5000000000	0.5000000000	0.5000000000	0.5000000000	0.5000000000	0.5000000000	0.4998307300	0.5000000000	0.5000000000	0.5000000000	0.5000000000	0.5000000000	0.5000000000	0.5000000000	0.5000000000
SRR8476463.rna.1	0.5000000000	0.5000000000	0.5000000000	0.5000000000	0.5000000000	0.5000000000	0.5000000000	0.5000000000	0.5000000000	0.5000000000	0.5000000000	0.5000000000	0.5000000000	0.5000000000	0.5000000000	0.5000000000	0.5000000000	0.5000000000	0.5000000000	0.5000000000	0.5000000000	0.5000000000	0.5000000000	0.5000000000	0.5000000000	0.5000000000	0.5000000000	0.5000000000	0.5000000000	0.0000000000	0.5000000000	0.5000000000	0.5000000000	0.5000000000	0.5000000000	0.5000000000	0.5000000000	0.5000000000	0.5000000000	0.5000000000	0.5000000000	0.5000000000	0.5000000000	0.5000000000	0.5000000000	0.5000000000	0.5000000000	0.5000000000	0.5000000000	0.5000000000	0.5000000000	0.5000000000	0.4999999802	0.4922468573	0.5000000000	0.5000000000	0.5000000000	0.5000000000	0.5000000000	0.5000000000	0.5000000000	0.5000000000	0.5000000000	0.5000000000	0.5000000000	0.5000000000	0.5000000000	0.4993211633	0.5000000000	0.5000000000	0.5000000000	0.5000000000	0.5000000000	0.5000000000	0.5000000000	0.3614437653	0.5000000000	0.5000000000	0.5000000000	0.5000000000	0.5000000000	0.5000000000	0.5000000000	0.5000000000	0.5000000000	0.5000000000	0.5000000000	0.5000000000	0.5000000000	0.5000000000	0.5000000000	0.5000000000	0.5000000000	0.5000000000	0.5000000000	0.5000000000	0.5000000000	0.5000000000	0.5000000000	0.5000000000	0.5000000000	0.5000000000	0.5000000000	0.5000000000	0.5000000000	0.5000000000	0.5000000000	0.5000000000	0.5000000000	0.5000000000	0.5000000000	0.5000000000	0.5000000000	0.5000000000	0.5000000000
SRR8476521.rna.1	0.5000000000	0.5000000000	0.5000000000	0.5000000000	0.5000000000	0.5000000000	0.5000000000	0.5000000000	0.5000000000	0.5000000000	0.5000000000	0.5000000000	0.5000000000	0.5000000000	0.5000000000	0.5000000000	0.5000000000	0.5000000000	0.5000000000	0.5000000000	0.5000000000	0.4998348241	0.5000000000	0.5000000000	0.5000000000	0.5000000000	0.5000000000	0.5000000000	0.5000000000	0.5000000000	0.0000000000	0.5000000000	0.5000000000	0.5000000000	0.5000000000	0.5000000000	0.5000000000	0.5000000000	0.5000000000	0.5000000000	0.5000000000	0.5000000000	0.5000000000	0.5000000000	0.5000000000	0.5000000000	0.5000000000	0.4791705864	0.5000000000	0.5000000000	0.5000000000	0.5000000000	0.5000000000	0.5000000000	0.5000000000	0.5000000000	0.5000000000	0.5000000000	0.5000000000	0.5000000000	0.5000000000	0.5000000000	0.5000000000	0.5000000000	0.5000000000	0.5000000000	0.5000000000	0.5000000000	0.5000000000	0.5000000000	0.5000000000	0.5000000000	0.4903118315	0.5000000000	0.5000000000	0.5000000000	0.5000000000	0.5000000000	0.5000000000	0.5000000000	0.5000000000	0.5000000000	0.5000000000	0.5000000000	0.5000000000	0.5000000000	0.5000000000	0.5000000000	0.5000000000	0.5000000000	0.5000000000	0.5000000000	0.5000000000	0.5000000000	0.5000000000	0.5000000000	0.5000000000	0.5000000000	0.5000000000	0.5000000000	0.5000000000	0.5000000000	0.5000000000	0.5000000000	0.5000000000	0.5000000000	0.5000000000	0.5000000000	0.5000000000	0.5000000000	0.5000000000	0.5000000000	0.5000000000	0.5000000000	0.5000000000
SRR8476468.rna.1	0.5000000000	0.5000000000	0.5000000000	0.5000000000	0.5000000000	0.5000000000	0.5000000000	0.5000000000	0.4994574006	0.5000000000	0.5000000000	0.5000000000	0.5000000000	0.5000000000	0.5000000000	0.5000000000	0.5000000000	0.5000000000	0.5000000000	0.5000000000	0.4859622469	0.5000000000	0.5000000000	0.5000000000	0.5000000000	0.5000000000	0.4999813018	0.4998553467	0.5000000000	0.5000000000	0.5000000000	0.0000000000	0.4933299490	0.5000000000	0.5000000000	0.5000000000	0.5000000000	0.5000000000	0.5000000000	0.5000000000	0.5000000000	0.5000000000	0.5000000000	0.5000000000	0.4973744954	0.5000000000	0.5000000000	0.5000000000	0.5000000000	0.5000000000	0.5000000000	0.5000000000	0.5000000000	0.5000000000	0.5000000000	0.5000000000	0.4822408531	0.5000000000	0.4921333369	0.5000000000	0.5000000000	0.5000000000	0.5000000000	0.5000000000	0.5000000000	0.5000000000	0.5000000000	0.5000000000	0.5000000000	0.5000000000	0.4561850055	0.5000000000	0.5000000000	0.5000000000	0.5000000000	0.5000000000	0.5000000000	0.5000000000	0.3760665058	0.5000000000	0.4978835168	0.5000000000	0.5000000000	0.5000000000	0.5000000000	0.5000000000	0.4999998448	0.5000000000	0.5000000000	0.4998849542	0.5000000000	0.5000000000	0.5000000000	0.5000000000	0.5000000000	0.5000000000	0.5000000000	0.5000000000	0.5000000000	0.5000000000	0.5000000000	0.5000000000	0.4999385379	0.5000000000	0.5000000000	0.5000000000	0.5000000000	0.5000000000	0.5000000000	0.5000000000	0.5000000000	0.5000000000	0.5000000000	0.5000000000	0.5000000000
SRR8476430.rna.1	0.5000000000	0.5000000000	0.5000000000	0.4908448099	0.5000000000	0.5000000000	0.5000000000	0.5000000000	0.5000000000	0.5000000000	0.5000000000	0.5000000000	0.5000000000	0.5000000000	0.5000000000	0.5000000000	0.5000000000	0.5000000000	0.5000000000	0.5000000000	0.5000000000	0.5000000000	0.5000000000	0.5000000000	0.5000000000	0.5000000000	0.4999624170	0.5000000000	0.5000000000	0.5000000000	0.5000000000	0.4933299490	0.0000000000	0.5000000000	0.5000000000	0.5000000000	0.5000000000	0.5000000000	0.5000000000	0.5000000000	0.5000000000	0.5000000000	0.5000000000	0.5000000000	0.4999969628	0.5000000000	0.5000000000	0.5000000000	0.5000000000	0.5000000000	0.5000000000	0.5000000000	0.5000000000	0.5000000000	0.5000000000	0.5000000000	0.5000000000	0.5000000000	0.5000000000	0.5000000000	0.5000000000	0.5000000000	0.5000000000	0.5000000000	0.5000000000	0.5000000000	0.5000000000	0.5000000000	0.5000000000	0.5000000000	0.4768193332	0.5000000000	0.5000000000	0.5000000000	0.5000000000	0.5000000000	0.5000000000	0.4819775558	0.4973776877	0.5000000000	0.5000000000	0.5000000000	0.5000000000	0.5000000000	0.5000000000	0.5000000000	0.5000000000	0.5000000000	0.5000000000	0.5000000000	0.5000000000	0.5000000000	0.5000000000	0.5000000000	0.5000000000	0.5000000000	0.5000000000	0.5000000000	0.5000000000	0.5000000000	0.5000000000	0.5000000000	0.4996445012	0.5000000000	0.5000000000	0.5000000000	0.5000000000	0.5000000000	0.5000000000	0.5000000000	0.5000000000	0.5000000000	0.5000000000	0.5000000000	0.5000000000
SRR8476506.rna.1	0.5000000000	0.5000000000	0.5000000000	0.5000000000	0.5000000000	0.5000000000	0.5000000000	0.5000000000	0.5000000000	0.5000000000	0.5000000000	0.5000000000	0.5000000000	0.5000000000	0.5000000000	0.5000000000	0.5000000000	0.5000000000	0.5000000000	0.5000000000	0.5000000000	0.5000000000	0.5000000000	0.5000000000	0.5000000000	0.5000000000	0.5000000000	0.5000000000	0.5000000000	0.5000000000	0.5000000000	0.5000000000	0.5000000000	0.0000000000	0.5000000000	0.5000000000	0.5000000000	0.5000000000	0.5000000000	0.5000000000	0.5000000000	0.5000000000	0.5000000000	0.5000000000	0.5000000000	0.5000000000	0.5000000000	0.5000000000	0.5000000000	0.5000000000	0.5000000000	0.5000000000	0.5000000000	0.5000000000	0.5000000000	0.5000000000	0.5000000000	0.5000000000	0.5000000000	0.5000000000	0.5000000000	0.5000000000	0.5000000000	0.5000000000	0.5000000000	0.5000000000	0.5000000000	0.5000000000	0.5000000000	0.5000000000	0.5000000000	0.5000000000	0.5000000000	0.5000000000	0.5000000000	0.5000000000	0.5000000000	0.5000000000	0.5000000000	0.5000000000	0.5000000000	0.5000000000	0.5000000000	0.5000000000	0.5000000000	0.5000000000	0.5000000000	0.5000000000	0.5000000000	0.5000000000	0.5000000000	0.4746519729	0.5000000000	0.5000000000	0.5000000000	0.5000000000	0.5000000000	0.5000000000	0.5000000000	0.5000000000	0.5000000000	0.5000000000	0.5000000000	0.5000000000	0.5000000000	0.5000000000	0.5000000000	0.5000000000	0.5000000000	0.5000000000	0.5000000000	0.5000000000	0.5000000000	0.5000000000	0.5000000000
SRR8476543.rna.1	0.5000000000	0.5000000000	0.5000000000	0.5000000000	0.5000000000	0.5000000000	0.5000000000	0.5000000000	0.5000000000	0.5000000000	0.5000000000	0.5000000000	0.5000000000	0.5000000000	0.5000000000	0.5000000000	0.5000000000	0.5000000000	0.5000000000	0.5000000000	0.5000000000	0.5000000000	0.5000000000	0.5000000000	0.5000000000	0.5000000000	0.5000000000	0.5000000000	0.5000000000	0.5000000000	0.5000000000	0.5000000000	0.5000000000	0.5000000000	0.0000000000	0.5000000000	0.5000000000	0.5000000000	0.5000000000	0.5000000000	0.5000000000	0.5000000000	0.5000000000	0.5000000000	0.5000000000	0.5000000000	0.5000000000	0.5000000000	0.5000000000	0.5000000000	0.5000000000	0.5000000000	0.5000000000	0.5000000000	0.5000000000	0.5000000000	0.5000000000	0.5000000000	0.5000000000	0.5000000000	0.5000000000	0.5000000000	0.5000000000	0.5000000000	0.5000000000	0.5000000000	0.5000000000	0.5000000000	0.5000000000	0.5000000000	0.5000000000	0.5000000000	0.5000000000	0.5000000000	0.5000000000	0.5000000000	0.5000000000	0.5000000000	0.5000000000	0.5000000000	0.5000000000	0.5000000000	0.5000000000	0.5000000000	0.5000000000	0.5000000000	0.5000000000	0.5000000000	0.5000000000	0.5000000000	0.5000000000	0.5000000000	0.5000000000	0.5000000000	0.5000000000	0.5000000000	0.5000000000	0.5000000000	0.5000000000	0.5000000000	0.5000000000	0.5000000000	0.5000000000	0.5000000000	0.5000000000	0.5000000000	0.5000000000	0.5000000000	0.5000000000	0.5000000000	0.5000000000	0.5000000000	0.5000000000	0.5000000000	0.5000000000
SRR8476453.rna.1	0.5000000000	0.5000000000	0.5000000000	0.4480486295	0.5000000000	0.5000000000	0.5000000000	0.5000000000	0.5000000000	0.5000000000	0.5000000000	0.5000000000	0.5000000000	0.5000000000	0.5000000000	0.5000000000	0.5000000000	0.5000000000	0.5000000000	0.5000000000	0.5000000000	0.5000000000	0.5000000000	0.5000000000	0.5000000000	0.5000000000	0.5000000000	0.5000000000	0.5000000000	0.5000000000	0.5000000000	0.5000000000	0.5000000000	0.5000000000	0.5000000000	0.0000000000	0.5000000000	0.5000000000	0.5000000000	0.5000000000	0.5000000000	0.5000000000	0.5000000000	0.5000000000	0.5000000000	0.4994811369	0.5000000000	0.5000000000	0.5000000000	0.5000000000	0.5000000000	0.5000000000	0.5000000000	0.5000000000	0.5000000000	0.5000000000	0.5000000000	0.5000000000	0.5000000000	0.5000000000	0.5000000000	0.5000000000	0.5000000000	0.4998609923	0.4794164351	0.5000000000	0.5000000000	0.5000000000	0.5000000000	0.5000000000	0.5000000000	0.5000000000	0.5000000000	0.5000000000	0.5000000000	0.5000000000	0.5000000000	0.4991121475	0.5000000000	0.5000000000	0.5000000000	0.5000000000	0.5000000000	0.5000000000	0.5000000000	0.5000000000	0.5000000000	0.5000000000	0.5000000000	0.5000000000	0.5000000000	0.5000000000	0.5000000000	0.5000000000	0.5000000000	0.5000000000	0.5000000000	0.5000000000	0.5000000000	0.5000000000	0.5000000000	0.5000000000	0.5000000000	0.4935202680	0.5000000000	0.5000000000	0.5000000000	0.5000000000	0.5000000000	0.5000000000	0.5000000000	0.5000000000	0.5000000000	0.5000000000	0.5000000000
SRR8476467.rna.1	0.5000000000	0.5000000000	0.5000000000	0.5000000000	0.5000000000	0.5000000000	0.5000000000	0.5000000000	0.5000000000	0.5000000000	0.5000000000	0.4995270511	0.5000000000	0.5000000000	0.5000000000	0.5000000000	0.5000000000	0.4987023593	0.5000000000	0.5000000000	0.5000000000	0.5000000000	0.5000000000	0.5000000000	0.5000000000	0.5000000000	0.5000000000	0.5000000000	0.5000000000	0.5000000000	0.5000000000	0.5000000000	0.5000000000	0.5000000000	0.5000000000	0.5000000000	0.0000000000	0.5000000000	0.5000000000	0.5000000000	0.5000000000	0.5000000000	0.5000000000	0.5000000000	0.5000000000	0.5000000000	0.5000000000	0.5000000000	0.5000000000	0.5000000000	0.5000000000	0.5000000000	0.5000000000	0.5000000000	0.5000000000	0.5000000000	0.5000000000	0.5000000000	0.5000000000	0.5000000000	0.5000000000	0.5000000000	0.5000000000	0.5000000000	0.5000000000	0.5000000000	0.5000000000	0.5000000000	0.5000000000	0.5000000000	0.5000000000	0.5000000000	0.5000000000	0.5000000000	0.5000000000	0.5000000000	0.5000000000	0.5000000000	0.5000000000	0.5000000000	0.5000000000	0.5000000000	0.5000000000	0.5000000000	0.5000000000	0.5000000000	0.5000000000	0.5000000000	0.5000000000	0.5000000000	0.5000000000	0.5000000000	0.5000000000	0.5000000000	0.4999970655	0.5000000000	0.5000000000	0.5000000000	0.5000000000	0.5000000000	0.5000000000	0.5000000000	0.5000000000	0.5000000000	0.5000000000	0.5000000000	0.5000000000	0.5000000000	0.5000000000	0.5000000000	0.5000000000	0.5000000000	0.5000000000	0.5000000000	0.5000000000
SRR8476512.rna.1	0.5000000000	0.5000000000	0.5000000000	0.5000000000	0.5000000000	0.5000000000	0.5000000000	0.5000000000	0.5000000000	0.5000000000	0.5000000000	0.5000000000	0.5000000000	0.5000000000	0.5000000000	0.5000000000	0.5000000000	0.5000000000	0.5000000000	0.5000000000	0.5000000000	0.5000000000	0.5000000000	0.5000000000	0.5000000000	0.5000000000	0.5000000000	0.5000000000	0.5000000000	0.5000000000	0.5000000000	0.5000000000	0.5000000000	0.5000000000	0.5000000000	0.5000000000	0.5000000000	0.0000000000	0.5000000000	0.5000000000	0.5000000000	0.5000000000	0.4997275009	0.5000000000	0.5000000000	0.5000000000	0.5000000000	0.5000000000	0.5000000000	0.5000000000	0.5000000000	0.5000000000	0.5000000000	0.5000000000	0.5000000000	0.5000000000	0.5000000000	0.5000000000	0.5000000000	0.5000000000	0.5000000000	0.5000000000	0.5000000000	0.5000000000	0.5000000000	0.5000000000	0.5000000000	0.5000000000	0.5000000000	0.5000000000	0.5000000000	0.5000000000	0.5000000000	0.5000000000	0.5000000000	0.5000000000	0.5000000000	0.5000000000	0.5000000000	0.5000000000	0.5000000000	0.5000000000	0.5000000000	0.5000000000	0.5000000000	0.5000000000	0.5000000000	0.5000000000	0.5000000000	0.5000000000	0.5000000000	0.5000000000	0.5000000000	0.5000000000	0.5000000000	0.5000000000	0.5000000000	0.5000000000	0.5000000000	0.5000000000	0.5000000000	0.5000000000	0.5000000000	0.5000000000	0.5000000000	0.5000000000	0.5000000000	0.5000000000	0.5000000000	0.5000000000	0.5000000000	0.5000000000	0.5000000000	0.4947484198	0.4954844229
SRR8476504.rna.1	0.5000000000	0.5000000000	0.5000000000	0.5000000000	0.5000000000	0.5000000000	0.5000000000	0.5000000000	0.5000000000	0.5000000000	0.5000000000	0.5000000000	0.5000000000	0.5000000000	0.5000000000	0.5000000000	0.5000000000	0.5000000000	0.5000000000	0.5000000000	0.5000000000	0.5000000000	0.5000000000	0.5000000000	0.5000000000	0.5000000000	0.5000000000	0.5000000000	0.5000000000	0.5000000000	0.5000000000	0.5000000000	0.5000000000	0.5000000000	0.5000000000	0.5000000000	0.5000000000	0.5000000000	0.0000000000	0.5000000000	0.5000000000	0.5000000000	0.5000000000	0.5000000000	0.5000000000	0.5000000000	0.5000000000	0.4958373216	0.5000000000	0.5000000000	0.5000000000	0.5000000000	0.5000000000	0.5000000000	0.5000000000	0.5000000000	0.5000000000	0.5000000000	0.5000000000	0.5000000000	0.5000000000	0.5000000000	0.5000000000	0.5000000000	0.5000000000	0.5000000000	0.5000000000	0.5000000000	0.5000000000	0.5000000000	0.5000000000	0.5000000000	0.5000000000	0.5000000000	0.5000000000	0.5000000000	0.5000000000	0.5000000000	0.5000000000	0.5000000000	0.5000000000	0.5000000000	0.5000000000	0.5000000000	0.5000000000	0.5000000000	0.5000000000	0.5000000000	0.5000000000	0.5000000000	0.5000000000	0.5000000000	0.5000000000	0.5000000000	0.5000000000	0.5000000000	0.5000000000	0.5000000000	0.5000000000	0.5000000000	0.5000000000	0.5000000000	0.5000000000	0.5000000000	0.5000000000	0.5000000000	0.5000000000	0.5000000000	0.5000000000	0.5000000000	0.5000000000	0.5000000000	0.5000000000	0.5000000000	0.5000000000
SRR8476451.rna.1	0.5000000000	0.5000000000	0.5000000000	0.5000000000	0.5000000000	0.5000000000	0.5000000000	0.5000000000	0.5000000000	0.5000000000	0.5000000000	0.5000000000	0.5000000000	0.5000000000	0.5000000000	0.5000000000	0.5000000000	0.5000000000	0.5000000000	0.5000000000	0.5000000000	0.5000000000	0.5000000000	0.5000000000	0.5000000000	0.5000000000	0.4504170886	0.5000000000	0.5000000000	0.5000000000	0.5000000000	0.5000000000	0.5000000000	0.5000000000	0.5000000000	0.5000000000	0.5000000000	0.5000000000	0.5000000000	0.0000000000	0.5000000000	0.5000000000	0.5000000000	0.5000000000	0.5000000000	0.5000000000	0.5000000000	0.5000000000	0.5000000000	0.5000000000	0.5000000000	0.5000000000	0.5000000000	0.5000000000	0.5000000000	0.5000000000	0.5000000000	0.5000000000	0.5000000000	0.5000000000	0.5000000000	0.5000000000	0.5000000000	0.5000000000	0.5000000000	0.5000000000	0.5000000000	0.5000000000	0.5000000000	0.5000000000	0.5000000000	0.5000000000	0.5000000000	0.5000000000	0.5000000000	0.5000000000	0.5000000000	0.5000000000	0.5000000000	0.5000000000	0.5000000000	0.5000000000	0.5000000000	0.5000000000	0.5000000000	0.5000000000	0.5000000000	0.5000000000	0.5000000000	0.5000000000	0.5000000000	0.5000000000	0.5000000000	0.5000000000	0.5000000000	0.5000000000	0.5000000000	0.5000000000	0.5000000000	0.5000000000	0.5000000000	0.5000000000	0.5000000000	0.5000000000	0.5000000000	0.5000000000	0.5000000000	0.5000000000	0.5000000000	0.5000000000	0.5000000000	0.5000000000	0.5000000000	0.5000000000	0.5000000000
SRR8476477.rna.1	0.5000000000	0.5000000000	0.5000000000	0.5000000000	0.5000000000	0.4997942872	0.5000000000	0.5000000000	0.5000000000	0.5000000000	0.5000000000	0.5000000000	0.5000000000	0.5000000000	0.5000000000	0.5000000000	0.5000000000	0.5000000000	0.4936497021	0.5000000000	0.5000000000	0.5000000000	0.5000000000	0.5000000000	0.5000000000	0.4976237757	0.5000000000	0.5000000000	0.5000000000	0.5000000000	0.5000000000	0.5000000000	0.5000000000	0.5000000000	0.5000000000	0.5000000000	0.5000000000	0.5000000000	0.5000000000	0.5000000000	0.0000000000	0.5000000000	0.5000000000	0.4995236260	0.5000000000	0.5000000000	0.5000000000	0.5000000000	0.5000000000	0.5000000000	0.5000000000	0.5000000000	0.5000000000	0.5000000000	0.5000000000	0.5000000000	0.5000000000	0.5000000000	0.5000000000	0.5000000000	0.5000000000	0.5000000000	0.5000000000	0.5000000000	0.5000000000	0.5000000000	0.5000000000	0.5000000000	0.5000000000	0.5000000000	0.5000000000	0.5000000000	0.5000000000	0.5000000000	0.5000000000	0.5000000000	0.5000000000	0.5000000000	0.5000000000	0.5000000000	0.5000000000	0.5000000000	0.5000000000	0.5000000000	0.5000000000	0.5000000000	0.4997090993	0.5000000000	0.5000000000	0.5000000000	0.5000000000	0.5000000000	0.4979261179	0.5000000000	0.5000000000	0.5000000000	0.5000000000	0.5000000000	0.5000000000	0.5000000000	0.5000000000	0.5000000000	0.5000000000	0.5000000000	0.5000000000	0.4969606430	0.5000000000	0.5000000000	0.5000000000	0.5000000000	0.5000000000	0.5000000000	0.5000000000	0.5000000000	0.5000000000
SRR8476518.rna.1	0.5000000000	0.5000000000	0.5000000000	0.5000000000	0.5000000000	0.5000000000	0.5000000000	0.5000000000	0.5000000000	0.5000000000	0.5000000000	0.5000000000	0.5000000000	0.3899178424	0.5000000000	0.5000000000	0.5000000000	0.5000000000	0.5000000000	0.5000000000	0.5000000000	0.5000000000	0.5000000000	0.5000000000	0.5000000000	0.5000000000	0.5000000000	0.5000000000	0.5000000000	0.5000000000	0.5000000000	0.5000000000	0.5000000000	0.5000000000	0.5000000000	0.5000000000	0.5000000000	0.5000000000	0.5000000000	0.5000000000	0.5000000000	0.0000000000	0.5000000000	0.5000000000	0.5000000000	0.5000000000	0.5000000000	0.5000000000	0.5000000000	0.5000000000	0.5000000000	0.5000000000	0.5000000000	0.5000000000	0.5000000000	0.5000000000	0.5000000000	0.5000000000	0.5000000000	0.5000000000	0.5000000000	0.5000000000	0.5000000000	0.5000000000	0.5000000000	0.5000000000	0.5000000000	0.5000000000	0.5000000000	0.5000000000	0.5000000000	0.5000000000	0.5000000000	0.5000000000	0.5000000000	0.5000000000	0.5000000000	0.5000000000	0.5000000000	0.5000000000	0.5000000000	0.5000000000	0.5000000000	0.5000000000	0.5000000000	0.5000000000	0.5000000000	0.5000000000	0.5000000000	0.5000000000	0.5000000000	0.5000000000	0.5000000000	0.5000000000	0.5000000000	0.5000000000	0.5000000000	0.5000000000	0.5000000000	0.5000000000	0.5000000000	0.5000000000	0.5000000000	0.5000000000	0.5000000000	0.5000000000	0.5000000000	0.5000000000	0.5000000000	0.5000000000	0.5000000000	0.5000000000	0.4971736512	0.5000000000	0.5000000000
SRR8476454.rna.1	0.5000000000	0.5000000000	0.5000000000	0.5000000000	0.5000000000	0.5000000000	0.5000000000	0.5000000000	0.5000000000	0.5000000000	0.5000000000	0.5000000000	0.5000000000	0.5000000000	0.5000000000	0.5000000000	0.5000000000	0.5000000000	0.5000000000	0.4956604834	0.5000000000	0.5000000000	0.5000000000	0.5000000000	0.5000000000	0.5000000000	0.5000000000	0.5000000000	0.5000000000	0.5000000000	0.5000000000	0.5000000000	0.5000000000	0.5000000000	0.5000000000	0.5000000000	0.5000000000	0.4997275009	0.5000000000	0.5000000000	0.5000000000	0.5000000000	0.0000000000	0.5000000000	0.5000000000	0.5000000000	0.5000000000	0.5000000000	0.5000000000	0.5000000000	0.5000000000	0.5000000000	0.5000000000	0.5000000000	0.5000000000	0.5000000000	0.5000000000	0.5000000000	0.5000000000	0.5000000000	0.5000000000	0.5000000000	0.5000000000	0.5000000000	0.5000000000	0.5000000000	0.5000000000	0.5000000000	0.5000000000	0.5000000000	0.5000000000	0.5000000000	0.5000000000	0.5000000000	0.5000000000	0.5000000000	0.5000000000	0.5000000000	0.5000000000	0.5000000000	0.5000000000	0.5000000000	0.5000000000	0.5000000000	0.5000000000	0.5000000000	0.5000000000	0.5000000000	0.5000000000	0.5000000000	0.5000000000	0.5000000000	0.5000000000	0.5000000000	0.5000000000	0.5000000000	0.5000000000	0.5000000000	0.5000000000	0.5000000000	0.5000000000	0.5000000000	0.5000000000	0.5000000000	0.5000000000	0.5000000000	0.5000000000	0.5000000000	0.5000000000	0.5000000000	0.5000000000	0.5000000000	0.5000000000	0.4911001513	0.5000000000
SRR8476466.rna.1	0.5000000000	0.5000000000	0.5000000000	0.5000000000	0.5000000000	0.5000000000	0.5000000000	0.5000000000	0.5000000000	0.5000000000	0.5000000000	0.5000000000	0.5000000000	0.5000000000	0.5000000000	0.5000000000	0.5000000000	0.5000000000	0.5000000000	0.5000000000	0.5000000000	0.5000000000	0.5000000000	0.5000000000	0.5000000000	0.5000000000	0.5000000000	0.5000000000	0.5000000000	0.5000000000	0.5000000000	0.5000000000	0.5000000000	0.5000000000	0.5000000000	0.5000000000	0.5000000000	0.5000000000	0.5000000000	0.5000000000	0.4995236260	0.5000000000	0.5000000000	0.0000000000	0.5000000000	0.5000000000	0.5000000000	0.5000000000	0.5000000000	0.5000000000	0.5000000000	0.5000000000	0.5000000000	0.5000000000	0.5000000000	0.5000000000	0.5000000000	0.5000000000	0.5000000000	0.5000000000	0.5000000000	0.5000000000	0.5000000000	0.5000000000	0.5000000000	0.5000000000	0.5000000000	0.5000000000	0.5000000000	0.5000000000	0.5000000000	0.5000000000	0.5000000000	0.5000000000	0.5000000000	0.5000000000	0.5000000000	0.5000000000	0.5000000000	0.5000000000	0.5000000000	0.5000000000	0.5000000000	0.5000000000	0.5000000000	0.5000000000	0.5000000000	0.5000000000	0.5000000000	0.5000000000	0.5000000000	0.5000000000	0.5000000000	0.5000000000	0.5000000000	0.5000000000	0.5000000000	0.5000000000	0.5000000000	0.5000000000	0.4972976975	0.5000000000	0.5000000000	0.5000000000	0.5000000000	0.5000000000	0.5000000000	0.5000000000	0.5000000000	0.5000000000	0.5000000000	0.5000000000	0.5000000000	0.5000000000	0.5000000000
SRR8476495.rna.1	0.5000000000	0.5000000000	0.5000000000	0.5000000000	0.5000000000	0.5000000000	0.5000000000	0.5000000000	0.5000000000	0.5000000000	0.5000000000	0.5000000000	0.5000000000	0.5000000000	0.5000000000	0.5000000000	0.5000000000	0.5000000000	0.4941559108	0.5000000000	0.5000000000	0.5000000000	0.5000000000	0.5000000000	0.5000000000	0.5000000000	0.5000000000	0.5000000000	0.5000000000	0.5000000000	0.5000000000	0.4973744954	0.4999969628	0.5000000000	0.5000000000	0.5000000000	0.5000000000	0.5000000000	0.5000000000	0.5000000000	0.5000000000	0.5000000000	0.5000000000	0.5000000000	0.0000000000	0.5000000000	0.5000000000	0.5000000000	0.5000000000	0.5000000000	0.5000000000	0.5000000000	0.5000000000	0.5000000000	0.5000000000	0.5000000000	0.4999666172	0.5000000000	0.5000000000	0.5000000000	0.5000000000	0.5000000000	0.5000000000	0.5000000000	0.5000000000	0.5000000000	0.5000000000	0.5000000000	0.5000000000	0.5000000000	0.4999988798	0.5000000000	0.5000000000	0.5000000000	0.5000000000	0.5000000000	0.5000000000	0.5000000000	0.4988708938	0.5000000000	0.5000000000	0.5000000000	0.5000000000	0.5000000000	0.5000000000	0.5000000000	0.5000000000	0.5000000000	0.5000000000	0.5000000000	0.5000000000	0.5000000000	0.5000000000	0.5000000000	0.5000000000	0.5000000000	0.5000000000	0.5000000000	0.5000000000	0.5000000000	0.5000000000	0.5000000000	0.4999949253	0.5000000000	0.5000000000	0.5000000000	0.5000000000	0.5000000000	0.5000000000	0.5000000000	0.5000000000	0.5000000000	0.5000000000	0.5000000000	0.5000000000
SRR8476434.rna.1	0.5000000000	0.5000000000	0.5000000000	0.5000000000	0.5000000000	0.5000000000	0.5000000000	0.5000000000	0.5000000000	0.5000000000	0.5000000000	0.5000000000	0.5000000000	0.5000000000	0.5000000000	0.5000000000	0.5000000000	0.5000000000	0.5000000000	0.5000000000	0.5000000000	0.5000000000	0.5000000000	0.5000000000	0.5000000000	0.5000000000	0.5000000000	0.5000000000	0.5000000000	0.5000000000	0.5000000000	0.5000000000	0.5000000000	0.5000000000	0.5000000000	0.4994811369	0.5000000000	0.5000000000	0.5000000000	0.5000000000	0.5000000000	0.5000000000	0.5000000000	0.5000000000	0.5000000000	0.0000000000	0.5000000000	0.5000000000	0.5000000000	0.5000000000	0.5000000000	0.5000000000	0.5000000000	0.5000000000	0.5000000000	0.5000000000	0.5000000000	0.5000000000	0.5000000000	0.5000000000	0.5000000000	0.5000000000	0.5000000000	0.5000000000	0.5000000000	0.5000000000	0.5000000000	0.5000000000	0.5000000000	0.5000000000	0.5000000000	0.5000000000	0.5000000000	0.5000000000	0.5000000000	0.5000000000	0.5000000000	0.5000000000	0.5000000000	0.5000000000	0.5000000000	0.5000000000	0.5000000000	0.5000000000	0.5000000000	0.5000000000	0.5000000000	0.5000000000	0.5000000000	0.5000000000	0.5000000000	0.5000000000	0.5000000000	0.5000000000	0.5000000000	0.5000000000	0.5000000000	0.5000000000	0.5000000000	0.5000000000	0.5000000000	0.5000000000	0.3612007527	0.5000000000	0.5000000000	0.5000000000	0.5000000000	0.5000000000	0.5000000000	0.5000000000	0.5000000000	0.5000000000	0.5000000000	0.5000000000	0.5000000000
SRR8476439.rna.1	0.5000000000	0.5000000000	0.5000000000	0.5000000000	0.5000000000	0.5000000000	0.5000000000	0.5000000000	0.5000000000	0.5000000000	0.5000000000	0.5000000000	0.5000000000	0.5000000000	0.5000000000	0.5000000000	0.5000000000	0.5000000000	0.5000000000	0.5000000000	0.5000000000	0.5000000000	0.5000000000	0.5000000000	0.5000000000	0.5000000000	0.5000000000	0.5000000000	0.5000000000	0.5000000000	0.5000000000	0.5000000000	0.5000000000	0.5000000000	0.5000000000	0.5000000000	0.5000000000	0.5000000000	0.5000000000	0.5000000000	0.5000000000	0.5000000000	0.5000000000	0.5000000000	0.5000000000	0.5000000000	0.0000000000	0.5000000000	0.5000000000	0.5000000000	0.5000000000	0.5000000000	0.5000000000	0.5000000000	0.5000000000	0.5000000000	0.5000000000	0.5000000000	0.5000000000	0.5000000000	0.5000000000	0.5000000000	0.5000000000	0.5000000000	0.5000000000	0.5000000000	0.5000000000	0.5000000000	0.5000000000	0.5000000000	0.5000000000	0.5000000000	0.5000000000	0.5000000000	0.5000000000	0.5000000000	0.5000000000	0.5000000000	0.5000000000	0.5000000000	0.5000000000	0.5000000000	0.5000000000	0.5000000000	0.5000000000	0.5000000000	0.5000000000	0.5000000000	0.5000000000	0.5000000000	0.5000000000	0.5000000000	0.5000000000	0.5000000000	0.5000000000	0.5000000000	0.5000000000	0.5000000000	0.5000000000	0.5000000000	0.5000000000	0.5000000000	0.5000000000	0.5000000000	0.5000000000	0.5000000000	0.5000000000	0.5000000000	0.5000000000	0.5000000000	0.5000000000	0.5000000000	0.5000000000	0.5000000000	0.5000000000
SRR8476541.rna.1	0.5000000000	0.5000000000	0.5000000000	0.5000000000	0.5000000000	0.5000000000	0.5000000000	0.5000000000	0.5000000000	0.5000000000	0.5000000000	0.5000000000	0.5000000000	0.5000000000	0.5000000000	0.5000000000	0.5000000000	0.5000000000	0.5000000000	0.5000000000	0.5000000000	0.5000000000	0.5000000000	0.5000000000	0.5000000000	0.5000000000	0.5000000000	0.5000000000	0.5000000000	0.5000000000	0.4791705864	0.5000000000	0.5000000000	0.5000000000	0.5000000000	0.5000000000	0.5000000000	0.5000000000	0.4958373216	0.5000000000	0.5000000000	0.5000000000	0.5000000000	0.5000000000	0.5000000000	0.5000000000	0.5000000000	0.0000000000	0.5000000000	0.5000000000	0.5000000000	0.5000000000	0.5000000000	0.5000000000	0.5000000000	0.5000000000	0.5000000000	0.5000000000	0.5000000000	0.5000000000	0.5000000000	0.5000000000	0.5000000000	0.5000000000	0.5000000000	0.5000000000	0.5000000000	0.5000000000	0.5000000000	0.5000000000	0.5000000000	0.5000000000	0.5000000000	0.2995955520	0.5000000000	0.5000000000	0.5000000000	0.5000000000	0.5000000000	0.5000000000	0.5000000000	0.5000000000	0.5000000000	0.4302083130	0.5000000000	0.5000000000	0.5000000000	0.5000000000	0.5000000000	0.5000000000	0.5000000000	0.5000000000	0.5000000000	0.5000000000	0.5000000000	0.5000000000	0.5000000000	0.5000000000	0.5000000000	0.5000000000	0.5000000000	0.5000000000	0.5000000000	0.5000000000	0.5000000000	0.5000000000	0.5000000000	0.5000000000	0.5000000000	0.5000000000	0.5000000000	0.5000000000	0.5000000000	0.5000000000	0.5000000000
SRR8476536.rna.1	0.5000000000	0.5000000000	0.5000000000	0.5000000000	0.5000000000	0.5000000000	0.5000000000	0.5000000000	0.5000000000	0.5000000000	0.5000000000	0.5000000000	0.5000000000	0.5000000000	0.4967258024	0.5000000000	0.5000000000	0.5000000000	0.5000000000	0.5000000000	0.5000000000	0.5000000000	0.5000000000	0.5000000000	0.5000000000	0.5000000000	0.5000000000	0.5000000000	0.5000000000	0.5000000000	0.5000000000	0.5000000000	0.5000000000	0.5000000000	0.5000000000	0.5000000000	0.5000000000	0.5000000000	0.5000000000	0.5000000000	0.5000000000	0.5000000000	0.5000000000	0.5000000000	0.5000000000	0.5000000000	0.5000000000	0.5000000000	0.0000000000	0.5000000000	0.5000000000	0.5000000000	0.5000000000	0.5000000000	0.5000000000	0.5000000000	0.5000000000	0.5000000000	0.5000000000	0.5000000000	0.5000000000	0.5000000000	0.5000000000	0.5000000000	0.5000000000	0.5000000000	0.5000000000	0.5000000000	0.5000000000	0.5000000000	0.5000000000	0.5000000000	0.5000000000	0.5000000000	0.5000000000	0.5000000000	0.5000000000	0.5000000000	0.5000000000	0.5000000000	0.5000000000	0.5000000000	0.5000000000	0.5000000000	0.5000000000	0.5000000000	0.5000000000	0.5000000000	0.5000000000	0.5000000000	0.5000000000	0.5000000000	0.5000000000	0.5000000000	0.5000000000	0.5000000000	0.5000000000	0.5000000000	0.5000000000	0.5000000000	0.5000000000	0.5000000000	0.5000000000	0.5000000000	0.5000000000	0.5000000000	0.5000000000	0.5000000000	0.5000000000	0.5000000000	0.5000000000	0.5000000000	0.5000000000	0.5000000000	0.5000000000
SRR8476460.rna.1	0.5000000000	0.5000000000	0.5000000000	0.5000000000	0.5000000000	0.5000000000	0.5000000000	0.5000000000	0.5000000000	0.5000000000	0.5000000000	0.5000000000	0.5000000000	0.5000000000	0.5000000000	0.5000000000	0.5000000000	0.5000000000	0.5000000000	0.5000000000	0.5000000000	0.5000000000	0.5000000000	0.5000000000	0.5000000000	0.5000000000	0.5000000000	0.5000000000	0.5000000000	0.5000000000	0.5000000000	0.5000000000	0.5000000000	0.5000000000	0.5000000000	0.5000000000	0.5000000000	0.5000000000	0.5000000000	0.5000000000	0.5000000000	0.5000000000	0.5000000000	0.5000000000	0.5000000000	0.5000000000	0.5000000000	0.5000000000	0.5000000000	0.0000000000	0.5000000000	0.5000000000	0.5000000000	0.5000000000	0.5000000000	0.5000000000	0.4604738440	0.4771118732	0.5000000000	0.5000000000	0.5000000000	0.5000000000	0.5000000000	0.5000000000	0.5000000000	0.5000000000	0.5000000000	0.5000000000	0.5000000000	0.5000000000	0.5000000000	0.5000000000	0.5000000000	0.5000000000	0.5000000000	0.5000000000	0.5000000000	0.5000000000	0.5000000000	0.5000000000	0.5000000000	0.5000000000	0.4857976165	0.5000000000	0.5000000000	0.5000000000	0.5000000000	0.5000000000	0.5000000000	0.5000000000	0.5000000000	0.5000000000	0.5000000000	0.5000000000	0.5000000000	0.5000000000	0.5000000000	0.5000000000	0.5000000000	0.5000000000	0.5000000000	0.5000000000	0.5000000000	0.5000000000	0.5000000000	0.5000000000	0.5000000000	0.5000000000	0.5000000000	0.5000000000	0.5000000000	0.5000000000	0.5000000000	0.5000000000	0.5000000000
SRR8476440.rna.1	0.5000000000	0.5000000000	0.5000000000	0.5000000000	0.5000000000	0.5000000000	0.5000000000	0.5000000000	0.5000000000	0.5000000000	0.5000000000	0.5000000000	0.5000000000	0.5000000000	0.5000000000	0.5000000000	0.5000000000	0.5000000000	0.5000000000	0.5000000000	0.5000000000	0.5000000000	0.5000000000	0.5000000000	0.5000000000	0.5000000000	0.5000000000	0.5000000000	0.5000000000	0.5000000000	0.5000000000	0.5000000000	0.5000000000	0.5000000000	0.5000000000	0.5000000000	0.5000000000	0.5000000000	0.5000000000	0.5000000000	0.5000000000	0.5000000000	0.5000000000	0.5000000000	0.5000000000	0.5000000000	0.5000000000	0.5000000000	0.5000000000	0.5000000000	0.0000000000	0.5000000000	0.5000000000	0.5000000000	0.5000000000	0.5000000000	0.5000000000	0.5000000000	0.5000000000	0.5000000000	0.5000000000	0.3459097103	0.5000000000	0.5000000000	0.5000000000	0.5000000000	0.5000000000	0.5000000000	0.5000000000	0.5000000000	0.5000000000	0.5000000000	0.5000000000	0.5000000000	0.5000000000	0.5000000000	0.5000000000	0.5000000000	0.5000000000	0.5000000000	0.5000000000	0.5000000000	0.5000000000	0.5000000000	0.5000000000	0.5000000000	0.5000000000	0.5000000000	0.5000000000	0.5000000000	0.5000000000	0.4718231318	0.5000000000	0.5000000000	0.5000000000	0.5000000000	0.5000000000	0.5000000000	0.5000000000	0.5000000000	0.5000000000	0.5000000000	0.5000000000	0.5000000000	0.5000000000	0.5000000000	0.5000000000	0.5000000000	0.5000000000	0.5000000000	0.5000000000	0.5000000000	0.5000000000	0.5000000000	0.5000000000
SRR8476503.rna.1	0.5000000000	0.5000000000	0.5000000000	0.5000000000	0.5000000000	0.5000000000	0.5000000000	0.5000000000	0.5000000000	0.5000000000	0.5000000000	0.5000000000	0.5000000000	0.5000000000	0.5000000000	0.5000000000	0.5000000000	0.5000000000	0.5000000000	0.5000000000	0.5000000000	0.5000000000	0.5000000000	0.5000000000	0.5000000000	0.5000000000	0.5000000000	0.5000000000	0.5000000000	0.5000000000	0.5000000000	0.5000000000	0.5000000000	0.5000000000	0.5000000000	0.5000000000	0.5000000000	0.5000000000	0.5000000000	0.5000000000	0.5000000000	0.5000000000	0.5000000000	0.5000000000	0.5000000000	0.5000000000	0.5000000000	0.5000000000	0.5000000000	0.5000000000	0.5000000000	0.0000000000	0.5000000000	0.5000000000	0.5000000000	0.5000000000	0.5000000000	0.5000000000	0.5000000000	0.5000000000	0.5000000000	0.5000000000	0.5000000000	0.5000000000	0.5000000000	0.5000000000	0.5000000000	0.5000000000	0.5000000000	0.5000000000	0.5000000000	0.5000000000	0.5000000000	0.5000000000	0.5000000000	0.5000000000	0.5000000000	0.5000000000	0.5000000000	0.5000000000	0.5000000000	0.5000000000	0.5000000000	0.5000000000	0.5000000000	0.5000000000	0.4999870065	0.5000000000	0.4188737448	0.5000000000	0.5000000000	0.5000000000	0.5000000000	0.5000000000	0.5000000000	0.5000000000	0.5000000000	0.5000000000	0.5000000000	0.5000000000	0.5000000000	0.5000000000	0.5000000000	0.5000000000	0.5000000000	0.5000000000	0.5000000000	0.5000000000	0.5000000000	0.5000000000	0.5000000000	0.5000000000	0.5000000000	0.5000000000	0.5000000000
SRR8476473.rna.1	0.5000000000	0.5000000000	0.5000000000	0.5000000000	0.5000000000	0.5000000000	0.5000000000	0.5000000000	0.5000000000	0.5000000000	0.5000000000	0.5000000000	0.5000000000	0.5000000000	0.5000000000	0.5000000000	0.5000000000	0.5000000000	0.5000000000	0.5000000000	0.5000000000	0.5000000000	0.5000000000	0.5000000000	0.5000000000	0.5000000000	0.5000000000	0.5000000000	0.5000000000	0.4999999802	0.5000000000	0.5000000000	0.5000000000	0.5000000000	0.5000000000	0.5000000000	0.5000000000	0.5000000000	0.5000000000	0.5000000000	0.5000000000	0.5000000000	0.5000000000	0.5000000000	0.5000000000	0.5000000000	0.5000000000	0.5000000000	0.5000000000	0.5000000000	0.5000000000	0.5000000000	0.0000000000	0.5000000000	0.5000000000	0.5000000000	0.5000000000	0.5000000000	0.5000000000	0.5000000000	0.5000000000	0.5000000000	0.5000000000	0.5000000000	0.5000000000	0.5000000000	0.5000000000	0.5000000000	0.5000000000	0.5000000000	0.5000000000	0.5000000000	0.5000000000	0.5000000000	0.5000000000	0.5000000000	0.5000000000	0.5000000000	0.5000000000	0.5000000000	0.5000000000	0.5000000000	0.5000000000	0.5000000000	0.5000000000	0.5000000000	0.5000000000	0.5000000000	0.5000000000	0.5000000000	0.5000000000	0.5000000000	0.5000000000	0.5000000000	0.5000000000	0.5000000000	0.5000000000	0.5000000000	0.5000000000	0.5000000000	0.5000000000	0.5000000000	0.5000000000	0.5000000000	0.5000000000	0.5000000000	0.5000000000	0.5000000000	0.5000000000	0.5000000000	0.5000000000	0.5000000000	0.5000000000	0.5000000000	0.5000000000
SRR8476479.rna.1	0.5000000000	0.5000000000	0.5000000000	0.5000000000	0.5000000000	0.5000000000	0.5000000000	0.5000000000	0.5000000000	0.5000000000	0.5000000000	0.5000000000	0.5000000000	0.5000000000	0.5000000000	0.5000000000	0.5000000000	0.5000000000	0.5000000000	0.5000000000	0.5000000000	0.5000000000	0.5000000000	0.5000000000	0.5000000000	0.5000000000	0.5000000000	0.5000000000	0.5000000000	0.4922468573	0.5000000000	0.5000000000	0.5000000000	0.5000000000	0.5000000000	0.5000000000	0.5000000000	0.5000000000	0.5000000000	0.5000000000	0.5000000000	0.5000000000	0.5000000000	0.5000000000	0.5000000000	0.5000000000	0.5000000000	0.5000000000	0.5000000000	0.5000000000	0.5000000000	0.5000000000	0.5000000000	0.0000000000	0.4968807947	0.4962112241	0.5000000000	0.5000000000	0.5000000000	0.5000000000	0.4766055461	0.5000000000	0.5000000000	0.5000000000	0.5000000000	0.5000000000	0.5000000000	0.5000000000	0.5000000000	0.5000000000	0.5000000000	0.5000000000	0.5000000000	0.5000000000	0.5000000000	0.4683506120	0.5000000000	0.5000000000	0.5000000000	0.5000000000	0.5000000000	0.5000000000	0.5000000000	0.5000000000	0.5000000000	0.5000000000	0.5000000000	0.5000000000	0.5000000000	0.5000000000	0.5000000000	0.5000000000	0.5000000000	0.5000000000	0.5000000000	0.5000000000	0.5000000000	0.5000000000	0.5000000000	0.5000000000	0.5000000000	0.5000000000	0.5000000000	0.5000000000	0.4866986235	0.5000000000	0.5000000000	0.5000000000	0.5000000000	0.5000000000	0.5000000000	0.5000000000	0.5000000000	0.5000000000	0.5000000000
SRR8476500.rna.1	0.5000000000	0.5000000000	0.5000000000	0.5000000000	0.5000000000	0.5000000000	0.5000000000	0.5000000000	0.5000000000	0.5000000000	0.5000000000	0.5000000000	0.5000000000	0.5000000000	0.5000000000	0.5000000000	0.5000000000	0.5000000000	0.5000000000	0.5000000000	0.5000000000	0.5000000000	0.5000000000	0.5000000000	0.5000000000	0.5000000000	0.5000000000	0.5000000000	0.5000000000	0.5000000000	0.5000000000	0.5000000000	0.5000000000	0.5000000000	0.5000000000	0.5000000000	0.5000000000	0.5000000000	0.5000000000	0.5000000000	0.5000000000	0.5000000000	0.5000000000	0.5000000000	0.5000000000	0.5000000000	0.5000000000	0.5000000000	0.5000000000	0.5000000000	0.5000000000	0.5000000000	0.5000000000	0.4968807947	0.0000000000	0.4065345743	0.5000000000	0.5000000000	0.5000000000	0.5000000000	0.5000000000	0.5000000000	0.5000000000	0.5000000000	0.5000000000	0.5000000000	0.5000000000	0.5000000000	0.5000000000	0.4629084750	0.5000000000	0.5000000000	0.5000000000	0.5000000000	0.5000000000	0.5000000000	0.5000000000	0.5000000000	0.5000000000	0.5000000000	0.5000000000	0.5000000000	0.5000000000	0.5000000000	0.5000000000	0.5000000000	0.5000000000	0.5000000000	0.5000000000	0.5000000000	0.5000000000	0.5000000000	0.5000000000	0.5000000000	0.5000000000	0.5000000000	0.4993100021	0.5000000000	0.5000000000	0.5000000000	0.5000000000	0.5000000000	0.5000000000	0.5000000000	0.4937000193	0.5000000000	0.5000000000	0.5000000000	0.5000000000	0.5000000000	0.5000000000	0.5000000000	0.5000000000	0.5000000000	0.5000000000
SRR8476498.rna.1	0.5000000000	0.5000000000	0.5000000000	0.5000000000	0.5000000000	0.5000000000	0.5000000000	0.5000000000	0.5000000000	0.5000000000	0.5000000000	0.5000000000	0.5000000000	0.5000000000	0.5000000000	0.5000000000	0.5000000000	0.5000000000	0.5000000000	0.5000000000	0.5000000000	0.5000000000	0.5000000000	0.5000000000	0.5000000000	0.5000000000	0.5000000000	0.5000000000	0.5000000000	0.5000000000	0.5000000000	0.5000000000	0.5000000000	0.5000000000	0.5000000000	0.5000000000	0.5000000000	0.5000000000	0.5000000000	0.5000000000	0.5000000000	0.5000000000	0.5000000000	0.5000000000	0.5000000000	0.5000000000	0.5000000000	0.5000000000	0.5000000000	0.5000000000	0.5000000000	0.5000000000	0.5000000000	0.4962112241	0.4065345743	0.0000000000	0.5000000000	0.5000000000	0.5000000000	0.5000000000	0.5000000000	0.5000000000	0.5000000000	0.5000000000	0.5000000000	0.5000000000	0.5000000000	0.5000000000	0.5000000000	0.3815370535	0.5000000000	0.5000000000	0.5000000000	0.5000000000	0.5000000000	0.5000000000	0.5000000000	0.5000000000	0.5000000000	0.5000000000	0.5000000000	0.5000000000	0.5000000000	0.5000000000	0.5000000000	0.5000000000	0.5000000000	0.5000000000	0.5000000000	0.5000000000	0.5000000000	0.5000000000	0.5000000000	0.5000000000	0.5000000000	0.5000000000	0.4982036530	0.5000000000	0.5000000000	0.5000000000	0.5000000000	0.5000000000	0.5000000000	0.5000000000	0.5000000000	0.5000000000	0.5000000000	0.5000000000	0.5000000000	0.5000000000	0.5000000000	0.5000000000	0.5000000000	0.5000000000	0.5000000000
SRR8476476.rna.1	0.5000000000	0.5000000000	0.5000000000	0.5000000000	0.5000000000	0.5000000000	0.5000000000	0.5000000000	0.4981128021	0.5000000000	0.5000000000	0.5000000000	0.5000000000	0.5000000000	0.5000000000	0.5000000000	0.5000000000	0.5000000000	0.5000000000	0.5000000000	0.4995198760	0.5000000000	0.5000000000	0.5000000000	0.5000000000	0.5000000000	0.5000000000	0.5000000000	0.5000000000	0.5000000000	0.5000000000	0.4822408531	0.5000000000	0.5000000000	0.5000000000	0.5000000000	0.5000000000	0.5000000000	0.5000000000	0.5000000000	0.5000000000	0.5000000000	0.5000000000	0.5000000000	0.4999666172	0.5000000000	0.5000000000	0.5000000000	0.5000000000	0.4604738440	0.5000000000	0.5000000000	0.5000000000	0.5000000000	0.5000000000	0.5000000000	0.0000000000	0.4839501474	0.5000000000	0.5000000000	0.5000000000	0.5000000000	0.5000000000	0.5000000000	0.5000000000	0.5000000000	0.5000000000	0.5000000000	0.5000000000	0.5000000000	0.5000000000	0.5000000000	0.5000000000	0.5000000000	0.5000000000	0.5000000000	0.5000000000	0.5000000000	0.4916447500	0.5000000000	0.4979004284	0.5000000000	0.5000000000	0.5000000000	0.5000000000	0.5000000000	0.5000000000	0.5000000000	0.5000000000	0.4999726646	0.5000000000	0.5000000000	0.5000000000	0.5000000000	0.5000000000	0.5000000000	0.5000000000	0.5000000000	0.5000000000	0.5000000000	0.5000000000	0.5000000000	0.5000000000	0.5000000000	0.5000000000	0.5000000000	0.5000000000	0.5000000000	0.5000000000	0.5000000000	0.5000000000	0.5000000000	0.5000000000	0.5000000000	0.5000000000
SRR8476455.rna.1	0.5000000000	0.5000000000	0.5000000000	0.5000000000	0.5000000000	0.5000000000	0.5000000000	0.5000000000	0.4993876333	0.5000000000	0.5000000000	0.5000000000	0.5000000000	0.5000000000	0.5000000000	0.5000000000	0.5000000000	0.5000000000	0.5000000000	0.5000000000	0.5000000000	0.5000000000	0.5000000000	0.5000000000	0.5000000000	0.5000000000	0.5000000000	0.5000000000	0.5000000000	0.5000000000	0.5000000000	0.5000000000	0.5000000000	0.5000000000	0.5000000000	0.5000000000	0.5000000000	0.5000000000	0.5000000000	0.5000000000	0.5000000000	0.5000000000	0.5000000000	0.5000000000	0.5000000000	0.5000000000	0.5000000000	0.5000000000	0.5000000000	0.4771118732	0.5000000000	0.5000000000	0.5000000000	0.5000000000	0.5000000000	0.5000000000	0.4839501474	0.0000000000	0.5000000000	0.5000000000	0.5000000000	0.5000000000	0.5000000000	0.5000000000	0.5000000000	0.5000000000	0.5000000000	0.5000000000	0.5000000000	0.5000000000	0.5000000000	0.5000000000	0.5000000000	0.5000000000	0.5000000000	0.5000000000	0.5000000000	0.5000000000	0.5000000000	0.5000000000	0.4990828714	0.5000000000	0.4425889407	0.5000000000	0.5000000000	0.5000000000	0.5000000000	0.5000000000	0.5000000000	0.5000000000	0.5000000000	0.5000000000	0.5000000000	0.5000000000	0.5000000000	0.5000000000	0.5000000000	0.5000000000	0.5000000000	0.5000000000	0.5000000000	0.5000000000	0.5000000000	0.5000000000	0.5000000000	0.5000000000	0.5000000000	0.5000000000	0.5000000000	0.5000000000	0.5000000000	0.5000000000	0.5000000000	0.5000000000	0.5000000000
SRR8476483.rna.1	0.5000000000	0.5000000000	0.5000000000	0.5000000000	0.5000000000	0.5000000000	0.5000000000	0.5000000000	0.5000000000	0.5000000000	0.5000000000	0.5000000000	0.5000000000	0.5000000000	0.5000000000	0.5000000000	0.5000000000	0.5000000000	0.5000000000	0.5000000000	0.4999350569	0.5000000000	0.5000000000	0.5000000000	0.5000000000	0.5000000000	0.5000000000	0.4987974057	0.5000000000	0.5000000000	0.5000000000	0.4921333369	0.5000000000	0.5000000000	0.5000000000	0.5000000000	0.5000000000	0.5000000000	0.5000000000	0.5000000000	0.5000000000	0.5000000000	0.5000000000	0.5000000000	0.5000000000	0.5000000000	0.5000000000	0.5000000000	0.5000000000	0.5000000000	0.5000000000	0.5000000000	0.5000000000	0.5000000000	0.5000000000	0.5000000000	0.5000000000	0.5000000000	0.0000000000	0.5000000000	0.5000000000	0.5000000000	0.5000000000	0.5000000000	0.5000000000	0.5000000000	0.5000000000	0.5000000000	0.5000000000	0.5000000000	0.5000000000	0.5000000000	0.5000000000	0.5000000000	0.5000000000	0.5000000000	0.5000000000	0.5000000000	0.4985314471	0.5000000000	0.5000000000	0.5000000000	0.5000000000	0.5000000000	0.5000000000	0.5000000000	0.4999991057	0.5000000000	0.5000000000	0.5000000000	0.5000000000	0.5000000000	0.5000000000	0.5000000000	0.5000000000	0.5000000000	0.5000000000	0.5000000000	0.5000000000	0.5000000000	0.5000000000	0.5000000000	0.4999982473	0.5000000000	0.5000000000	0.5000000000	0.5000000000	0.5000000000	0.5000000000	0.5000000000	0.5000000000	0.5000000000	0.5000000000	0.5000000000	0.5000000000
SRR8476436.rna.1	0.5000000000	0.5000000000	0.5000000000	0.5000000000	0.5000000000	0.5000000000	0.5000000000	0.5000000000	0.5000000000	0.5000000000	0.5000000000	0.5000000000	0.5000000000	0.5000000000	0.5000000000	0.5000000000	0.5000000000	0.5000000000	0.5000000000	0.5000000000	0.5000000000	0.5000000000	0.5000000000	0.5000000000	0.5000000000	0.5000000000	0.5000000000	0.5000000000	0.5000000000	0.5000000000	0.5000000000	0.5000000000	0.5000000000	0.5000000000	0.5000000000	0.5000000000	0.5000000000	0.5000000000	0.5000000000	0.5000000000	0.5000000000	0.5000000000	0.5000000000	0.5000000000	0.5000000000	0.5000000000	0.5000000000	0.5000000000	0.5000000000	0.5000000000	0.5000000000	0.5000000000	0.5000000000	0.5000000000	0.5000000000	0.5000000000	0.5000000000	0.5000000000	0.5000000000	0.0000000000	0.5000000000	0.5000000000	0.5000000000	0.5000000000	0.5000000000	0.5000000000	0.5000000000	0.5000000000	0.5000000000	0.5000000000	0.5000000000	0.5000000000	0.5000000000	0.5000000000	0.5000000000	0.5000000000	0.3803941355	0.5000000000	0.5000000000	0.5000000000	0.5000000000	0.5000000000	0.5000000000	0.5000000000	0.5000000000	0.5000000000	0.5000000000	0.5000000000	0.5000000000	0.5000000000	0.5000000000	0.5000000000	0.5000000000	0.5000000000	0.5000000000	0.5000000000	0.5000000000	0.5000000000	0.5000000000	0.5000000000	0.5000000000	0.5000000000	0.5000000000	0.5000000000	0.5000000000	0.5000000000	0.5000000000	0.5000000000	0.5000000000	0.5000000000	0.5000000000	0.5000000000	0.5000000000	0.5000000000	0.5000000000
SRR8476484.rna.1	0.5000000000	0.5000000000	0.5000000000	0.5000000000	0.5000000000	0.5000000000	0.5000000000	0.5000000000	0.5000000000	0.5000000000	0.5000000000	0.5000000000	0.5000000000	0.5000000000	0.5000000000	0.5000000000	0.5000000000	0.5000000000	0.5000000000	0.5000000000	0.5000000000	0.5000000000	0.5000000000	0.5000000000	0.5000000000	0.5000000000	0.5000000000	0.4999995426	0.5000000000	0.5000000000	0.5000000000	0.5000000000	0.5000000000	0.5000000000	0.5000000000	0.5000000000	0.5000000000	0.5000000000	0.5000000000	0.5000000000	0.5000000000	0.5000000000	0.5000000000	0.5000000000	0.5000000000	0.5000000000	0.5000000000	0.5000000000	0.5000000000	0.5000000000	0.5000000000	0.5000000000	0.5000000000	0.4766055461	0.5000000000	0.5000000000	0.5000000000	0.5000000000	0.5000000000	0.5000000000	0.0000000000	0.5000000000	0.5000000000	0.5000000000	0.5000000000	0.5000000000	0.5000000000	0.5000000000	0.5000000000	0.5000000000	0.5000000000	0.5000000000	0.5000000000	0.5000000000	0.5000000000	0.4216831292	0.5000000000	0.5000000000	0.5000000000	0.5000000000	0.5000000000	0.5000000000	0.5000000000	0.5000000000	0.5000000000	0.5000000000	0.5000000000	0.5000000000	0.5000000000	0.5000000000	0.5000000000	0.5000000000	0.5000000000	0.5000000000	0.5000000000	0.5000000000	0.5000000000	0.5000000000	0.5000000000	0.5000000000	0.5000000000	0.5000000000	0.5000000000	0.5000000000	0.5000000000	0.5000000000	0.5000000000	0.5000000000	0.5000000000	0.5000000000	0.5000000000	0.5000000000	0.5000000000	0.5000000000	0.5000000000
SRR8476474.rna.1	0.5000000000	0.5000000000	0.5000000000	0.5000000000	0.5000000000	0.5000000000	0.5000000000	0.5000000000	0.5000000000	0.5000000000	0.5000000000	0.5000000000	0.5000000000	0.5000000000	0.5000000000	0.5000000000	0.5000000000	0.5000000000	0.5000000000	0.5000000000	0.5000000000	0.5000000000	0.5000000000	0.5000000000	0.5000000000	0.5000000000	0.5000000000	0.5000000000	0.5000000000	0.5000000000	0.5000000000	0.5000000000	0.5000000000	0.5000000000	0.5000000000	0.5000000000	0.5000000000	0.5000000000	0.5000000000	0.5000000000	0.5000000000	0.5000000000	0.5000000000	0.5000000000	0.5000000000	0.5000000000	0.5000000000	0.5000000000	0.5000000000	0.5000000000	0.3459097103	0.5000000000	0.5000000000	0.5000000000	0.5000000000	0.5000000000	0.5000000000	0.5000000000	0.5000000000	0.5000000000	0.5000000000	0.0000000000	0.5000000000	0.5000000000	0.5000000000	0.5000000000	0.5000000000	0.5000000000	0.5000000000	0.5000000000	0.5000000000	0.5000000000	0.5000000000	0.5000000000	0.5000000000	0.5000000000	0.5000000000	0.5000000000	0.5000000000	0.5000000000	0.5000000000	0.5000000000	0.5000000000	0.5000000000	0.5000000000	0.5000000000	0.5000000000	0.5000000000	0.5000000000	0.5000000000	0.5000000000	0.5000000000	0.5000000000	0.5000000000	0.5000000000	0.5000000000	0.5000000000	0.5000000000	0.5000000000	0.5000000000	0.5000000000	0.5000000000	0.5000000000	0.5000000000	0.5000000000	0.5000000000	0.5000000000	0.5000000000	0.4177503119	0.5000000000	0.5000000000	0.5000000000	0.5000000000	0.5000000000	0.5000000000
SRR8476509.rna.1	0.5000000000	0.5000000000	0.5000000000	0.5000000000	0.5000000000	0.5000000000	0.5000000000	0.5000000000	0.5000000000	0.5000000000	0.5000000000	0.5000000000	0.5000000000	0.5000000000	0.5000000000	0.5000000000	0.5000000000	0.5000000000	0.5000000000	0.5000000000	0.5000000000	0.5000000000	0.5000000000	0.5000000000	0.5000000000	0.5000000000	0.5000000000	0.5000000000	0.5000000000	0.5000000000	0.5000000000	0.5000000000	0.5000000000	0.5000000000	0.5000000000	0.5000000000	0.5000000000	0.5000000000	0.5000000000	0.5000000000	0.5000000000	0.5000000000	0.5000000000	0.5000000000	0.5000000000	0.5000000000	0.5000000000	0.5000000000	0.5000000000	0.5000000000	0.5000000000	0.5000000000	0.5000000000	0.5000000000	0.5000000000	0.5000000000	0.5000000000	0.5000000000	0.5000000000	0.5000000000	0.5000000000	0.5000000000	0.0000000000	0.5000000000	0.5000000000	0.5000000000	0.5000000000	0.5000000000	0.5000000000	0.5000000000	0.5000000000	0.5000000000	0.5000000000	0.5000000000	0.5000000000	0.5000000000	0.5000000000	0.5000000000	0.5000000000	0.5000000000	0.5000000000	0.4970600606	0.5000000000	0.5000000000	0.5000000000	0.5000000000	0.5000000000	0.5000000000	0.5000000000	0.5000000000	0.5000000000	0.5000000000	0.5000000000	0.5000000000	0.5000000000	0.5000000000	0.5000000000	0.5000000000	0.5000000000	0.5000000000	0.5000000000	0.5000000000	0.5000000000	0.5000000000	0.5000000000	0.5000000000	0.5000000000	0.5000000000	0.5000000000	0.5000000000	0.5000000000	0.5000000000	0.5000000000	0.5000000000	0.5000000000
SRR8476458.rna.1	0.5000000000	0.5000000000	0.5000000000	0.4955031124	0.5000000000	0.5000000000	0.5000000000	0.5000000000	0.5000000000	0.5000000000	0.5000000000	0.5000000000	0.5000000000	0.5000000000	0.5000000000	0.5000000000	0.5000000000	0.5000000000	0.5000000000	0.5000000000	0.5000000000	0.5000000000	0.5000000000	0.5000000000	0.5000000000	0.5000000000	0.5000000000	0.5000000000	0.5000000000	0.5000000000	0.5000000000	0.5000000000	0.5000000000	0.5000000000	0.5000000000	0.4998609923	0.5000000000	0.5000000000	0.5000000000	0.5000000000	0.5000000000	0.5000000000	0.5000000000	0.5000000000	0.5000000000	0.5000000000	0.5000000000	0.5000000000	0.5000000000	0.5000000000	0.5000000000	0.5000000000	0.5000000000	0.5000000000	0.5000000000	0.5000000000	0.5000000000	0.5000000000	0.5000000000	0.5000000000	0.5000000000	0.5000000000	0.5000000000	0.0000000000	0.5000000000	0.5000000000	0.5000000000	0.5000000000	0.5000000000	0.5000000000	0.5000000000	0.5000000000	0.5000000000	0.5000000000	0.5000000000	0.5000000000	0.5000000000	0.5000000000	0.5000000000	0.5000000000	0.5000000000	0.5000000000	0.5000000000	0.5000000000	0.5000000000	0.5000000000	0.5000000000	0.5000000000	0.5000000000	0.5000000000	0.5000000000	0.5000000000	0.5000000000	0.5000000000	0.5000000000	0.5000000000	0.5000000000	0.5000000000	0.5000000000	0.5000000000	0.5000000000	0.5000000000	0.5000000000	0.4912876583	0.5000000000	0.5000000000	0.5000000000	0.5000000000	0.5000000000	0.5000000000	0.5000000000	0.5000000000	0.5000000000	0.5000000000	0.5000000000
SRR8476469.rna.1	0.5000000000	0.5000000000	0.5000000000	0.4689798503	0.5000000000	0.5000000000	0.5000000000	0.5000000000	0.5000000000	0.5000000000	0.5000000000	0.5000000000	0.5000000000	0.5000000000	0.5000000000	0.5000000000	0.5000000000	0.5000000000	0.5000000000	0.5000000000	0.5000000000	0.5000000000	0.5000000000	0.5000000000	0.5000000000	0.5000000000	0.5000000000	0.5000000000	0.5000000000	0.5000000000	0.5000000000	0.5000000000	0.5000000000	0.5000000000	0.5000000000	0.4794164351	0.5000000000	0.5000000000	0.5000000000	0.5000000000	0.5000000000	0.5000000000	0.5000000000	0.5000000000	0.5000000000	0.5000000000	0.5000000000	0.5000000000	0.5000000000	0.5000000000	0.5000000000	0.5000000000	0.5000000000	0.5000000000	0.5000000000	0.5000000000	0.5000000000	0.5000000000	0.5000000000	0.5000000000	0.5000000000	0.5000000000	0.5000000000	0.5000000000	0.0000000000	0.5000000000	0.5000000000	0.5000000000	0.5000000000	0.5000000000	0.5000000000	0.5000000000	0.5000000000	0.5000000000	0.5000000000	0.5000000000	0.5000000000	0.5000000000	0.5000000000	0.5000000000	0.5000000000	0.5000000000	0.5000000000	0.5000000000	0.5000000000	0.5000000000	0.5000000000	0.5000000000	0.5000000000	0.5000000000	0.5000000000	0.5000000000	0.5000000000	0.5000000000	0.5000000000	0.5000000000	0.5000000000	0.5000000000	0.5000000000	0.5000000000	0.5000000000	0.5000000000	0.5000000000	0.4554119777	0.5000000000	0.5000000000	0.5000000000	0.5000000000	0.5000000000	0.4910307397	0.5000000000	0.5000000000	0.5000000000	0.5000000000	0.5000000000
SRR8476511.rna.1	0.5000000000	0.5000000000	0.5000000000	0.5000000000	0.5000000000	0.5000000000	0.4826205464	0.5000000000	0.5000000000	0.5000000000	0.5000000000	0.5000000000	0.5000000000	0.5000000000	0.5000000000	0.5000000000	0.5000000000	0.5000000000	0.5000000000	0.5000000000	0.5000000000	0.5000000000	0.5000000000	0.5000000000	0.5000000000	0.5000000000	0.5000000000	0.5000000000	0.5000000000	0.5000000000	0.5000000000	0.5000000000	0.5000000000	0.5000000000	0.5000000000	0.5000000000	0.5000000000	0.5000000000	0.5000000000	0.5000000000	0.5000000000	0.5000000000	0.5000000000	0.5000000000	0.5000000000	0.5000000000	0.5000000000	0.5000000000	0.5000000000	0.5000000000	0.5000000000	0.5000000000	0.5000000000	0.5000000000	0.5000000000	0.5000000000	0.5000000000	0.5000000000	0.5000000000	0.5000000000	0.5000000000	0.5000000000	0.5000000000	0.5000000000	0.5000000000	0.0000000000	0.5000000000	0.5000000000	0.5000000000	0.5000000000	0.5000000000	0.5000000000	0.5000000000	0.5000000000	0.5000000000	0.5000000000	0.5000000000	0.5000000000	0.5000000000	0.5000000000	0.5000000000	0.5000000000	0.5000000000	0.5000000000	0.5000000000	0.5000000000	0.5000000000	0.5000000000	0.5000000000	0.5000000000	0.5000000000	0.5000000000	0.5000000000	0.5000000000	0.5000000000	0.5000000000	0.5000000000	0.5000000000	0.5000000000	0.5000000000	0.5000000000	0.5000000000	0.5000000000	0.5000000000	0.5000000000	0.5000000000	0.5000000000	0.5000000000	0.5000000000	0.5000000000	0.5000000000	0.5000000000	0.5000000000	0.5000000000	0.5000000000
SRR8476490.rna.1	0.5000000000	0.5000000000	0.5000000000	0.5000000000	0.5000000000	0.5000000000	0.5000000000	0.5000000000	0.5000000000	0.5000000000	0.5000000000	0.5000000000	0.5000000000	0.5000000000	0.5000000000	0.5000000000	0.5000000000	0.5000000000	0.5000000000	0.5000000000	0.5000000000	0.5000000000	0.5000000000	0.5000000000	0.5000000000	0.5000000000	0.5000000000	0.5000000000	0.5000000000	0.5000000000	0.5000000000	0.5000000000	0.5000000000	0.5000000000	0.5000000000	0.5000000000	0.5000000000	0.5000000000	0.5000000000	0.5000000000	0.5000000000	0.5000000000	0.5000000000	0.5000000000	0.5000000000	0.5000000000	0.5000000000	0.5000000000	0.5000000000	0.5000000000	0.5000000000	0.5000000000	0.5000000000	0.5000000000	0.5000000000	0.5000000000	0.5000000000	0.5000000000	0.5000000000	0.5000000000	0.5000000000	0.5000000000	0.5000000000	0.5000000000	0.5000000000	0.5000000000	0.0000000000	0.5000000000	0.5000000000	0.5000000000	0.5000000000	0.5000000000	0.5000000000	0.5000000000	0.5000000000	0.5000000000	0.5000000000	0.5000000000	0.5000000000	0.5000000000	0.5000000000	0.5000000000	0.5000000000	0.5000000000	0.5000000000	0.5000000000	0.5000000000	0.5000000000	0.5000000000	0.5000000000	0.5000000000	0.3832614192	0.5000000000	0.4978715487	0.5000000000	0.5000000000	0.5000000000	0.5000000000	0.5000000000	0.5000000000	0.5000000000	0.5000000000	0.5000000000	0.5000000000	0.5000000000	0.5000000000	0.5000000000	0.5000000000	0.5000000000	0.5000000000	0.5000000000	0.5000000000	0.5000000000	0.5000000000	0.5000000000
SRR8476496.rna.1	0.5000000000	0.5000000000	0.5000000000	0.5000000000	0.5000000000	0.5000000000	0.5000000000	0.5000000000	0.5000000000	0.5000000000	0.5000000000	0.5000000000	0.5000000000	0.5000000000	0.5000000000	0.5000000000	0.5000000000	0.5000000000	0.5000000000	0.5000000000	0.5000000000	0.5000000000	0.5000000000	0.5000000000	0.5000000000	0.5000000000	0.5000000000	0.5000000000	0.5000000000	0.4993211633	0.5000000000	0.5000000000	0.5000000000	0.5000000000	0.5000000000	0.5000000000	0.5000000000	0.5000000000	0.5000000000	0.5000000000	0.5000000000	0.5000000000	0.5000000000	0.5000000000	0.5000000000	0.5000000000	0.5000000000	0.5000000000	0.5000000000	0.5000000000	0.5000000000	0.5000000000	0.5000000000	0.5000000000	0.5000000000	0.5000000000	0.5000000000	0.5000000000	0.5000000000	0.5000000000	0.5000000000	0.5000000000	0.5000000000	0.5000000000	0.5000000000	0.5000000000	0.5000000000	0.0000000000	0.5000000000	0.5000000000	0.5000000000	0.5000000000	0.5000000000	0.5000000000	0.5000000000	0.5000000000	0.5000000000	0.5000000000	0.5000000000	0.5000000000	0.5000000000	0.5000000000	0.5000000000	0.5000000000	0.5000000000	0.5000000000	0.5000000000	0.5000000000	0.5000000000	0.5000000000	0.5000000000	0.5000000000	0.5000000000	0.5000000000	0.5000000000	0.5000000000	0.5000000000	0.5000000000	0.5000000000	0.5000000000	0.5000000000	0.5000000000	0.5000000000	0.5000000000	0.5000000000	0.5000000000	0.5000000000	0.5000000000	0.5000000000	0.5000000000	0.5000000000	0.5000000000	0.5000000000	0.5000000000	0.5000000000
SRR8476478.rna.1	0.5000000000	0.5000000000	0.5000000000	0.5000000000	0.5000000000	0.5000000000	0.5000000000	0.5000000000	0.5000000000	0.5000000000	0.5000000000	0.5000000000	0.5000000000	0.5000000000	0.5000000000	0.5000000000	0.5000000000	0.5000000000	0.5000000000	0.5000000000	0.5000000000	0.5000000000	0.5000000000	0.5000000000	0.5000000000	0.5000000000	0.5000000000	0.5000000000	0.5000000000	0.5000000000	0.5000000000	0.5000000000	0.5000000000	0.5000000000	0.5000000000	0.5000000000	0.5000000000	0.5000000000	0.5000000000	0.5000000000	0.5000000000	0.5000000000	0.5000000000	0.5000000000	0.5000000000	0.5000000000	0.5000000000	0.5000000000	0.5000000000	0.5000000000	0.5000000000	0.5000000000	0.5000000000	0.5000000000	0.5000000000	0.5000000000	0.5000000000	0.5000000000	0.5000000000	0.5000000000	0.5000000000	0.5000000000	0.5000000000	0.5000000000	0.5000000000	0.5000000000	0.5000000000	0.5000000000	0.0000000000	0.5000000000	0.5000000000	0.5000000000	0.5000000000	0.5000000000	0.5000000000	0.5000000000	0.5000000000	0.5000000000	0.5000000000	0.5000000000	0.5000000000	0.5000000000	0.5000000000	0.5000000000	0.5000000000	0.5000000000	0.5000000000	0.5000000000	0.5000000000	0.5000000000	0.5000000000	0.5000000000	0.5000000000	0.5000000000	0.5000000000	0.5000000000	0.5000000000	0.5000000000	0.5000000000	0.5000000000	0.5000000000	0.5000000000	0.5000000000	0.5000000000	0.5000000000	0.5000000000	0.5000000000	0.5000000000	0.5000000000	0.5000000000	0.5000000000	0.5000000000	0.5000000000	0.5000000000	0.5000000000
SRR8476488.rna.1	0.5000000000	0.5000000000	0.5000000000	0.5000000000	0.5000000000	0.5000000000	0.5000000000	0.5000000000	0.5000000000	0.5000000000	0.5000000000	0.5000000000	0.5000000000	0.5000000000	0.5000000000	0.5000000000	0.5000000000	0.5000000000	0.5000000000	0.5000000000	0.5000000000	0.5000000000	0.5000000000	0.5000000000	0.5000000000	0.5000000000	0.5000000000	0.5000000000	0.5000000000	0.5000000000	0.5000000000	0.5000000000	0.5000000000	0.5000000000	0.5000000000	0.5000000000	0.5000000000	0.5000000000	0.5000000000	0.5000000000	0.5000000000	0.5000000000	0.5000000000	0.5000000000	0.5000000000	0.5000000000	0.5000000000	0.5000000000	0.5000000000	0.5000000000	0.5000000000	0.5000000000	0.5000000000	0.5000000000	0.4629084750	0.3815370535	0.5000000000	0.5000000000	0.5000000000	0.5000000000	0.5000000000	0.5000000000	0.5000000000	0.5000000000	0.5000000000	0.5000000000	0.5000000000	0.5000000000	0.5000000000	0.0000000000	0.5000000000	0.5000000000	0.5000000000	0.5000000000	0.5000000000	0.5000000000	0.5000000000	0.5000000000	0.5000000000	0.5000000000	0.5000000000	0.5000000000	0.5000000000	0.5000000000	0.5000000000	0.5000000000	0.5000000000	0.5000000000	0.5000000000	0.5000000000	0.5000000000	0.5000000000	0.5000000000	0.5000000000	0.5000000000	0.5000000000	0.4978621929	0.5000000000	0.5000000000	0.5000000000	0.5000000000	0.5000000000	0.5000000000	0.5000000000	0.5000000000	0.5000000000	0.5000000000	0.5000000000	0.5000000000	0.5000000000	0.5000000000	0.5000000000	0.5000000000	0.5000000000	0.5000000000
SRR8476502.rna.1	0.5000000000	0.5000000000	0.5000000000	0.5000000000	0.5000000000	0.5000000000	0.5000000000	0.5000000000	0.5000000000	0.5000000000	0.5000000000	0.5000000000	0.5000000000	0.5000000000	0.5000000000	0.5000000000	0.5000000000	0.5000000000	0.5000000000	0.5000000000	0.4972210454	0.5000000000	0.5000000000	0.5000000000	0.5000000000	0.5000000000	0.4999585085	0.5000000000	0.5000000000	0.5000000000	0.5000000000	0.4561850055	0.4768193332	0.5000000000	0.5000000000	0.5000000000	0.5000000000	0.5000000000	0.5000000000	0.5000000000	0.5000000000	0.5000000000	0.5000000000	0.5000000000	0.4999988798	0.5000000000	0.5000000000	0.5000000000	0.5000000000	0.5000000000	0.5000000000	0.5000000000	0.5000000000	0.5000000000	0.5000000000	0.5000000000	0.5000000000	0.5000000000	0.5000000000	0.5000000000	0.5000000000	0.5000000000	0.5000000000	0.5000000000	0.5000000000	0.5000000000	0.5000000000	0.5000000000	0.5000000000	0.5000000000	0.0000000000	0.5000000000	0.5000000000	0.5000000000	0.5000000000	0.5000000000	0.5000000000	0.5000000000	0.4333278387	0.5000000000	0.5000000000	0.5000000000	0.5000000000	0.5000000000	0.5000000000	0.5000000000	0.5000000000	0.5000000000	0.5000000000	0.5000000000	0.5000000000	0.5000000000	0.5000000000	0.5000000000	0.5000000000	0.5000000000	0.5000000000	0.5000000000	0.5000000000	0.5000000000	0.5000000000	0.5000000000	0.4998688874	0.5000000000	0.5000000000	0.5000000000	0.5000000000	0.5000000000	0.5000000000	0.5000000000	0.5000000000	0.5000000000	0.5000000000	0.5000000000	0.5000000000
SRR8476527.rna.1	0.4838234937	0.5000000000	0.5000000000	0.5000000000	0.5000000000	0.5000000000	0.5000000000	0.5000000000	0.5000000000	0.5000000000	0.5000000000	0.5000000000	0.5000000000	0.5000000000	0.5000000000	0.5000000000	0.5000000000	0.5000000000	0.5000000000	0.5000000000	0.5000000000	0.5000000000	0.5000000000	0.5000000000	0.5000000000	0.5000000000	0.5000000000	0.5000000000	0.5000000000	0.5000000000	0.5000000000	0.5000000000	0.5000000000	0.5000000000	0.5000000000	0.5000000000	0.5000000000	0.5000000000	0.5000000000	0.5000000000	0.5000000000	0.5000000000	0.5000000000	0.5000000000	0.5000000000	0.5000000000	0.5000000000	0.5000000000	0.5000000000	0.5000000000	0.5000000000	0.5000000000	0.5000000000	0.5000000000	0.5000000000	0.5000000000	0.5000000000	0.5000000000	0.5000000000	0.5000000000	0.5000000000	0.5000000000	0.5000000000	0.5000000000	0.5000000000	0.5000000000	0.5000000000	0.5000000000	0.5000000000	0.5000000000	0.5000000000	0.0000000000	0.5000000000	0.5000000000	0.5000000000	0.5000000000	0.5000000000	0.5000000000	0.5000000000	0.5000000000	0.5000000000	0.5000000000	0.5000000000	0.5000000000	0.5000000000	0.5000000000	0.5000000000	0.5000000000	0.5000000000	0.5000000000	0.5000000000	0.5000000000	0.5000000000	0.5000000000	0.5000000000	0.5000000000	0.5000000000	0.5000000000	0.4964132849	0.5000000000	0.5000000000	0.5000000000	0.5000000000	0.5000000000	0.5000000000	0.5000000000	0.5000000000	0.5000000000	0.5000000000	0.5000000000	0.5000000000	0.5000000000	0.5000000000	0.5000000000	0.5000000000
SRR8476515.rna.1	0.5000000000	0.5000000000	0.5000000000	0.5000000000	0.5000000000	0.5000000000	0.5000000000	0.5000000000	0.5000000000	0.5000000000	0.5000000000	0.5000000000	0.5000000000	0.5000000000	0.5000000000	0.5000000000	0.5000000000	0.5000000000	0.5000000000	0.5000000000	0.5000000000	0.5000000000	0.5000000000	0.5000000000	0.5000000000	0.5000000000	0.5000000000	0.5000000000	0.5000000000	0.5000000000	0.4903118315	0.5000000000	0.5000000000	0.5000000000	0.5000000000	0.5000000000	0.5000000000	0.5000000000	0.5000000000	0.5000000000	0.5000000000	0.5000000000	0.5000000000	0.5000000000	0.5000000000	0.5000000000	0.5000000000	0.5000000000	0.5000000000	0.5000000000	0.5000000000	0.5000000000	0.5000000000	0.5000000000	0.5000000000	0.5000000000	0.5000000000	0.5000000000	0.5000000000	0.5000000000	0.5000000000	0.5000000000	0.5000000000	0.5000000000	0.5000000000	0.5000000000	0.5000000000	0.5000000000	0.5000000000	0.5000000000	0.5000000000	0.5000000000	0.0000000000	0.5000000000	0.5000000000	0.5000000000	0.5000000000	0.5000000000	0.5000000000	0.5000000000	0.5000000000	0.5000000000	0.5000000000	0.5000000000	0.5000000000	0.5000000000	0.5000000000	0.5000000000	0.5000000000	0.5000000000	0.5000000000	0.5000000000	0.5000000000	0.5000000000	0.5000000000	0.5000000000	0.5000000000	0.5000000000	0.5000000000	0.5000000000	0.5000000000	0.5000000000	0.5000000000	0.5000000000	0.5000000000	0.5000000000	0.5000000000	0.5000000000	0.5000000000	0.5000000000	0.5000000000	0.5000000000	0.5000000000	0.5000000000	0.5000000000
SRR8476435.rna.1	0.5000000000	0.5000000000	0.5000000000	0.5000000000	0.5000000000	0.5000000000	0.5000000000	0.5000000000	0.5000000000	0.5000000000	0.5000000000	0.5000000000	0.5000000000	0.5000000000	0.5000000000	0.5000000000	0.5000000000	0.5000000000	0.5000000000	0.5000000000	0.5000000000	0.5000000000	0.5000000000	0.5000000000	0.5000000000	0.5000000000	0.5000000000	0.5000000000	0.5000000000	0.5000000000	0.5000000000	0.5000000000	0.5000000000	0.5000000000	0.5000000000	0.5000000000	0.5000000000	0.5000000000	0.5000000000	0.5000000000	0.5000000000	0.5000000000	0.5000000000	0.5000000000	0.5000000000	0.5000000000	0.5000000000	0.2995955520	0.5000000000	0.5000000000	0.5000000000	0.5000000000	0.5000000000	0.5000000000	0.5000000000	0.5000000000	0.5000000000	0.5000000000	0.5000000000	0.5000000000	0.5000000000	0.5000000000	0.5000000000	0.5000000000	0.5000000000	0.5000000000	0.5000000000	0.5000000000	0.5000000000	0.5000000000	0.5000000000	0.5000000000	0.5000000000	0.0000000000	0.5000000000	0.5000000000	0.5000000000	0.5000000000	0.5000000000	0.5000000000	0.5000000000	0.5000000000	0.5000000000	0.5000000000	0.5000000000	0.5000000000	0.5000000000	0.5000000000	0.5000000000	0.5000000000	0.5000000000	0.5000000000	0.5000000000	0.5000000000	0.5000000000	0.5000000000	0.5000000000	0.5000000000	0.5000000000	0.5000000000	0.5000000000	0.5000000000	0.5000000000	0.5000000000	0.5000000000	0.5000000000	0.5000000000	0.5000000000	0.5000000000	0.5000000000	0.5000000000	0.5000000000	0.5000000000	0.5000000000	0.5000000000
SRR8476517.rna.1	0.5000000000	0.5000000000	0.5000000000	0.5000000000	0.5000000000	0.5000000000	0.5000000000	0.5000000000	0.5000000000	0.5000000000	0.5000000000	0.5000000000	0.5000000000	0.5000000000	0.5000000000	0.5000000000	0.5000000000	0.5000000000	0.5000000000	0.5000000000	0.5000000000	0.5000000000	0.5000000000	0.5000000000	0.5000000000	0.5000000000	0.5000000000	0.5000000000	0.5000000000	0.5000000000	0.5000000000	0.5000000000	0.5000000000	0.5000000000	0.5000000000	0.5000000000	0.5000000000	0.5000000000	0.5000000000	0.5000000000	0.5000000000	0.5000000000	0.5000000000	0.5000000000	0.5000000000	0.5000000000	0.5000000000	0.5000000000	0.5000000000	0.5000000000	0.5000000000	0.5000000000	0.5000000000	0.5000000000	0.5000000000	0.5000000000	0.5000000000	0.5000000000	0.5000000000	0.5000000000	0.5000000000	0.5000000000	0.5000000000	0.5000000000	0.5000000000	0.5000000000	0.5000000000	0.5000000000	0.5000000000	0.5000000000	0.5000000000	0.5000000000	0.5000000000	0.5000000000	0.0000000000	0.5000000000	0.5000000000	0.5000000000	0.5000000000	0.5000000000	0.5000000000	0.5000000000	0.5000000000	0.5000000000	0.5000000000	0.5000000000	0.4991472778	0.5000000000	0.4789535889	0.5000000000	0.5000000000	0.5000000000	0.5000000000	0.5000000000	0.5000000000	0.5000000000	0.5000000000	0.5000000000	0.5000000000	0.5000000000	0.5000000000	0.5000000000	0.5000000000	0.5000000000	0.5000000000	0.5000000000	0.5000000000	0.5000000000	0.5000000000	0.5000000000	0.5000000000	0.5000000000	0.5000000000	0.5000000000	0.5000000000
SRR8476433.rna.1	0.5000000000	0.5000000000	0.5000000000	0.5000000000	0.5000000000	0.5000000000	0.5000000000	0.5000000000	0.5000000000	0.5000000000	0.5000000000	0.5000000000	0.5000000000	0.5000000000	0.5000000000	0.5000000000	0.5000000000	0.5000000000	0.5000000000	0.5000000000	0.5000000000	0.5000000000	0.5000000000	0.5000000000	0.5000000000	0.5000000000	0.5000000000	0.5000000000	0.5000000000	0.3614437653	0.5000000000	0.5000000000	0.5000000000	0.5000000000	0.5000000000	0.5000000000	0.5000000000	0.5000000000	0.5000000000	0.5000000000	0.5000000000	0.5000000000	0.5000000000	0.5000000000	0.5000000000	0.5000000000	0.5000000000	0.5000000000	0.5000000000	0.5000000000	0.5000000000	0.5000000000	0.5000000000	0.4683506120	0.5000000000	0.5000000000	0.5000000000	0.5000000000	0.5000000000	0.5000000000	0.4216831292	0.5000000000	0.5000000000	0.5000000000	0.5000000000	0.5000000000	0.5000000000	0.5000000000	0.5000000000	0.5000000000	0.5000000000	0.5000000000	0.5000000000	0.5000000000	0.5000000000	0.0000000000	0.5000000000	0.5000000000	0.5000000000	0.5000000000	0.5000000000	0.5000000000	0.5000000000	0.5000000000	0.5000000000	0.5000000000	0.5000000000	0.5000000000	0.5000000000	0.5000000000	0.5000000000	0.5000000000	0.5000000000	0.5000000000	0.5000000000	0.5000000000	0.5000000000	0.5000000000	0.5000000000	0.5000000000	0.5000000000	0.5000000000	0.5000000000	0.5000000000	0.5000000000	0.5000000000	0.5000000000	0.5000000000	0.5000000000	0.5000000000	0.5000000000	0.5000000000	0.5000000000	0.5000000000	0.5000000000
SRR8476492.rna.1	0.5000000000	0.5000000000	0.5000000000	0.5000000000	0.5000000000	0.5000000000	0.5000000000	0.5000000000	0.5000000000	0.5000000000	0.5000000000	0.5000000000	0.5000000000	0.5000000000	0.5000000000	0.5000000000	0.5000000000	0.5000000000	0.5000000000	0.5000000000	0.5000000000	0.5000000000	0.5000000000	0.5000000000	0.5000000000	0.5000000000	0.5000000000	0.5000000000	0.5000000000	0.5000000000	0.5000000000	0.5000000000	0.5000000000	0.5000000000	0.5000000000	0.5000000000	0.5000000000	0.5000000000	0.5000000000	0.5000000000	0.5000000000	0.5000000000	0.5000000000	0.5000000000	0.5000000000	0.5000000000	0.5000000000	0.5000000000	0.5000000000	0.5000000000	0.5000000000	0.5000000000	0.5000000000	0.5000000000	0.5000000000	0.5000000000	0.5000000000	0.5000000000	0.5000000000	0.3803941355	0.5000000000	0.5000000000	0.5000000000	0.5000000000	0.5000000000	0.5000000000	0.5000000000	0.5000000000	0.5000000000	0.5000000000	0.5000000000	0.5000000000	0.5000000000	0.5000000000	0.5000000000	0.5000000000	0.0000000000	0.5000000000	0.5000000000	0.5000000000	0.5000000000	0.5000000000	0.5000000000	0.5000000000	0.5000000000	0.5000000000	0.5000000000	0.5000000000	0.5000000000	0.5000000000	0.5000000000	0.5000000000	0.5000000000	0.5000000000	0.5000000000	0.5000000000	0.5000000000	0.5000000000	0.5000000000	0.5000000000	0.5000000000	0.5000000000	0.5000000000	0.5000000000	0.5000000000	0.5000000000	0.5000000000	0.5000000000	0.5000000000	0.5000000000	0.5000000000	0.5000000000	0.5000000000	0.5000000000	0.5000000000
SRR8476438.rna.1	0.5000000000	0.5000000000	0.5000000000	0.4999581155	0.5000000000	0.5000000000	0.5000000000	0.5000000000	0.5000000000	0.5000000000	0.5000000000	0.5000000000	0.5000000000	0.5000000000	0.5000000000	0.5000000000	0.5000000000	0.5000000000	0.5000000000	0.5000000000	0.5000000000	0.5000000000	0.5000000000	0.5000000000	0.5000000000	0.5000000000	0.4996309829	0.5000000000	0.5000000000	0.5000000000	0.5000000000	0.5000000000	0.4819775558	0.5000000000	0.5000000000	0.4991121475	0.5000000000	0.5000000000	0.5000000000	0.5000000000	0.5000000000	0.5000000000	0.5000000000	0.5000000000	0.5000000000	0.5000000000	0.5000000000	0.5000000000	0.5000000000	0.5000000000	0.5000000000	0.5000000000	0.5000000000	0.5000000000	0.5000000000	0.5000000000	0.5000000000	0.5000000000	0.5000000000	0.5000000000	0.5000000000	0.5000000000	0.5000000000	0.5000000000	0.5000000000	0.5000000000	0.5000000000	0.5000000000	0.5000000000	0.5000000000	0.5000000000	0.5000000000	0.5000000000	0.5000000000	0.5000000000	0.5000000000	0.5000000000	0.0000000000	0.5000000000	0.5000000000	0.5000000000	0.5000000000	0.5000000000	0.5000000000	0.5000000000	0.5000000000	0.5000000000	0.5000000000	0.5000000000	0.5000000000	0.5000000000	0.5000000000	0.5000000000	0.5000000000	0.5000000000	0.5000000000	0.5000000000	0.5000000000	0.5000000000	0.5000000000	0.5000000000	0.5000000000	0.4998153638	0.5000000000	0.5000000000	0.5000000000	0.5000000000	0.5000000000	0.5000000000	0.5000000000	0.5000000000	0.5000000000	0.5000000000	0.5000000000	0.5000000000
SRR8476491.rna.1	0.5000000000	0.5000000000	0.5000000000	0.5000000000	0.5000000000	0.5000000000	0.5000000000	0.5000000000	0.5000000000	0.5000000000	0.5000000000	0.5000000000	0.5000000000	0.5000000000	0.5000000000	0.5000000000	0.5000000000	0.5000000000	0.5000000000	0.5000000000	0.4988721488	0.5000000000	0.5000000000	0.5000000000	0.5000000000	0.5000000000	0.4999975531	0.4969534161	0.5000000000	0.5000000000	0.5000000000	0.3760665058	0.4973776877	0.5000000000	0.5000000000	0.5000000000	0.5000000000	0.5000000000	0.5000000000	0.5000000000	0.5000000000	0.5000000000	0.5000000000	0.5000000000	0.4988708938	0.5000000000	0.5000000000	0.5000000000	0.5000000000	0.5000000000	0.5000000000	0.5000000000	0.5000000000	0.5000000000	0.5000000000	0.5000000000	0.4916447500	0.5000000000	0.4985314471	0.5000000000	0.5000000000	0.5000000000	0.5000000000	0.5000000000	0.5000000000	0.5000000000	0.5000000000	0.5000000000	0.5000000000	0.5000000000	0.4333278387	0.5000000000	0.5000000000	0.5000000000	0.5000000000	0.5000000000	0.5000000000	0.5000000000	0.0000000000	0.5000000000	0.5000000000	0.5000000000	0.5000000000	0.5000000000	0.5000000000	0.5000000000	0.5000000000	0.5000000000	0.5000000000	0.5000000000	0.5000000000	0.5000000000	0.5000000000	0.5000000000	0.5000000000	0.5000000000	0.5000000000	0.5000000000	0.5000000000	0.5000000000	0.5000000000	0.5000000000	0.5000000000	0.5000000000	0.5000000000	0.5000000000	0.5000000000	0.5000000000	0.5000000000	0.5000000000	0.5000000000	0.5000000000	0.5000000000	0.5000000000	0.5000000000
SRR8476449.rna.1	0.5000000000	0.5000000000	0.5000000000	0.5000000000	0.5000000000	0.5000000000	0.5000000000	0.5000000000	0.5000000000	0.5000000000	0.5000000000	0.5000000000	0.5000000000	0.5000000000	0.5000000000	0.5000000000	0.5000000000	0.5000000000	0.5000000000	0.5000000000	0.5000000000	0.5000000000	0.5000000000	0.5000000000	0.5000000000	0.5000000000	0.5000000000	0.5000000000	0.5000000000	0.5000000000	0.5000000000	0.5000000000	0.5000000000	0.5000000000	0.5000000000	0.5000000000	0.5000000000	0.5000000000	0.5000000000	0.5000000000	0.5000000000	0.5000000000	0.5000000000	0.5000000000	0.5000000000	0.5000000000	0.5000000000	0.5000000000	0.5000000000	0.5000000000	0.5000000000	0.5000000000	0.5000000000	0.5000000000	0.5000000000	0.5000000000	0.5000000000	0.5000000000	0.5000000000	0.5000000000	0.5000000000	0.5000000000	0.5000000000	0.5000000000	0.5000000000	0.5000000000	0.5000000000	0.5000000000	0.5000000000	0.5000000000	0.5000000000	0.5000000000	0.5000000000	0.5000000000	0.5000000000	0.5000000000	0.5000000000	0.5000000000	0.5000000000	0.0000000000	0.5000000000	0.5000000000	0.5000000000	0.5000000000	0.5000000000	0.5000000000	0.5000000000	0.5000000000	0.5000000000	0.5000000000	0.5000000000	0.5000000000	0.5000000000	0.5000000000	0.5000000000	0.5000000000	0.5000000000	0.5000000000	0.5000000000	0.5000000000	0.5000000000	0.5000000000	0.5000000000	0.5000000000	0.5000000000	0.5000000000	0.5000000000	0.5000000000	0.5000000000	0.5000000000	0.5000000000	0.5000000000	0.5000000000	0.5000000000	0.5000000000
SRR8476542.rna.1	0.5000000000	0.5000000000	0.5000000000	0.5000000000	0.5000000000	0.5000000000	0.5000000000	0.5000000000	0.4860874972	0.5000000000	0.5000000000	0.5000000000	0.5000000000	0.5000000000	0.5000000000	0.5000000000	0.5000000000	0.5000000000	0.5000000000	0.5000000000	0.4943551083	0.5000000000	0.5000000000	0.5000000000	0.5000000000	0.5000000000	0.5000000000	0.5000000000	0.5000000000	0.5000000000	0.5000000000	0.4978835168	0.5000000000	0.5000000000	0.5000000000	0.5000000000	0.5000000000	0.5000000000	0.5000000000	0.5000000000	0.5000000000	0.5000000000	0.5000000000	0.5000000000	0.5000000000	0.5000000000	0.5000000000	0.5000000000	0.5000000000	0.5000000000	0.5000000000	0.5000000000	0.5000000000	0.5000000000	0.5000000000	0.5000000000	0.4979004284	0.4990828714	0.5000000000	0.5000000000	0.5000000000	0.5000000000	0.5000000000	0.5000000000	0.5000000000	0.5000000000	0.5000000000	0.5000000000	0.5000000000	0.5000000000	0.5000000000	0.5000000000	0.5000000000	0.5000000000	0.5000000000	0.5000000000	0.5000000000	0.5000000000	0.5000000000	0.5000000000	0.0000000000	0.5000000000	0.5000000000	0.5000000000	0.5000000000	0.5000000000	0.5000000000	0.5000000000	0.5000000000	0.4913824520	0.5000000000	0.5000000000	0.5000000000	0.5000000000	0.5000000000	0.5000000000	0.5000000000	0.5000000000	0.5000000000	0.5000000000	0.5000000000	0.5000000000	0.5000000000	0.5000000000	0.5000000000	0.5000000000	0.5000000000	0.5000000000	0.5000000000	0.5000000000	0.5000000000	0.5000000000	0.5000000000	0.5000000000	0.5000000000
SRR8476537.rna.1	0.5000000000	0.5000000000	0.5000000000	0.5000000000	0.5000000000	0.5000000000	0.5000000000	0.5000000000	0.5000000000	0.5000000000	0.5000000000	0.5000000000	0.5000000000	0.5000000000	0.5000000000	0.5000000000	0.5000000000	0.5000000000	0.5000000000	0.5000000000	0.5000000000	0.5000000000	0.5000000000	0.5000000000	0.5000000000	0.5000000000	0.5000000000	0.5000000000	0.5000000000	0.5000000000	0.5000000000	0.5000000000	0.5000000000	0.5000000000	0.5000000000	0.5000000000	0.5000000000	0.5000000000	0.5000000000	0.5000000000	0.5000000000	0.5000000000	0.5000000000	0.5000000000	0.5000000000	0.5000000000	0.5000000000	0.5000000000	0.5000000000	0.5000000000	0.5000000000	0.5000000000	0.5000000000	0.5000000000	0.5000000000	0.5000000000	0.5000000000	0.5000000000	0.5000000000	0.5000000000	0.5000000000	0.5000000000	0.4970600606	0.5000000000	0.5000000000	0.5000000000	0.5000000000	0.5000000000	0.5000000000	0.5000000000	0.5000000000	0.5000000000	0.5000000000	0.5000000000	0.5000000000	0.5000000000	0.5000000000	0.5000000000	0.5000000000	0.5000000000	0.5000000000	0.0000000000	0.5000000000	0.5000000000	0.5000000000	0.5000000000	0.5000000000	0.5000000000	0.5000000000	0.5000000000	0.5000000000	0.5000000000	0.5000000000	0.5000000000	0.5000000000	0.5000000000	0.5000000000	0.5000000000	0.5000000000	0.5000000000	0.5000000000	0.5000000000	0.5000000000	0.5000000000	0.5000000000	0.5000000000	0.5000000000	0.5000000000	0.5000000000	0.5000000000	0.5000000000	0.5000000000	0.5000000000	0.5000000000	0.5000000000
SRR8476442.rna.1	0.5000000000	0.5000000000	0.5000000000	0.5000000000	0.5000000000	0.5000000000	0.5000000000	0.5000000000	0.5000000000	0.5000000000	0.5000000000	0.5000000000	0.5000000000	0.5000000000	0.5000000000	0.5000000000	0.5000000000	0.5000000000	0.5000000000	0.5000000000	0.5000000000	0.5000000000	0.5000000000	0.5000000000	0.5000000000	0.5000000000	0.5000000000	0.5000000000	0.5000000000	0.5000000000	0.5000000000	0.5000000000	0.5000000000	0.5000000000	0.5000000000	0.5000000000	0.5000000000	0.5000000000	0.5000000000	0.5000000000	0.5000000000	0.5000000000	0.5000000000	0.5000000000	0.5000000000	0.5000000000	0.5000000000	0.5000000000	0.5000000000	0.4857976165	0.5000000000	0.5000000000	0.5000000000	0.5000000000	0.5000000000	0.5000000000	0.5000000000	0.4425889407	0.5000000000	0.5000000000	0.5000000000	0.5000000000	0.5000000000	0.5000000000	0.5000000000	0.5000000000	0.5000000000	0.5000000000	0.5000000000	0.5000000000	0.5000000000	0.5000000000	0.5000000000	0.5000000000	0.5000000000	0.5000000000	0.5000000000	0.5000000000	0.5000000000	0.5000000000	0.5000000000	0.5000000000	0.0000000000	0.5000000000	0.5000000000	0.5000000000	0.5000000000	0.5000000000	0.5000000000	0.5000000000	0.5000000000	0.5000000000	0.5000000000	0.5000000000	0.5000000000	0.5000000000	0.5000000000	0.5000000000	0.5000000000	0.5000000000	0.5000000000	0.5000000000	0.5000000000	0.5000000000	0.5000000000	0.5000000000	0.5000000000	0.5000000000	0.5000000000	0.5000000000	0.5000000000	0.5000000000	0.5000000000	0.5000000000	0.5000000000
SRR8476507.rna.1	0.5000000000	0.5000000000	0.5000000000	0.5000000000	0.5000000000	0.5000000000	0.5000000000	0.5000000000	0.5000000000	0.5000000000	0.5000000000	0.5000000000	0.5000000000	0.5000000000	0.5000000000	0.5000000000	0.5000000000	0.5000000000	0.5000000000	0.5000000000	0.5000000000	0.5000000000	0.5000000000	0.5000000000	0.5000000000	0.5000000000	0.5000000000	0.5000000000	0.5000000000	0.5000000000	0.5000000000	0.5000000000	0.5000000000	0.5000000000	0.5000000000	0.5000000000	0.5000000000	0.5000000000	0.5000000000	0.5000000000	0.5000000000	0.5000000000	0.5000000000	0.5000000000	0.5000000000	0.5000000000	0.5000000000	0.4302083130	0.5000000000	0.5000000000	0.5000000000	0.5000000000	0.5000000000	0.5000000000	0.5000000000	0.5000000000	0.5000000000	0.5000000000	0.5000000000	0.5000000000	0.5000000000	0.5000000000	0.5000000000	0.5000000000	0.5000000000	0.5000000000	0.5000000000	0.5000000000	0.5000000000	0.5000000000	0.5000000000	0.5000000000	0.5000000000	0.5000000000	0.5000000000	0.5000000000	0.5000000000	0.5000000000	0.5000000000	0.5000000000	0.5000000000	0.5000000000	0.5000000000	0.0000000000	0.5000000000	0.5000000000	0.5000000000	0.5000000000	0.5000000000	0.5000000000	0.5000000000	0.5000000000	0.5000000000	0.5000000000	0.5000000000	0.5000000000	0.5000000000	0.5000000000	0.5000000000	0.5000000000	0.5000000000	0.5000000000	0.5000000000	0.5000000000	0.5000000000	0.5000000000	0.5000000000	0.5000000000	0.5000000000	0.5000000000	0.5000000000	0.5000000000	0.5000000000	0.5000000000	0.5000000000
SRR8476532.rna.1	0.5000000000	0.5000000000	0.5000000000	0.5000000000	0.5000000000	0.5000000000	0.5000000000	0.5000000000	0.5000000000	0.5000000000	0.5000000000	0.5000000000	0.5000000000	0.5000000000	0.5000000000	0.5000000000	0.5000000000	0.5000000000	0.5000000000	0.5000000000	0.5000000000	0.5000000000	0.5000000000	0.5000000000	0.5000000000	0.5000000000	0.5000000000	0.5000000000	0.4996899701	0.5000000000	0.5000000000	0.5000000000	0.5000000000	0.5000000000	0.5000000000	0.5000000000	0.5000000000	0.5000000000	0.5000000000	0.5000000000	0.5000000000	0.5000000000	0.5000000000	0.5000000000	0.5000000000	0.5000000000	0.5000000000	0.5000000000	0.5000000000	0.5000000000	0.5000000000	0.5000000000	0.5000000000	0.5000000000	0.5000000000	0.5000000000	0.5000000000	0.5000000000	0.5000000000	0.5000000000	0.5000000000	0.5000000000	0.5000000000	0.5000000000	0.5000000000	0.5000000000	0.5000000000	0.5000000000	0.5000000000	0.5000000000	0.5000000000	0.5000000000	0.5000000000	0.5000000000	0.5000000000	0.5000000000	0.5000000000	0.5000000000	0.5000000000	0.5000000000	0.5000000000	0.5000000000	0.5000000000	0.5000000000	0.0000000000	0.5000000000	0.5000000000	0.5000000000	0.5000000000	0.5000000000	0.5000000000	0.5000000000	0.5000000000	0.5000000000	0.5000000000	0.5000000000	0.5000000000	0.5000000000	0.5000000000	0.5000000000	0.5000000000	0.5000000000	0.5000000000	0.5000000000	0.5000000000	0.5000000000	0.4917280567	0.5000000000	0.5000000000	0.5000000000	0.5000000000	0.5000000000	0.5000000000	0.5000000000	0.5000000000
SRR8476514.rna.1	0.5000000000	0.5000000000	0.5000000000	0.5000000000	0.5000000000	0.5000000000	0.5000000000	0.5000000000	0.5000000000	0.5000000000	0.5000000000	0.5000000000	0.5000000000	0.5000000000	0.5000000000	0.5000000000	0.5000000000	0.5000000000	0.5000000000	0.5000000000	0.5000000000	0.5000000000	0.5000000000	0.5000000000	0.5000000000	0.5000000000	0.5000000000	0.5000000000	0.5000000000	0.5000000000	0.5000000000	0.5000000000	0.5000000000	0.5000000000	0.5000000000	0.5000000000	0.5000000000	0.5000000000	0.5000000000	0.5000000000	0.5000000000	0.5000000000	0.5000000000	0.5000000000	0.5000000000	0.5000000000	0.5000000000	0.5000000000	0.5000000000	0.5000000000	0.5000000000	0.5000000000	0.5000000000	0.5000000000	0.5000000000	0.5000000000	0.5000000000	0.5000000000	0.5000000000	0.5000000000	0.5000000000	0.5000000000	0.5000000000	0.5000000000	0.5000000000	0.5000000000	0.5000000000	0.5000000000	0.5000000000	0.5000000000	0.5000000000	0.5000000000	0.5000000000	0.5000000000	0.5000000000	0.5000000000	0.5000000000	0.5000000000	0.5000000000	0.5000000000	0.5000000000	0.5000000000	0.5000000000	0.5000000000	0.5000000000	0.0000000000	0.5000000000	0.5000000000	0.5000000000	0.5000000000	0.5000000000	0.5000000000	0.5000000000	0.5000000000	0.5000000000	0.5000000000	0.5000000000	0.5000000000	0.5000000000	0.5000000000	0.5000000000	0.5000000000	0.5000000000	0.5000000000	0.5000000000	0.5000000000	0.5000000000	0.5000000000	0.5000000000	0.5000000000	0.5000000000	0.5000000000	0.5000000000	0.5000000000	0.5000000000
SRR8476486.rna.1	0.5000000000	0.5000000000	0.5000000000	0.5000000000	0.5000000000	0.5000000000	0.5000000000	0.5000000000	0.5000000000	0.5000000000	0.5000000000	0.5000000000	0.5000000000	0.5000000000	0.5000000000	0.5000000000	0.5000000000	0.5000000000	0.5000000000	0.5000000000	0.4999987692	0.5000000000	0.5000000000	0.5000000000	0.5000000000	0.5000000000	0.5000000000	0.5000000000	0.5000000000	0.5000000000	0.5000000000	0.4999998448	0.5000000000	0.5000000000	0.5000000000	0.5000000000	0.5000000000	0.5000000000	0.5000000000	0.5000000000	0.4997090993	0.5000000000	0.5000000000	0.5000000000	0.5000000000	0.5000000000	0.5000000000	0.5000000000	0.5000000000	0.5000000000	0.5000000000	0.4999870065	0.5000000000	0.5000000000	0.5000000000	0.5000000000	0.5000000000	0.5000000000	0.4999991057	0.5000000000	0.5000000000	0.5000000000	0.5000000000	0.5000000000	0.5000000000	0.5000000000	0.5000000000	0.5000000000	0.5000000000	0.5000000000	0.5000000000	0.5000000000	0.5000000000	0.5000000000	0.4991472778	0.5000000000	0.5000000000	0.5000000000	0.5000000000	0.5000000000	0.5000000000	0.5000000000	0.5000000000	0.5000000000	0.5000000000	0.5000000000	0.0000000000	0.5000000000	0.4987068905	0.5000000000	0.5000000000	0.5000000000	0.5000000000	0.5000000000	0.5000000000	0.5000000000	0.5000000000	0.5000000000	0.5000000000	0.5000000000	0.5000000000	0.5000000000	0.4999999668	0.5000000000	0.5000000000	0.4985765369	0.5000000000	0.5000000000	0.5000000000	0.5000000000	0.5000000000	0.5000000000	0.5000000000	0.5000000000	0.5000000000
SRR8476508.rna.1	0.5000000000	0.5000000000	0.5000000000	0.5000000000	0.5000000000	0.5000000000	0.5000000000	0.5000000000	0.5000000000	0.4791144587	0.5000000000	0.5000000000	0.5000000000	0.5000000000	0.5000000000	0.5000000000	0.5000000000	0.5000000000	0.5000000000	0.5000000000	0.5000000000	0.5000000000	0.5000000000	0.5000000000	0.5000000000	0.5000000000	0.5000000000	0.5000000000	0.5000000000	0.5000000000	0.5000000000	0.5000000000	0.5000000000	0.5000000000	0.5000000000	0.5000000000	0.5000000000	0.5000000000	0.5000000000	0.5000000000	0.5000000000	0.5000000000	0.5000000000	0.5000000000	0.5000000000	0.5000000000	0.5000000000	0.5000000000	0.5000000000	0.5000000000	0.5000000000	0.5000000000	0.5000000000	0.5000000000	0.5000000000	0.5000000000	0.5000000000	0.5000000000	0.5000000000	0.5000000000	0.5000000000	0.5000000000	0.5000000000	0.5000000000	0.5000000000	0.5000000000	0.5000000000	0.5000000000	0.5000000000	0.5000000000	0.5000000000	0.5000000000	0.5000000000	0.5000000000	0.5000000000	0.5000000000	0.5000000000	0.5000000000	0.5000000000	0.5000000000	0.5000000000	0.5000000000	0.5000000000	0.5000000000	0.5000000000	0.5000000000	0.5000000000	0.0000000000	0.5000000000	0.5000000000	0.5000000000	0.5000000000	0.5000000000	0.5000000000	0.5000000000	0.5000000000	0.5000000000	0.5000000000	0.5000000000	0.5000000000	0.5000000000	0.5000000000	0.5000000000	0.5000000000	0.5000000000	0.5000000000	0.5000000000	0.5000000000	0.5000000000	0.5000000000	0.5000000000	0.5000000000	0.5000000000	0.5000000000	0.5000000000
SRR8476522.rna.1	0.5000000000	0.5000000000	0.5000000000	0.5000000000	0.5000000000	0.5000000000	0.5000000000	0.5000000000	0.5000000000	0.5000000000	0.5000000000	0.5000000000	0.5000000000	0.5000000000	0.5000000000	0.5000000000	0.5000000000	0.5000000000	0.5000000000	0.5000000000	0.5000000000	0.5000000000	0.5000000000	0.5000000000	0.5000000000	0.5000000000	0.5000000000	0.5000000000	0.5000000000	0.5000000000	0.5000000000	0.5000000000	0.5000000000	0.5000000000	0.5000000000	0.5000000000	0.5000000000	0.5000000000	0.5000000000	0.5000000000	0.5000000000	0.5000000000	0.5000000000	0.5000000000	0.5000000000	0.5000000000	0.5000000000	0.5000000000	0.5000000000	0.5000000000	0.5000000000	0.4188737448	0.5000000000	0.5000000000	0.5000000000	0.5000000000	0.5000000000	0.5000000000	0.5000000000	0.5000000000	0.5000000000	0.5000000000	0.5000000000	0.5000000000	0.5000000000	0.5000000000	0.5000000000	0.5000000000	0.5000000000	0.5000000000	0.5000000000	0.5000000000	0.5000000000	0.5000000000	0.4789535889	0.5000000000	0.5000000000	0.5000000000	0.5000000000	0.5000000000	0.5000000000	0.5000000000	0.5000000000	0.5000000000	0.5000000000	0.5000000000	0.4987068905	0.5000000000	0.0000000000	0.5000000000	0.5000000000	0.5000000000	0.5000000000	0.5000000000	0.5000000000	0.5000000000	0.5000000000	0.5000000000	0.5000000000	0.5000000000	0.5000000000	0.5000000000	0.5000000000	0.5000000000	0.5000000000	0.5000000000	0.5000000000	0.5000000000	0.5000000000	0.5000000000	0.5000000000	0.5000000000	0.5000000000	0.5000000000	0.5000000000
SRR8476470.rna.1	0.5000000000	0.5000000000	0.5000000000	0.5000000000	0.5000000000	0.5000000000	0.5000000000	0.5000000000	0.5000000000	0.5000000000	0.5000000000	0.5000000000	0.5000000000	0.5000000000	0.5000000000	0.5000000000	0.5000000000	0.5000000000	0.5000000000	0.5000000000	0.4893986578	0.5000000000	0.5000000000	0.5000000000	0.5000000000	0.5000000000	0.5000000000	0.5000000000	0.5000000000	0.5000000000	0.5000000000	0.4998849542	0.5000000000	0.5000000000	0.5000000000	0.5000000000	0.5000000000	0.5000000000	0.5000000000	0.5000000000	0.5000000000	0.5000000000	0.5000000000	0.5000000000	0.5000000000	0.5000000000	0.5000000000	0.5000000000	0.5000000000	0.5000000000	0.5000000000	0.5000000000	0.5000000000	0.5000000000	0.5000000000	0.5000000000	0.4999726646	0.5000000000	0.5000000000	0.5000000000	0.5000000000	0.5000000000	0.5000000000	0.5000000000	0.5000000000	0.5000000000	0.5000000000	0.5000000000	0.5000000000	0.5000000000	0.5000000000	0.5000000000	0.5000000000	0.5000000000	0.5000000000	0.5000000000	0.5000000000	0.5000000000	0.5000000000	0.5000000000	0.4913824520	0.5000000000	0.5000000000	0.5000000000	0.5000000000	0.5000000000	0.5000000000	0.5000000000	0.5000000000	0.0000000000	0.5000000000	0.5000000000	0.5000000000	0.5000000000	0.5000000000	0.5000000000	0.5000000000	0.5000000000	0.5000000000	0.5000000000	0.5000000000	0.5000000000	0.5000000000	0.5000000000	0.5000000000	0.5000000000	0.5000000000	0.5000000000	0.5000000000	0.5000000000	0.5000000000	0.5000000000	0.5000000000	0.5000000000	0.5000000000
SRR8476513.rna.1	0.5000000000	0.5000000000	0.5000000000	0.5000000000	0.5000000000	0.5000000000	0.5000000000	0.5000000000	0.5000000000	0.5000000000	0.5000000000	0.5000000000	0.5000000000	0.5000000000	0.5000000000	0.5000000000	0.5000000000	0.5000000000	0.5000000000	0.5000000000	0.5000000000	0.5000000000	0.5000000000	0.5000000000	0.5000000000	0.5000000000	0.5000000000	0.5000000000	0.5000000000	0.5000000000	0.5000000000	0.5000000000	0.5000000000	0.5000000000	0.5000000000	0.5000000000	0.5000000000	0.5000000000	0.5000000000	0.5000000000	0.5000000000	0.5000000000	0.5000000000	0.5000000000	0.5000000000	0.5000000000	0.5000000000	0.5000000000	0.5000000000	0.5000000000	0.5000000000	0.5000000000	0.5000000000	0.5000000000	0.5000000000	0.5000000000	0.5000000000	0.5000000000	0.5000000000	0.5000000000	0.5000000000	0.5000000000	0.5000000000	0.5000000000	0.5000000000	0.5000000000	0.5000000000	0.5000000000	0.5000000000	0.5000000000	0.5000000000	0.5000000000	0.5000000000	0.5000000000	0.5000000000	0.5000000000	0.5000000000	0.5000000000	0.5000000000	0.5000000000	0.5000000000	0.5000000000	0.5000000000	0.5000000000	0.5000000000	0.5000000000	0.5000000000	0.5000000000	0.5000000000	0.5000000000	0.0000000000	0.5000000000	0.5000000000	0.5000000000	0.5000000000	0.5000000000	0.5000000000	0.5000000000	0.5000000000	0.5000000000	0.5000000000	0.5000000000	0.5000000000	0.5000000000	0.5000000000	0.5000000000	0.5000000000	0.5000000000	0.5000000000	0.5000000000	0.5000000000	0.5000000000	0.5000000000	0.5000000000	0.5000000000
SRR8476459.rna.1	0.5000000000	0.5000000000	0.5000000000	0.5000000000	0.5000000000	0.5000000000	0.5000000000	0.5000000000	0.5000000000	0.5000000000	0.5000000000	0.5000000000	0.5000000000	0.5000000000	0.5000000000	0.5000000000	0.5000000000	0.5000000000	0.5000000000	0.5000000000	0.5000000000	0.5000000000	0.5000000000	0.5000000000	0.5000000000	0.5000000000	0.5000000000	0.5000000000	0.5000000000	0.5000000000	0.5000000000	0.5000000000	0.5000000000	0.4746519729	0.5000000000	0.5000000000	0.5000000000	0.5000000000	0.5000000000	0.5000000000	0.5000000000	0.5000000000	0.5000000000	0.5000000000	0.5000000000	0.5000000000	0.5000000000	0.5000000000	0.5000000000	0.5000000000	0.4718231318	0.5000000000	0.5000000000	0.5000000000	0.5000000000	0.5000000000	0.5000000000	0.5000000000	0.5000000000	0.5000000000	0.5000000000	0.5000000000	0.5000000000	0.5000000000	0.5000000000	0.5000000000	0.3832614192	0.5000000000	0.5000000000	0.5000000000	0.5000000000	0.5000000000	0.5000000000	0.5000000000	0.5000000000	0.5000000000	0.5000000000	0.5000000000	0.5000000000	0.5000000000	0.5000000000	0.5000000000	0.5000000000	0.5000000000	0.5000000000	0.5000000000	0.5000000000	0.5000000000	0.5000000000	0.5000000000	0.5000000000	0.0000000000	0.5000000000	0.4910267584	0.5000000000	0.5000000000	0.5000000000	0.5000000000	0.5000000000	0.5000000000	0.5000000000	0.5000000000	0.5000000000	0.5000000000	0.5000000000	0.5000000000	0.5000000000	0.5000000000	0.5000000000	0.5000000000	0.5000000000	0.5000000000	0.5000000000	0.5000000000	0.5000000000
SRR8476505.rna.1	0.5000000000	0.5000000000	0.5000000000	0.5000000000	0.5000000000	0.5000000000	0.5000000000	0.5000000000	0.5000000000	0.5000000000	0.5000000000	0.5000000000	0.5000000000	0.5000000000	0.5000000000	0.5000000000	0.5000000000	0.5000000000	0.5000000000	0.5000000000	0.5000000000	0.5000000000	0.5000000000	0.5000000000	0.5000000000	0.4996315872	0.5000000000	0.5000000000	0.5000000000	0.5000000000	0.5000000000	0.5000000000	0.5000000000	0.5000000000	0.5000000000	0.5000000000	0.5000000000	0.5000000000	0.5000000000	0.5000000000	0.4979261179	0.5000000000	0.5000000000	0.5000000000	0.5000000000	0.5000000000	0.5000000000	0.5000000000	0.5000000000	0.5000000000	0.5000000000	0.5000000000	0.5000000000	0.5000000000	0.5000000000	0.5000000000	0.5000000000	0.5000000000	0.5000000000	0.5000000000	0.5000000000	0.5000000000	0.5000000000	0.5000000000	0.5000000000	0.5000000000	0.5000000000	0.5000000000	0.5000000000	0.5000000000	0.5000000000	0.5000000000	0.5000000000	0.5000000000	0.5000000000	0.5000000000	0.5000000000	0.5000000000	0.5000000000	0.5000000000	0.5000000000	0.5000000000	0.5000000000	0.5000000000	0.5000000000	0.5000000000	0.5000000000	0.5000000000	0.5000000000	0.5000000000	0.5000000000	0.5000000000	0.0000000000	0.5000000000	0.5000000000	0.5000000000	0.5000000000	0.5000000000	0.5000000000	0.5000000000	0.5000000000	0.5000000000	0.5000000000	0.5000000000	0.5000000000	0.4639834864	0.5000000000	0.5000000000	0.5000000000	0.5000000000	0.5000000000	0.5000000000	0.5000000000	0.5000000000	0.5000000000
SRR8476471.rna.1	0.5000000000	0.5000000000	0.5000000000	0.5000000000	0.5000000000	0.5000000000	0.5000000000	0.5000000000	0.5000000000	0.5000000000	0.5000000000	0.5000000000	0.5000000000	0.5000000000	0.5000000000	0.5000000000	0.5000000000	0.5000000000	0.5000000000	0.5000000000	0.5000000000	0.5000000000	0.5000000000	0.5000000000	0.5000000000	0.5000000000	0.5000000000	0.5000000000	0.5000000000	0.5000000000	0.5000000000	0.5000000000	0.5000000000	0.5000000000	0.5000000000	0.5000000000	0.5000000000	0.5000000000	0.5000000000	0.5000000000	0.5000000000	0.5000000000	0.5000000000	0.5000000000	0.5000000000	0.5000000000	0.5000000000	0.5000000000	0.5000000000	0.5000000000	0.5000000000	0.5000000000	0.5000000000	0.5000000000	0.5000000000	0.5000000000	0.5000000000	0.5000000000	0.5000000000	0.5000000000	0.5000000000	0.5000000000	0.5000000000	0.5000000000	0.5000000000	0.5000000000	0.4978715487	0.5000000000	0.5000000000	0.5000000000	0.5000000000	0.5000000000	0.5000000000	0.5000000000	0.5000000000	0.5000000000	0.5000000000	0.5000000000	0.5000000000	0.5000000000	0.5000000000	0.5000000000	0.5000000000	0.5000000000	0.5000000000	0.5000000000	0.5000000000	0.5000000000	0.5000000000	0.5000000000	0.5000000000	0.4910267584	0.5000000000	0.0000000000	0.5000000000	0.5000000000	0.5000000000	0.5000000000	0.5000000000	0.5000000000	0.5000000000	0.5000000000	0.5000000000	0.5000000000	0.5000000000	0.5000000000	0.5000000000	0.5000000000	0.5000000000	0.5000000000	0.5000000000	0.5000000000	0.5000000000	0.5000000000	0.5000000000
SRR8476485.rna.1	0.5000000000	0.5000000000	0.5000000000	0.5000000000	0.5000000000	0.5000000000	0.5000000000	0.5000000000	0.5000000000	0.5000000000	0.5000000000	0.5000000000	0.5000000000	0.5000000000	0.5000000000	0.5000000000	0.5000000000	0.5000000000	0.5000000000	0.5000000000	0.5000000000	0.5000000000	0.5000000000	0.5000000000	0.5000000000	0.5000000000	0.5000000000	0.5000000000	0.5000000000	0.5000000000	0.5000000000	0.5000000000	0.5000000000	0.5000000000	0.5000000000	0.5000000000	0.4999970655	0.5000000000	0.5000000000	0.5000000000	0.5000000000	0.5000000000	0.5000000000	0.5000000000	0.5000000000	0.5000000000	0.5000000000	0.5000000000	0.5000000000	0.5000000000	0.5000000000	0.5000000000	0.5000000000	0.5000000000	0.5000000000	0.5000000000	0.5000000000	0.5000000000	0.5000000000	0.5000000000	0.5000000000	0.5000000000	0.5000000000	0.5000000000	0.5000000000	0.5000000000	0.5000000000	0.5000000000	0.5000000000	0.5000000000	0.5000000000	0.5000000000	0.5000000000	0.5000000000	0.5000000000	0.5000000000	0.5000000000	0.5000000000	0.5000000000	0.5000000000	0.5000000000	0.5000000000	0.5000000000	0.5000000000	0.5000000000	0.5000000000	0.5000000000	0.5000000000	0.5000000000	0.5000000000	0.5000000000	0.5000000000	0.5000000000	0.5000000000	0.0000000000	0.5000000000	0.5000000000	0.5000000000	0.5000000000	0.5000000000	0.5000000000	0.5000000000	0.5000000000	0.5000000000	0.5000000000	0.5000000000	0.5000000000	0.5000000000	0.5000000000	0.5000000000	0.5000000000	0.5000000000	0.5000000000	0.5000000000	0.5000000000
SRR8476528.rna.1	0.5000000000	0.5000000000	0.5000000000	0.5000000000	0.5000000000	0.5000000000	0.5000000000	0.5000000000	0.5000000000	0.5000000000	0.5000000000	0.5000000000	0.5000000000	0.5000000000	0.5000000000	0.5000000000	0.5000000000	0.5000000000	0.5000000000	0.5000000000	0.5000000000	0.5000000000	0.5000000000	0.5000000000	0.5000000000	0.5000000000	0.5000000000	0.5000000000	0.5000000000	0.5000000000	0.5000000000	0.5000000000	0.5000000000	0.5000000000	0.5000000000	0.5000000000	0.5000000000	0.5000000000	0.5000000000	0.5000000000	0.5000000000	0.5000000000	0.5000000000	0.5000000000	0.5000000000	0.5000000000	0.5000000000	0.5000000000	0.5000000000	0.5000000000	0.5000000000	0.5000000000	0.5000000000	0.5000000000	0.5000000000	0.5000000000	0.5000000000	0.5000000000	0.5000000000	0.5000000000	0.5000000000	0.5000000000	0.5000000000	0.5000000000	0.5000000000	0.5000000000	0.5000000000	0.5000000000	0.5000000000	0.5000000000	0.5000000000	0.5000000000	0.5000000000	0.5000000000	0.5000000000	0.5000000000	0.5000000000	0.5000000000	0.5000000000	0.5000000000	0.5000000000	0.5000000000	0.5000000000	0.5000000000	0.5000000000	0.5000000000	0.5000000000	0.5000000000	0.5000000000	0.5000000000	0.5000000000	0.5000000000	0.5000000000	0.5000000000	0.5000000000	0.0000000000	0.5000000000	0.5000000000	0.5000000000	0.5000000000	0.5000000000	0.5000000000	0.5000000000	0.5000000000	0.5000000000	0.5000000000	0.5000000000	0.5000000000	0.5000000000	0.5000000000	0.5000000000	0.5000000000	0.5000000000	0.5000000000	0.5000000000
SRR8476525.rna.1	0.5000000000	0.5000000000	0.5000000000	0.5000000000	0.5000000000	0.5000000000	0.5000000000	0.5000000000	0.5000000000	0.5000000000	0.5000000000	0.5000000000	0.5000000000	0.5000000000	0.5000000000	0.5000000000	0.5000000000	0.5000000000	0.5000000000	0.5000000000	0.5000000000	0.5000000000	0.5000000000	0.5000000000	0.5000000000	0.5000000000	0.5000000000	0.5000000000	0.5000000000	0.5000000000	0.5000000000	0.5000000000	0.5000000000	0.5000000000	0.5000000000	0.5000000000	0.5000000000	0.5000000000	0.5000000000	0.5000000000	0.5000000000	0.5000000000	0.5000000000	0.5000000000	0.5000000000	0.5000000000	0.5000000000	0.5000000000	0.5000000000	0.5000000000	0.5000000000	0.5000000000	0.5000000000	0.5000000000	0.4993100021	0.4982036530	0.5000000000	0.5000000000	0.5000000000	0.5000000000	0.5000000000	0.5000000000	0.5000000000	0.5000000000	0.5000000000	0.5000000000	0.5000000000	0.5000000000	0.5000000000	0.4978621929	0.5000000000	0.5000000000	0.5000000000	0.5000000000	0.5000000000	0.5000000000	0.5000000000	0.5000000000	0.5000000000	0.5000000000	0.5000000000	0.5000000000	0.5000000000	0.5000000000	0.5000000000	0.5000000000	0.5000000000	0.5000000000	0.5000000000	0.5000000000	0.5000000000	0.5000000000	0.5000000000	0.5000000000	0.5000000000	0.5000000000	0.0000000000	0.5000000000	0.5000000000	0.5000000000	0.5000000000	0.5000000000	0.5000000000	0.5000000000	0.5000000000	0.5000000000	0.5000000000	0.5000000000	0.5000000000	0.5000000000	0.5000000000	0.5000000000	0.5000000000	0.5000000000	0.5000000000
SRR8476432.rna.1	0.5000000000	0.5000000000	0.5000000000	0.5000000000	0.5000000000	0.5000000000	0.5000000000	0.5000000000	0.5000000000	0.5000000000	0.5000000000	0.5000000000	0.5000000000	0.5000000000	0.5000000000	0.5000000000	0.5000000000	0.5000000000	0.5000000000	0.5000000000	0.5000000000	0.5000000000	0.5000000000	0.5000000000	0.5000000000	0.5000000000	0.5000000000	0.5000000000	0.5000000000	0.5000000000	0.5000000000	0.5000000000	0.5000000000	0.5000000000	0.5000000000	0.5000000000	0.5000000000	0.5000000000	0.5000000000	0.5000000000	0.5000000000	0.5000000000	0.5000000000	0.5000000000	0.5000000000	0.5000000000	0.5000000000	0.5000000000	0.5000000000	0.5000000000	0.5000000000	0.5000000000	0.5000000000	0.5000000000	0.5000000000	0.5000000000	0.5000000000	0.5000000000	0.5000000000	0.5000000000	0.5000000000	0.5000000000	0.5000000000	0.5000000000	0.5000000000	0.5000000000	0.5000000000	0.5000000000	0.5000000000	0.5000000000	0.5000000000	0.5000000000	0.5000000000	0.5000000000	0.5000000000	0.5000000000	0.5000000000	0.5000000000	0.5000000000	0.5000000000	0.5000000000	0.5000000000	0.5000000000	0.5000000000	0.5000000000	0.5000000000	0.5000000000	0.5000000000	0.5000000000	0.5000000000	0.5000000000	0.5000000000	0.5000000000	0.5000000000	0.5000000000	0.5000000000	0.5000000000	0.0000000000	0.5000000000	0.5000000000	0.5000000000	0.5000000000	0.5000000000	0.5000000000	0.5000000000	0.5000000000	0.5000000000	0.5000000000	0.5000000000	0.5000000000	0.5000000000	0.5000000000	0.5000000000	0.5000000000	0.5000000000
SRR8476510.rna.1	0.4977411928	0.5000000000	0.5000000000	0.5000000000	0.5000000000	0.5000000000	0.5000000000	0.5000000000	0.5000000000	0.5000000000	0.4999998439	0.5000000000	0.5000000000	0.5000000000	0.5000000000	0.5000000000	0.5000000000	0.5000000000	0.5000000000	0.5000000000	0.5000000000	0.5000000000	0.5000000000	0.5000000000	0.5000000000	0.5000000000	0.5000000000	0.5000000000	0.5000000000	0.5000000000	0.5000000000	0.5000000000	0.5000000000	0.5000000000	0.5000000000	0.5000000000	0.5000000000	0.5000000000	0.5000000000	0.5000000000	0.5000000000	0.5000000000	0.5000000000	0.5000000000	0.5000000000	0.5000000000	0.5000000000	0.5000000000	0.5000000000	0.5000000000	0.5000000000	0.5000000000	0.5000000000	0.5000000000	0.5000000000	0.5000000000	0.5000000000	0.5000000000	0.5000000000	0.5000000000	0.5000000000	0.5000000000	0.5000000000	0.5000000000	0.5000000000	0.5000000000	0.5000000000	0.5000000000	0.5000000000	0.5000000000	0.5000000000	0.4964132849	0.5000000000	0.5000000000	0.5000000000	0.5000000000	0.5000000000	0.5000000000	0.5000000000	0.5000000000	0.5000000000	0.5000000000	0.5000000000	0.5000000000	0.5000000000	0.5000000000	0.5000000000	0.5000000000	0.5000000000	0.5000000000	0.5000000000	0.5000000000	0.5000000000	0.5000000000	0.5000000000	0.5000000000	0.5000000000	0.5000000000	0.0000000000	0.5000000000	0.5000000000	0.5000000000	0.5000000000	0.5000000000	0.5000000000	0.5000000000	0.5000000000	0.5000000000	0.5000000000	0.5000000000	0.5000000000	0.5000000000	0.5000000000	0.5000000000	0.5000000000
SRR8476535.rna.1	0.5000000000	0.5000000000	0.5000000000	0.5000000000	0.5000000000	0.5000000000	0.5000000000	0.5000000000	0.5000000000	0.5000000000	0.5000000000	0.5000000000	0.5000000000	0.5000000000	0.5000000000	0.5000000000	0.5000000000	0.5000000000	0.5000000000	0.5000000000	0.5000000000	0.5000000000	0.5000000000	0.5000000000	0.5000000000	0.5000000000	0.5000000000	0.5000000000	0.5000000000	0.5000000000	0.5000000000	0.5000000000	0.5000000000	0.5000000000	0.5000000000	0.5000000000	0.5000000000	0.5000000000	0.5000000000	0.5000000000	0.5000000000	0.5000000000	0.5000000000	0.5000000000	0.5000000000	0.5000000000	0.5000000000	0.5000000000	0.5000000000	0.5000000000	0.5000000000	0.5000000000	0.5000000000	0.5000000000	0.5000000000	0.5000000000	0.5000000000	0.5000000000	0.5000000000	0.5000000000	0.5000000000	0.5000000000	0.5000000000	0.5000000000	0.5000000000	0.5000000000	0.5000000000	0.5000000000	0.5000000000	0.5000000000	0.5000000000	0.5000000000	0.5000000000	0.5000000000	0.5000000000	0.5000000000	0.5000000000	0.5000000000	0.5000000000	0.5000000000	0.5000000000	0.5000000000	0.5000000000	0.5000000000	0.5000000000	0.5000000000	0.5000000000	0.5000000000	0.5000000000	0.5000000000	0.5000000000	0.5000000000	0.5000000000	0.5000000000	0.5000000000	0.5000000000	0.5000000000	0.5000000000	0.5000000000	0.0000000000	0.5000000000	0.5000000000	0.5000000000	0.5000000000	0.5000000000	0.5000000000	0.5000000000	0.5000000000	0.5000000000	0.5000000000	0.5000000000	0.5000000000	0.5000000000	0.5000000000	0.5000000000
SRR8476501.rna.1	0.5000000000	0.5000000000	0.5000000000	0.5000000000	0.5000000000	0.5000000000	0.5000000000	0.5000000000	0.5000000000	0.5000000000	0.5000000000	0.5000000000	0.5000000000	0.5000000000	0.5000000000	0.5000000000	0.5000000000	0.5000000000	0.5000000000	0.5000000000	0.5000000000	0.5000000000	0.5000000000	0.5000000000	0.5000000000	0.5000000000	0.5000000000	0.5000000000	0.5000000000	0.5000000000	0.5000000000	0.5000000000	0.5000000000	0.5000000000	0.5000000000	0.5000000000	0.5000000000	0.5000000000	0.5000000000	0.5000000000	0.5000000000	0.5000000000	0.5000000000	0.4972976975	0.5000000000	0.5000000000	0.5000000000	0.5000000000	0.5000000000	0.5000000000	0.5000000000	0.5000000000	0.5000000000	0.5000000000	0.5000000000	0.5000000000	0.5000000000	0.5000000000	0.5000000000	0.5000000000	0.5000000000	0.5000000000	0.5000000000	0.5000000000	0.5000000000	0.5000000000	0.5000000000	0.5000000000	0.5000000000	0.5000000000	0.5000000000	0.5000000000	0.5000000000	0.5000000000	0.5000000000	0.5000000000	0.5000000000	0.5000000000	0.5000000000	0.5000000000	0.5000000000	0.5000000000	0.5000000000	0.5000000000	0.5000000000	0.5000000000	0.5000000000	0.5000000000	0.5000000000	0.5000000000	0.5000000000	0.5000000000	0.5000000000	0.5000000000	0.5000000000	0.5000000000	0.5000000000	0.5000000000	0.5000000000	0.5000000000	0.0000000000	0.5000000000	0.5000000000	0.5000000000	0.5000000000	0.5000000000	0.5000000000	0.4983544549	0.5000000000	0.5000000000	0.5000000000	0.5000000000	0.5000000000	0.5000000000	0.5000000000
SRR8476437.rna.1	0.5000000000	0.5000000000	0.5000000000	0.5000000000	0.5000000000	0.5000000000	0.5000000000	0.5000000000	0.5000000000	0.5000000000	0.5000000000	0.5000000000	0.5000000000	0.5000000000	0.5000000000	0.5000000000	0.5000000000	0.5000000000	0.5000000000	0.5000000000	0.5000000000	0.5000000000	0.5000000000	0.5000000000	0.5000000000	0.5000000000	0.5000000000	0.5000000000	0.5000000000	0.5000000000	0.5000000000	0.5000000000	0.5000000000	0.5000000000	0.5000000000	0.5000000000	0.5000000000	0.5000000000	0.5000000000	0.5000000000	0.5000000000	0.5000000000	0.5000000000	0.5000000000	0.5000000000	0.5000000000	0.5000000000	0.5000000000	0.5000000000	0.5000000000	0.5000000000	0.5000000000	0.5000000000	0.5000000000	0.5000000000	0.5000000000	0.5000000000	0.5000000000	0.5000000000	0.5000000000	0.5000000000	0.5000000000	0.5000000000	0.5000000000	0.5000000000	0.5000000000	0.5000000000	0.5000000000	0.5000000000	0.5000000000	0.5000000000	0.5000000000	0.5000000000	0.5000000000	0.5000000000	0.5000000000	0.5000000000	0.5000000000	0.5000000000	0.5000000000	0.5000000000	0.5000000000	0.5000000000	0.5000000000	0.5000000000	0.5000000000	0.5000000000	0.5000000000	0.5000000000	0.5000000000	0.5000000000	0.5000000000	0.5000000000	0.5000000000	0.5000000000	0.5000000000	0.5000000000	0.5000000000	0.5000000000	0.5000000000	0.5000000000	0.0000000000	0.5000000000	0.5000000000	0.5000000000	0.5000000000	0.5000000000	0.5000000000	0.5000000000	0.5000000000	0.5000000000	0.5000000000	0.5000000000	0.5000000000	0.5000000000
SRR8476544.rna.1	0.5000000000	0.5000000000	0.4975109287	0.5000000000	0.5000000000	0.5000000000	0.5000000000	0.5000000000	0.5000000000	0.5000000000	0.5000000000	0.5000000000	0.5000000000	0.5000000000	0.5000000000	0.5000000000	0.5000000000	0.5000000000	0.5000000000	0.5000000000	0.4999966843	0.5000000000	0.5000000000	0.5000000000	0.5000000000	0.5000000000	0.5000000000	0.5000000000	0.5000000000	0.5000000000	0.5000000000	0.4999385379	0.4996445012	0.5000000000	0.5000000000	0.5000000000	0.5000000000	0.5000000000	0.5000000000	0.5000000000	0.5000000000	0.5000000000	0.5000000000	0.5000000000	0.4999949253	0.3612007527	0.5000000000	0.5000000000	0.5000000000	0.5000000000	0.5000000000	0.5000000000	0.5000000000	0.5000000000	0.5000000000	0.5000000000	0.5000000000	0.5000000000	0.4999982473	0.5000000000	0.5000000000	0.5000000000	0.5000000000	0.5000000000	0.5000000000	0.5000000000	0.5000000000	0.5000000000	0.5000000000	0.5000000000	0.4998688874	0.5000000000	0.5000000000	0.5000000000	0.5000000000	0.5000000000	0.5000000000	0.4998153638	0.5000000000	0.5000000000	0.5000000000	0.5000000000	0.5000000000	0.5000000000	0.5000000000	0.5000000000	0.4999999668	0.5000000000	0.5000000000	0.5000000000	0.5000000000	0.5000000000	0.5000000000	0.5000000000	0.5000000000	0.5000000000	0.5000000000	0.5000000000	0.5000000000	0.5000000000	0.5000000000	0.5000000000	0.0000000000	0.5000000000	0.5000000000	0.5000000000	0.5000000000	0.5000000000	0.5000000000	0.5000000000	0.5000000000	0.5000000000	0.5000000000	0.5000000000	0.5000000000
SRR8476465.rna.1	0.5000000000	0.5000000000	0.5000000000	0.5000000000	0.5000000000	0.5000000000	0.5000000000	0.5000000000	0.5000000000	0.5000000000	0.5000000000	0.5000000000	0.5000000000	0.5000000000	0.5000000000	0.5000000000	0.5000000000	0.5000000000	0.5000000000	0.5000000000	0.5000000000	0.5000000000	0.5000000000	0.5000000000	0.5000000000	0.5000000000	0.5000000000	0.5000000000	0.5000000000	0.5000000000	0.5000000000	0.5000000000	0.5000000000	0.5000000000	0.5000000000	0.4935202680	0.5000000000	0.5000000000	0.5000000000	0.5000000000	0.5000000000	0.5000000000	0.5000000000	0.5000000000	0.5000000000	0.5000000000	0.5000000000	0.5000000000	0.5000000000	0.5000000000	0.5000000000	0.5000000000	0.5000000000	0.5000000000	0.5000000000	0.5000000000	0.5000000000	0.5000000000	0.5000000000	0.5000000000	0.5000000000	0.5000000000	0.5000000000	0.4912876583	0.4554119777	0.5000000000	0.5000000000	0.5000000000	0.5000000000	0.5000000000	0.5000000000	0.5000000000	0.5000000000	0.5000000000	0.5000000000	0.5000000000	0.5000000000	0.5000000000	0.5000000000	0.5000000000	0.5000000000	0.5000000000	0.5000000000	0.5000000000	0.5000000000	0.5000000000	0.5000000000	0.5000000000	0.5000000000	0.5000000000	0.5000000000	0.5000000000	0.5000000000	0.5000000000	0.5000000000	0.5000000000	0.5000000000	0.5000000000	0.5000000000	0.5000000000	0.5000000000	0.5000000000	0.5000000000	0.0000000000	0.5000000000	0.5000000000	0.5000000000	0.5000000000	0.5000000000	0.4989319604	0.5000000000	0.5000000000	0.5000000000	0.5000000000	0.5000000000
SRR8476481.rna.1	0.5000000000	0.5000000000	0.5000000000	0.5000000000	0.5000000000	0.5000000000	0.5000000000	0.5000000000	0.5000000000	0.5000000000	0.5000000000	0.5000000000	0.5000000000	0.5000000000	0.5000000000	0.5000000000	0.5000000000	0.5000000000	0.5000000000	0.5000000000	0.5000000000	0.5000000000	0.5000000000	0.5000000000	0.5000000000	0.5000000000	0.5000000000	0.5000000000	0.5000000000	0.5000000000	0.5000000000	0.5000000000	0.5000000000	0.5000000000	0.5000000000	0.5000000000	0.5000000000	0.5000000000	0.5000000000	0.5000000000	0.5000000000	0.5000000000	0.5000000000	0.5000000000	0.5000000000	0.5000000000	0.5000000000	0.5000000000	0.5000000000	0.5000000000	0.5000000000	0.5000000000	0.5000000000	0.4866986235	0.4937000193	0.5000000000	0.5000000000	0.5000000000	0.5000000000	0.5000000000	0.5000000000	0.5000000000	0.5000000000	0.5000000000	0.5000000000	0.5000000000	0.5000000000	0.5000000000	0.5000000000	0.5000000000	0.5000000000	0.5000000000	0.5000000000	0.5000000000	0.5000000000	0.5000000000	0.5000000000	0.5000000000	0.5000000000	0.5000000000	0.5000000000	0.5000000000	0.5000000000	0.5000000000	0.5000000000	0.5000000000	0.5000000000	0.5000000000	0.5000000000	0.5000000000	0.5000000000	0.5000000000	0.5000000000	0.5000000000	0.5000000000	0.5000000000	0.5000000000	0.5000000000	0.5000000000	0.5000000000	0.5000000000	0.5000000000	0.5000000000	0.5000000000	0.0000000000	0.5000000000	0.5000000000	0.5000000000	0.5000000000	0.5000000000	0.5000000000	0.5000000000	0.5000000000	0.5000000000	0.5000000000
SRR8476531.rna.1	0.5000000000	0.5000000000	0.5000000000	0.5000000000	0.5000000000	0.5000000000	0.5000000000	0.5000000000	0.5000000000	0.5000000000	0.5000000000	0.5000000000	0.5000000000	0.5000000000	0.5000000000	0.5000000000	0.5000000000	0.5000000000	0.5000000000	0.5000000000	0.5000000000	0.5000000000	0.5000000000	0.5000000000	0.5000000000	0.5000000000	0.5000000000	0.5000000000	0.5000000000	0.5000000000	0.5000000000	0.5000000000	0.5000000000	0.5000000000	0.5000000000	0.5000000000	0.5000000000	0.5000000000	0.5000000000	0.5000000000	0.4969606430	0.5000000000	0.5000000000	0.5000000000	0.5000000000	0.5000000000	0.5000000000	0.5000000000	0.5000000000	0.5000000000	0.5000000000	0.5000000000	0.5000000000	0.5000000000	0.5000000000	0.5000000000	0.5000000000	0.5000000000	0.5000000000	0.5000000000	0.5000000000	0.5000000000	0.5000000000	0.5000000000	0.5000000000	0.5000000000	0.5000000000	0.5000000000	0.5000000000	0.5000000000	0.5000000000	0.5000000000	0.5000000000	0.5000000000	0.5000000000	0.5000000000	0.5000000000	0.5000000000	0.5000000000	0.5000000000	0.5000000000	0.5000000000	0.5000000000	0.5000000000	0.5000000000	0.5000000000	0.4985765369	0.5000000000	0.5000000000	0.5000000000	0.5000000000	0.5000000000	0.4639834864	0.5000000000	0.5000000000	0.5000000000	0.5000000000	0.5000000000	0.5000000000	0.5000000000	0.5000000000	0.5000000000	0.5000000000	0.5000000000	0.5000000000	0.0000000000	0.5000000000	0.5000000000	0.5000000000	0.5000000000	0.5000000000	0.5000000000	0.5000000000	0.5000000000	0.5000000000
SRR8476472.rna.1	0.5000000000	0.5000000000	0.5000000000	0.5000000000	0.5000000000	0.5000000000	0.5000000000	0.5000000000	0.5000000000	0.5000000000	0.5000000000	0.5000000000	0.5000000000	0.5000000000	0.5000000000	0.5000000000	0.5000000000	0.5000000000	0.5000000000	0.5000000000	0.5000000000	0.5000000000	0.5000000000	0.5000000000	0.5000000000	0.5000000000	0.5000000000	0.5000000000	0.4998307300	0.5000000000	0.5000000000	0.5000000000	0.5000000000	0.5000000000	0.5000000000	0.5000000000	0.5000000000	0.5000000000	0.5000000000	0.5000000000	0.5000000000	0.5000000000	0.5000000000	0.5000000000	0.5000000000	0.5000000000	0.5000000000	0.5000000000	0.5000000000	0.5000000000	0.5000000000	0.5000000000	0.5000000000	0.5000000000	0.5000000000	0.5000000000	0.5000000000	0.5000000000	0.5000000000	0.5000000000	0.5000000000	0.5000000000	0.5000000000	0.5000000000	0.5000000000	0.5000000000	0.5000000000	0.5000000000	0.5000000000	0.5000000000	0.5000000000	0.5000000000	0.5000000000	0.5000000000	0.5000000000	0.5000000000	0.5000000000	0.5000000000	0.5000000000	0.5000000000	0.5000000000	0.5000000000	0.5000000000	0.5000000000	0.4917280567	0.5000000000	0.5000000000	0.5000000000	0.5000000000	0.5000000000	0.5000000000	0.5000000000	0.5000000000	0.5000000000	0.5000000000	0.5000000000	0.5000000000	0.5000000000	0.5000000000	0.5000000000	0.5000000000	0.5000000000	0.5000000000	0.5000000000	0.5000000000	0.5000000000	0.0000000000	0.5000000000	0.5000000000	0.5000000000	0.5000000000	0.5000000000	0.5000000000	0.5000000000	0.5000000000
SRR8476516.rna.1	0.5000000000	0.5000000000	0.5000000000	0.5000000000	0.5000000000	0.4974276683	0.5000000000	0.5000000000	0.5000000000	0.5000000000	0.5000000000	0.5000000000	0.5000000000	0.5000000000	0.5000000000	0.5000000000	0.5000000000	0.5000000000	0.5000000000	0.5000000000	0.5000000000	0.5000000000	0.5000000000	0.5000000000	0.5000000000	0.5000000000	0.5000000000	0.5000000000	0.5000000000	0.5000000000	0.5000000000	0.5000000000	0.5000000000	0.5000000000	0.5000000000	0.5000000000	0.5000000000	0.5000000000	0.5000000000	0.5000000000	0.5000000000	0.5000000000	0.5000000000	0.5000000000	0.5000000000	0.5000000000	0.5000000000	0.5000000000	0.5000000000	0.5000000000	0.5000000000	0.5000000000	0.5000000000	0.5000000000	0.5000000000	0.5000000000	0.5000000000	0.5000000000	0.5000000000	0.5000000000	0.5000000000	0.5000000000	0.5000000000	0.5000000000	0.5000000000	0.5000000000	0.5000000000	0.5000000000	0.5000000000	0.5000000000	0.5000000000	0.5000000000	0.5000000000	0.5000000000	0.5000000000	0.5000000000	0.5000000000	0.5000000000	0.5000000000	0.5000000000	0.5000000000	0.5000000000	0.5000000000	0.5000000000	0.5000000000	0.5000000000	0.5000000000	0.5000000000	0.5000000000	0.5000000000	0.5000000000	0.5000000000	0.5000000000	0.5000000000	0.5000000000	0.5000000000	0.5000000000	0.5000000000	0.5000000000	0.5000000000	0.4983544549	0.5000000000	0.5000000000	0.5000000000	0.5000000000	0.5000000000	0.5000000000	0.0000000000	0.5000000000	0.5000000000	0.5000000000	0.5000000000	0.5000000000	0.5000000000	0.5000000000
SRR8476461.rna.1	0.5000000000	0.5000000000	0.5000000000	0.5000000000	0.5000000000	0.5000000000	0.5000000000	0.5000000000	0.5000000000	0.5000000000	0.5000000000	0.5000000000	0.5000000000	0.5000000000	0.5000000000	0.5000000000	0.5000000000	0.5000000000	0.5000000000	0.5000000000	0.5000000000	0.5000000000	0.5000000000	0.5000000000	0.5000000000	0.5000000000	0.5000000000	0.5000000000	0.5000000000	0.5000000000	0.5000000000	0.5000000000	0.5000000000	0.5000000000	0.5000000000	0.5000000000	0.5000000000	0.5000000000	0.5000000000	0.5000000000	0.5000000000	0.5000000000	0.5000000000	0.5000000000	0.5000000000	0.5000000000	0.5000000000	0.5000000000	0.5000000000	0.5000000000	0.5000000000	0.5000000000	0.5000000000	0.5000000000	0.5000000000	0.5000000000	0.5000000000	0.5000000000	0.5000000000	0.5000000000	0.5000000000	0.4177503119	0.5000000000	0.5000000000	0.5000000000	0.5000000000	0.5000000000	0.5000000000	0.5000000000	0.5000000000	0.5000000000	0.5000000000	0.5000000000	0.5000000000	0.5000000000	0.5000000000	0.5000000000	0.5000000000	0.5000000000	0.5000000000	0.5000000000	0.5000000000	0.5000000000	0.5000000000	0.5000000000	0.5000000000	0.5000000000	0.5000000000	0.5000000000	0.5000000000	0.5000000000	0.5000000000	0.5000000000	0.5000000000	0.5000000000	0.5000000000	0.5000000000	0.5000000000	0.5000000000	0.5000000000	0.5000000000	0.5000000000	0.5000000000	0.5000000000	0.5000000000	0.5000000000	0.5000000000	0.5000000000	0.0000000000	0.5000000000	0.5000000000	0.5000000000	0.5000000000	0.5000000000	0.5000000000
SRR8476482.rna.1	0.5000000000	0.5000000000	0.5000000000	0.5000000000	0.5000000000	0.5000000000	0.5000000000	0.5000000000	0.5000000000	0.5000000000	0.5000000000	0.5000000000	0.5000000000	0.5000000000	0.5000000000	0.5000000000	0.5000000000	0.5000000000	0.5000000000	0.5000000000	0.5000000000	0.5000000000	0.5000000000	0.5000000000	0.5000000000	0.5000000000	0.5000000000	0.5000000000	0.5000000000	0.5000000000	0.5000000000	0.5000000000	0.5000000000	0.5000000000	0.5000000000	0.5000000000	0.5000000000	0.5000000000	0.5000000000	0.5000000000	0.5000000000	0.5000000000	0.5000000000	0.5000000000	0.5000000000	0.5000000000	0.5000000000	0.5000000000	0.5000000000	0.5000000000	0.5000000000	0.5000000000	0.5000000000	0.5000000000	0.5000000000	0.5000000000	0.5000000000	0.5000000000	0.5000000000	0.5000000000	0.5000000000	0.5000000000	0.5000000000	0.5000000000	0.4910307397	0.5000000000	0.5000000000	0.5000000000	0.5000000000	0.5000000000	0.5000000000	0.5000000000	0.5000000000	0.5000000000	0.5000000000	0.5000000000	0.5000000000	0.5000000000	0.5000000000	0.5000000000	0.5000000000	0.5000000000	0.5000000000	0.5000000000	0.5000000000	0.5000000000	0.5000000000	0.5000000000	0.5000000000	0.5000000000	0.5000000000	0.5000000000	0.5000000000	0.5000000000	0.5000000000	0.5000000000	0.5000000000	0.5000000000	0.5000000000	0.5000000000	0.5000000000	0.5000000000	0.5000000000	0.4989319604	0.5000000000	0.5000000000	0.5000000000	0.5000000000	0.5000000000	0.0000000000	0.5000000000	0.4994383765	0.5000000000	0.5000000000	0.5000000000
SRR8476443.rna.1	0.5000000000	0.5000000000	0.5000000000	0.5000000000	0.5000000000	0.5000000000	0.5000000000	0.5000000000	0.5000000000	0.5000000000	0.5000000000	0.5000000000	0.5000000000	0.5000000000	0.5000000000	0.5000000000	0.5000000000	0.5000000000	0.5000000000	0.5000000000	0.5000000000	0.5000000000	0.5000000000	0.5000000000	0.5000000000	0.5000000000	0.5000000000	0.5000000000	0.5000000000	0.5000000000	0.5000000000	0.5000000000	0.5000000000	0.5000000000	0.5000000000	0.5000000000	0.5000000000	0.5000000000	0.5000000000	0.5000000000	0.5000000000	0.5000000000	0.5000000000	0.5000000000	0.5000000000	0.5000000000	0.5000000000	0.5000000000	0.5000000000	0.5000000000	0.5000000000	0.5000000000	0.5000000000	0.5000000000	0.5000000000	0.5000000000	0.5000000000	0.5000000000	0.5000000000	0.5000000000	0.5000000000	0.5000000000	0.5000000000	0.5000000000	0.5000000000	0.5000000000	0.5000000000	0.5000000000	0.5000000000	0.5000000000	0.5000000000	0.5000000000	0.5000000000	0.5000000000	0.5000000000	0.5000000000	0.5000000000	0.5000000000	0.5000000000	0.5000000000	0.5000000000	0.5000000000	0.5000000000	0.5000000000	0.5000000000	0.5000000000	0.5000000000	0.5000000000	0.5000000000	0.5000000000	0.5000000000	0.5000000000	0.5000000000	0.5000000000	0.5000000000	0.5000000000	0.5000000000	0.5000000000	0.5000000000	0.5000000000	0.5000000000	0.5000000000	0.5000000000	0.5000000000	0.5000000000	0.5000000000	0.5000000000	0.5000000000	0.5000000000	0.5000000000	0.0000000000	0.5000000000	0.5000000000	0.5000000000	0.5000000000
SRR8476526.rna.1	0.5000000000	0.5000000000	0.5000000000	0.5000000000	0.5000000000	0.5000000000	0.5000000000	0.5000000000	0.5000000000	0.5000000000	0.5000000000	0.5000000000	0.5000000000	0.5000000000	0.5000000000	0.5000000000	0.5000000000	0.5000000000	0.5000000000	0.5000000000	0.5000000000	0.5000000000	0.5000000000	0.5000000000	0.5000000000	0.5000000000	0.5000000000	0.5000000000	0.5000000000	0.5000000000	0.5000000000	0.5000000000	0.5000000000	0.5000000000	0.5000000000	0.5000000000	0.5000000000	0.5000000000	0.5000000000	0.5000000000	0.5000000000	0.5000000000	0.5000000000	0.5000000000	0.5000000000	0.5000000000	0.5000000000	0.5000000000	0.5000000000	0.5000000000	0.5000000000	0.5000000000	0.5000000000	0.5000000000	0.5000000000	0.5000000000	0.5000000000	0.5000000000	0.5000000000	0.5000000000	0.5000000000	0.5000000000	0.5000000000	0.5000000000	0.5000000000	0.5000000000	0.5000000000	0.5000000000	0.5000000000	0.5000000000	0.5000000000	0.5000000000	0.5000000000	0.5000000000	0.5000000000	0.5000000000	0.5000000000	0.5000000000	0.5000000000	0.5000000000	0.5000000000	0.5000000000	0.5000000000	0.5000000000	0.5000000000	0.5000000000	0.5000000000	0.5000000000	0.5000000000	0.5000000000	0.5000000000	0.5000000000	0.5000000000	0.5000000000	0.5000000000	0.5000000000	0.5000000000	0.5000000000	0.5000000000	0.5000000000	0.5000000000	0.5000000000	0.5000000000	0.5000000000	0.5000000000	0.5000000000	0.5000000000	0.5000000000	0.5000000000	0.4994383765	0.5000000000	0.0000000000	0.5000000000	0.5000000000	0.5000000000
SRR8476446.rna.1	0.5000000000	0.5000000000	0.5000000000	0.5000000000	0.5000000000	0.5000000000	0.5000000000	0.5000000000	0.5000000000	0.5000000000	0.5000000000	0.5000000000	0.5000000000	0.4987862072	0.5000000000	0.5000000000	0.5000000000	0.5000000000	0.5000000000	0.5000000000	0.5000000000	0.5000000000	0.5000000000	0.5000000000	0.5000000000	0.5000000000	0.5000000000	0.5000000000	0.5000000000	0.5000000000	0.5000000000	0.5000000000	0.5000000000	0.5000000000	0.5000000000	0.5000000000	0.5000000000	0.5000000000	0.5000000000	0.5000000000	0.5000000000	0.4971736512	0.5000000000	0.5000000000	0.5000000000	0.5000000000	0.5000000000	0.5000000000	0.5000000000	0.5000000000	0.5000000000	0.5000000000	0.5000000000	0.5000000000	0.5000000000	0.5000000000	0.5000000000	0.5000000000	0.5000000000	0.5000000000	0.5000000000	0.5000000000	0.5000000000	0.5000000000	0.5000000000	0.5000000000	0.5000000000	0.5000000000	0.5000000000	0.5000000000	0.5000000000	0.5000000000	0.5000000000	0.5000000000	0.5000000000	0.5000000000	0.5000000000	0.5000000000	0.5000000000	0.5000000000	0.5000000000	0.5000000000	0.5000000000	0.5000000000	0.5000000000	0.5000000000	0.5000000000	0.5000000000	0.5000000000	0.5000000000	0.5000000000	0.5000000000	0.5000000000	0.5000000000	0.5000000000	0.5000000000	0.5000000000	0.5000000000	0.5000000000	0.5000000000	0.5000000000	0.5000000000	0.5000000000	0.5000000000	0.5000000000	0.5000000000	0.5000000000	0.5000000000	0.5000000000	0.5000000000	0.5000000000	0.5000000000	0.0000000000	0.5000000000	0.5000000000
SRR8476519.rna.1	0.5000000000	0.5000000000	0.5000000000	0.5000000000	0.5000000000	0.5000000000	0.5000000000	0.5000000000	0.5000000000	0.5000000000	0.5000000000	0.5000000000	0.5000000000	0.5000000000	0.5000000000	0.5000000000	0.5000000000	0.5000000000	0.5000000000	0.5000000000	0.5000000000	0.5000000000	0.5000000000	0.5000000000	0.5000000000	0.5000000000	0.5000000000	0.5000000000	0.5000000000	0.5000000000	0.5000000000	0.5000000000	0.5000000000	0.5000000000	0.5000000000	0.5000000000	0.5000000000	0.4947484198	0.5000000000	0.5000000000	0.5000000000	0.5000000000	0.4911001513	0.5000000000	0.5000000000	0.5000000000	0.5000000000	0.5000000000	0.5000000000	0.5000000000	0.5000000000	0.5000000000	0.5000000000	0.5000000000	0.5000000000	0.5000000000	0.5000000000	0.5000000000	0.5000000000	0.5000000000	0.5000000000	0.5000000000	0.5000000000	0.5000000000	0.5000000000	0.5000000000	0.5000000000	0.5000000000	0.5000000000	0.5000000000	0.5000000000	0.5000000000	0.5000000000	0.5000000000	0.5000000000	0.5000000000	0.5000000000	0.5000000000	0.5000000000	0.5000000000	0.5000000000	0.5000000000	0.5000000000	0.5000000000	0.5000000000	0.5000000000	0.5000000000	0.5000000000	0.5000000000	0.5000000000	0.5000000000	0.5000000000	0.5000000000	0.5000000000	0.5000000000	0.5000000000	0.5000000000	0.5000000000	0.5000000000	0.5000000000	0.5000000000	0.5000000000	0.5000000000	0.5000000000	0.5000000000	0.5000000000	0.5000000000	0.5000000000	0.5000000000	0.5000000000	0.5000000000	0.5000000000	0.5000000000	0.0000000000	0.5000000000
SRR8476540.rna.1	0.5000000000	0.5000000000	0.5000000000	0.5000000000	0.5000000000	0.5000000000	0.5000000000	0.5000000000	0.5000000000	0.5000000000	0.5000000000	0.5000000000	0.5000000000	0.5000000000	0.5000000000	0.5000000000	0.5000000000	0.5000000000	0.5000000000	0.5000000000	0.5000000000	0.5000000000	0.5000000000	0.5000000000	0.5000000000	0.5000000000	0.5000000000	0.5000000000	0.5000000000	0.5000000000	0.5000000000	0.5000000000	0.5000000000	0.5000000000	0.5000000000	0.5000000000	0.5000000000	0.4954844229	0.5000000000	0.5000000000	0.5000000000	0.5000000000	0.5000000000	0.5000000000	0.5000000000	0.5000000000	0.5000000000	0.5000000000	0.5000000000	0.5000000000	0.5000000000	0.5000000000	0.5000000000	0.5000000000	0.5000000000	0.5000000000	0.5000000000	0.5000000000	0.5000000000	0.5000000000	0.5000000000	0.5000000000	0.5000000000	0.5000000000	0.5000000000	0.5000000000	0.5000000000	0.5000000000	0.5000000000	0.5000000000	0.5000000000	0.5000000000	0.5000000000	0.5000000000	0.5000000000	0.5000000000	0.5000000000	0.5000000000	0.5000000000	0.5000000000	0.5000000000	0.5000000000	0.5000000000	0.5000000000	0.5000000000	0.5000000000	0.5000000000	0.5000000000	0.5000000000	0.5000000000	0.5000000000	0.5000000000	0.5000000000	0.5000000000	0.5000000000	0.5000000000	0.5000000000	0.5000000000	0.5000000000	0.5000000000	0.5000000000	0.5000000000	0.5000000000	0.5000000000	0.5000000000	0.5000000000	0.5000000000	0.5000000000	0.5000000000	0.5000000000	0.5000000000	0.5000000000	0.5000000000	0.5000000000	0.0000000000
