	SRR12641740.rna.1	SRR12720856.rna.1	SRR12720792.rna.1	SRR12720852.rna.1	SRR12641746.rna.1	SRR12720809.rna.1	SRR12720833.rna.1	SRR12720839.rna.1	SRR12720858.rna.1	SRR12720795.rna.1	SRR12720794.rna.1	SRR12720849.rna.1	SRR12641742.rna.1	SRR12641768.rna.1	SRR12641747.rna.1	SRR12641751.rna.1	SRR12720817.rna.1	SRR12720825.rna.1	SRR12720802.rna.1	SRR12720844.rna.1	SRR12720837.rna.1	SRR12720827.rna.1	SRR12720793.rna.1	SRR12641748.rna.1	SRR12641754.rna.1	SRR12720815.rna.1	SRR12720807.rna.1	SRR12720824.rna.1	SRR12720796.rna.1	SRR12720847.rna.1	SRR12641749.rna.1	SRR12720804.rna.1	SRR12641757.rna.1	SRR12720826.rna.1	SRR12720838.rna.1	SRR12720857.rna.1	SRR12720853.rna.1	SRR12641762.rna.1	SRR12720811.rna.1	SRR12641744.rna.1	SRR12720831.rna.1	SRR12720843.rna.1	SRR12720841.rna.1	SRR12720813.rna.1	SRR12720816.rna.1	SRR12720810.rna.1	SRR12720851.rna.1	SRR12641766.rna.1	SRR12720842.rna.1	SRR12720818.rna.1	SRR12641758.rna.1	SRR12720840.rna.1	SRR12641753.rna.1	SRR12720828.rna.1	SRR12641763.rna.1	SRR12720855.rna.1	SRR12641743.rna.1	SRR12641764.rna.1	SRR12720850.rna.1	SRR12720846.rna.1	SRR12641755.rna.1	SRR12720819.rna.1	SRR12720845.rna.1	SRR12720829.rna.1	SRR12641767.rna.1	SRR12720822.rna.1	SRR12720808.rna.1	SRR12641738.rna.1	SRR12720798.rna.1	SRR12641752.rna.1	SRR12641756.rna.1	SRR12720823.rna.1	SRR12720812.rna.1	SRR12641760.rna.1	SRR12720799.rna.1	SRR12720805.rna.1	SRR12641739.rna.1	SRR12720854.rna.1	SRR12720830.rna.1	SRR12720834.rna.1	SRR12641741.rna.1	SRR12720836.rna.1	SRR12720848.rna.1	SRR12720821.rna.1	SRR12641750.rna.1	SRR12720835.rna.1	SRR12720814.rna.1	SRR12720820.rna.1	SRR12720797.rna.1	SRR12641761.rna.1	SRR12641759.rna.1	SRR12720800.rna.1	SRR12641745.rna.1	SRR12720801.rna.1	SRR12641765.rna.1	SRR12720832.rna.1	SRR12720803.rna.1	SRR12720806.rna.1
SRR12641740.rna.1	0.0000000000	0.5000000000	0.5000000000	0.5000000000	0.5000000000	0.4925769824	0.5000000000	0.5000000000	0.5000000000	0.5000000000	0.5000000000	0.5000000000	0.5000000000	0.5000000000	0.5000000000	0.5000000000	0.5000000000	0.5000000000	0.5000000000	0.5000000000	0.5000000000	0.5000000000	0.5000000000	0.5000000000	0.5000000000	0.5000000000	0.5000000000	0.5000000000	0.5000000000	0.5000000000	0.5000000000	0.5000000000	0.5000000000	0.5000000000	0.5000000000	0.5000000000	0.5000000000	0.5000000000	0.5000000000	0.4946096836	0.5000000000	0.5000000000	0.5000000000	0.5000000000	0.5000000000	0.5000000000	0.5000000000	0.5000000000	0.5000000000	0.5000000000	0.5000000000	0.5000000000	0.5000000000	0.5000000000	0.5000000000	0.5000000000	0.5000000000	0.4997897628	0.5000000000	0.5000000000	0.4998257379	0.5000000000	0.4988822339	0.5000000000	0.5000000000	0.5000000000	0.5000000000	0.5000000000	0.5000000000	0.5000000000	0.5000000000	0.5000000000	0.5000000000	0.5000000000	0.5000000000	0.5000000000	0.4999069154	0.5000000000	0.5000000000	0.4917763932	0.5000000000	0.5000000000	0.5000000000	0.5000000000	0.5000000000	0.5000000000	0.5000000000	0.5000000000	0.5000000000	0.5000000000	0.5000000000	0.4918695838	0.5000000000	0.5000000000	0.5000000000	0.5000000000	0.5000000000	0.5000000000
SRR12720856.rna.1	0.5000000000	0.0000000000	0.5000000000	0.5000000000	0.5000000000	0.5000000000	0.5000000000	0.5000000000	0.5000000000	0.5000000000	0.5000000000	0.5000000000	0.5000000000	0.4885387785	0.5000000000	0.5000000000	0.5000000000	0.5000000000	0.5000000000	0.5000000000	0.5000000000	0.5000000000	0.5000000000	0.5000000000	0.5000000000	0.5000000000	0.5000000000	0.5000000000	0.5000000000	0.5000000000	0.5000000000	0.5000000000	0.5000000000	0.5000000000	0.5000000000	0.5000000000	0.5000000000	0.5000000000	0.5000000000	0.5000000000	0.5000000000	0.5000000000	0.5000000000	0.5000000000	0.5000000000	0.5000000000	0.5000000000	0.5000000000	0.5000000000	0.4999973373	0.5000000000	0.5000000000	0.5000000000	0.5000000000	0.5000000000	0.5000000000	0.5000000000	0.5000000000	0.5000000000	0.5000000000	0.5000000000	0.5000000000	0.5000000000	0.5000000000	0.5000000000	0.5000000000	0.5000000000	0.4999699063	0.4563696433	0.5000000000	0.5000000000	0.5000000000	0.5000000000	0.5000000000	0.5000000000	0.5000000000	0.5000000000	0.5000000000	0.5000000000	0.5000000000	0.5000000000	0.5000000000	0.5000000000	0.5000000000	0.5000000000	0.5000000000	0.5000000000	0.5000000000	0.5000000000	0.5000000000	0.5000000000	0.5000000000	0.5000000000	0.5000000000	0.5000000000	0.5000000000	0.5000000000	0.5000000000
SRR12720792.rna.1	0.5000000000	0.5000000000	0.0000000000	0.5000000000	0.5000000000	0.5000000000	0.5000000000	0.5000000000	0.5000000000	0.5000000000	0.5000000000	0.5000000000	0.5000000000	0.5000000000	0.5000000000	0.5000000000	0.5000000000	0.4999990741	0.5000000000	0.5000000000	0.3783608415	0.5000000000	0.5000000000	0.5000000000	0.5000000000	0.5000000000	0.5000000000	0.5000000000	0.4983700181	0.5000000000	0.4978897088	0.5000000000	0.5000000000	0.5000000000	0.4976071784	0.5000000000	0.5000000000	0.5000000000	0.5000000000	0.5000000000	0.5000000000	0.5000000000	0.4999873004	0.5000000000	0.5000000000	0.5000000000	0.5000000000	0.5000000000	0.5000000000	0.4996110410	0.4972847332	0.4988218760	0.5000000000	0.5000000000	0.5000000000	0.5000000000	0.5000000000	0.5000000000	0.5000000000	0.5000000000	0.5000000000	0.4993959055	0.5000000000	0.5000000000	0.5000000000	0.5000000000	0.5000000000	0.5000000000	0.5000000000	0.5000000000	0.5000000000	0.5000000000	0.5000000000	0.5000000000	0.5000000000	0.5000000000	0.5000000000	0.4858412409	0.5000000000	0.5000000000	0.5000000000	0.4872173211	0.5000000000	0.5000000000	0.5000000000	0.4746771561	0.5000000000	0.5000000000	0.5000000000	0.5000000000	0.5000000000	0.5000000000	0.4999978905	0.5000000000	0.5000000000	0.5000000000	0.5000000000	0.5000000000
SRR12720852.rna.1	0.5000000000	0.5000000000	0.5000000000	0.0000000000	0.5000000000	0.5000000000	0.5000000000	0.5000000000	0.5000000000	0.4999983731	0.5000000000	0.5000000000	0.5000000000	0.5000000000	0.5000000000	0.4999999999	0.5000000000	0.5000000000	0.5000000000	0.5000000000	0.5000000000	0.5000000000	0.5000000000	0.5000000000	0.5000000000	0.5000000000	0.5000000000	0.5000000000	0.4999998828	0.5000000000	0.5000000000	0.5000000000	0.5000000000	0.5000000000	0.5000000000	0.5000000000	0.5000000000	0.5000000000	0.5000000000	0.5000000000	0.5000000000	0.5000000000	0.5000000000	0.5000000000	0.4999999608	0.5000000000	0.5000000000	0.5000000000	0.5000000000	0.5000000000	0.5000000000	0.4999991826	0.5000000000	0.5000000000	0.5000000000	0.5000000000	0.5000000000	0.5000000000	0.5000000000	0.5000000000	0.5000000000	0.5000000000	0.4999986035	0.4986815409	0.5000000000	0.5000000000	0.5000000000	0.5000000000	0.5000000000	0.5000000000	0.5000000000	0.5000000000	0.5000000000	0.5000000000	0.5000000000	0.5000000000	0.5000000000	0.5000000000	0.4823197661	0.5000000000	0.4999999999	0.5000000000	0.5000000000	0.5000000000	0.5000000000	0.5000000000	0.5000000000	0.5000000000	0.5000000000	0.5000000000	0.5000000000	0.4999998305	0.5000000000	0.4963576756	0.5000000000	0.5000000000	0.5000000000	0.5000000000
SRR12641746.rna.1	0.5000000000	0.5000000000	0.5000000000	0.5000000000	0.0000000000	0.5000000000	0.4999394292	0.5000000000	0.5000000000	0.4999991709	0.5000000000	0.4929073155	0.5000000000	0.5000000000	0.5000000000	0.5000000000	0.5000000000	0.5000000000	0.5000000000	0.5000000000	0.5000000000	0.5000000000	0.5000000000	0.5000000000	0.5000000000	0.5000000000	0.5000000000	0.5000000000	0.5000000000	0.5000000000	0.4999939502	0.5000000000	0.5000000000	0.5000000000	0.5000000000	0.5000000000	0.5000000000	0.4999665095	0.5000000000	0.5000000000	0.5000000000	0.5000000000	0.5000000000	0.5000000000	0.5000000000	0.5000000000	0.5000000000	0.5000000000	0.5000000000	0.5000000000	0.4999969305	0.4999657383	0.5000000000	0.5000000000	0.5000000000	0.5000000000	0.5000000000	0.5000000000	0.5000000000	0.5000000000	0.5000000000	0.5000000000	0.4999999904	0.4999999997	0.5000000000	0.5000000000	0.5000000000	0.5000000000	0.5000000000	0.5000000000	0.5000000000	0.4999852210	0.5000000000	0.5000000000	0.5000000000	0.5000000000	0.5000000000	0.5000000000	0.5000000000	0.5000000000	0.5000000000	0.5000000000	0.5000000000	0.5000000000	0.5000000000	0.5000000000	0.5000000000	0.5000000000	0.5000000000	0.5000000000	0.5000000000	0.5000000000	0.5000000000	0.5000000000	0.5000000000	0.4177931242	0.5000000000	0.5000000000
SRR12720809.rna.1	0.4925769824	0.5000000000	0.5000000000	0.5000000000	0.5000000000	0.0000000000	0.5000000000	0.5000000000	0.5000000000	0.5000000000	0.5000000000	0.5000000000	0.5000000000	0.5000000000	0.4995432259	0.5000000000	0.5000000000	0.5000000000	0.5000000000	0.5000000000	0.5000000000	0.5000000000	0.5000000000	0.5000000000	0.5000000000	0.5000000000	0.5000000000	0.5000000000	0.5000000000	0.5000000000	0.5000000000	0.5000000000	0.5000000000	0.5000000000	0.5000000000	0.5000000000	0.5000000000	0.5000000000	0.5000000000	0.5000000000	0.5000000000	0.5000000000	0.5000000000	0.5000000000	0.5000000000	0.5000000000	0.5000000000	0.5000000000	0.5000000000	0.5000000000	0.5000000000	0.5000000000	0.5000000000	0.5000000000	0.5000000000	0.4978698136	0.5000000000	0.5000000000	0.5000000000	0.5000000000	0.5000000000	0.5000000000	0.5000000000	0.4954288841	0.5000000000	0.5000000000	0.4795300202	0.5000000000	0.5000000000	0.5000000000	0.5000000000	0.5000000000	0.5000000000	0.5000000000	0.5000000000	0.5000000000	0.4990563490	0.5000000000	0.5000000000	0.5000000000	0.5000000000	0.5000000000	0.5000000000	0.5000000000	0.5000000000	0.5000000000	0.4999684760	0.5000000000	0.5000000000	0.5000000000	0.5000000000	0.5000000000	0.5000000000	0.5000000000	0.5000000000	0.5000000000	0.5000000000	0.5000000000
SRR12720833.rna.1	0.5000000000	0.5000000000	0.5000000000	0.5000000000	0.4999394292	0.5000000000	0.0000000000	0.5000000000	0.5000000000	0.5000000000	0.5000000000	0.4423857687	0.5000000000	0.5000000000	0.5000000000	0.5000000000	0.5000000000	0.5000000000	0.5000000000	0.5000000000	0.5000000000	0.5000000000	0.5000000000	0.5000000000	0.5000000000	0.5000000000	0.5000000000	0.5000000000	0.4988379224	0.5000000000	0.5000000000	0.5000000000	0.5000000000	0.5000000000	0.5000000000	0.5000000000	0.5000000000	0.4654381619	0.4991528234	0.5000000000	0.5000000000	0.5000000000	0.5000000000	0.5000000000	0.5000000000	0.5000000000	0.5000000000	0.5000000000	0.5000000000	0.5000000000	0.5000000000	0.5000000000	0.5000000000	0.5000000000	0.5000000000	0.5000000000	0.5000000000	0.5000000000	0.5000000000	0.5000000000	0.5000000000	0.4783674649	0.5000000000	0.5000000000	0.5000000000	0.5000000000	0.5000000000	0.5000000000	0.5000000000	0.5000000000	0.5000000000	0.4999939217	0.4353228212	0.5000000000	0.5000000000	0.5000000000	0.5000000000	0.5000000000	0.5000000000	0.5000000000	0.5000000000	0.5000000000	0.5000000000	0.5000000000	0.5000000000	0.5000000000	0.4999997041	0.5000000000	0.5000000000	0.5000000000	0.5000000000	0.5000000000	0.5000000000	0.5000000000	0.5000000000	0.4999348666	0.5000000000	0.5000000000
SRR12720839.rna.1	0.5000000000	0.5000000000	0.5000000000	0.5000000000	0.5000000000	0.5000000000	0.5000000000	0.0000000000	0.5000000000	0.5000000000	0.5000000000	0.5000000000	0.5000000000	0.5000000000	0.5000000000	0.5000000000	0.5000000000	0.5000000000	0.5000000000	0.5000000000	0.5000000000	0.5000000000	0.5000000000	0.5000000000	0.5000000000	0.5000000000	0.5000000000	0.5000000000	0.5000000000	0.5000000000	0.5000000000	0.5000000000	0.5000000000	0.5000000000	0.5000000000	0.5000000000	0.5000000000	0.5000000000	0.5000000000	0.5000000000	0.5000000000	0.5000000000	0.5000000000	0.5000000000	0.4820650255	0.5000000000	0.5000000000	0.5000000000	0.5000000000	0.5000000000	0.5000000000	0.5000000000	0.4714379338	0.5000000000	0.5000000000	0.5000000000	0.5000000000	0.5000000000	0.5000000000	0.5000000000	0.5000000000	0.5000000000	0.4999998340	0.5000000000	0.5000000000	0.5000000000	0.5000000000	0.5000000000	0.5000000000	0.5000000000	0.5000000000	0.5000000000	0.5000000000	0.5000000000	0.5000000000	0.5000000000	0.5000000000	0.5000000000	0.5000000000	0.5000000000	0.4850633002	0.5000000000	0.5000000000	0.5000000000	0.4947466264	0.5000000000	0.5000000000	0.5000000000	0.5000000000	0.5000000000	0.5000000000	0.5000000000	0.5000000000	0.5000000000	0.5000000000	0.5000000000	0.5000000000	0.5000000000
SRR12720858.rna.1	0.5000000000	0.5000000000	0.5000000000	0.5000000000	0.5000000000	0.5000000000	0.5000000000	0.5000000000	0.0000000000	0.5000000000	0.5000000000	0.5000000000	0.5000000000	0.5000000000	0.5000000000	0.5000000000	0.4979387475	0.5000000000	0.5000000000	0.5000000000	0.5000000000	0.5000000000	0.5000000000	0.5000000000	0.5000000000	0.5000000000	0.5000000000	0.5000000000	0.5000000000	0.5000000000	0.5000000000	0.5000000000	0.4964625817	0.5000000000	0.5000000000	0.5000000000	0.5000000000	0.5000000000	0.5000000000	0.5000000000	0.5000000000	0.5000000000	0.5000000000	0.5000000000	0.5000000000	0.5000000000	0.5000000000	0.5000000000	0.5000000000	0.5000000000	0.5000000000	0.5000000000	0.5000000000	0.5000000000	0.5000000000	0.5000000000	0.5000000000	0.5000000000	0.5000000000	0.5000000000	0.5000000000	0.5000000000	0.5000000000	0.5000000000	0.5000000000	0.4969992234	0.5000000000	0.5000000000	0.5000000000	0.5000000000	0.5000000000	0.5000000000	0.5000000000	0.5000000000	0.5000000000	0.5000000000	0.5000000000	0.5000000000	0.5000000000	0.5000000000	0.5000000000	0.5000000000	0.5000000000	0.5000000000	0.5000000000	0.5000000000	0.5000000000	0.5000000000	0.5000000000	0.5000000000	0.5000000000	0.5000000000	0.5000000000	0.4995268328	0.5000000000	0.5000000000	0.5000000000	0.5000000000
SRR12720795.rna.1	0.5000000000	0.5000000000	0.5000000000	0.4999983731	0.4999991709	0.5000000000	0.5000000000	0.5000000000	0.5000000000	0.0000000000	0.5000000000	0.5000000000	0.5000000000	0.5000000000	0.5000000000	0.4900504095	0.5000000000	0.5000000000	0.4999999811	0.5000000000	0.5000000000	0.5000000000	0.5000000000	0.5000000000	0.4999999627	0.5000000000	0.5000000000	0.4999998161	0.4942594969	0.5000000000	0.4921604298	0.5000000000	0.5000000000	0.5000000000	0.5000000000	0.5000000000	0.5000000000	0.5000000000	0.5000000000	0.5000000000	0.5000000000	0.5000000000	0.5000000000	0.5000000000	0.4919753416	0.5000000000	0.5000000000	0.4999997064	0.5000000000	0.5000000000	0.4999709441	0.3743699820	0.5000000000	0.5000000000	0.5000000000	0.4998750923	0.5000000000	0.4969288230	0.5000000000	0.5000000000	0.5000000000	0.4999999961	0.4531671515	0.4999997810	0.5000000000	0.5000000000	0.5000000000	0.5000000000	0.5000000000	0.5000000000	0.5000000000	0.5000000000	0.5000000000	0.5000000000	0.5000000000	0.5000000000	0.5000000000	0.5000000000	0.5000000000	0.5000000000	0.4999989644	0.5000000000	0.5000000000	0.5000000000	0.5000000000	0.5000000000	0.5000000000	0.5000000000	0.5000000000	0.5000000000	0.4999983584	0.5000000000	0.5000000000	0.5000000000	0.5000000000	0.5000000000	0.5000000000	0.5000000000
SRR12720794.rna.1	0.5000000000	0.5000000000	0.5000000000	0.5000000000	0.5000000000	0.5000000000	0.5000000000	0.5000000000	0.5000000000	0.5000000000	0.0000000000	0.5000000000	0.5000000000	0.5000000000	0.5000000000	0.5000000000	0.5000000000	0.5000000000	0.5000000000	0.5000000000	0.5000000000	0.5000000000	0.5000000000	0.5000000000	0.5000000000	0.5000000000	0.5000000000	0.5000000000	0.5000000000	0.5000000000	0.5000000000	0.5000000000	0.5000000000	0.5000000000	0.5000000000	0.5000000000	0.5000000000	0.5000000000	0.5000000000	0.5000000000	0.5000000000	0.5000000000	0.5000000000	0.5000000000	0.5000000000	0.5000000000	0.5000000000	0.5000000000	0.5000000000	0.5000000000	0.5000000000	0.5000000000	0.5000000000	0.5000000000	0.5000000000	0.5000000000	0.5000000000	0.5000000000	0.5000000000	0.5000000000	0.5000000000	0.5000000000	0.5000000000	0.5000000000	0.5000000000	0.5000000000	0.2384955896	0.5000000000	0.5000000000	0.4875840623	0.5000000000	0.5000000000	0.5000000000	0.5000000000	0.4406139845	0.5000000000	0.5000000000	0.5000000000	0.5000000000	0.2298377398	0.5000000000	0.5000000000	0.5000000000	0.5000000000	0.5000000000	0.5000000000	0.5000000000	0.5000000000	0.5000000000	0.5000000000	0.5000000000	0.5000000000	0.5000000000	0.5000000000	0.5000000000	0.5000000000	0.5000000000	0.5000000000
SRR12720849.rna.1	0.5000000000	0.5000000000	0.5000000000	0.5000000000	0.4929073155	0.5000000000	0.4423857687	0.5000000000	0.5000000000	0.5000000000	0.5000000000	0.0000000000	0.5000000000	0.5000000000	0.5000000000	0.5000000000	0.5000000000	0.5000000000	0.5000000000	0.5000000000	0.5000000000	0.5000000000	0.5000000000	0.5000000000	0.5000000000	0.5000000000	0.5000000000	0.5000000000	0.4999997543	0.5000000000	0.5000000000	0.5000000000	0.5000000000	0.5000000000	0.5000000000	0.5000000000	0.5000000000	0.4998732938	0.5000000000	0.5000000000	0.5000000000	0.5000000000	0.5000000000	0.5000000000	0.5000000000	0.5000000000	0.5000000000	0.5000000000	0.5000000000	0.5000000000	0.5000000000	0.5000000000	0.5000000000	0.5000000000	0.5000000000	0.5000000000	0.5000000000	0.5000000000	0.5000000000	0.5000000000	0.5000000000	0.4999999469	0.5000000000	0.5000000000	0.5000000000	0.5000000000	0.5000000000	0.5000000000	0.5000000000	0.5000000000	0.5000000000	0.4999809314	0.4999996379	0.5000000000	0.5000000000	0.5000000000	0.5000000000	0.5000000000	0.5000000000	0.5000000000	0.5000000000	0.5000000000	0.5000000000	0.5000000000	0.5000000000	0.5000000000	0.5000000000	0.5000000000	0.5000000000	0.5000000000	0.5000000000	0.5000000000	0.5000000000	0.5000000000	0.5000000000	0.4564811854	0.5000000000	0.5000000000
SRR12641742.rna.1	0.5000000000	0.5000000000	0.5000000000	0.5000000000	0.5000000000	0.5000000000	0.5000000000	0.5000000000	0.5000000000	0.5000000000	0.5000000000	0.5000000000	0.0000000000	0.5000000000	0.5000000000	0.5000000000	0.5000000000	0.5000000000	0.5000000000	0.5000000000	0.5000000000	0.5000000000	0.5000000000	0.5000000000	0.5000000000	0.5000000000	0.5000000000	0.5000000000	0.5000000000	0.5000000000	0.5000000000	0.5000000000	0.5000000000	0.5000000000	0.5000000000	0.5000000000	0.5000000000	0.5000000000	0.5000000000	0.5000000000	0.5000000000	0.5000000000	0.5000000000	0.5000000000	0.5000000000	0.5000000000	0.5000000000	0.5000000000	0.5000000000	0.5000000000	0.5000000000	0.5000000000	0.5000000000	0.5000000000	0.5000000000	0.4999929018	0.5000000000	0.5000000000	0.5000000000	0.5000000000	0.5000000000	0.5000000000	0.5000000000	0.5000000000	0.5000000000	0.5000000000	0.5000000000	0.5000000000	0.5000000000	0.5000000000	0.5000000000	0.5000000000	0.5000000000	0.5000000000	0.5000000000	0.5000000000	0.5000000000	0.5000000000	0.5000000000	0.5000000000	0.5000000000	0.5000000000	0.5000000000	0.5000000000	0.5000000000	0.5000000000	0.5000000000	0.5000000000	0.5000000000	0.5000000000	0.5000000000	0.5000000000	0.5000000000	0.5000000000	0.5000000000	0.5000000000	0.5000000000	0.5000000000
SRR12641768.rna.1	0.5000000000	0.4885387785	0.5000000000	0.5000000000	0.5000000000	0.5000000000	0.5000000000	0.5000000000	0.5000000000	0.5000000000	0.5000000000	0.5000000000	0.5000000000	0.0000000000	0.5000000000	0.5000000000	0.5000000000	0.5000000000	0.5000000000	0.5000000000	0.5000000000	0.5000000000	0.5000000000	0.5000000000	0.5000000000	0.5000000000	0.5000000000	0.5000000000	0.5000000000	0.5000000000	0.5000000000	0.5000000000	0.5000000000	0.5000000000	0.5000000000	0.5000000000	0.5000000000	0.5000000000	0.5000000000	0.5000000000	0.5000000000	0.5000000000	0.5000000000	0.5000000000	0.5000000000	0.5000000000	0.5000000000	0.5000000000	0.5000000000	0.5000000000	0.5000000000	0.5000000000	0.5000000000	0.5000000000	0.5000000000	0.5000000000	0.5000000000	0.5000000000	0.5000000000	0.5000000000	0.5000000000	0.5000000000	0.5000000000	0.5000000000	0.5000000000	0.5000000000	0.5000000000	0.5000000000	0.3864429986	0.5000000000	0.5000000000	0.5000000000	0.5000000000	0.5000000000	0.5000000000	0.5000000000	0.5000000000	0.5000000000	0.5000000000	0.5000000000	0.5000000000	0.5000000000	0.5000000000	0.4993103506	0.5000000000	0.5000000000	0.5000000000	0.5000000000	0.5000000000	0.5000000000	0.5000000000	0.5000000000	0.5000000000	0.5000000000	0.5000000000	0.5000000000	0.5000000000	0.5000000000
SRR12641747.rna.1	0.5000000000	0.5000000000	0.5000000000	0.5000000000	0.5000000000	0.4995432259	0.5000000000	0.5000000000	0.5000000000	0.5000000000	0.5000000000	0.5000000000	0.5000000000	0.5000000000	0.0000000000	0.5000000000	0.5000000000	0.5000000000	0.5000000000	0.5000000000	0.5000000000	0.5000000000	0.5000000000	0.5000000000	0.5000000000	0.4997947694	0.5000000000	0.5000000000	0.5000000000	0.5000000000	0.5000000000	0.5000000000	0.5000000000	0.5000000000	0.5000000000	0.5000000000	0.5000000000	0.5000000000	0.5000000000	0.5000000000	0.5000000000	0.5000000000	0.5000000000	0.5000000000	0.5000000000	0.5000000000	0.5000000000	0.5000000000	0.5000000000	0.5000000000	0.5000000000	0.5000000000	0.5000000000	0.5000000000	0.5000000000	0.4997431151	0.5000000000	0.5000000000	0.5000000000	0.5000000000	0.5000000000	0.5000000000	0.5000000000	0.5000000000	0.5000000000	0.5000000000	0.5000000000	0.5000000000	0.5000000000	0.5000000000	0.5000000000	0.5000000000	0.5000000000	0.5000000000	0.5000000000	0.5000000000	0.5000000000	0.5000000000	0.5000000000	0.5000000000	0.5000000000	0.5000000000	0.5000000000	0.5000000000	0.5000000000	0.5000000000	0.3968593004	0.5000000000	0.5000000000	0.5000000000	0.5000000000	0.5000000000	0.5000000000	0.5000000000	0.5000000000	0.5000000000	0.5000000000	0.5000000000
SRR12641751.rna.1	0.5000000000	0.5000000000	0.5000000000	0.4999999999	0.5000000000	0.5000000000	0.5000000000	0.5000000000	0.5000000000	0.4900504095	0.5000000000	0.5000000000	0.5000000000	0.5000000000	0.5000000000	0.0000000000	0.5000000000	0.5000000000	0.5000000000	0.5000000000	0.5000000000	0.4999999999	0.5000000000	0.5000000000	0.4862775236	0.5000000000	0.5000000000	0.5000000000	0.4844987384	0.5000000000	0.5000000000	0.5000000000	0.5000000000	0.5000000000	0.5000000000	0.5000000000	0.5000000000	0.5000000000	0.5000000000	0.5000000000	0.5000000000	0.5000000000	0.5000000000	0.5000000000	0.5000000000	0.5000000000	0.5000000000	0.5000000000	0.5000000000	0.5000000000	0.5000000000	0.5000000000	0.5000000000	0.5000000000	0.5000000000	0.4771875732	0.5000000000	0.3586937251	0.5000000000	0.5000000000	0.5000000000	0.4997759424	0.5000000000	0.5000000000	0.5000000000	0.5000000000	0.5000000000	0.5000000000	0.5000000000	0.5000000000	0.5000000000	0.5000000000	0.5000000000	0.5000000000	0.5000000000	0.5000000000	0.4882863586	0.5000000000	0.5000000000	0.5000000000	0.5000000000	0.4975493936	0.5000000000	0.5000000000	0.5000000000	0.5000000000	0.5000000000	0.5000000000	0.5000000000	0.5000000000	0.5000000000	0.5000000000	0.5000000000	0.5000000000	0.5000000000	0.5000000000	0.5000000000	0.5000000000
SRR12720817.rna.1	0.5000000000	0.5000000000	0.5000000000	0.5000000000	0.5000000000	0.5000000000	0.5000000000	0.5000000000	0.4979387475	0.5000000000	0.5000000000	0.5000000000	0.5000000000	0.5000000000	0.5000000000	0.5000000000	0.0000000000	0.5000000000	0.5000000000	0.5000000000	0.5000000000	0.5000000000	0.5000000000	0.5000000000	0.5000000000	0.5000000000	0.5000000000	0.5000000000	0.5000000000	0.5000000000	0.5000000000	0.5000000000	0.4967416517	0.5000000000	0.5000000000	0.5000000000	0.5000000000	0.5000000000	0.5000000000	0.5000000000	0.5000000000	0.5000000000	0.5000000000	0.5000000000	0.5000000000	0.5000000000	0.5000000000	0.5000000000	0.5000000000	0.5000000000	0.5000000000	0.5000000000	0.5000000000	0.5000000000	0.5000000000	0.5000000000	0.5000000000	0.5000000000	0.5000000000	0.5000000000	0.5000000000	0.5000000000	0.5000000000	0.5000000000	0.5000000000	0.5000000000	0.5000000000	0.5000000000	0.5000000000	0.5000000000	0.5000000000	0.5000000000	0.5000000000	0.5000000000	0.5000000000	0.5000000000	0.5000000000	0.5000000000	0.5000000000	0.5000000000	0.5000000000	0.5000000000	0.5000000000	0.5000000000	0.5000000000	0.5000000000	0.5000000000	0.5000000000	0.5000000000	0.5000000000	0.5000000000	0.5000000000	0.5000000000	0.4977631106	0.5000000000	0.5000000000	0.5000000000	0.5000000000
SRR12720825.rna.1	0.5000000000	0.5000000000	0.4999990741	0.5000000000	0.5000000000	0.5000000000	0.5000000000	0.5000000000	0.5000000000	0.5000000000	0.5000000000	0.5000000000	0.5000000000	0.5000000000	0.5000000000	0.5000000000	0.5000000000	0.0000000000	0.5000000000	0.5000000000	0.5000000000	0.5000000000	0.5000000000	0.5000000000	0.4999996261	0.5000000000	0.5000000000	0.4999999999	0.4999999952	0.5000000000	0.4999993115	0.5000000000	0.5000000000	0.4999999997	0.5000000000	0.5000000000	0.5000000000	0.5000000000	0.5000000000	0.5000000000	0.5000000000	0.5000000000	0.5000000000	0.5000000000	0.4999991832	0.5000000000	0.5000000000	0.5000000000	0.5000000000	0.5000000000	0.4999996993	0.4999980885	0.5000000000	0.5000000000	0.5000000000	0.5000000000	0.5000000000	0.5000000000	0.5000000000	0.5000000000	0.5000000000	0.4999999998	0.5000000000	0.5000000000	0.5000000000	0.5000000000	0.5000000000	0.5000000000	0.5000000000	0.5000000000	0.5000000000	0.5000000000	0.5000000000	0.5000000000	0.5000000000	0.5000000000	0.5000000000	0.5000000000	0.5000000000	0.5000000000	0.5000000000	0.5000000000	0.5000000000	0.5000000000	0.5000000000	0.5000000000	0.5000000000	0.5000000000	0.5000000000	0.5000000000	0.5000000000	0.5000000000	0.5000000000	0.5000000000	0.5000000000	0.5000000000	0.5000000000	0.5000000000
SRR12720802.rna.1	0.5000000000	0.5000000000	0.5000000000	0.5000000000	0.5000000000	0.5000000000	0.5000000000	0.5000000000	0.5000000000	0.4999999811	0.5000000000	0.5000000000	0.5000000000	0.5000000000	0.5000000000	0.5000000000	0.5000000000	0.5000000000	0.0000000000	0.5000000000	0.5000000000	0.5000000000	0.5000000000	0.5000000000	0.5000000000	0.5000000000	0.5000000000	0.5000000000	0.4999999498	0.5000000000	0.5000000000	0.5000000000	0.5000000000	0.5000000000	0.5000000000	0.5000000000	0.5000000000	0.5000000000	0.5000000000	0.5000000000	0.5000000000	0.5000000000	0.5000000000	0.5000000000	0.5000000000	0.5000000000	0.5000000000	0.4999998710	0.5000000000	0.5000000000	0.5000000000	0.5000000000	0.5000000000	0.5000000000	0.5000000000	0.5000000000	0.5000000000	0.5000000000	0.5000000000	0.5000000000	0.5000000000	0.5000000000	0.5000000000	0.5000000000	0.4989369853	0.5000000000	0.5000000000	0.5000000000	0.5000000000	0.5000000000	0.5000000000	0.5000000000	0.5000000000	0.5000000000	0.5000000000	0.5000000000	0.5000000000	0.5000000000	0.5000000000	0.5000000000	0.5000000000	0.5000000000	0.5000000000	0.5000000000	0.5000000000	0.5000000000	0.5000000000	0.5000000000	0.5000000000	0.5000000000	0.5000000000	0.5000000000	0.5000000000	0.5000000000	0.5000000000	0.5000000000	0.5000000000	0.5000000000
SRR12720844.rna.1	0.5000000000	0.5000000000	0.5000000000	0.5000000000	0.5000000000	0.5000000000	0.5000000000	0.5000000000	0.5000000000	0.5000000000	0.5000000000	0.5000000000	0.5000000000	0.5000000000	0.5000000000	0.5000000000	0.5000000000	0.5000000000	0.5000000000	0.0000000000	0.5000000000	0.3696993016	0.5000000000	0.5000000000	0.5000000000	0.5000000000	0.5000000000	0.5000000000	0.5000000000	0.5000000000	0.5000000000	0.5000000000	0.5000000000	0.5000000000	0.5000000000	0.5000000000	0.4926462136	0.5000000000	0.4873457479	0.5000000000	0.5000000000	0.5000000000	0.5000000000	0.5000000000	0.5000000000	0.5000000000	0.5000000000	0.5000000000	0.5000000000	0.5000000000	0.5000000000	0.5000000000	0.5000000000	0.5000000000	0.5000000000	0.5000000000	0.4999999295	0.5000000000	0.5000000000	0.5000000000	0.5000000000	0.5000000000	0.5000000000	0.5000000000	0.5000000000	0.5000000000	0.5000000000	0.5000000000	0.5000000000	0.5000000000	0.5000000000	0.5000000000	0.5000000000	0.5000000000	0.5000000000	0.5000000000	0.5000000000	0.5000000000	0.5000000000	0.5000000000	0.5000000000	0.5000000000	0.5000000000	0.5000000000	0.5000000000	0.5000000000	0.5000000000	0.5000000000	0.4994864941	0.5000000000	0.4999758469	0.5000000000	0.4950389635	0.5000000000	0.5000000000	0.5000000000	0.5000000000	0.5000000000
SRR12720837.rna.1	0.5000000000	0.5000000000	0.3783608415	0.5000000000	0.5000000000	0.5000000000	0.5000000000	0.5000000000	0.5000000000	0.5000000000	0.5000000000	0.5000000000	0.5000000000	0.5000000000	0.5000000000	0.5000000000	0.5000000000	0.5000000000	0.5000000000	0.5000000000	0.0000000000	0.5000000000	0.5000000000	0.5000000000	0.4999998445	0.5000000000	0.5000000000	0.5000000000	0.4984347829	0.5000000000	0.4999471066	0.5000000000	0.5000000000	0.5000000000	0.4482609453	0.5000000000	0.5000000000	0.4994006350	0.5000000000	0.5000000000	0.4999999851	0.5000000000	0.4944288488	0.5000000000	0.5000000000	0.5000000000	0.5000000000	0.5000000000	0.5000000000	0.4998399867	0.4998989296	0.4999828199	0.5000000000	0.5000000000	0.5000000000	0.5000000000	0.5000000000	0.5000000000	0.5000000000	0.5000000000	0.5000000000	0.4977504491	0.5000000000	0.5000000000	0.5000000000	0.5000000000	0.5000000000	0.5000000000	0.5000000000	0.5000000000	0.5000000000	0.5000000000	0.5000000000	0.5000000000	0.5000000000	0.5000000000	0.5000000000	0.4934478545	0.5000000000	0.5000000000	0.5000000000	0.4914199246	0.5000000000	0.5000000000	0.5000000000	0.4987342125	0.5000000000	0.5000000000	0.5000000000	0.5000000000	0.5000000000	0.5000000000	0.4999994296	0.5000000000	0.5000000000	0.5000000000	0.5000000000	0.5000000000
SRR12720827.rna.1	0.5000000000	0.5000000000	0.5000000000	0.5000000000	0.5000000000	0.5000000000	0.5000000000	0.5000000000	0.5000000000	0.5000000000	0.5000000000	0.5000000000	0.5000000000	0.5000000000	0.5000000000	0.4999999999	0.5000000000	0.5000000000	0.5000000000	0.3696993016	0.5000000000	0.0000000000	0.4999930643	0.5000000000	0.5000000000	0.5000000000	0.5000000000	0.5000000000	0.4999998647	0.5000000000	0.5000000000	0.5000000000	0.5000000000	0.5000000000	0.5000000000	0.5000000000	0.2517510793	0.5000000000	0.5000000000	0.5000000000	0.5000000000	0.5000000000	0.5000000000	0.5000000000	0.5000000000	0.5000000000	0.5000000000	0.5000000000	0.5000000000	0.5000000000	0.5000000000	0.5000000000	0.5000000000	0.5000000000	0.5000000000	0.5000000000	0.4999997945	0.5000000000	0.5000000000	0.5000000000	0.5000000000	0.4999999488	0.5000000000	0.5000000000	0.5000000000	0.5000000000	0.5000000000	0.5000000000	0.5000000000	0.5000000000	0.5000000000	0.5000000000	0.5000000000	0.4999986339	0.5000000000	0.5000000000	0.5000000000	0.5000000000	0.5000000000	0.5000000000	0.5000000000	0.5000000000	0.5000000000	0.5000000000	0.5000000000	0.5000000000	0.5000000000	0.5000000000	0.2413701108	0.5000000000	0.4964289573	0.5000000000	0.4799189741	0.5000000000	0.5000000000	0.5000000000	0.5000000000	0.5000000000
SRR12720793.rna.1	0.5000000000	0.5000000000	0.5000000000	0.5000000000	0.5000000000	0.5000000000	0.5000000000	0.5000000000	0.5000000000	0.5000000000	0.5000000000	0.5000000000	0.5000000000	0.5000000000	0.5000000000	0.5000000000	0.5000000000	0.5000000000	0.5000000000	0.5000000000	0.5000000000	0.4999930643	0.0000000000	0.5000000000	0.5000000000	0.5000000000	0.5000000000	0.5000000000	0.5000000000	0.5000000000	0.5000000000	0.5000000000	0.5000000000	0.5000000000	0.5000000000	0.5000000000	0.5000000000	0.5000000000	0.5000000000	0.5000000000	0.5000000000	0.5000000000	0.5000000000	0.5000000000	0.5000000000	0.5000000000	0.5000000000	0.5000000000	0.5000000000	0.5000000000	0.5000000000	0.5000000000	0.5000000000	0.4991673335	0.5000000000	0.5000000000	0.5000000000	0.5000000000	0.5000000000	0.5000000000	0.5000000000	0.5000000000	0.5000000000	0.5000000000	0.5000000000	0.5000000000	0.5000000000	0.5000000000	0.5000000000	0.5000000000	0.5000000000	0.5000000000	0.5000000000	0.5000000000	0.5000000000	0.5000000000	0.5000000000	0.5000000000	0.5000000000	0.5000000000	0.5000000000	0.5000000000	0.5000000000	0.5000000000	0.5000000000	0.5000000000	0.5000000000	0.5000000000	0.5000000000	0.5000000000	0.4999784336	0.5000000000	0.5000000000	0.5000000000	0.5000000000	0.5000000000	0.5000000000	0.5000000000
SRR12641748.rna.1	0.5000000000	0.5000000000	0.5000000000	0.5000000000	0.5000000000	0.5000000000	0.5000000000	0.5000000000	0.5000000000	0.5000000000	0.5000000000	0.5000000000	0.5000000000	0.5000000000	0.5000000000	0.5000000000	0.5000000000	0.5000000000	0.5000000000	0.5000000000	0.5000000000	0.5000000000	0.5000000000	0.0000000000	0.5000000000	0.5000000000	0.5000000000	0.4934957957	0.5000000000	0.5000000000	0.5000000000	0.5000000000	0.5000000000	0.4999188937	0.5000000000	0.5000000000	0.5000000000	0.5000000000	0.5000000000	0.5000000000	0.5000000000	0.5000000000	0.5000000000	0.5000000000	0.5000000000	0.5000000000	0.5000000000	0.5000000000	0.5000000000	0.5000000000	0.5000000000	0.5000000000	0.5000000000	0.5000000000	0.5000000000	0.5000000000	0.5000000000	0.5000000000	0.5000000000	0.5000000000	0.5000000000	0.5000000000	0.5000000000	0.5000000000	0.5000000000	0.5000000000	0.5000000000	0.5000000000	0.5000000000	0.5000000000	0.5000000000	0.5000000000	0.5000000000	0.5000000000	0.5000000000	0.4986709719	0.5000000000	0.5000000000	0.5000000000	0.5000000000	0.5000000000	0.5000000000	0.4996157081	0.4994644474	0.5000000000	0.5000000000	0.5000000000	0.5000000000	0.5000000000	0.5000000000	0.5000000000	0.5000000000	0.4998659624	0.5000000000	0.5000000000	0.5000000000	0.5000000000	0.5000000000
SRR12641754.rna.1	0.5000000000	0.5000000000	0.5000000000	0.5000000000	0.5000000000	0.5000000000	0.5000000000	0.5000000000	0.5000000000	0.4999999627	0.5000000000	0.5000000000	0.5000000000	0.5000000000	0.5000000000	0.4862775236	0.5000000000	0.4999996261	0.5000000000	0.5000000000	0.4999998445	0.5000000000	0.5000000000	0.5000000000	0.0000000000	0.4999936900	0.5000000000	0.5000000000	0.4999993908	0.5000000000	0.4990475868	0.5000000000	0.5000000000	0.4999999018	0.4999999484	0.5000000000	0.5000000000	0.5000000000	0.5000000000	0.5000000000	0.5000000000	0.5000000000	0.5000000000	0.5000000000	0.5000000000	0.5000000000	0.5000000000	0.5000000000	0.5000000000	0.5000000000	0.4988983156	0.4997229964	0.5000000000	0.5000000000	0.5000000000	0.4857438389	0.5000000000	0.4977011852	0.5000000000	0.5000000000	0.5000000000	0.4999999154	0.4999999887	0.5000000000	0.4999999775	0.5000000000	0.5000000000	0.5000000000	0.5000000000	0.5000000000	0.5000000000	0.5000000000	0.5000000000	0.5000000000	0.5000000000	0.5000000000	0.4915924186	0.5000000000	0.5000000000	0.5000000000	0.5000000000	0.4982585286	0.5000000000	0.5000000000	0.5000000000	0.4987528483	0.5000000000	0.5000000000	0.5000000000	0.5000000000	0.4999999374	0.4978869116	0.5000000000	0.5000000000	0.5000000000	0.5000000000	0.5000000000	0.5000000000
SRR12720815.rna.1	0.5000000000	0.5000000000	0.5000000000	0.5000000000	0.5000000000	0.5000000000	0.5000000000	0.5000000000	0.5000000000	0.5000000000	0.5000000000	0.5000000000	0.5000000000	0.5000000000	0.4997947694	0.5000000000	0.5000000000	0.5000000000	0.5000000000	0.5000000000	0.5000000000	0.5000000000	0.5000000000	0.5000000000	0.4999936900	0.0000000000	0.5000000000	0.5000000000	0.5000000000	0.5000000000	0.5000000000	0.5000000000	0.5000000000	0.5000000000	0.5000000000	0.4876475295	0.5000000000	0.5000000000	0.5000000000	0.5000000000	0.5000000000	0.5000000000	0.5000000000	0.5000000000	0.5000000000	0.5000000000	0.5000000000	0.5000000000	0.4925307916	0.5000000000	0.5000000000	0.5000000000	0.5000000000	0.5000000000	0.5000000000	0.4964095836	0.5000000000	0.5000000000	0.4997509175	0.5000000000	0.5000000000	0.5000000000	0.5000000000	0.5000000000	0.5000000000	0.5000000000	0.5000000000	0.4999995974	0.5000000000	0.5000000000	0.5000000000	0.5000000000	0.5000000000	0.5000000000	0.5000000000	0.5000000000	0.4991647081	0.5000000000	0.5000000000	0.5000000000	0.5000000000	0.5000000000	0.5000000000	0.5000000000	0.5000000000	0.4997017045	0.4999375406	0.5000000000	0.5000000000	0.5000000000	0.5000000000	0.5000000000	0.5000000000	0.5000000000	0.5000000000	0.5000000000	0.5000000000	0.5000000000
SRR12720807.rna.1	0.5000000000	0.5000000000	0.5000000000	0.5000000000	0.5000000000	0.5000000000	0.5000000000	0.5000000000	0.5000000000	0.5000000000	0.5000000000	0.5000000000	0.5000000000	0.5000000000	0.5000000000	0.5000000000	0.5000000000	0.5000000000	0.5000000000	0.5000000000	0.5000000000	0.5000000000	0.5000000000	0.5000000000	0.5000000000	0.5000000000	0.0000000000	0.5000000000	0.5000000000	0.5000000000	0.5000000000	0.5000000000	0.5000000000	0.5000000000	0.5000000000	0.5000000000	0.5000000000	0.5000000000	0.5000000000	0.5000000000	0.5000000000	0.5000000000	0.5000000000	0.5000000000	0.5000000000	0.5000000000	0.5000000000	0.5000000000	0.5000000000	0.5000000000	0.5000000000	0.5000000000	0.5000000000	0.5000000000	0.5000000000	0.4999990855	0.5000000000	0.5000000000	0.5000000000	0.5000000000	0.5000000000	0.5000000000	0.5000000000	0.4941682690	0.5000000000	0.5000000000	0.5000000000	0.5000000000	0.5000000000	0.5000000000	0.5000000000	0.5000000000	0.5000000000	0.5000000000	0.5000000000	0.5000000000	0.4999999428	0.5000000000	0.5000000000	0.5000000000	0.5000000000	0.5000000000	0.5000000000	0.5000000000	0.5000000000	0.5000000000	0.5000000000	0.5000000000	0.5000000000	0.5000000000	0.5000000000	0.5000000000	0.5000000000	0.5000000000	0.5000000000	0.5000000000	0.5000000000	0.5000000000
SRR12720824.rna.1	0.5000000000	0.5000000000	0.5000000000	0.5000000000	0.5000000000	0.5000000000	0.5000000000	0.5000000000	0.5000000000	0.4999998161	0.5000000000	0.5000000000	0.5000000000	0.5000000000	0.5000000000	0.5000000000	0.5000000000	0.4999999999	0.5000000000	0.5000000000	0.5000000000	0.5000000000	0.5000000000	0.4934957957	0.5000000000	0.5000000000	0.5000000000	0.0000000000	0.5000000000	0.5000000000	0.4999999809	0.5000000000	0.5000000000	0.5000000000	0.5000000000	0.5000000000	0.5000000000	0.5000000000	0.5000000000	0.5000000000	0.5000000000	0.5000000000	0.5000000000	0.5000000000	0.4999993241	0.5000000000	0.5000000000	0.5000000000	0.5000000000	0.5000000000	0.5000000000	0.4999988736	0.5000000000	0.5000000000	0.5000000000	0.5000000000	0.5000000000	0.5000000000	0.5000000000	0.5000000000	0.5000000000	0.5000000000	0.5000000000	0.5000000000	0.5000000000	0.5000000000	0.5000000000	0.5000000000	0.5000000000	0.5000000000	0.5000000000	0.5000000000	0.5000000000	0.5000000000	0.5000000000	0.4959133562	0.5000000000	0.5000000000	0.5000000000	0.5000000000	0.4999993416	0.5000000000	0.5000000000	0.5000000000	0.5000000000	0.5000000000	0.5000000000	0.5000000000	0.5000000000	0.5000000000	0.4999999999	0.5000000000	0.5000000000	0.5000000000	0.5000000000	0.5000000000	0.5000000000	0.5000000000
SRR12720796.rna.1	0.5000000000	0.5000000000	0.4983700181	0.4999998828	0.5000000000	0.5000000000	0.4988379224	0.5000000000	0.5000000000	0.4942594969	0.5000000000	0.4999997543	0.5000000000	0.5000000000	0.5000000000	0.4844987384	0.5000000000	0.4999999952	0.4999999498	0.5000000000	0.4984347829	0.4999998647	0.5000000000	0.5000000000	0.4999993908	0.5000000000	0.5000000000	0.5000000000	0.0000000000	0.5000000000	0.4997834138	0.5000000000	0.5000000000	0.5000000000	0.4994962996	0.5000000000	0.5000000000	0.4999167283	0.4999629349	0.5000000000	0.5000000000	0.5000000000	0.4998758325	0.5000000000	0.5000000000	0.5000000000	0.5000000000	0.4999999662	0.5000000000	0.4998931185	0.4997011961	0.4995005743	0.5000000000	0.5000000000	0.5000000000	0.4998791063	0.5000000000	0.4991496086	0.5000000000	0.5000000000	0.5000000000	0.4593137193	0.4996475306	0.5000000000	0.5000000000	0.5000000000	0.5000000000	0.5000000000	0.5000000000	0.5000000000	0.5000000000	0.5000000000	0.5000000000	0.5000000000	0.5000000000	0.5000000000	0.4999985524	0.4999711466	0.5000000000	0.5000000000	0.5000000000	0.5000000000	0.5000000000	0.4999998761	0.5000000000	0.5000000000	0.4999997148	0.5000000000	0.5000000000	0.5000000000	0.5000000000	0.5000000000	0.4999999860	0.5000000000	0.5000000000	0.5000000000	0.5000000000	0.5000000000
SRR12720847.rna.1	0.5000000000	0.5000000000	0.5000000000	0.5000000000	0.5000000000	0.5000000000	0.5000000000	0.5000000000	0.5000000000	0.5000000000	0.5000000000	0.5000000000	0.5000000000	0.5000000000	0.5000000000	0.5000000000	0.5000000000	0.5000000000	0.5000000000	0.5000000000	0.5000000000	0.5000000000	0.5000000000	0.5000000000	0.5000000000	0.5000000000	0.5000000000	0.5000000000	0.5000000000	0.0000000000	0.5000000000	0.5000000000	0.5000000000	0.5000000000	0.5000000000	0.5000000000	0.5000000000	0.5000000000	0.5000000000	0.5000000000	0.5000000000	0.5000000000	0.5000000000	0.5000000000	0.5000000000	0.5000000000	0.5000000000	0.5000000000	0.5000000000	0.5000000000	0.5000000000	0.5000000000	0.5000000000	0.5000000000	0.5000000000	0.5000000000	0.5000000000	0.5000000000	0.4985827567	0.4905367321	0.5000000000	0.5000000000	0.5000000000	0.5000000000	0.4999997980	0.5000000000	0.5000000000	0.5000000000	0.5000000000	0.4999991582	0.5000000000	0.5000000000	0.5000000000	0.5000000000	0.5000000000	0.5000000000	0.5000000000	0.5000000000	0.4992617474	0.5000000000	0.5000000000	0.5000000000	0.5000000000	0.5000000000	0.5000000000	0.5000000000	0.5000000000	0.4957606964	0.5000000000	0.5000000000	0.5000000000	0.5000000000	0.5000000000	0.5000000000	0.5000000000	0.5000000000	0.5000000000	0.5000000000
SRR12641749.rna.1	0.5000000000	0.5000000000	0.4978897088	0.5000000000	0.4999939502	0.5000000000	0.5000000000	0.5000000000	0.5000000000	0.4921604298	0.5000000000	0.5000000000	0.5000000000	0.5000000000	0.5000000000	0.5000000000	0.5000000000	0.4999993115	0.5000000000	0.5000000000	0.4999471066	0.5000000000	0.5000000000	0.5000000000	0.4990475868	0.5000000000	0.5000000000	0.4999999809	0.4997834138	0.5000000000	0.0000000000	0.5000000000	0.5000000000	0.4999991793	0.4999822684	0.5000000000	0.5000000000	0.5000000000	0.5000000000	0.5000000000	0.5000000000	0.5000000000	0.4999989597	0.5000000000	0.4902299855	0.5000000000	0.5000000000	0.4999999798	0.5000000000	0.4999975000	0.4753397013	0.4115822435	0.4999996826	0.5000000000	0.5000000000	0.5000000000	0.5000000000	0.5000000000	0.5000000000	0.5000000000	0.5000000000	0.4999672906	0.4999943303	0.4999998478	0.5000000000	0.5000000000	0.5000000000	0.5000000000	0.5000000000	0.5000000000	0.5000000000	0.5000000000	0.5000000000	0.5000000000	0.5000000000	0.5000000000	0.5000000000	0.4999992367	0.5000000000	0.5000000000	0.5000000000	0.5000000000	0.5000000000	0.5000000000	0.5000000000	0.5000000000	0.5000000000	0.5000000000	0.5000000000	0.5000000000	0.4999998517	0.5000000000	0.5000000000	0.5000000000	0.5000000000	0.5000000000	0.5000000000	0.5000000000
SRR12720804.rna.1	0.5000000000	0.5000000000	0.5000000000	0.5000000000	0.5000000000	0.5000000000	0.5000000000	0.5000000000	0.5000000000	0.5000000000	0.5000000000	0.5000000000	0.5000000000	0.5000000000	0.5000000000	0.5000000000	0.5000000000	0.5000000000	0.5000000000	0.5000000000	0.5000000000	0.5000000000	0.5000000000	0.5000000000	0.5000000000	0.5000000000	0.5000000000	0.5000000000	0.5000000000	0.5000000000	0.5000000000	0.0000000000	0.5000000000	0.5000000000	0.5000000000	0.5000000000	0.5000000000	0.5000000000	0.5000000000	0.5000000000	0.5000000000	0.5000000000	0.5000000000	0.5000000000	0.5000000000	0.5000000000	0.5000000000	0.5000000000	0.5000000000	0.5000000000	0.5000000000	0.5000000000	0.5000000000	0.5000000000	0.5000000000	0.5000000000	0.5000000000	0.5000000000	0.5000000000	0.5000000000	0.5000000000	0.5000000000	0.5000000000	0.5000000000	0.5000000000	0.5000000000	0.5000000000	0.5000000000	0.5000000000	0.5000000000	0.5000000000	0.5000000000	0.5000000000	0.4999946821	0.5000000000	0.5000000000	0.5000000000	0.5000000000	0.5000000000	0.5000000000	0.5000000000	0.5000000000	0.5000000000	0.5000000000	0.5000000000	0.5000000000	0.5000000000	0.5000000000	0.5000000000	0.5000000000	0.5000000000	0.5000000000	0.5000000000	0.5000000000	0.5000000000	0.5000000000	0.5000000000	0.5000000000
SRR12641757.rna.1	0.5000000000	0.5000000000	0.5000000000	0.5000000000	0.5000000000	0.5000000000	0.5000000000	0.5000000000	0.4964625817	0.5000000000	0.5000000000	0.5000000000	0.5000000000	0.5000000000	0.5000000000	0.5000000000	0.4967416517	0.5000000000	0.5000000000	0.5000000000	0.5000000000	0.5000000000	0.5000000000	0.5000000000	0.5000000000	0.5000000000	0.5000000000	0.5000000000	0.5000000000	0.5000000000	0.5000000000	0.5000000000	0.0000000000	0.5000000000	0.5000000000	0.5000000000	0.5000000000	0.5000000000	0.5000000000	0.5000000000	0.5000000000	0.5000000000	0.5000000000	0.5000000000	0.5000000000	0.5000000000	0.5000000000	0.5000000000	0.5000000000	0.5000000000	0.5000000000	0.5000000000	0.5000000000	0.5000000000	0.5000000000	0.5000000000	0.5000000000	0.5000000000	0.4999980444	0.5000000000	0.5000000000	0.5000000000	0.5000000000	0.5000000000	0.5000000000	0.4948072241	0.5000000000	0.5000000000	0.5000000000	0.5000000000	0.5000000000	0.5000000000	0.5000000000	0.5000000000	0.5000000000	0.5000000000	0.5000000000	0.5000000000	0.5000000000	0.5000000000	0.5000000000	0.5000000000	0.5000000000	0.5000000000	0.5000000000	0.5000000000	0.5000000000	0.5000000000	0.5000000000	0.5000000000	0.5000000000	0.5000000000	0.5000000000	0.4999999990	0.5000000000	0.5000000000	0.5000000000	0.5000000000
SRR12720826.rna.1	0.5000000000	0.5000000000	0.5000000000	0.5000000000	0.5000000000	0.5000000000	0.5000000000	0.5000000000	0.5000000000	0.5000000000	0.5000000000	0.5000000000	0.5000000000	0.5000000000	0.5000000000	0.5000000000	0.5000000000	0.4999999997	0.5000000000	0.5000000000	0.5000000000	0.5000000000	0.5000000000	0.4999188937	0.4999999018	0.5000000000	0.5000000000	0.5000000000	0.5000000000	0.5000000000	0.4999991793	0.5000000000	0.5000000000	0.0000000000	0.5000000000	0.5000000000	0.5000000000	0.5000000000	0.5000000000	0.5000000000	0.5000000000	0.5000000000	0.5000000000	0.5000000000	0.4999997122	0.5000000000	0.5000000000	0.5000000000	0.5000000000	0.5000000000	0.4999997813	0.4999980185	0.5000000000	0.5000000000	0.5000000000	0.5000000000	0.5000000000	0.5000000000	0.5000000000	0.5000000000	0.5000000000	0.5000000000	0.5000000000	0.5000000000	0.4999494302	0.5000000000	0.5000000000	0.5000000000	0.5000000000	0.5000000000	0.5000000000	0.5000000000	0.5000000000	0.5000000000	0.5000000000	0.4926612993	0.5000000000	0.5000000000	0.5000000000	0.5000000000	0.5000000000	0.5000000000	0.5000000000	0.5000000000	0.5000000000	0.5000000000	0.5000000000	0.5000000000	0.5000000000	0.5000000000	0.5000000000	0.5000000000	0.5000000000	0.5000000000	0.5000000000	0.5000000000	0.5000000000	0.4997500043
SRR12720838.rna.1	0.5000000000	0.5000000000	0.4976071784	0.5000000000	0.5000000000	0.5000000000	0.5000000000	0.5000000000	0.5000000000	0.5000000000	0.5000000000	0.5000000000	0.5000000000	0.5000000000	0.5000000000	0.5000000000	0.5000000000	0.5000000000	0.5000000000	0.5000000000	0.4482609453	0.5000000000	0.5000000000	0.5000000000	0.4999999484	0.5000000000	0.5000000000	0.5000000000	0.4994962996	0.5000000000	0.4999822684	0.5000000000	0.5000000000	0.5000000000	0.0000000000	0.5000000000	0.5000000000	0.4999510574	0.5000000000	0.5000000000	0.4999996482	0.5000000000	0.4870727063	0.5000000000	0.5000000000	0.5000000000	0.5000000000	0.5000000000	0.5000000000	0.4999343162	0.4999733850	0.4999942566	0.5000000000	0.5000000000	0.5000000000	0.5000000000	0.5000000000	0.5000000000	0.5000000000	0.5000000000	0.5000000000	0.4803508434	0.5000000000	0.5000000000	0.5000000000	0.5000000000	0.5000000000	0.5000000000	0.5000000000	0.5000000000	0.5000000000	0.5000000000	0.5000000000	0.5000000000	0.5000000000	0.5000000000	0.5000000000	0.4999660172	0.5000000000	0.5000000000	0.5000000000	0.5000000000	0.5000000000	0.5000000000	0.5000000000	0.5000000000	0.5000000000	0.5000000000	0.5000000000	0.5000000000	0.5000000000	0.5000000000	0.4999999875	0.5000000000	0.5000000000	0.5000000000	0.5000000000	0.5000000000
SRR12720857.rna.1	0.5000000000	0.5000000000	0.5000000000	0.5000000000	0.5000000000	0.5000000000	0.5000000000	0.5000000000	0.5000000000	0.5000000000	0.5000000000	0.5000000000	0.5000000000	0.5000000000	0.5000000000	0.5000000000	0.5000000000	0.5000000000	0.5000000000	0.5000000000	0.5000000000	0.5000000000	0.5000000000	0.5000000000	0.5000000000	0.4876475295	0.5000000000	0.5000000000	0.5000000000	0.5000000000	0.5000000000	0.5000000000	0.5000000000	0.5000000000	0.5000000000	0.0000000000	0.5000000000	0.5000000000	0.5000000000	0.5000000000	0.5000000000	0.5000000000	0.5000000000	0.5000000000	0.5000000000	0.5000000000	0.5000000000	0.5000000000	0.1347295351	0.5000000000	0.5000000000	0.5000000000	0.5000000000	0.5000000000	0.5000000000	0.5000000000	0.5000000000	0.5000000000	0.4652290369	0.4729085132	0.5000000000	0.5000000000	0.5000000000	0.5000000000	0.5000000000	0.5000000000	0.5000000000	0.4999854476	0.5000000000	0.5000000000	0.5000000000	0.5000000000	0.5000000000	0.5000000000	0.5000000000	0.5000000000	0.5000000000	0.5000000000	0.5000000000	0.5000000000	0.5000000000	0.5000000000	0.5000000000	0.5000000000	0.5000000000	0.5000000000	0.5000000000	0.5000000000	0.5000000000	0.5000000000	0.5000000000	0.5000000000	0.5000000000	0.4999036746	0.5000000000	0.5000000000	0.5000000000	0.5000000000
SRR12720853.rna.1	0.5000000000	0.5000000000	0.5000000000	0.5000000000	0.5000000000	0.5000000000	0.5000000000	0.5000000000	0.5000000000	0.5000000000	0.5000000000	0.5000000000	0.5000000000	0.5000000000	0.5000000000	0.5000000000	0.5000000000	0.5000000000	0.5000000000	0.4926462136	0.5000000000	0.2517510793	0.5000000000	0.5000000000	0.5000000000	0.5000000000	0.5000000000	0.5000000000	0.5000000000	0.5000000000	0.5000000000	0.5000000000	0.5000000000	0.5000000000	0.5000000000	0.5000000000	0.0000000000	0.5000000000	0.5000000000	0.5000000000	0.5000000000	0.5000000000	0.5000000000	0.5000000000	0.5000000000	0.5000000000	0.5000000000	0.5000000000	0.5000000000	0.5000000000	0.5000000000	0.5000000000	0.5000000000	0.5000000000	0.5000000000	0.5000000000	0.4999998207	0.5000000000	0.5000000000	0.5000000000	0.5000000000	0.5000000000	0.5000000000	0.5000000000	0.5000000000	0.5000000000	0.5000000000	0.5000000000	0.5000000000	0.5000000000	0.5000000000	0.5000000000	0.5000000000	0.4999992996	0.5000000000	0.5000000000	0.5000000000	0.5000000000	0.5000000000	0.5000000000	0.5000000000	0.5000000000	0.5000000000	0.5000000000	0.5000000000	0.5000000000	0.5000000000	0.5000000000	0.3469881023	0.5000000000	0.4770654290	0.5000000000	0.4662821906	0.5000000000	0.5000000000	0.5000000000	0.5000000000	0.5000000000
SRR12641762.rna.1	0.5000000000	0.5000000000	0.5000000000	0.5000000000	0.4999665095	0.5000000000	0.4654381619	0.5000000000	0.5000000000	0.5000000000	0.5000000000	0.4998732938	0.5000000000	0.5000000000	0.5000000000	0.5000000000	0.5000000000	0.5000000000	0.5000000000	0.5000000000	0.4994006350	0.5000000000	0.5000000000	0.5000000000	0.5000000000	0.5000000000	0.5000000000	0.5000000000	0.4999167283	0.5000000000	0.5000000000	0.5000000000	0.5000000000	0.5000000000	0.4999510574	0.5000000000	0.5000000000	0.0000000000	0.5000000000	0.5000000000	0.5000000000	0.5000000000	0.4979605907	0.5000000000	0.5000000000	0.5000000000	0.5000000000	0.5000000000	0.5000000000	0.5000000000	0.5000000000	0.5000000000	0.5000000000	0.5000000000	0.5000000000	0.5000000000	0.5000000000	0.5000000000	0.5000000000	0.5000000000	0.5000000000	0.4995081140	0.5000000000	0.5000000000	0.5000000000	0.5000000000	0.5000000000	0.5000000000	0.5000000000	0.5000000000	0.5000000000	0.4945202873	0.4945882000	0.5000000000	0.5000000000	0.5000000000	0.5000000000	0.4971405920	0.5000000000	0.5000000000	0.5000000000	0.5000000000	0.5000000000	0.5000000000	0.5000000000	0.5000000000	0.5000000000	0.5000000000	0.5000000000	0.5000000000	0.5000000000	0.5000000000	0.4999998585	0.5000000000	0.5000000000	0.4999723703	0.5000000000	0.5000000000
SRR12720811.rna.1	0.5000000000	0.5000000000	0.5000000000	0.5000000000	0.5000000000	0.5000000000	0.4991528234	0.5000000000	0.5000000000	0.5000000000	0.5000000000	0.5000000000	0.5000000000	0.5000000000	0.5000000000	0.5000000000	0.5000000000	0.5000000000	0.5000000000	0.4873457479	0.5000000000	0.5000000000	0.5000000000	0.5000000000	0.5000000000	0.5000000000	0.5000000000	0.5000000000	0.4999629349	0.5000000000	0.5000000000	0.5000000000	0.5000000000	0.5000000000	0.5000000000	0.5000000000	0.5000000000	0.5000000000	0.0000000000	0.5000000000	0.5000000000	0.5000000000	0.5000000000	0.5000000000	0.5000000000	0.5000000000	0.5000000000	0.5000000000	0.5000000000	0.5000000000	0.5000000000	0.5000000000	0.5000000000	0.5000000000	0.5000000000	0.5000000000	0.5000000000	0.5000000000	0.5000000000	0.5000000000	0.5000000000	0.4999954000	0.5000000000	0.5000000000	0.5000000000	0.5000000000	0.5000000000	0.5000000000	0.5000000000	0.5000000000	0.5000000000	0.4999669882	0.4991450803	0.5000000000	0.5000000000	0.5000000000	0.5000000000	0.5000000000	0.5000000000	0.5000000000	0.5000000000	0.5000000000	0.5000000000	0.5000000000	0.5000000000	0.5000000000	0.5000000000	0.5000000000	0.5000000000	0.5000000000	0.5000000000	0.5000000000	0.5000000000	0.5000000000	0.5000000000	0.5000000000	0.5000000000	0.5000000000
SRR12641744.rna.1	0.4946096836	0.5000000000	0.5000000000	0.5000000000	0.5000000000	0.5000000000	0.5000000000	0.5000000000	0.5000000000	0.5000000000	0.5000000000	0.5000000000	0.5000000000	0.5000000000	0.5000000000	0.5000000000	0.5000000000	0.5000000000	0.5000000000	0.5000000000	0.5000000000	0.5000000000	0.5000000000	0.5000000000	0.5000000000	0.5000000000	0.5000000000	0.5000000000	0.5000000000	0.5000000000	0.5000000000	0.5000000000	0.5000000000	0.5000000000	0.5000000000	0.5000000000	0.5000000000	0.5000000000	0.5000000000	0.0000000000	0.4987500462	0.5000000000	0.5000000000	0.5000000000	0.5000000000	0.5000000000	0.5000000000	0.5000000000	0.5000000000	0.5000000000	0.5000000000	0.5000000000	0.4991988471	0.5000000000	0.5000000000	0.5000000000	0.5000000000	0.5000000000	0.5000000000	0.5000000000	0.4956932407	0.5000000000	0.5000000000	0.5000000000	0.5000000000	0.5000000000	0.5000000000	0.5000000000	0.5000000000	0.5000000000	0.5000000000	0.5000000000	0.5000000000	0.5000000000	0.5000000000	0.5000000000	0.5000000000	0.5000000000	0.5000000000	0.5000000000	0.5000000000	0.5000000000	0.5000000000	0.5000000000	0.4999994970	0.5000000000	0.5000000000	0.5000000000	0.5000000000	0.5000000000	0.5000000000	0.5000000000	0.5000000000	0.5000000000	0.5000000000	0.5000000000	0.5000000000	0.5000000000
SRR12720831.rna.1	0.5000000000	0.5000000000	0.5000000000	0.5000000000	0.5000000000	0.5000000000	0.5000000000	0.5000000000	0.5000000000	0.5000000000	0.5000000000	0.5000000000	0.5000000000	0.5000000000	0.5000000000	0.5000000000	0.5000000000	0.5000000000	0.5000000000	0.5000000000	0.4999999851	0.5000000000	0.5000000000	0.5000000000	0.5000000000	0.5000000000	0.5000000000	0.5000000000	0.5000000000	0.5000000000	0.5000000000	0.5000000000	0.5000000000	0.5000000000	0.4999996482	0.5000000000	0.5000000000	0.5000000000	0.5000000000	0.4987500462	0.0000000000	0.5000000000	0.4999956771	0.5000000000	0.5000000000	0.5000000000	0.5000000000	0.5000000000	0.5000000000	0.4999999232	0.5000000000	0.5000000000	0.4935598323	0.5000000000	0.5000000000	0.5000000000	0.5000000000	0.5000000000	0.5000000000	0.5000000000	0.5000000000	0.4999999775	0.4987976094	0.5000000000	0.5000000000	0.5000000000	0.5000000000	0.5000000000	0.5000000000	0.5000000000	0.5000000000	0.4999990151	0.5000000000	0.5000000000	0.5000000000	0.5000000000	0.5000000000	0.4999950454	0.5000000000	0.5000000000	0.5000000000	0.5000000000	0.5000000000	0.5000000000	0.4981061731	0.4999983489	0.5000000000	0.5000000000	0.5000000000	0.5000000000	0.5000000000	0.4994598656	0.5000000000	0.5000000000	0.4998127008	0.5000000000	0.5000000000	0.5000000000
SRR12720843.rna.1	0.5000000000	0.5000000000	0.5000000000	0.5000000000	0.5000000000	0.5000000000	0.5000000000	0.5000000000	0.5000000000	0.5000000000	0.5000000000	0.5000000000	0.5000000000	0.5000000000	0.5000000000	0.5000000000	0.5000000000	0.5000000000	0.5000000000	0.5000000000	0.5000000000	0.5000000000	0.5000000000	0.5000000000	0.5000000000	0.5000000000	0.5000000000	0.5000000000	0.5000000000	0.5000000000	0.5000000000	0.5000000000	0.5000000000	0.5000000000	0.5000000000	0.5000000000	0.5000000000	0.5000000000	0.5000000000	0.5000000000	0.5000000000	0.0000000000	0.5000000000	0.5000000000	0.5000000000	0.5000000000	0.4952959717	0.5000000000	0.5000000000	0.5000000000	0.5000000000	0.5000000000	0.5000000000	0.5000000000	0.5000000000	0.5000000000	0.5000000000	0.5000000000	0.5000000000	0.5000000000	0.5000000000	0.5000000000	0.5000000000	0.5000000000	0.5000000000	0.5000000000	0.5000000000	0.4952980084	0.5000000000	0.5000000000	0.5000000000	0.5000000000	0.5000000000	0.5000000000	0.5000000000	0.5000000000	0.5000000000	0.5000000000	0.5000000000	0.5000000000	0.5000000000	0.5000000000	0.5000000000	0.5000000000	0.5000000000	0.5000000000	0.5000000000	0.5000000000	0.5000000000	0.5000000000	0.5000000000	0.5000000000	0.5000000000	0.5000000000	0.5000000000	0.5000000000	0.5000000000	0.5000000000
SRR12720841.rna.1	0.5000000000	0.5000000000	0.4999873004	0.5000000000	0.5000000000	0.5000000000	0.5000000000	0.5000000000	0.5000000000	0.5000000000	0.5000000000	0.5000000000	0.5000000000	0.5000000000	0.5000000000	0.5000000000	0.5000000000	0.5000000000	0.5000000000	0.5000000000	0.4944288488	0.5000000000	0.5000000000	0.5000000000	0.5000000000	0.5000000000	0.5000000000	0.5000000000	0.4998758325	0.5000000000	0.4999989597	0.5000000000	0.5000000000	0.5000000000	0.4870727063	0.5000000000	0.5000000000	0.4979605907	0.5000000000	0.5000000000	0.4999956771	0.5000000000	0.0000000000	0.5000000000	0.5000000000	0.5000000000	0.5000000000	0.5000000000	0.5000000000	0.4864256242	0.4999993708	0.4999995745	0.5000000000	0.5000000000	0.5000000000	0.5000000000	0.5000000000	0.5000000000	0.5000000000	0.5000000000	0.5000000000	0.4993880535	0.5000000000	0.5000000000	0.5000000000	0.5000000000	0.5000000000	0.5000000000	0.5000000000	0.5000000000	0.5000000000	0.4565181746	0.5000000000	0.5000000000	0.5000000000	0.5000000000	0.5000000000	0.1133453448	0.5000000000	0.5000000000	0.5000000000	0.5000000000	0.5000000000	0.5000000000	0.5000000000	0.4798581282	0.5000000000	0.5000000000	0.5000000000	0.5000000000	0.5000000000	0.5000000000	0.4999997402	0.4999871509	0.5000000000	0.5000000000	0.5000000000	0.5000000000
SRR12720813.rna.1	0.5000000000	0.5000000000	0.5000000000	0.5000000000	0.5000000000	0.5000000000	0.5000000000	0.5000000000	0.5000000000	0.5000000000	0.5000000000	0.5000000000	0.5000000000	0.5000000000	0.5000000000	0.5000000000	0.5000000000	0.5000000000	0.5000000000	0.5000000000	0.5000000000	0.5000000000	0.5000000000	0.5000000000	0.5000000000	0.5000000000	0.5000000000	0.5000000000	0.5000000000	0.5000000000	0.5000000000	0.5000000000	0.5000000000	0.5000000000	0.5000000000	0.5000000000	0.5000000000	0.5000000000	0.5000000000	0.5000000000	0.5000000000	0.5000000000	0.5000000000	0.0000000000	0.5000000000	0.5000000000	0.5000000000	0.5000000000	0.5000000000	0.5000000000	0.5000000000	0.5000000000	0.5000000000	0.5000000000	0.5000000000	0.5000000000	0.5000000000	0.5000000000	0.5000000000	0.5000000000	0.5000000000	0.5000000000	0.5000000000	0.5000000000	0.5000000000	0.5000000000	0.5000000000	0.5000000000	0.5000000000	0.5000000000	0.5000000000	0.5000000000	0.5000000000	0.5000000000	0.5000000000	0.5000000000	0.5000000000	0.5000000000	0.5000000000	0.5000000000	0.5000000000	0.5000000000	0.5000000000	0.5000000000	0.5000000000	0.5000000000	0.5000000000	0.5000000000	0.5000000000	0.5000000000	0.5000000000	0.5000000000	0.5000000000	0.5000000000	0.5000000000	0.5000000000	0.5000000000	0.5000000000
SRR12720816.rna.1	0.5000000000	0.5000000000	0.5000000000	0.4999999608	0.5000000000	0.5000000000	0.5000000000	0.4820650255	0.5000000000	0.4919753416	0.5000000000	0.5000000000	0.5000000000	0.5000000000	0.5000000000	0.5000000000	0.5000000000	0.4999991832	0.5000000000	0.5000000000	0.5000000000	0.5000000000	0.5000000000	0.5000000000	0.5000000000	0.5000000000	0.5000000000	0.4999993241	0.5000000000	0.5000000000	0.4902299855	0.5000000000	0.5000000000	0.4999997122	0.5000000000	0.5000000000	0.5000000000	0.5000000000	0.5000000000	0.5000000000	0.5000000000	0.5000000000	0.5000000000	0.5000000000	0.0000000000	0.5000000000	0.5000000000	0.4999999980	0.5000000000	0.5000000000	0.4996209235	0.4891209606	0.4947846964	0.5000000000	0.5000000000	0.5000000000	0.5000000000	0.5000000000	0.5000000000	0.5000000000	0.5000000000	0.5000000000	0.4878590661	0.5000000000	0.5000000000	0.5000000000	0.5000000000	0.5000000000	0.5000000000	0.5000000000	0.5000000000	0.5000000000	0.5000000000	0.5000000000	0.5000000000	0.5000000000	0.5000000000	0.5000000000	0.5000000000	0.5000000000	0.3021375600	0.4999997515	0.5000000000	0.5000000000	0.4981526219	0.5000000000	0.5000000000	0.5000000000	0.5000000000	0.5000000000	0.4999996275	0.4959952515	0.5000000000	0.5000000000	0.4941381703	0.5000000000	0.5000000000	0.5000000000
SRR12720810.rna.1	0.5000000000	0.5000000000	0.5000000000	0.5000000000	0.5000000000	0.5000000000	0.5000000000	0.5000000000	0.5000000000	0.5000000000	0.5000000000	0.5000000000	0.5000000000	0.5000000000	0.5000000000	0.5000000000	0.5000000000	0.5000000000	0.5000000000	0.5000000000	0.5000000000	0.5000000000	0.5000000000	0.5000000000	0.5000000000	0.5000000000	0.5000000000	0.5000000000	0.5000000000	0.5000000000	0.5000000000	0.5000000000	0.5000000000	0.5000000000	0.5000000000	0.5000000000	0.5000000000	0.5000000000	0.5000000000	0.5000000000	0.5000000000	0.5000000000	0.5000000000	0.5000000000	0.5000000000	0.0000000000	0.5000000000	0.5000000000	0.5000000000	0.5000000000	0.5000000000	0.5000000000	0.5000000000	0.5000000000	0.5000000000	0.5000000000	0.5000000000	0.5000000000	0.5000000000	0.5000000000	0.5000000000	0.5000000000	0.5000000000	0.5000000000	0.5000000000	0.5000000000	0.5000000000	0.5000000000	0.5000000000	0.5000000000	0.5000000000	0.5000000000	0.5000000000	0.5000000000	0.5000000000	0.5000000000	0.5000000000	0.5000000000	0.5000000000	0.5000000000	0.5000000000	0.5000000000	0.5000000000	0.5000000000	0.5000000000	0.5000000000	0.5000000000	0.5000000000	0.5000000000	0.5000000000	0.5000000000	0.5000000000	0.5000000000	0.5000000000	0.5000000000	0.5000000000	0.4999638336	0.5000000000
SRR12720851.rna.1	0.5000000000	0.5000000000	0.5000000000	0.5000000000	0.5000000000	0.5000000000	0.5000000000	0.5000000000	0.5000000000	0.5000000000	0.5000000000	0.5000000000	0.5000000000	0.5000000000	0.5000000000	0.5000000000	0.5000000000	0.5000000000	0.5000000000	0.5000000000	0.5000000000	0.5000000000	0.5000000000	0.5000000000	0.5000000000	0.5000000000	0.5000000000	0.5000000000	0.5000000000	0.5000000000	0.5000000000	0.5000000000	0.5000000000	0.5000000000	0.5000000000	0.5000000000	0.5000000000	0.5000000000	0.5000000000	0.5000000000	0.5000000000	0.4952959717	0.5000000000	0.5000000000	0.5000000000	0.5000000000	0.0000000000	0.5000000000	0.5000000000	0.5000000000	0.5000000000	0.5000000000	0.5000000000	0.5000000000	0.5000000000	0.5000000000	0.5000000000	0.5000000000	0.5000000000	0.5000000000	0.5000000000	0.5000000000	0.5000000000	0.5000000000	0.4943900822	0.5000000000	0.5000000000	0.4979262024	0.5000000000	0.5000000000	0.5000000000	0.5000000000	0.5000000000	0.5000000000	0.5000000000	0.5000000000	0.5000000000	0.5000000000	0.5000000000	0.5000000000	0.5000000000	0.5000000000	0.5000000000	0.5000000000	0.5000000000	0.5000000000	0.5000000000	0.5000000000	0.5000000000	0.5000000000	0.5000000000	0.5000000000	0.5000000000	0.5000000000	0.5000000000	0.5000000000	0.5000000000	0.5000000000
SRR12641766.rna.1	0.5000000000	0.5000000000	0.5000000000	0.5000000000	0.5000000000	0.5000000000	0.5000000000	0.5000000000	0.5000000000	0.4999997064	0.5000000000	0.5000000000	0.5000000000	0.5000000000	0.5000000000	0.5000000000	0.5000000000	0.5000000000	0.4999998710	0.5000000000	0.5000000000	0.5000000000	0.5000000000	0.5000000000	0.5000000000	0.5000000000	0.5000000000	0.5000000000	0.4999999662	0.5000000000	0.4999999798	0.5000000000	0.5000000000	0.5000000000	0.5000000000	0.5000000000	0.5000000000	0.5000000000	0.5000000000	0.5000000000	0.5000000000	0.5000000000	0.5000000000	0.5000000000	0.4999999980	0.5000000000	0.5000000000	0.0000000000	0.5000000000	0.5000000000	0.5000000000	0.4999997477	0.5000000000	0.5000000000	0.5000000000	0.4999357119	0.5000000000	0.5000000000	0.5000000000	0.5000000000	0.5000000000	0.5000000000	0.4999999856	0.5000000000	0.5000000000	0.5000000000	0.5000000000	0.5000000000	0.5000000000	0.5000000000	0.5000000000	0.5000000000	0.5000000000	0.5000000000	0.5000000000	0.5000000000	0.5000000000	0.5000000000	0.5000000000	0.5000000000	0.5000000000	0.5000000000	0.5000000000	0.5000000000	0.5000000000	0.5000000000	0.5000000000	0.5000000000	0.5000000000	0.5000000000	0.5000000000	0.5000000000	0.5000000000	0.5000000000	0.5000000000	0.5000000000	0.5000000000	0.5000000000
SRR12720842.rna.1	0.5000000000	0.5000000000	0.5000000000	0.5000000000	0.5000000000	0.5000000000	0.5000000000	0.5000000000	0.5000000000	0.5000000000	0.5000000000	0.5000000000	0.5000000000	0.5000000000	0.5000000000	0.5000000000	0.5000000000	0.5000000000	0.5000000000	0.5000000000	0.5000000000	0.5000000000	0.5000000000	0.5000000000	0.5000000000	0.4925307916	0.5000000000	0.5000000000	0.5000000000	0.5000000000	0.5000000000	0.5000000000	0.5000000000	0.5000000000	0.5000000000	0.1347295351	0.5000000000	0.5000000000	0.5000000000	0.5000000000	0.5000000000	0.5000000000	0.5000000000	0.5000000000	0.5000000000	0.5000000000	0.5000000000	0.5000000000	0.0000000000	0.5000000000	0.5000000000	0.5000000000	0.5000000000	0.5000000000	0.5000000000	0.5000000000	0.5000000000	0.5000000000	0.4908627039	0.4540590978	0.5000000000	0.5000000000	0.5000000000	0.5000000000	0.5000000000	0.5000000000	0.5000000000	0.4999838581	0.5000000000	0.5000000000	0.5000000000	0.5000000000	0.5000000000	0.5000000000	0.5000000000	0.5000000000	0.5000000000	0.5000000000	0.5000000000	0.5000000000	0.5000000000	0.5000000000	0.5000000000	0.5000000000	0.5000000000	0.5000000000	0.5000000000	0.5000000000	0.5000000000	0.5000000000	0.5000000000	0.5000000000	0.5000000000	0.5000000000	0.5000000000	0.5000000000	0.5000000000	0.5000000000
SRR12720818.rna.1	0.5000000000	0.4999973373	0.4996110410	0.5000000000	0.5000000000	0.5000000000	0.5000000000	0.5000000000	0.5000000000	0.5000000000	0.5000000000	0.5000000000	0.5000000000	0.5000000000	0.5000000000	0.5000000000	0.5000000000	0.5000000000	0.5000000000	0.5000000000	0.4998399867	0.5000000000	0.5000000000	0.5000000000	0.5000000000	0.5000000000	0.5000000000	0.5000000000	0.4998931185	0.5000000000	0.4999975000	0.5000000000	0.5000000000	0.5000000000	0.4999343162	0.5000000000	0.5000000000	0.5000000000	0.5000000000	0.5000000000	0.4999999232	0.5000000000	0.4864256242	0.5000000000	0.5000000000	0.5000000000	0.5000000000	0.5000000000	0.5000000000	0.0000000000	0.4999984879	0.4999989776	0.5000000000	0.5000000000	0.5000000000	0.5000000000	0.5000000000	0.5000000000	0.5000000000	0.5000000000	0.5000000000	0.4999337116	0.5000000000	0.5000000000	0.5000000000	0.5000000000	0.5000000000	0.5000000000	0.5000000000	0.5000000000	0.5000000000	0.4983123511	0.5000000000	0.5000000000	0.5000000000	0.5000000000	0.5000000000	0.4846912479	0.5000000000	0.5000000000	0.5000000000	0.5000000000	0.5000000000	0.5000000000	0.5000000000	0.5000000000	0.5000000000	0.5000000000	0.5000000000	0.5000000000	0.5000000000	0.5000000000	0.5000000000	0.5000000000	0.5000000000	0.5000000000	0.5000000000	0.5000000000
SRR12641758.rna.1	0.5000000000	0.5000000000	0.4972847332	0.5000000000	0.4999969305	0.5000000000	0.5000000000	0.5000000000	0.5000000000	0.4999709441	0.5000000000	0.5000000000	0.5000000000	0.5000000000	0.5000000000	0.5000000000	0.5000000000	0.4999996993	0.5000000000	0.5000000000	0.4998989296	0.5000000000	0.5000000000	0.5000000000	0.4988983156	0.5000000000	0.5000000000	0.5000000000	0.4997011961	0.5000000000	0.4753397013	0.5000000000	0.5000000000	0.4999997813	0.4999733850	0.5000000000	0.5000000000	0.5000000000	0.5000000000	0.5000000000	0.5000000000	0.5000000000	0.4999993708	0.5000000000	0.4996209235	0.5000000000	0.5000000000	0.5000000000	0.5000000000	0.4999984879	0.0000000000	0.4977582644	0.4999987427	0.5000000000	0.5000000000	0.5000000000	0.5000000000	0.5000000000	0.5000000000	0.5000000000	0.5000000000	0.4999511975	0.4999997499	0.4999999933	0.5000000000	0.5000000000	0.5000000000	0.5000000000	0.5000000000	0.5000000000	0.5000000000	0.5000000000	0.5000000000	0.5000000000	0.5000000000	0.5000000000	0.5000000000	0.4999995383	0.5000000000	0.5000000000	0.5000000000	0.5000000000	0.5000000000	0.5000000000	0.5000000000	0.5000000000	0.5000000000	0.5000000000	0.5000000000	0.5000000000	0.5000000000	0.5000000000	0.5000000000	0.5000000000	0.5000000000	0.5000000000	0.5000000000	0.5000000000
SRR12720840.rna.1	0.5000000000	0.5000000000	0.4988218760	0.4999991826	0.4999657383	0.5000000000	0.5000000000	0.5000000000	0.5000000000	0.3743699820	0.5000000000	0.5000000000	0.5000000000	0.5000000000	0.5000000000	0.5000000000	0.5000000000	0.4999980885	0.5000000000	0.5000000000	0.4999828199	0.5000000000	0.5000000000	0.5000000000	0.4997229964	0.5000000000	0.5000000000	0.4999988736	0.4995005743	0.5000000000	0.4115822435	0.5000000000	0.5000000000	0.4999980185	0.4999942566	0.5000000000	0.5000000000	0.5000000000	0.5000000000	0.5000000000	0.5000000000	0.5000000000	0.4999995745	0.5000000000	0.4891209606	0.5000000000	0.5000000000	0.4999997477	0.5000000000	0.4999989776	0.4977582644	0.0000000000	0.5000000000	0.5000000000	0.5000000000	0.5000000000	0.5000000000	0.5000000000	0.5000000000	0.5000000000	0.5000000000	0.4999768813	0.4999518126	0.4999987064	0.5000000000	0.5000000000	0.5000000000	0.5000000000	0.5000000000	0.5000000000	0.5000000000	0.5000000000	0.5000000000	0.5000000000	0.5000000000	0.5000000000	0.5000000000	0.4999996878	0.5000000000	0.5000000000	0.4761979740	0.5000000000	0.5000000000	0.5000000000	0.5000000000	0.5000000000	0.5000000000	0.5000000000	0.5000000000	0.5000000000	0.4999975227	0.5000000000	0.5000000000	0.5000000000	0.5000000000	0.5000000000	0.5000000000	0.5000000000
SRR12641753.rna.1	0.5000000000	0.5000000000	0.5000000000	0.5000000000	0.5000000000	0.5000000000	0.5000000000	0.4714379338	0.5000000000	0.5000000000	0.5000000000	0.5000000000	0.5000000000	0.5000000000	0.5000000000	0.5000000000	0.5000000000	0.5000000000	0.5000000000	0.5000000000	0.5000000000	0.5000000000	0.5000000000	0.5000000000	0.5000000000	0.5000000000	0.5000000000	0.5000000000	0.5000000000	0.5000000000	0.4999996826	0.5000000000	0.5000000000	0.5000000000	0.5000000000	0.5000000000	0.5000000000	0.5000000000	0.5000000000	0.4991988471	0.4935598323	0.5000000000	0.5000000000	0.5000000000	0.4947846964	0.5000000000	0.5000000000	0.5000000000	0.5000000000	0.5000000000	0.4999987427	0.5000000000	0.0000000000	0.5000000000	0.5000000000	0.5000000000	0.5000000000	0.5000000000	0.5000000000	0.5000000000	0.5000000000	0.5000000000	0.5000000000	0.5000000000	0.5000000000	0.5000000000	0.5000000000	0.5000000000	0.5000000000	0.5000000000	0.5000000000	0.5000000000	0.5000000000	0.5000000000	0.5000000000	0.5000000000	0.5000000000	0.5000000000	0.5000000000	0.5000000000	0.4963912283	0.5000000000	0.5000000000	0.5000000000	0.4966101729	0.5000000000	0.5000000000	0.5000000000	0.5000000000	0.5000000000	0.5000000000	0.4999995919	0.5000000000	0.5000000000	0.5000000000	0.5000000000	0.5000000000	0.5000000000
SRR12720828.rna.1	0.5000000000	0.5000000000	0.5000000000	0.5000000000	0.5000000000	0.5000000000	0.5000000000	0.5000000000	0.5000000000	0.5000000000	0.5000000000	0.5000000000	0.5000000000	0.5000000000	0.5000000000	0.5000000000	0.5000000000	0.5000000000	0.5000000000	0.5000000000	0.5000000000	0.5000000000	0.4991673335	0.5000000000	0.5000000000	0.5000000000	0.5000000000	0.5000000000	0.5000000000	0.5000000000	0.5000000000	0.5000000000	0.5000000000	0.5000000000	0.5000000000	0.5000000000	0.5000000000	0.5000000000	0.5000000000	0.5000000000	0.5000000000	0.5000000000	0.5000000000	0.5000000000	0.5000000000	0.5000000000	0.5000000000	0.5000000000	0.5000000000	0.5000000000	0.5000000000	0.5000000000	0.5000000000	0.0000000000	0.5000000000	0.5000000000	0.5000000000	0.5000000000	0.5000000000	0.5000000000	0.5000000000	0.5000000000	0.5000000000	0.5000000000	0.5000000000	0.5000000000	0.5000000000	0.5000000000	0.5000000000	0.5000000000	0.5000000000	0.5000000000	0.5000000000	0.5000000000	0.5000000000	0.5000000000	0.5000000000	0.5000000000	0.5000000000	0.5000000000	0.5000000000	0.5000000000	0.5000000000	0.5000000000	0.5000000000	0.5000000000	0.5000000000	0.5000000000	0.4969364303	0.5000000000	0.5000000000	0.5000000000	0.5000000000	0.5000000000	0.5000000000	0.5000000000	0.5000000000	0.5000000000
SRR12641763.rna.1	0.5000000000	0.5000000000	0.5000000000	0.5000000000	0.5000000000	0.5000000000	0.5000000000	0.5000000000	0.5000000000	0.5000000000	0.5000000000	0.5000000000	0.5000000000	0.5000000000	0.5000000000	0.5000000000	0.5000000000	0.5000000000	0.5000000000	0.5000000000	0.5000000000	0.5000000000	0.5000000000	0.5000000000	0.5000000000	0.5000000000	0.5000000000	0.5000000000	0.5000000000	0.5000000000	0.5000000000	0.5000000000	0.5000000000	0.5000000000	0.5000000000	0.5000000000	0.5000000000	0.5000000000	0.5000000000	0.5000000000	0.5000000000	0.5000000000	0.5000000000	0.5000000000	0.5000000000	0.5000000000	0.5000000000	0.5000000000	0.5000000000	0.5000000000	0.5000000000	0.5000000000	0.5000000000	0.5000000000	0.0000000000	0.5000000000	0.5000000000	0.5000000000	0.5000000000	0.5000000000	0.5000000000	0.5000000000	0.5000000000	0.5000000000	0.5000000000	0.5000000000	0.5000000000	0.5000000000	0.5000000000	0.5000000000	0.5000000000	0.5000000000	0.5000000000	0.5000000000	0.5000000000	0.5000000000	0.5000000000	0.5000000000	0.5000000000	0.5000000000	0.5000000000	0.5000000000	0.5000000000	0.5000000000	0.5000000000	0.4999998912	0.5000000000	0.5000000000	0.5000000000	0.5000000000	0.5000000000	0.5000000000	0.5000000000	0.5000000000	0.5000000000	0.5000000000	0.5000000000	0.5000000000
SRR12720855.rna.1	0.5000000000	0.5000000000	0.5000000000	0.5000000000	0.5000000000	0.4978698136	0.5000000000	0.5000000000	0.5000000000	0.4998750923	0.5000000000	0.5000000000	0.4999929018	0.5000000000	0.4997431151	0.4771875732	0.5000000000	0.5000000000	0.5000000000	0.5000000000	0.5000000000	0.5000000000	0.5000000000	0.5000000000	0.4857438389	0.4964095836	0.4999990855	0.5000000000	0.4998791063	0.5000000000	0.5000000000	0.5000000000	0.5000000000	0.5000000000	0.5000000000	0.5000000000	0.5000000000	0.5000000000	0.5000000000	0.5000000000	0.5000000000	0.5000000000	0.5000000000	0.5000000000	0.5000000000	0.5000000000	0.5000000000	0.4999357119	0.5000000000	0.5000000000	0.5000000000	0.5000000000	0.5000000000	0.5000000000	0.5000000000	0.0000000000	0.5000000000	0.4965373698	0.5000000000	0.5000000000	0.5000000000	0.5000000000	0.5000000000	0.5000000000	0.5000000000	0.5000000000	0.5000000000	0.5000000000	0.5000000000	0.5000000000	0.5000000000	0.5000000000	0.5000000000	0.5000000000	0.5000000000	0.5000000000	0.4461772556	0.5000000000	0.5000000000	0.5000000000	0.5000000000	0.4974540851	0.5000000000	0.5000000000	0.5000000000	0.5000000000	0.4999616042	0.5000000000	0.5000000000	0.5000000000	0.5000000000	0.5000000000	0.5000000000	0.5000000000	0.5000000000	0.5000000000	0.5000000000	0.5000000000
SRR12641743.rna.1	0.5000000000	0.5000000000	0.5000000000	0.5000000000	0.5000000000	0.5000000000	0.5000000000	0.5000000000	0.5000000000	0.5000000000	0.5000000000	0.5000000000	0.5000000000	0.5000000000	0.5000000000	0.5000000000	0.5000000000	0.5000000000	0.5000000000	0.4999999295	0.5000000000	0.4999997945	0.5000000000	0.5000000000	0.5000000000	0.5000000000	0.5000000000	0.5000000000	0.5000000000	0.5000000000	0.5000000000	0.5000000000	0.5000000000	0.5000000000	0.5000000000	0.5000000000	0.4999998207	0.5000000000	0.5000000000	0.5000000000	0.5000000000	0.5000000000	0.5000000000	0.5000000000	0.5000000000	0.5000000000	0.5000000000	0.5000000000	0.5000000000	0.5000000000	0.5000000000	0.5000000000	0.5000000000	0.5000000000	0.5000000000	0.5000000000	0.0000000000	0.5000000000	0.5000000000	0.4999864450	0.5000000000	0.5000000000	0.5000000000	0.5000000000	0.5000000000	0.5000000000	0.5000000000	0.5000000000	0.5000000000	0.4976924716	0.5000000000	0.5000000000	0.5000000000	0.4999999996	0.5000000000	0.5000000000	0.5000000000	0.5000000000	0.4995870599	0.5000000000	0.5000000000	0.5000000000	0.5000000000	0.5000000000	0.4999991688	0.5000000000	0.5000000000	0.5000000000	0.4999969711	0.5000000000	0.4999905145	0.5000000000	0.5000000000	0.5000000000	0.5000000000	0.5000000000	0.5000000000	0.5000000000
SRR12641764.rna.1	0.4997897628	0.5000000000	0.5000000000	0.5000000000	0.5000000000	0.5000000000	0.5000000000	0.5000000000	0.5000000000	0.4969288230	0.5000000000	0.5000000000	0.5000000000	0.5000000000	0.5000000000	0.3586937251	0.5000000000	0.5000000000	0.5000000000	0.5000000000	0.5000000000	0.5000000000	0.5000000000	0.5000000000	0.4977011852	0.5000000000	0.5000000000	0.5000000000	0.4991496086	0.5000000000	0.5000000000	0.5000000000	0.5000000000	0.5000000000	0.5000000000	0.5000000000	0.5000000000	0.5000000000	0.5000000000	0.5000000000	0.5000000000	0.5000000000	0.5000000000	0.5000000000	0.5000000000	0.5000000000	0.5000000000	0.5000000000	0.5000000000	0.5000000000	0.5000000000	0.5000000000	0.5000000000	0.5000000000	0.5000000000	0.4965373698	0.5000000000	0.0000000000	0.5000000000	0.5000000000	0.5000000000	0.4998198381	0.5000000000	0.5000000000	0.5000000000	0.5000000000	0.5000000000	0.5000000000	0.5000000000	0.5000000000	0.5000000000	0.5000000000	0.5000000000	0.5000000000	0.5000000000	0.5000000000	0.4731986801	0.5000000000	0.5000000000	0.5000000000	0.5000000000	0.4995907100	0.5000000000	0.5000000000	0.5000000000	0.4997008449	0.5000000000	0.5000000000	0.5000000000	0.5000000000	0.5000000000	0.5000000000	0.5000000000	0.5000000000	0.5000000000	0.5000000000	0.5000000000	0.5000000000
SRR12720850.rna.1	0.5000000000	0.5000000000	0.5000000000	0.5000000000	0.5000000000	0.5000000000	0.5000000000	0.5000000000	0.5000000000	0.5000000000	0.5000000000	0.5000000000	0.5000000000	0.5000000000	0.5000000000	0.5000000000	0.5000000000	0.5000000000	0.5000000000	0.5000000000	0.5000000000	0.5000000000	0.5000000000	0.5000000000	0.5000000000	0.4997509175	0.5000000000	0.5000000000	0.5000000000	0.4985827567	0.5000000000	0.5000000000	0.4999980444	0.5000000000	0.5000000000	0.4652290369	0.5000000000	0.5000000000	0.5000000000	0.5000000000	0.5000000000	0.5000000000	0.5000000000	0.5000000000	0.5000000000	0.5000000000	0.5000000000	0.5000000000	0.4908627039	0.5000000000	0.5000000000	0.5000000000	0.5000000000	0.5000000000	0.5000000000	0.5000000000	0.5000000000	0.5000000000	0.0000000000	0.4999179201	0.5000000000	0.5000000000	0.5000000000	0.5000000000	0.5000000000	0.5000000000	0.5000000000	0.4999988776	0.5000000000	0.5000000000	0.5000000000	0.5000000000	0.5000000000	0.5000000000	0.5000000000	0.5000000000	0.5000000000	0.5000000000	0.5000000000	0.5000000000	0.5000000000	0.5000000000	0.5000000000	0.5000000000	0.5000000000	0.5000000000	0.5000000000	0.4982797708	0.5000000000	0.5000000000	0.5000000000	0.5000000000	0.5000000000	0.4999943336	0.5000000000	0.5000000000	0.5000000000	0.5000000000
SRR12720846.rna.1	0.5000000000	0.5000000000	0.5000000000	0.5000000000	0.5000000000	0.5000000000	0.5000000000	0.5000000000	0.5000000000	0.5000000000	0.5000000000	0.5000000000	0.5000000000	0.5000000000	0.5000000000	0.5000000000	0.5000000000	0.5000000000	0.5000000000	0.5000000000	0.5000000000	0.5000000000	0.5000000000	0.5000000000	0.5000000000	0.5000000000	0.5000000000	0.5000000000	0.5000000000	0.4905367321	0.5000000000	0.5000000000	0.5000000000	0.5000000000	0.5000000000	0.4729085132	0.5000000000	0.5000000000	0.5000000000	0.5000000000	0.5000000000	0.5000000000	0.5000000000	0.5000000000	0.5000000000	0.5000000000	0.5000000000	0.5000000000	0.4540590978	0.5000000000	0.5000000000	0.5000000000	0.5000000000	0.5000000000	0.5000000000	0.5000000000	0.4999864450	0.5000000000	0.4999179201	0.0000000000	0.5000000000	0.5000000000	0.5000000000	0.5000000000	0.4999998785	0.5000000000	0.5000000000	0.4999953297	0.5000000000	0.4999996750	0.5000000000	0.5000000000	0.5000000000	0.5000000000	0.5000000000	0.5000000000	0.5000000000	0.5000000000	0.4873787956	0.5000000000	0.5000000000	0.5000000000	0.5000000000	0.5000000000	0.5000000000	0.5000000000	0.5000000000	0.3357571057	0.5000000000	0.5000000000	0.5000000000	0.5000000000	0.5000000000	0.4961250169	0.5000000000	0.5000000000	0.5000000000	0.5000000000
SRR12641755.rna.1	0.4998257379	0.5000000000	0.5000000000	0.5000000000	0.5000000000	0.5000000000	0.5000000000	0.5000000000	0.5000000000	0.5000000000	0.5000000000	0.5000000000	0.5000000000	0.5000000000	0.5000000000	0.5000000000	0.5000000000	0.5000000000	0.5000000000	0.5000000000	0.5000000000	0.5000000000	0.5000000000	0.5000000000	0.5000000000	0.5000000000	0.5000000000	0.5000000000	0.5000000000	0.5000000000	0.5000000000	0.5000000000	0.5000000000	0.5000000000	0.5000000000	0.5000000000	0.5000000000	0.5000000000	0.5000000000	0.4956932407	0.5000000000	0.5000000000	0.5000000000	0.5000000000	0.5000000000	0.5000000000	0.5000000000	0.5000000000	0.5000000000	0.5000000000	0.5000000000	0.5000000000	0.5000000000	0.5000000000	0.5000000000	0.5000000000	0.5000000000	0.5000000000	0.5000000000	0.5000000000	0.0000000000	0.5000000000	0.5000000000	0.5000000000	0.5000000000	0.5000000000	0.5000000000	0.5000000000	0.5000000000	0.4997044118	0.4991452910	0.5000000000	0.5000000000	0.5000000000	0.5000000000	0.5000000000	0.5000000000	0.5000000000	0.5000000000	0.5000000000	0.5000000000	0.5000000000	0.5000000000	0.5000000000	0.5000000000	0.5000000000	0.5000000000	0.5000000000	0.5000000000	0.5000000000	0.5000000000	0.5000000000	0.5000000000	0.5000000000	0.5000000000	0.5000000000	0.5000000000	0.5000000000
SRR12720819.rna.1	0.5000000000	0.5000000000	0.4993959055	0.5000000000	0.5000000000	0.5000000000	0.4783674649	0.5000000000	0.5000000000	0.4999999961	0.5000000000	0.4999999469	0.5000000000	0.5000000000	0.5000000000	0.4997759424	0.5000000000	0.4999999998	0.5000000000	0.5000000000	0.4977504491	0.4999999488	0.5000000000	0.5000000000	0.4999999154	0.5000000000	0.5000000000	0.5000000000	0.4593137193	0.5000000000	0.4999672906	0.5000000000	0.5000000000	0.5000000000	0.4803508434	0.5000000000	0.5000000000	0.4995081140	0.4999954000	0.5000000000	0.4999999775	0.5000000000	0.4993880535	0.5000000000	0.5000000000	0.5000000000	0.5000000000	0.5000000000	0.5000000000	0.4999337116	0.4999511975	0.4999768813	0.5000000000	0.5000000000	0.5000000000	0.5000000000	0.5000000000	0.4998198381	0.5000000000	0.5000000000	0.5000000000	0.0000000000	0.5000000000	0.5000000000	0.5000000000	0.5000000000	0.5000000000	0.5000000000	0.5000000000	0.5000000000	0.5000000000	0.5000000000	0.5000000000	0.5000000000	0.5000000000	0.5000000000	0.4999999998	0.4999953375	0.5000000000	0.5000000000	0.5000000000	0.5000000000	0.5000000000	0.5000000000	0.5000000000	0.5000000000	0.5000000000	0.5000000000	0.5000000000	0.5000000000	0.5000000000	0.5000000000	0.4999999955	0.5000000000	0.5000000000	0.5000000000	0.5000000000	0.5000000000
SRR12720845.rna.1	0.4988822339	0.5000000000	0.5000000000	0.4999986035	0.4999999904	0.5000000000	0.5000000000	0.4999998340	0.5000000000	0.4531671515	0.5000000000	0.5000000000	0.5000000000	0.5000000000	0.5000000000	0.5000000000	0.5000000000	0.5000000000	0.5000000000	0.5000000000	0.5000000000	0.5000000000	0.5000000000	0.5000000000	0.4999999887	0.5000000000	0.5000000000	0.5000000000	0.4996475306	0.5000000000	0.4999943303	0.5000000000	0.5000000000	0.5000000000	0.5000000000	0.5000000000	0.5000000000	0.5000000000	0.5000000000	0.5000000000	0.4987976094	0.5000000000	0.5000000000	0.5000000000	0.4878590661	0.5000000000	0.5000000000	0.4999999856	0.5000000000	0.5000000000	0.4999997499	0.4999518126	0.5000000000	0.5000000000	0.5000000000	0.5000000000	0.5000000000	0.5000000000	0.5000000000	0.5000000000	0.5000000000	0.5000000000	0.0000000000	0.4999999975	0.5000000000	0.5000000000	0.5000000000	0.5000000000	0.5000000000	0.5000000000	0.5000000000	0.5000000000	0.5000000000	0.5000000000	0.5000000000	0.5000000000	0.5000000000	0.5000000000	0.5000000000	0.5000000000	0.4869099357	0.5000000000	0.5000000000	0.5000000000	0.4993502046	0.5000000000	0.5000000000	0.5000000000	0.5000000000	0.5000000000	0.5000000000	0.4992709079	0.5000000000	0.5000000000	0.4899863914	0.5000000000	0.5000000000	0.5000000000
SRR12720829.rna.1	0.5000000000	0.5000000000	0.5000000000	0.4986815409	0.4999999997	0.4954288841	0.5000000000	0.5000000000	0.5000000000	0.4999997810	0.5000000000	0.5000000000	0.5000000000	0.5000000000	0.5000000000	0.5000000000	0.5000000000	0.5000000000	0.5000000000	0.5000000000	0.5000000000	0.5000000000	0.5000000000	0.5000000000	0.5000000000	0.5000000000	0.4941682690	0.5000000000	0.5000000000	0.5000000000	0.4999998478	0.5000000000	0.5000000000	0.5000000000	0.5000000000	0.5000000000	0.5000000000	0.5000000000	0.5000000000	0.5000000000	0.5000000000	0.5000000000	0.5000000000	0.5000000000	0.5000000000	0.5000000000	0.5000000000	0.5000000000	0.5000000000	0.5000000000	0.4999999933	0.4999987064	0.5000000000	0.5000000000	0.5000000000	0.5000000000	0.5000000000	0.5000000000	0.5000000000	0.5000000000	0.5000000000	0.5000000000	0.4999999975	0.0000000000	0.5000000000	0.5000000000	0.4999750741	0.5000000000	0.5000000000	0.5000000000	0.5000000000	0.5000000000	0.5000000000	0.5000000000	0.5000000000	0.5000000000	0.4993573875	0.5000000000	0.5000000000	0.4997558401	0.5000000000	0.5000000000	0.5000000000	0.5000000000	0.5000000000	0.5000000000	0.5000000000	0.5000000000	0.5000000000	0.5000000000	0.5000000000	0.5000000000	0.5000000000	0.5000000000	0.5000000000	0.5000000000	0.5000000000	0.5000000000
SRR12641767.rna.1	0.5000000000	0.5000000000	0.5000000000	0.5000000000	0.5000000000	0.5000000000	0.5000000000	0.5000000000	0.5000000000	0.5000000000	0.5000000000	0.5000000000	0.5000000000	0.5000000000	0.5000000000	0.5000000000	0.5000000000	0.5000000000	0.4989369853	0.5000000000	0.5000000000	0.5000000000	0.5000000000	0.5000000000	0.4999999775	0.5000000000	0.5000000000	0.5000000000	0.5000000000	0.4999997980	0.5000000000	0.5000000000	0.5000000000	0.4999494302	0.5000000000	0.5000000000	0.5000000000	0.5000000000	0.5000000000	0.5000000000	0.5000000000	0.5000000000	0.5000000000	0.5000000000	0.5000000000	0.5000000000	0.4943900822	0.5000000000	0.5000000000	0.5000000000	0.5000000000	0.5000000000	0.5000000000	0.5000000000	0.5000000000	0.5000000000	0.5000000000	0.5000000000	0.5000000000	0.4999998785	0.5000000000	0.5000000000	0.5000000000	0.5000000000	0.0000000000	0.5000000000	0.5000000000	0.5000000000	0.5000000000	0.5000000000	0.5000000000	0.5000000000	0.5000000000	0.5000000000	0.5000000000	0.4978997352	0.5000000000	0.5000000000	0.5000000000	0.5000000000	0.5000000000	0.5000000000	0.5000000000	0.5000000000	0.5000000000	0.5000000000	0.5000000000	0.5000000000	0.5000000000	0.5000000000	0.5000000000	0.5000000000	0.5000000000	0.5000000000	0.5000000000	0.5000000000	0.5000000000	0.5000000000
SRR12720822.rna.1	0.5000000000	0.5000000000	0.5000000000	0.5000000000	0.5000000000	0.5000000000	0.5000000000	0.5000000000	0.4969992234	0.5000000000	0.5000000000	0.5000000000	0.5000000000	0.5000000000	0.5000000000	0.5000000000	0.5000000000	0.5000000000	0.5000000000	0.5000000000	0.5000000000	0.5000000000	0.5000000000	0.5000000000	0.5000000000	0.5000000000	0.5000000000	0.5000000000	0.5000000000	0.5000000000	0.5000000000	0.5000000000	0.4948072241	0.5000000000	0.5000000000	0.5000000000	0.5000000000	0.5000000000	0.5000000000	0.5000000000	0.5000000000	0.5000000000	0.5000000000	0.5000000000	0.5000000000	0.5000000000	0.5000000000	0.5000000000	0.5000000000	0.5000000000	0.5000000000	0.5000000000	0.5000000000	0.5000000000	0.5000000000	0.5000000000	0.5000000000	0.5000000000	0.5000000000	0.5000000000	0.5000000000	0.5000000000	0.5000000000	0.5000000000	0.5000000000	0.0000000000	0.5000000000	0.5000000000	0.5000000000	0.5000000000	0.5000000000	0.5000000000	0.5000000000	0.5000000000	0.5000000000	0.5000000000	0.5000000000	0.5000000000	0.5000000000	0.5000000000	0.5000000000	0.5000000000	0.5000000000	0.5000000000	0.5000000000	0.5000000000	0.5000000000	0.5000000000	0.5000000000	0.5000000000	0.5000000000	0.5000000000	0.5000000000	0.5000000000	0.5000000000	0.5000000000	0.5000000000	0.5000000000
SRR12720808.rna.1	0.5000000000	0.5000000000	0.5000000000	0.5000000000	0.5000000000	0.4795300202	0.5000000000	0.5000000000	0.5000000000	0.5000000000	0.2384955896	0.5000000000	0.5000000000	0.5000000000	0.5000000000	0.5000000000	0.5000000000	0.5000000000	0.5000000000	0.5000000000	0.5000000000	0.5000000000	0.5000000000	0.5000000000	0.5000000000	0.5000000000	0.5000000000	0.5000000000	0.5000000000	0.5000000000	0.5000000000	0.5000000000	0.5000000000	0.5000000000	0.5000000000	0.5000000000	0.5000000000	0.5000000000	0.5000000000	0.5000000000	0.5000000000	0.5000000000	0.5000000000	0.5000000000	0.5000000000	0.5000000000	0.5000000000	0.5000000000	0.5000000000	0.5000000000	0.5000000000	0.5000000000	0.5000000000	0.5000000000	0.5000000000	0.5000000000	0.5000000000	0.5000000000	0.5000000000	0.5000000000	0.5000000000	0.5000000000	0.5000000000	0.4999750741	0.5000000000	0.5000000000	0.0000000000	0.5000000000	0.5000000000	0.4763724195	0.5000000000	0.5000000000	0.5000000000	0.5000000000	0.3265994448	0.5000000000	0.5000000000	0.5000000000	0.5000000000	0.1112941805	0.5000000000	0.5000000000	0.5000000000	0.5000000000	0.5000000000	0.5000000000	0.5000000000	0.5000000000	0.5000000000	0.5000000000	0.5000000000	0.5000000000	0.5000000000	0.5000000000	0.5000000000	0.5000000000	0.5000000000	0.5000000000
SRR12641738.rna.1	0.5000000000	0.4999699063	0.5000000000	0.5000000000	0.5000000000	0.5000000000	0.5000000000	0.5000000000	0.5000000000	0.5000000000	0.5000000000	0.5000000000	0.5000000000	0.5000000000	0.5000000000	0.5000000000	0.5000000000	0.5000000000	0.5000000000	0.5000000000	0.5000000000	0.5000000000	0.5000000000	0.5000000000	0.5000000000	0.4999995974	0.5000000000	0.5000000000	0.5000000000	0.5000000000	0.5000000000	0.5000000000	0.5000000000	0.5000000000	0.5000000000	0.4999854476	0.5000000000	0.5000000000	0.5000000000	0.5000000000	0.5000000000	0.4952980084	0.5000000000	0.5000000000	0.5000000000	0.5000000000	0.4979262024	0.5000000000	0.4999838581	0.5000000000	0.5000000000	0.5000000000	0.5000000000	0.5000000000	0.5000000000	0.5000000000	0.5000000000	0.5000000000	0.4999988776	0.4999953297	0.5000000000	0.5000000000	0.5000000000	0.5000000000	0.5000000000	0.5000000000	0.5000000000	0.0000000000	0.5000000000	0.5000000000	0.5000000000	0.5000000000	0.5000000000	0.5000000000	0.5000000000	0.5000000000	0.5000000000	0.5000000000	0.5000000000	0.5000000000	0.5000000000	0.5000000000	0.5000000000	0.5000000000	0.5000000000	0.5000000000	0.5000000000	0.5000000000	0.5000000000	0.5000000000	0.5000000000	0.5000000000	0.5000000000	0.5000000000	0.5000000000	0.5000000000	0.5000000000	0.5000000000
SRR12720798.rna.1	0.5000000000	0.4563696433	0.5000000000	0.5000000000	0.5000000000	0.5000000000	0.5000000000	0.5000000000	0.5000000000	0.5000000000	0.5000000000	0.5000000000	0.5000000000	0.3864429986	0.5000000000	0.5000000000	0.5000000000	0.5000000000	0.5000000000	0.5000000000	0.5000000000	0.5000000000	0.5000000000	0.5000000000	0.5000000000	0.5000000000	0.5000000000	0.5000000000	0.5000000000	0.5000000000	0.5000000000	0.5000000000	0.5000000000	0.5000000000	0.5000000000	0.5000000000	0.5000000000	0.5000000000	0.5000000000	0.5000000000	0.5000000000	0.5000000000	0.5000000000	0.5000000000	0.5000000000	0.5000000000	0.5000000000	0.5000000000	0.5000000000	0.5000000000	0.5000000000	0.5000000000	0.5000000000	0.5000000000	0.5000000000	0.5000000000	0.5000000000	0.5000000000	0.5000000000	0.5000000000	0.5000000000	0.5000000000	0.5000000000	0.5000000000	0.5000000000	0.5000000000	0.5000000000	0.5000000000	0.0000000000	0.5000000000	0.5000000000	0.5000000000	0.5000000000	0.5000000000	0.5000000000	0.5000000000	0.5000000000	0.5000000000	0.5000000000	0.5000000000	0.5000000000	0.5000000000	0.5000000000	0.5000000000	0.5000000000	0.5000000000	0.5000000000	0.5000000000	0.5000000000	0.5000000000	0.5000000000	0.5000000000	0.5000000000	0.5000000000	0.5000000000	0.5000000000	0.4989331208	0.5000000000
SRR12641752.rna.1	0.5000000000	0.5000000000	0.5000000000	0.5000000000	0.5000000000	0.5000000000	0.5000000000	0.5000000000	0.5000000000	0.5000000000	0.4875840623	0.5000000000	0.5000000000	0.5000000000	0.5000000000	0.5000000000	0.5000000000	0.5000000000	0.5000000000	0.5000000000	0.5000000000	0.5000000000	0.5000000000	0.5000000000	0.5000000000	0.5000000000	0.5000000000	0.5000000000	0.5000000000	0.4999991582	0.5000000000	0.5000000000	0.5000000000	0.5000000000	0.5000000000	0.5000000000	0.5000000000	0.5000000000	0.5000000000	0.5000000000	0.5000000000	0.5000000000	0.5000000000	0.5000000000	0.5000000000	0.5000000000	0.5000000000	0.5000000000	0.5000000000	0.5000000000	0.5000000000	0.5000000000	0.5000000000	0.5000000000	0.5000000000	0.5000000000	0.4976924716	0.5000000000	0.5000000000	0.4999996750	0.4997044118	0.5000000000	0.5000000000	0.5000000000	0.5000000000	0.5000000000	0.4763724195	0.5000000000	0.5000000000	0.0000000000	0.4988298674	0.5000000000	0.5000000000	0.5000000000	0.4622863447	0.5000000000	0.5000000000	0.5000000000	0.4999993540	0.4939963881	0.5000000000	0.5000000000	0.5000000000	0.5000000000	0.5000000000	0.5000000000	0.5000000000	0.4999997156	0.5000000000	0.4999502158	0.5000000000	0.5000000000	0.5000000000	0.5000000000	0.5000000000	0.5000000000	0.5000000000	0.4999617341
SRR12641756.rna.1	0.5000000000	0.5000000000	0.5000000000	0.5000000000	0.5000000000	0.5000000000	0.5000000000	0.5000000000	0.5000000000	0.5000000000	0.5000000000	0.5000000000	0.5000000000	0.5000000000	0.5000000000	0.5000000000	0.5000000000	0.5000000000	0.5000000000	0.5000000000	0.5000000000	0.5000000000	0.5000000000	0.5000000000	0.5000000000	0.5000000000	0.5000000000	0.5000000000	0.5000000000	0.5000000000	0.5000000000	0.5000000000	0.5000000000	0.5000000000	0.5000000000	0.5000000000	0.5000000000	0.5000000000	0.5000000000	0.5000000000	0.5000000000	0.5000000000	0.5000000000	0.5000000000	0.5000000000	0.5000000000	0.5000000000	0.5000000000	0.5000000000	0.5000000000	0.5000000000	0.5000000000	0.5000000000	0.5000000000	0.5000000000	0.5000000000	0.5000000000	0.5000000000	0.5000000000	0.5000000000	0.4991452910	0.5000000000	0.5000000000	0.5000000000	0.5000000000	0.5000000000	0.5000000000	0.5000000000	0.5000000000	0.4988298674	0.0000000000	0.5000000000	0.5000000000	0.5000000000	0.4999880562	0.5000000000	0.5000000000	0.5000000000	0.5000000000	0.5000000000	0.5000000000	0.5000000000	0.5000000000	0.5000000000	0.4999079153	0.5000000000	0.5000000000	0.5000000000	0.5000000000	0.5000000000	0.5000000000	0.5000000000	0.5000000000	0.5000000000	0.5000000000	0.5000000000	0.5000000000	0.5000000000
SRR12720823.rna.1	0.5000000000	0.5000000000	0.5000000000	0.5000000000	0.4999852210	0.5000000000	0.4999939217	0.5000000000	0.5000000000	0.5000000000	0.5000000000	0.4999809314	0.5000000000	0.5000000000	0.5000000000	0.5000000000	0.5000000000	0.5000000000	0.5000000000	0.5000000000	0.5000000000	0.5000000000	0.5000000000	0.5000000000	0.5000000000	0.5000000000	0.5000000000	0.5000000000	0.5000000000	0.5000000000	0.5000000000	0.5000000000	0.5000000000	0.5000000000	0.5000000000	0.5000000000	0.5000000000	0.4945202873	0.4999669882	0.5000000000	0.4999990151	0.5000000000	0.4565181746	0.5000000000	0.5000000000	0.5000000000	0.5000000000	0.5000000000	0.5000000000	0.4983123511	0.5000000000	0.5000000000	0.5000000000	0.5000000000	0.5000000000	0.5000000000	0.5000000000	0.5000000000	0.5000000000	0.5000000000	0.5000000000	0.5000000000	0.5000000000	0.5000000000	0.5000000000	0.5000000000	0.5000000000	0.5000000000	0.5000000000	0.5000000000	0.5000000000	0.0000000000	0.4928596146	0.5000000000	0.5000000000	0.5000000000	0.5000000000	0.4601209754	0.5000000000	0.5000000000	0.5000000000	0.5000000000	0.5000000000	0.5000000000	0.5000000000	0.4935644997	0.5000000000	0.5000000000	0.5000000000	0.5000000000	0.5000000000	0.5000000000	0.5000000000	0.4999980551	0.5000000000	0.4999878074	0.5000000000	0.5000000000
SRR12720812.rna.1	0.5000000000	0.5000000000	0.5000000000	0.5000000000	0.5000000000	0.5000000000	0.4353228212	0.5000000000	0.5000000000	0.5000000000	0.5000000000	0.4999996379	0.5000000000	0.5000000000	0.5000000000	0.5000000000	0.5000000000	0.5000000000	0.5000000000	0.5000000000	0.5000000000	0.5000000000	0.5000000000	0.5000000000	0.5000000000	0.5000000000	0.5000000000	0.5000000000	0.5000000000	0.5000000000	0.5000000000	0.5000000000	0.5000000000	0.5000000000	0.5000000000	0.5000000000	0.5000000000	0.4945882000	0.4991450803	0.5000000000	0.5000000000	0.5000000000	0.5000000000	0.5000000000	0.5000000000	0.5000000000	0.5000000000	0.5000000000	0.5000000000	0.5000000000	0.5000000000	0.5000000000	0.5000000000	0.5000000000	0.5000000000	0.5000000000	0.5000000000	0.5000000000	0.5000000000	0.5000000000	0.5000000000	0.5000000000	0.5000000000	0.5000000000	0.5000000000	0.5000000000	0.5000000000	0.5000000000	0.5000000000	0.5000000000	0.5000000000	0.4928596146	0.0000000000	0.5000000000	0.5000000000	0.5000000000	0.5000000000	0.5000000000	0.5000000000	0.5000000000	0.5000000000	0.5000000000	0.5000000000	0.5000000000	0.5000000000	0.5000000000	0.4999987459	0.5000000000	0.5000000000	0.5000000000	0.5000000000	0.5000000000	0.5000000000	0.5000000000	0.5000000000	0.5000000000	0.5000000000	0.5000000000
SRR12641760.rna.1	0.5000000000	0.5000000000	0.5000000000	0.5000000000	0.5000000000	0.5000000000	0.5000000000	0.5000000000	0.5000000000	0.5000000000	0.5000000000	0.5000000000	0.5000000000	0.5000000000	0.5000000000	0.5000000000	0.5000000000	0.5000000000	0.5000000000	0.5000000000	0.5000000000	0.4999986339	0.5000000000	0.5000000000	0.5000000000	0.5000000000	0.5000000000	0.5000000000	0.5000000000	0.5000000000	0.5000000000	0.4999946821	0.5000000000	0.5000000000	0.5000000000	0.5000000000	0.4999992996	0.5000000000	0.5000000000	0.5000000000	0.5000000000	0.5000000000	0.5000000000	0.5000000000	0.5000000000	0.5000000000	0.5000000000	0.5000000000	0.5000000000	0.5000000000	0.5000000000	0.5000000000	0.5000000000	0.5000000000	0.5000000000	0.5000000000	0.4999999996	0.5000000000	0.5000000000	0.5000000000	0.5000000000	0.5000000000	0.5000000000	0.5000000000	0.5000000000	0.5000000000	0.5000000000	0.5000000000	0.5000000000	0.5000000000	0.5000000000	0.5000000000	0.5000000000	0.0000000000	0.5000000000	0.5000000000	0.5000000000	0.5000000000	0.5000000000	0.5000000000	0.5000000000	0.5000000000	0.5000000000	0.5000000000	0.5000000000	0.5000000000	0.5000000000	0.5000000000	0.4999981384	0.5000000000	0.4999997416	0.5000000000	0.4999999506	0.5000000000	0.5000000000	0.5000000000	0.5000000000	0.5000000000
SRR12720799.rna.1	0.5000000000	0.5000000000	0.5000000000	0.5000000000	0.5000000000	0.5000000000	0.5000000000	0.5000000000	0.5000000000	0.5000000000	0.4406139845	0.5000000000	0.5000000000	0.5000000000	0.5000000000	0.5000000000	0.5000000000	0.5000000000	0.5000000000	0.5000000000	0.5000000000	0.5000000000	0.5000000000	0.5000000000	0.5000000000	0.5000000000	0.5000000000	0.5000000000	0.5000000000	0.5000000000	0.5000000000	0.5000000000	0.5000000000	0.5000000000	0.5000000000	0.5000000000	0.5000000000	0.5000000000	0.5000000000	0.5000000000	0.5000000000	0.5000000000	0.5000000000	0.5000000000	0.5000000000	0.5000000000	0.5000000000	0.5000000000	0.5000000000	0.5000000000	0.5000000000	0.5000000000	0.5000000000	0.5000000000	0.5000000000	0.5000000000	0.5000000000	0.5000000000	0.5000000000	0.5000000000	0.5000000000	0.5000000000	0.5000000000	0.5000000000	0.5000000000	0.5000000000	0.3265994448	0.5000000000	0.5000000000	0.4622863447	0.4999880562	0.5000000000	0.5000000000	0.5000000000	0.0000000000	0.5000000000	0.5000000000	0.5000000000	0.5000000000	0.4011511338	0.5000000000	0.5000000000	0.5000000000	0.5000000000	0.5000000000	0.5000000000	0.5000000000	0.5000000000	0.5000000000	0.5000000000	0.5000000000	0.5000000000	0.5000000000	0.5000000000	0.5000000000	0.5000000000	0.5000000000	0.5000000000
SRR12720805.rna.1	0.5000000000	0.5000000000	0.5000000000	0.5000000000	0.5000000000	0.5000000000	0.5000000000	0.5000000000	0.5000000000	0.5000000000	0.5000000000	0.5000000000	0.5000000000	0.5000000000	0.5000000000	0.5000000000	0.5000000000	0.5000000000	0.5000000000	0.5000000000	0.5000000000	0.5000000000	0.5000000000	0.4986709719	0.5000000000	0.5000000000	0.5000000000	0.4959133562	0.5000000000	0.5000000000	0.5000000000	0.5000000000	0.5000000000	0.4926612993	0.5000000000	0.5000000000	0.5000000000	0.5000000000	0.5000000000	0.5000000000	0.5000000000	0.5000000000	0.5000000000	0.5000000000	0.5000000000	0.5000000000	0.5000000000	0.5000000000	0.5000000000	0.5000000000	0.5000000000	0.5000000000	0.5000000000	0.5000000000	0.5000000000	0.5000000000	0.5000000000	0.5000000000	0.5000000000	0.5000000000	0.5000000000	0.5000000000	0.5000000000	0.5000000000	0.4978997352	0.5000000000	0.5000000000	0.5000000000	0.5000000000	0.5000000000	0.5000000000	0.5000000000	0.5000000000	0.5000000000	0.5000000000	0.0000000000	0.5000000000	0.5000000000	0.5000000000	0.5000000000	0.5000000000	0.5000000000	0.5000000000	0.5000000000	0.5000000000	0.5000000000	0.5000000000	0.5000000000	0.5000000000	0.5000000000	0.5000000000	0.5000000000	0.5000000000	0.5000000000	0.5000000000	0.5000000000	0.5000000000	0.5000000000
SRR12641739.rna.1	0.4999069154	0.5000000000	0.5000000000	0.5000000000	0.5000000000	0.4990563490	0.5000000000	0.5000000000	0.5000000000	0.5000000000	0.5000000000	0.5000000000	0.5000000000	0.5000000000	0.5000000000	0.4882863586	0.5000000000	0.5000000000	0.5000000000	0.5000000000	0.5000000000	0.5000000000	0.5000000000	0.5000000000	0.4915924186	0.4991647081	0.4999999428	0.5000000000	0.4999985524	0.5000000000	0.5000000000	0.5000000000	0.5000000000	0.5000000000	0.5000000000	0.5000000000	0.5000000000	0.5000000000	0.5000000000	0.5000000000	0.5000000000	0.5000000000	0.5000000000	0.5000000000	0.5000000000	0.5000000000	0.5000000000	0.5000000000	0.5000000000	0.5000000000	0.5000000000	0.5000000000	0.5000000000	0.5000000000	0.5000000000	0.4461772556	0.5000000000	0.4731986801	0.5000000000	0.5000000000	0.5000000000	0.4999999998	0.5000000000	0.4993573875	0.5000000000	0.5000000000	0.5000000000	0.5000000000	0.5000000000	0.5000000000	0.5000000000	0.5000000000	0.5000000000	0.5000000000	0.5000000000	0.5000000000	0.0000000000	0.5000000000	0.5000000000	0.5000000000	0.5000000000	0.4998175275	0.5000000000	0.5000000000	0.5000000000	0.4991556681	0.5000000000	0.4994284353	0.5000000000	0.5000000000	0.5000000000	0.4992870805	0.5000000000	0.5000000000	0.5000000000	0.5000000000	0.5000000000	0.5000000000
SRR12720854.rna.1	0.5000000000	0.5000000000	0.4858412409	0.5000000000	0.5000000000	0.5000000000	0.5000000000	0.5000000000	0.5000000000	0.5000000000	0.5000000000	0.5000000000	0.5000000000	0.5000000000	0.5000000000	0.5000000000	0.5000000000	0.5000000000	0.5000000000	0.5000000000	0.4934478545	0.5000000000	0.5000000000	0.5000000000	0.5000000000	0.5000000000	0.5000000000	0.5000000000	0.4999711466	0.5000000000	0.4999992367	0.5000000000	0.5000000000	0.5000000000	0.4999660172	0.5000000000	0.5000000000	0.4971405920	0.5000000000	0.5000000000	0.4999950454	0.5000000000	0.1133453448	0.5000000000	0.5000000000	0.5000000000	0.5000000000	0.5000000000	0.5000000000	0.4846912479	0.4999995383	0.4999996878	0.5000000000	0.5000000000	0.5000000000	0.5000000000	0.5000000000	0.5000000000	0.5000000000	0.5000000000	0.5000000000	0.4999953375	0.5000000000	0.5000000000	0.5000000000	0.5000000000	0.5000000000	0.5000000000	0.5000000000	0.5000000000	0.5000000000	0.4601209754	0.5000000000	0.5000000000	0.5000000000	0.5000000000	0.5000000000	0.0000000000	0.5000000000	0.5000000000	0.5000000000	0.5000000000	0.5000000000	0.5000000000	0.5000000000	0.4840847253	0.5000000000	0.5000000000	0.5000000000	0.5000000000	0.5000000000	0.5000000000	0.4999993319	0.4999843570	0.5000000000	0.5000000000	0.5000000000	0.5000000000
SRR12720830.rna.1	0.5000000000	0.5000000000	0.5000000000	0.4823197661	0.5000000000	0.5000000000	0.5000000000	0.5000000000	0.5000000000	0.5000000000	0.5000000000	0.5000000000	0.5000000000	0.5000000000	0.5000000000	0.5000000000	0.5000000000	0.5000000000	0.5000000000	0.5000000000	0.5000000000	0.5000000000	0.5000000000	0.5000000000	0.5000000000	0.5000000000	0.5000000000	0.5000000000	0.5000000000	0.4992617474	0.5000000000	0.5000000000	0.5000000000	0.5000000000	0.5000000000	0.5000000000	0.5000000000	0.5000000000	0.5000000000	0.5000000000	0.5000000000	0.5000000000	0.5000000000	0.5000000000	0.5000000000	0.5000000000	0.5000000000	0.5000000000	0.5000000000	0.5000000000	0.5000000000	0.5000000000	0.5000000000	0.5000000000	0.5000000000	0.5000000000	0.4995870599	0.5000000000	0.5000000000	0.4873787956	0.5000000000	0.5000000000	0.5000000000	0.5000000000	0.5000000000	0.5000000000	0.5000000000	0.5000000000	0.5000000000	0.4999993540	0.5000000000	0.5000000000	0.5000000000	0.5000000000	0.5000000000	0.5000000000	0.5000000000	0.5000000000	0.0000000000	0.5000000000	0.5000000000	0.5000000000	0.5000000000	0.5000000000	0.5000000000	0.5000000000	0.5000000000	0.4982312375	0.5000000000	0.5000000000	0.5000000000	0.5000000000	0.5000000000	0.4457456212	0.5000000000	0.5000000000	0.5000000000	0.5000000000
SRR12720834.rna.1	0.4917763932	0.5000000000	0.5000000000	0.5000000000	0.5000000000	0.5000000000	0.5000000000	0.5000000000	0.5000000000	0.5000000000	0.2298377398	0.5000000000	0.5000000000	0.5000000000	0.5000000000	0.5000000000	0.5000000000	0.5000000000	0.5000000000	0.5000000000	0.5000000000	0.5000000000	0.5000000000	0.5000000000	0.5000000000	0.5000000000	0.5000000000	0.5000000000	0.5000000000	0.5000000000	0.5000000000	0.5000000000	0.5000000000	0.5000000000	0.5000000000	0.5000000000	0.5000000000	0.5000000000	0.5000000000	0.5000000000	0.5000000000	0.5000000000	0.5000000000	0.5000000000	0.5000000000	0.5000000000	0.5000000000	0.5000000000	0.5000000000	0.5000000000	0.5000000000	0.5000000000	0.5000000000	0.5000000000	0.5000000000	0.5000000000	0.5000000000	0.5000000000	0.5000000000	0.5000000000	0.5000000000	0.5000000000	0.5000000000	0.4997558401	0.5000000000	0.5000000000	0.1112941805	0.5000000000	0.5000000000	0.4939963881	0.5000000000	0.5000000000	0.5000000000	0.5000000000	0.4011511338	0.5000000000	0.5000000000	0.5000000000	0.5000000000	0.0000000000	0.5000000000	0.5000000000	0.5000000000	0.5000000000	0.5000000000	0.5000000000	0.5000000000	0.5000000000	0.5000000000	0.5000000000	0.5000000000	0.5000000000	0.5000000000	0.5000000000	0.5000000000	0.5000000000	0.5000000000	0.5000000000
SRR12641741.rna.1	0.5000000000	0.5000000000	0.5000000000	0.4999999999	0.5000000000	0.5000000000	0.5000000000	0.4850633002	0.5000000000	0.4999989644	0.5000000000	0.5000000000	0.5000000000	0.5000000000	0.5000000000	0.5000000000	0.5000000000	0.5000000000	0.5000000000	0.5000000000	0.5000000000	0.5000000000	0.5000000000	0.5000000000	0.5000000000	0.5000000000	0.5000000000	0.4999993416	0.5000000000	0.5000000000	0.5000000000	0.5000000000	0.5000000000	0.5000000000	0.5000000000	0.5000000000	0.5000000000	0.5000000000	0.5000000000	0.5000000000	0.5000000000	0.5000000000	0.5000000000	0.5000000000	0.3021375600	0.5000000000	0.5000000000	0.5000000000	0.5000000000	0.5000000000	0.5000000000	0.4761979740	0.4963912283	0.5000000000	0.5000000000	0.5000000000	0.5000000000	0.5000000000	0.5000000000	0.5000000000	0.5000000000	0.5000000000	0.4869099357	0.5000000000	0.5000000000	0.5000000000	0.5000000000	0.5000000000	0.5000000000	0.5000000000	0.5000000000	0.5000000000	0.5000000000	0.5000000000	0.5000000000	0.5000000000	0.5000000000	0.5000000000	0.5000000000	0.5000000000	0.0000000000	0.5000000000	0.5000000000	0.5000000000	0.4970066336	0.5000000000	0.5000000000	0.5000000000	0.5000000000	0.5000000000	0.4999995755	0.5000000000	0.5000000000	0.5000000000	0.4932795555	0.5000000000	0.5000000000	0.5000000000
SRR12720836.rna.1	0.5000000000	0.5000000000	0.4872173211	0.5000000000	0.5000000000	0.5000000000	0.5000000000	0.5000000000	0.5000000000	0.5000000000	0.5000000000	0.5000000000	0.5000000000	0.5000000000	0.5000000000	0.4975493936	0.5000000000	0.5000000000	0.5000000000	0.5000000000	0.4914199246	0.5000000000	0.5000000000	0.5000000000	0.4982585286	0.5000000000	0.5000000000	0.5000000000	0.5000000000	0.5000000000	0.5000000000	0.5000000000	0.5000000000	0.5000000000	0.5000000000	0.5000000000	0.5000000000	0.5000000000	0.5000000000	0.5000000000	0.5000000000	0.5000000000	0.5000000000	0.5000000000	0.4999997515	0.5000000000	0.5000000000	0.5000000000	0.5000000000	0.5000000000	0.5000000000	0.5000000000	0.5000000000	0.5000000000	0.5000000000	0.4974540851	0.5000000000	0.4995907100	0.5000000000	0.5000000000	0.5000000000	0.5000000000	0.5000000000	0.5000000000	0.5000000000	0.5000000000	0.5000000000	0.5000000000	0.5000000000	0.5000000000	0.5000000000	0.5000000000	0.5000000000	0.5000000000	0.5000000000	0.5000000000	0.4998175275	0.5000000000	0.5000000000	0.5000000000	0.5000000000	0.0000000000	0.5000000000	0.5000000000	0.5000000000	0.5000000000	0.5000000000	0.5000000000	0.5000000000	0.5000000000	0.5000000000	0.5000000000	0.5000000000	0.5000000000	0.5000000000	0.5000000000	0.5000000000	0.5000000000
SRR12720848.rna.1	0.5000000000	0.5000000000	0.5000000000	0.5000000000	0.5000000000	0.5000000000	0.5000000000	0.5000000000	0.5000000000	0.5000000000	0.5000000000	0.5000000000	0.5000000000	0.5000000000	0.5000000000	0.5000000000	0.5000000000	0.5000000000	0.5000000000	0.5000000000	0.5000000000	0.5000000000	0.5000000000	0.4996157081	0.5000000000	0.5000000000	0.5000000000	0.5000000000	0.5000000000	0.5000000000	0.5000000000	0.5000000000	0.5000000000	0.5000000000	0.5000000000	0.5000000000	0.5000000000	0.5000000000	0.5000000000	0.5000000000	0.5000000000	0.5000000000	0.5000000000	0.5000000000	0.5000000000	0.5000000000	0.5000000000	0.5000000000	0.5000000000	0.5000000000	0.5000000000	0.5000000000	0.5000000000	0.5000000000	0.5000000000	0.5000000000	0.5000000000	0.5000000000	0.5000000000	0.5000000000	0.5000000000	0.5000000000	0.5000000000	0.5000000000	0.5000000000	0.5000000000	0.5000000000	0.5000000000	0.5000000000	0.5000000000	0.5000000000	0.5000000000	0.5000000000	0.5000000000	0.5000000000	0.5000000000	0.5000000000	0.5000000000	0.5000000000	0.5000000000	0.5000000000	0.5000000000	0.0000000000	0.4455064933	0.5000000000	0.5000000000	0.5000000000	0.5000000000	0.5000000000	0.5000000000	0.5000000000	0.5000000000	0.4309163832	0.5000000000	0.5000000000	0.5000000000	0.4979648434	0.5000000000
SRR12720821.rna.1	0.5000000000	0.5000000000	0.5000000000	0.5000000000	0.5000000000	0.5000000000	0.5000000000	0.5000000000	0.5000000000	0.5000000000	0.5000000000	0.5000000000	0.5000000000	0.4993103506	0.5000000000	0.5000000000	0.5000000000	0.5000000000	0.5000000000	0.5000000000	0.5000000000	0.5000000000	0.5000000000	0.4994644474	0.5000000000	0.5000000000	0.5000000000	0.5000000000	0.4999998761	0.5000000000	0.5000000000	0.5000000000	0.5000000000	0.5000000000	0.5000000000	0.5000000000	0.5000000000	0.5000000000	0.5000000000	0.5000000000	0.5000000000	0.5000000000	0.5000000000	0.5000000000	0.5000000000	0.5000000000	0.5000000000	0.5000000000	0.5000000000	0.5000000000	0.5000000000	0.5000000000	0.5000000000	0.5000000000	0.5000000000	0.5000000000	0.5000000000	0.5000000000	0.5000000000	0.5000000000	0.5000000000	0.5000000000	0.5000000000	0.5000000000	0.5000000000	0.5000000000	0.5000000000	0.5000000000	0.5000000000	0.5000000000	0.5000000000	0.5000000000	0.5000000000	0.5000000000	0.5000000000	0.5000000000	0.5000000000	0.5000000000	0.5000000000	0.5000000000	0.5000000000	0.5000000000	0.4455064933	0.0000000000	0.5000000000	0.5000000000	0.5000000000	0.5000000000	0.5000000000	0.5000000000	0.5000000000	0.5000000000	0.4706787015	0.5000000000	0.5000000000	0.5000000000	0.4997961457	0.5000000000
SRR12641750.rna.1	0.5000000000	0.5000000000	0.5000000000	0.5000000000	0.5000000000	0.5000000000	0.5000000000	0.4947466264	0.5000000000	0.5000000000	0.5000000000	0.5000000000	0.5000000000	0.5000000000	0.5000000000	0.5000000000	0.5000000000	0.5000000000	0.5000000000	0.5000000000	0.5000000000	0.5000000000	0.5000000000	0.5000000000	0.5000000000	0.5000000000	0.5000000000	0.5000000000	0.5000000000	0.5000000000	0.5000000000	0.5000000000	0.5000000000	0.5000000000	0.5000000000	0.5000000000	0.5000000000	0.5000000000	0.5000000000	0.4999994970	0.4981061731	0.5000000000	0.5000000000	0.5000000000	0.4981526219	0.5000000000	0.5000000000	0.5000000000	0.5000000000	0.5000000000	0.5000000000	0.5000000000	0.4966101729	0.5000000000	0.5000000000	0.5000000000	0.4999991688	0.5000000000	0.5000000000	0.5000000000	0.5000000000	0.5000000000	0.4993502046	0.5000000000	0.5000000000	0.5000000000	0.5000000000	0.5000000000	0.5000000000	0.5000000000	0.4999079153	0.5000000000	0.5000000000	0.5000000000	0.5000000000	0.5000000000	0.5000000000	0.5000000000	0.5000000000	0.5000000000	0.4970066336	0.5000000000	0.5000000000	0.5000000000	0.0000000000	0.5000000000	0.5000000000	0.5000000000	0.4979466851	0.5000000000	0.4995913251	0.5000000000	0.5000000000	0.5000000000	0.4922217250	0.5000000000	0.5000000000	0.5000000000
SRR12720835.rna.1	0.5000000000	0.5000000000	0.4746771561	0.5000000000	0.5000000000	0.5000000000	0.5000000000	0.5000000000	0.5000000000	0.5000000000	0.5000000000	0.5000000000	0.5000000000	0.5000000000	0.5000000000	0.5000000000	0.5000000000	0.5000000000	0.5000000000	0.5000000000	0.4987342125	0.5000000000	0.5000000000	0.5000000000	0.4987528483	0.4997017045	0.5000000000	0.5000000000	0.5000000000	0.5000000000	0.5000000000	0.5000000000	0.5000000000	0.5000000000	0.5000000000	0.5000000000	0.5000000000	0.5000000000	0.5000000000	0.5000000000	0.4999983489	0.5000000000	0.4798581282	0.5000000000	0.5000000000	0.5000000000	0.5000000000	0.5000000000	0.5000000000	0.5000000000	0.5000000000	0.5000000000	0.5000000000	0.5000000000	0.4999998912	0.5000000000	0.5000000000	0.4997008449	0.5000000000	0.5000000000	0.5000000000	0.5000000000	0.5000000000	0.5000000000	0.5000000000	0.5000000000	0.5000000000	0.5000000000	0.5000000000	0.5000000000	0.5000000000	0.4935644997	0.5000000000	0.5000000000	0.5000000000	0.5000000000	0.4991556681	0.4840847253	0.5000000000	0.5000000000	0.5000000000	0.5000000000	0.5000000000	0.5000000000	0.5000000000	0.0000000000	0.5000000000	0.5000000000	0.5000000000	0.5000000000	0.5000000000	0.5000000000	0.4999963730	0.5000000000	0.5000000000	0.5000000000	0.5000000000	0.5000000000
SRR12720814.rna.1	0.5000000000	0.5000000000	0.5000000000	0.5000000000	0.5000000000	0.4999684760	0.4999997041	0.5000000000	0.5000000000	0.5000000000	0.5000000000	0.5000000000	0.5000000000	0.5000000000	0.3968593004	0.5000000000	0.5000000000	0.5000000000	0.5000000000	0.5000000000	0.5000000000	0.5000000000	0.5000000000	0.5000000000	0.5000000000	0.4999375406	0.5000000000	0.5000000000	0.4999997148	0.5000000000	0.5000000000	0.5000000000	0.5000000000	0.5000000000	0.5000000000	0.5000000000	0.5000000000	0.5000000000	0.5000000000	0.5000000000	0.5000000000	0.5000000000	0.5000000000	0.5000000000	0.5000000000	0.5000000000	0.5000000000	0.5000000000	0.5000000000	0.5000000000	0.5000000000	0.5000000000	0.5000000000	0.5000000000	0.5000000000	0.4999616042	0.5000000000	0.5000000000	0.5000000000	0.5000000000	0.5000000000	0.5000000000	0.5000000000	0.5000000000	0.5000000000	0.5000000000	0.5000000000	0.5000000000	0.5000000000	0.5000000000	0.5000000000	0.5000000000	0.4999987459	0.5000000000	0.5000000000	0.5000000000	0.5000000000	0.5000000000	0.5000000000	0.5000000000	0.5000000000	0.5000000000	0.5000000000	0.5000000000	0.5000000000	0.5000000000	0.0000000000	0.5000000000	0.5000000000	0.5000000000	0.5000000000	0.5000000000	0.5000000000	0.5000000000	0.5000000000	0.5000000000	0.5000000000	0.5000000000
SRR12720820.rna.1	0.5000000000	0.5000000000	0.5000000000	0.5000000000	0.5000000000	0.5000000000	0.5000000000	0.5000000000	0.5000000000	0.5000000000	0.5000000000	0.5000000000	0.5000000000	0.5000000000	0.5000000000	0.5000000000	0.5000000000	0.5000000000	0.5000000000	0.5000000000	0.5000000000	0.5000000000	0.5000000000	0.5000000000	0.5000000000	0.5000000000	0.5000000000	0.5000000000	0.5000000000	0.4957606964	0.5000000000	0.5000000000	0.5000000000	0.5000000000	0.5000000000	0.5000000000	0.5000000000	0.5000000000	0.5000000000	0.5000000000	0.5000000000	0.5000000000	0.5000000000	0.5000000000	0.5000000000	0.5000000000	0.5000000000	0.5000000000	0.5000000000	0.5000000000	0.5000000000	0.5000000000	0.5000000000	0.5000000000	0.5000000000	0.5000000000	0.5000000000	0.5000000000	0.4982797708	0.3357571057	0.5000000000	0.5000000000	0.5000000000	0.5000000000	0.5000000000	0.5000000000	0.5000000000	0.5000000000	0.5000000000	0.4999997156	0.5000000000	0.5000000000	0.5000000000	0.5000000000	0.5000000000	0.5000000000	0.4994284353	0.5000000000	0.4982312375	0.5000000000	0.5000000000	0.5000000000	0.5000000000	0.5000000000	0.5000000000	0.5000000000	0.5000000000	0.0000000000	0.5000000000	0.5000000000	0.5000000000	0.5000000000	0.5000000000	0.5000000000	0.5000000000	0.5000000000	0.5000000000	0.5000000000
SRR12720797.rna.1	0.5000000000	0.5000000000	0.5000000000	0.5000000000	0.5000000000	0.5000000000	0.5000000000	0.5000000000	0.5000000000	0.5000000000	0.5000000000	0.5000000000	0.5000000000	0.5000000000	0.5000000000	0.5000000000	0.5000000000	0.5000000000	0.5000000000	0.4994864941	0.5000000000	0.2413701108	0.5000000000	0.5000000000	0.5000000000	0.5000000000	0.5000000000	0.5000000000	0.5000000000	0.5000000000	0.5000000000	0.5000000000	0.5000000000	0.5000000000	0.5000000000	0.5000000000	0.3469881023	0.5000000000	0.5000000000	0.5000000000	0.5000000000	0.5000000000	0.5000000000	0.5000000000	0.5000000000	0.5000000000	0.5000000000	0.5000000000	0.5000000000	0.5000000000	0.5000000000	0.5000000000	0.5000000000	0.4969364303	0.5000000000	0.5000000000	0.4999969711	0.5000000000	0.5000000000	0.5000000000	0.5000000000	0.5000000000	0.5000000000	0.5000000000	0.5000000000	0.5000000000	0.5000000000	0.5000000000	0.5000000000	0.5000000000	0.5000000000	0.5000000000	0.5000000000	0.4999981384	0.5000000000	0.5000000000	0.5000000000	0.5000000000	0.5000000000	0.5000000000	0.5000000000	0.5000000000	0.5000000000	0.5000000000	0.4979466851	0.5000000000	0.5000000000	0.5000000000	0.0000000000	0.5000000000	0.4973135028	0.5000000000	0.4973779578	0.5000000000	0.5000000000	0.5000000000	0.5000000000	0.5000000000
SRR12641761.rna.1	0.5000000000	0.5000000000	0.5000000000	0.5000000000	0.5000000000	0.5000000000	0.5000000000	0.5000000000	0.5000000000	0.5000000000	0.5000000000	0.5000000000	0.5000000000	0.5000000000	0.5000000000	0.5000000000	0.5000000000	0.5000000000	0.5000000000	0.5000000000	0.5000000000	0.5000000000	0.5000000000	0.5000000000	0.5000000000	0.5000000000	0.5000000000	0.5000000000	0.5000000000	0.5000000000	0.5000000000	0.5000000000	0.5000000000	0.5000000000	0.5000000000	0.5000000000	0.5000000000	0.5000000000	0.5000000000	0.5000000000	0.5000000000	0.5000000000	0.5000000000	0.5000000000	0.5000000000	0.5000000000	0.5000000000	0.5000000000	0.5000000000	0.5000000000	0.5000000000	0.5000000000	0.5000000000	0.5000000000	0.5000000000	0.5000000000	0.5000000000	0.5000000000	0.5000000000	0.5000000000	0.5000000000	0.5000000000	0.5000000000	0.5000000000	0.5000000000	0.5000000000	0.5000000000	0.5000000000	0.5000000000	0.4999502158	0.5000000000	0.5000000000	0.5000000000	0.5000000000	0.5000000000	0.5000000000	0.5000000000	0.5000000000	0.5000000000	0.5000000000	0.5000000000	0.5000000000	0.5000000000	0.5000000000	0.5000000000	0.5000000000	0.5000000000	0.5000000000	0.5000000000	0.0000000000	0.5000000000	0.5000000000	0.5000000000	0.5000000000	0.5000000000	0.5000000000	0.5000000000	0.4955674133
SRR12641759.rna.1	0.5000000000	0.5000000000	0.5000000000	0.5000000000	0.5000000000	0.5000000000	0.5000000000	0.5000000000	0.5000000000	0.4999983584	0.5000000000	0.5000000000	0.5000000000	0.5000000000	0.5000000000	0.5000000000	0.5000000000	0.5000000000	0.5000000000	0.4999758469	0.5000000000	0.4964289573	0.4999784336	0.5000000000	0.4999999374	0.5000000000	0.5000000000	0.4999999999	0.5000000000	0.5000000000	0.4999998517	0.5000000000	0.5000000000	0.5000000000	0.5000000000	0.5000000000	0.4770654290	0.5000000000	0.5000000000	0.5000000000	0.5000000000	0.5000000000	0.5000000000	0.5000000000	0.4999996275	0.5000000000	0.5000000000	0.5000000000	0.5000000000	0.5000000000	0.5000000000	0.4999975227	0.5000000000	0.5000000000	0.5000000000	0.5000000000	0.4999905145	0.5000000000	0.5000000000	0.5000000000	0.5000000000	0.5000000000	0.5000000000	0.5000000000	0.5000000000	0.5000000000	0.5000000000	0.5000000000	0.5000000000	0.5000000000	0.5000000000	0.5000000000	0.5000000000	0.4999997416	0.5000000000	0.5000000000	0.5000000000	0.5000000000	0.5000000000	0.5000000000	0.4999995755	0.5000000000	0.5000000000	0.5000000000	0.4995913251	0.5000000000	0.5000000000	0.5000000000	0.4973135028	0.5000000000	0.0000000000	0.5000000000	0.4999343132	0.5000000000	0.5000000000	0.5000000000	0.5000000000	0.5000000000
SRR12720800.rna.1	0.4918695838	0.5000000000	0.5000000000	0.4999998305	0.5000000000	0.5000000000	0.5000000000	0.5000000000	0.5000000000	0.5000000000	0.5000000000	0.5000000000	0.5000000000	0.5000000000	0.5000000000	0.5000000000	0.5000000000	0.5000000000	0.5000000000	0.5000000000	0.5000000000	0.5000000000	0.5000000000	0.5000000000	0.4978869116	0.5000000000	0.5000000000	0.5000000000	0.5000000000	0.5000000000	0.5000000000	0.5000000000	0.5000000000	0.5000000000	0.5000000000	0.5000000000	0.5000000000	0.5000000000	0.5000000000	0.5000000000	0.4994598656	0.5000000000	0.5000000000	0.5000000000	0.4959952515	0.5000000000	0.5000000000	0.5000000000	0.5000000000	0.5000000000	0.5000000000	0.5000000000	0.4999995919	0.5000000000	0.5000000000	0.5000000000	0.5000000000	0.5000000000	0.5000000000	0.5000000000	0.5000000000	0.5000000000	0.4992709079	0.5000000000	0.5000000000	0.5000000000	0.5000000000	0.5000000000	0.5000000000	0.5000000000	0.5000000000	0.5000000000	0.5000000000	0.5000000000	0.5000000000	0.5000000000	0.4992870805	0.5000000000	0.5000000000	0.5000000000	0.5000000000	0.5000000000	0.5000000000	0.5000000000	0.5000000000	0.5000000000	0.5000000000	0.5000000000	0.5000000000	0.5000000000	0.5000000000	0.0000000000	0.5000000000	0.5000000000	0.5000000000	0.5000000000	0.5000000000	0.5000000000
SRR12641745.rna.1	0.5000000000	0.5000000000	0.4999978905	0.5000000000	0.5000000000	0.5000000000	0.5000000000	0.5000000000	0.5000000000	0.5000000000	0.5000000000	0.5000000000	0.5000000000	0.5000000000	0.5000000000	0.5000000000	0.5000000000	0.5000000000	0.5000000000	0.4950389635	0.4999994296	0.4799189741	0.5000000000	0.4998659624	0.5000000000	0.5000000000	0.5000000000	0.5000000000	0.4999999860	0.5000000000	0.5000000000	0.5000000000	0.5000000000	0.5000000000	0.4999999875	0.5000000000	0.4662821906	0.4999998585	0.5000000000	0.5000000000	0.5000000000	0.5000000000	0.4999997402	0.5000000000	0.5000000000	0.5000000000	0.5000000000	0.5000000000	0.5000000000	0.5000000000	0.5000000000	0.5000000000	0.5000000000	0.5000000000	0.5000000000	0.5000000000	0.5000000000	0.5000000000	0.5000000000	0.5000000000	0.5000000000	0.4999999955	0.5000000000	0.5000000000	0.5000000000	0.5000000000	0.5000000000	0.5000000000	0.5000000000	0.5000000000	0.5000000000	0.5000000000	0.5000000000	0.4999999506	0.5000000000	0.5000000000	0.5000000000	0.4999993319	0.5000000000	0.5000000000	0.5000000000	0.5000000000	0.4309163832	0.4706787015	0.5000000000	0.4999963730	0.5000000000	0.5000000000	0.4973779578	0.5000000000	0.4999343132	0.5000000000	0.0000000000	0.5000000000	0.5000000000	0.5000000000	0.5000000000	0.5000000000
SRR12720801.rna.1	0.5000000000	0.5000000000	0.5000000000	0.4963576756	0.5000000000	0.5000000000	0.5000000000	0.5000000000	0.4995268328	0.5000000000	0.5000000000	0.5000000000	0.5000000000	0.5000000000	0.5000000000	0.5000000000	0.4977631106	0.5000000000	0.5000000000	0.5000000000	0.5000000000	0.5000000000	0.5000000000	0.5000000000	0.5000000000	0.5000000000	0.5000000000	0.5000000000	0.5000000000	0.5000000000	0.5000000000	0.5000000000	0.4999999990	0.5000000000	0.5000000000	0.4999036746	0.5000000000	0.5000000000	0.5000000000	0.5000000000	0.5000000000	0.5000000000	0.4999871509	0.5000000000	0.5000000000	0.5000000000	0.5000000000	0.5000000000	0.5000000000	0.5000000000	0.5000000000	0.5000000000	0.5000000000	0.5000000000	0.5000000000	0.5000000000	0.5000000000	0.5000000000	0.4999943336	0.4961250169	0.5000000000	0.5000000000	0.5000000000	0.5000000000	0.5000000000	0.5000000000	0.5000000000	0.5000000000	0.5000000000	0.5000000000	0.5000000000	0.4999980551	0.5000000000	0.5000000000	0.5000000000	0.5000000000	0.5000000000	0.4999843570	0.4457456212	0.5000000000	0.5000000000	0.5000000000	0.5000000000	0.5000000000	0.5000000000	0.5000000000	0.5000000000	0.5000000000	0.5000000000	0.5000000000	0.5000000000	0.5000000000	0.5000000000	0.0000000000	0.5000000000	0.5000000000	0.5000000000	0.5000000000
SRR12641765.rna.1	0.5000000000	0.5000000000	0.5000000000	0.5000000000	0.5000000000	0.5000000000	0.5000000000	0.5000000000	0.5000000000	0.5000000000	0.5000000000	0.5000000000	0.5000000000	0.5000000000	0.5000000000	0.5000000000	0.5000000000	0.5000000000	0.5000000000	0.5000000000	0.5000000000	0.5000000000	0.5000000000	0.5000000000	0.5000000000	0.5000000000	0.5000000000	0.5000000000	0.5000000000	0.5000000000	0.5000000000	0.5000000000	0.5000000000	0.5000000000	0.5000000000	0.5000000000	0.5000000000	0.5000000000	0.5000000000	0.5000000000	0.4998127008	0.5000000000	0.5000000000	0.5000000000	0.4941381703	0.5000000000	0.5000000000	0.5000000000	0.5000000000	0.5000000000	0.5000000000	0.5000000000	0.5000000000	0.5000000000	0.5000000000	0.5000000000	0.5000000000	0.5000000000	0.5000000000	0.5000000000	0.5000000000	0.5000000000	0.4899863914	0.5000000000	0.5000000000	0.5000000000	0.5000000000	0.5000000000	0.5000000000	0.5000000000	0.5000000000	0.5000000000	0.5000000000	0.5000000000	0.5000000000	0.5000000000	0.5000000000	0.5000000000	0.5000000000	0.5000000000	0.4932795555	0.5000000000	0.5000000000	0.5000000000	0.4922217250	0.5000000000	0.5000000000	0.5000000000	0.5000000000	0.5000000000	0.5000000000	0.5000000000	0.5000000000	0.5000000000	0.0000000000	0.5000000000	0.5000000000	0.5000000000
SRR12720832.rna.1	0.5000000000	0.5000000000	0.5000000000	0.5000000000	0.4177931242	0.5000000000	0.4999348666	0.5000000000	0.5000000000	0.5000000000	0.5000000000	0.4564811854	0.5000000000	0.5000000000	0.5000000000	0.5000000000	0.5000000000	0.5000000000	0.5000000000	0.5000000000	0.5000000000	0.5000000000	0.5000000000	0.5000000000	0.5000000000	0.5000000000	0.5000000000	0.5000000000	0.5000000000	0.5000000000	0.5000000000	0.5000000000	0.5000000000	0.5000000000	0.5000000000	0.5000000000	0.5000000000	0.4999723703	0.5000000000	0.5000000000	0.5000000000	0.5000000000	0.5000000000	0.5000000000	0.5000000000	0.5000000000	0.5000000000	0.5000000000	0.5000000000	0.5000000000	0.5000000000	0.5000000000	0.5000000000	0.5000000000	0.5000000000	0.5000000000	0.5000000000	0.5000000000	0.5000000000	0.5000000000	0.5000000000	0.5000000000	0.5000000000	0.5000000000	0.5000000000	0.5000000000	0.5000000000	0.5000000000	0.5000000000	0.5000000000	0.5000000000	0.4999878074	0.5000000000	0.5000000000	0.5000000000	0.5000000000	0.5000000000	0.5000000000	0.5000000000	0.5000000000	0.5000000000	0.5000000000	0.5000000000	0.5000000000	0.5000000000	0.5000000000	0.5000000000	0.5000000000	0.5000000000	0.5000000000	0.5000000000	0.5000000000	0.5000000000	0.5000000000	0.5000000000	0.0000000000	0.5000000000	0.5000000000
SRR12720803.rna.1	0.5000000000	0.5000000000	0.5000000000	0.5000000000	0.5000000000	0.5000000000	0.5000000000	0.5000000000	0.5000000000	0.5000000000	0.5000000000	0.5000000000	0.5000000000	0.5000000000	0.5000000000	0.5000000000	0.5000000000	0.5000000000	0.5000000000	0.5000000000	0.5000000000	0.5000000000	0.5000000000	0.5000000000	0.5000000000	0.5000000000	0.5000000000	0.5000000000	0.5000000000	0.5000000000	0.5000000000	0.5000000000	0.5000000000	0.5000000000	0.5000000000	0.5000000000	0.5000000000	0.5000000000	0.5000000000	0.5000000000	0.5000000000	0.5000000000	0.5000000000	0.5000000000	0.5000000000	0.4999638336	0.5000000000	0.5000000000	0.5000000000	0.5000000000	0.5000000000	0.5000000000	0.5000000000	0.5000000000	0.5000000000	0.5000000000	0.5000000000	0.5000000000	0.5000000000	0.5000000000	0.5000000000	0.5000000000	0.5000000000	0.5000000000	0.5000000000	0.5000000000	0.5000000000	0.5000000000	0.4989331208	0.5000000000	0.5000000000	0.5000000000	0.5000000000	0.5000000000	0.5000000000	0.5000000000	0.5000000000	0.5000000000	0.5000000000	0.5000000000	0.5000000000	0.5000000000	0.4979648434	0.4997961457	0.5000000000	0.5000000000	0.5000000000	0.5000000000	0.5000000000	0.5000000000	0.5000000000	0.5000000000	0.5000000000	0.5000000000	0.5000000000	0.5000000000	0.0000000000	0.5000000000
SRR12720806.rna.1	0.5000000000	0.5000000000	0.5000000000	0.5000000000	0.5000000000	0.5000000000	0.5000000000	0.5000000000	0.5000000000	0.5000000000	0.5000000000	0.5000000000	0.5000000000	0.5000000000	0.5000000000	0.5000000000	0.5000000000	0.5000000000	0.5000000000	0.5000000000	0.5000000000	0.5000000000	0.5000000000	0.5000000000	0.5000000000	0.5000000000	0.5000000000	0.5000000000	0.5000000000	0.5000000000	0.5000000000	0.5000000000	0.5000000000	0.4997500043	0.5000000000	0.5000000000	0.5000000000	0.5000000000	0.5000000000	0.5000000000	0.5000000000	0.5000000000	0.5000000000	0.5000000000	0.5000000000	0.5000000000	0.5000000000	0.5000000000	0.5000000000	0.5000000000	0.5000000000	0.5000000000	0.5000000000	0.5000000000	0.5000000000	0.5000000000	0.5000000000	0.5000000000	0.5000000000	0.5000000000	0.5000000000	0.5000000000	0.5000000000	0.5000000000	0.5000000000	0.5000000000	0.5000000000	0.5000000000	0.5000000000	0.4999617341	0.5000000000	0.5000000000	0.5000000000	0.5000000000	0.5000000000	0.5000000000	0.5000000000	0.5000000000	0.5000000000	0.5000000000	0.5000000000	0.5000000000	0.5000000000	0.5000000000	0.5000000000	0.5000000000	0.5000000000	0.5000000000	0.5000000000	0.4955674133	0.5000000000	0.5000000000	0.5000000000	0.5000000000	0.5000000000	0.5000000000	0.5000000000	0.0000000000
