	SRR12641740.rna.1	SRR12720856.rna.1	SRR12720792.rna.1	SRR12720852.rna.1	SRR12641746.rna.1	SRR12720809.rna.1	SRR12720833.rna.1	SRR12720839.rna.1	SRR12720858.rna.1	SRR12720795.rna.1	SRR12720794.rna.1	SRR12720849.rna.1	SRR12641742.rna.1	SRR12641768.rna.1	SRR12641747.rna.1	SRR12641751.rna.1	SRR12720817.rna.1	SRR12720825.rna.1	SRR12720802.rna.1	SRR12720844.rna.1	SRR12720837.rna.1	SRR12720827.rna.1	SRR12720793.rna.1	SRR12641748.rna.1	SRR12641754.rna.1	SRR12720815.rna.1	SRR12720807.rna.1	SRR12720824.rna.1	SRR12720796.rna.1	SRR12720847.rna.1	SRR12641749.rna.1	SRR12720804.rna.1	SRR12641757.rna.1	SRR12720826.rna.1	SRR12720838.rna.1	SRR12720857.rna.1	SRR12720853.rna.1	SRR12641762.rna.1	SRR12720811.rna.1	SRR12641744.rna.1	SRR12720831.rna.1	SRR12720843.rna.1	SRR12720841.rna.1	SRR12720813.rna.1	SRR12720816.rna.1	SRR12720810.rna.1	SRR12720851.rna.1	SRR12641766.rna.1	SRR12720842.rna.1	SRR12720818.rna.1	SRR12641758.rna.1	SRR12720840.rna.1	SRR12641753.rna.1	SRR12720828.rna.1	SRR12641763.rna.1	SRR12720855.rna.1	SRR12641743.rna.1	SRR12641764.rna.1	SRR12720850.rna.1	SRR12720846.rna.1	SRR12641755.rna.1	SRR12720819.rna.1	SRR12720845.rna.1	SRR12720829.rna.1	SRR12641767.rna.1	SRR12720822.rna.1	SRR12720808.rna.1	SRR12641738.rna.1	SRR12720798.rna.1	SRR12641752.rna.1	SRR12641756.rna.1	SRR12720823.rna.1	SRR12720812.rna.1	SRR12641760.rna.1	SRR12720799.rna.1	SRR12720805.rna.1	SRR12641739.rna.1	SRR12720854.rna.1	SRR12720830.rna.1	SRR12720834.rna.1	SRR12641741.rna.1	SRR12720836.rna.1	SRR12720848.rna.1	SRR12720821.rna.1	SRR12641750.rna.1	SRR12720835.rna.1	SRR12720814.rna.1	SRR12720820.rna.1	SRR12720797.rna.1	SRR12641761.rna.1	SRR12641759.rna.1	SRR12720800.rna.1	SRR12641745.rna.1	SRR12720801.rna.1	SRR12641765.rna.1	SRR12720832.rna.1	SRR12720803.rna.1	SRR12720806.rna.1
SRR12641740.rna.1	0.0000000000	1.0000000000	1.0000000000	1.0000000000	1.0000000000	0.9816251994	1.0000000000	1.0000000000	1.0000000000	1.0000000000	1.0000000000	1.0000000000	1.0000000000	1.0000000000	1.0000000000	1.0000000000	1.0000000000	1.0000000000	1.0000000000	1.0000000000	1.0000000000	1.0000000000	1.0000000000	1.0000000000	1.0000000000	1.0000000000	1.0000000000	1.0000000000	1.0000000000	1.0000000000	1.0000000000	1.0000000000	1.0000000000	1.0000000000	1.0000000000	1.0000000000	1.0000000000	1.0000000000	1.0000000000	0.9863839998	1.0000000000	1.0000000000	1.0000000000	1.0000000000	1.0000000000	1.0000000000	1.0000000000	1.0000000000	1.0000000000	1.0000000000	1.0000000000	1.0000000000	1.0000000000	1.0000000000	1.0000000000	1.0000000000	1.0000000000	0.9989156108	1.0000000000	1.0000000000	0.9993014802	1.0000000000	0.9982836562	1.0000000000	1.0000000000	1.0000000000	1.0000000000	1.0000000000	1.0000000000	1.0000000000	1.0000000000	1.0000000000	1.0000000000	1.0000000000	1.0000000000	1.0000000000	0.9995287388	1.0000000000	1.0000000000	0.9898676843	1.0000000000	1.0000000000	1.0000000000	1.0000000000	1.0000000000	1.0000000000	1.0000000000	1.0000000000	1.0000000000	1.0000000000	1.0000000000	0.9877530085	1.0000000000	1.0000000000	1.0000000000	1.0000000000	1.0000000000	1.0000000000
SRR12720856.rna.1	1.0000000000	0.0000000000	1.0000000000	1.0000000000	1.0000000000	1.0000000000	1.0000000000	1.0000000000	1.0000000000	1.0000000000	1.0000000000	1.0000000000	1.0000000000	0.9699503080	1.0000000000	1.0000000000	1.0000000000	1.0000000000	1.0000000000	1.0000000000	1.0000000000	1.0000000000	1.0000000000	1.0000000000	1.0000000000	1.0000000000	1.0000000000	1.0000000000	1.0000000000	1.0000000000	1.0000000000	1.0000000000	1.0000000000	1.0000000000	1.0000000000	1.0000000000	1.0000000000	1.0000000000	1.0000000000	1.0000000000	1.0000000000	1.0000000000	1.0000000000	1.0000000000	1.0000000000	1.0000000000	1.0000000000	1.0000000000	1.0000000000	0.9999278753	1.0000000000	1.0000000000	1.0000000000	1.0000000000	1.0000000000	1.0000000000	1.0000000000	1.0000000000	1.0000000000	1.0000000000	1.0000000000	1.0000000000	1.0000000000	1.0000000000	1.0000000000	1.0000000000	1.0000000000	0.9997997504	0.9197325446	1.0000000000	1.0000000000	1.0000000000	1.0000000000	1.0000000000	1.0000000000	1.0000000000	1.0000000000	1.0000000000	1.0000000000	1.0000000000	1.0000000000	1.0000000000	1.0000000000	1.0000000000	1.0000000000	1.0000000000	1.0000000000	1.0000000000	1.0000000000	1.0000000000	1.0000000000	1.0000000000	1.0000000000	1.0000000000	1.0000000000	1.0000000000	1.0000000000	1.0000000000
SRR12720792.rna.1	1.0000000000	1.0000000000	0.0000000000	1.0000000000	1.0000000000	1.0000000000	1.0000000000	1.0000000000	1.0000000000	1.0000000000	1.0000000000	1.0000000000	1.0000000000	1.0000000000	1.0000000000	1.0000000000	1.0000000000	0.9999073487	1.0000000000	1.0000000000	0.8228657054	1.0000000000	1.0000000000	1.0000000000	1.0000000000	1.0000000000	1.0000000000	1.0000000000	0.9955447778	1.0000000000	0.9957736147	1.0000000000	1.0000000000	1.0000000000	0.9885146876	1.0000000000	1.0000000000	1.0000000000	1.0000000000	1.0000000000	1.0000000000	1.0000000000	0.9996443829	1.0000000000	1.0000000000	1.0000000000	1.0000000000	1.0000000000	1.0000000000	0.9985706488	0.9954717221	0.9953223202	1.0000000000	1.0000000000	1.0000000000	1.0000000000	1.0000000000	1.0000000000	1.0000000000	1.0000000000	1.0000000000	0.9980039402	1.0000000000	1.0000000000	1.0000000000	1.0000000000	1.0000000000	1.0000000000	1.0000000000	1.0000000000	1.0000000000	1.0000000000	1.0000000000	1.0000000000	1.0000000000	1.0000000000	1.0000000000	0.9744148444	1.0000000000	1.0000000000	1.0000000000	0.9847561856	1.0000000000	1.0000000000	1.0000000000	0.9583123300	1.0000000000	1.0000000000	1.0000000000	1.0000000000	1.0000000000	1.0000000000	0.9996621094	1.0000000000	1.0000000000	1.0000000000	1.0000000000	1.0000000000
SRR12720852.rna.1	1.0000000000	1.0000000000	1.0000000000	0.0000000000	1.0000000000	1.0000000000	1.0000000000	1.0000000000	1.0000000000	0.9997407785	1.0000000000	1.0000000000	1.0000000000	1.0000000000	1.0000000000	0.9999993977	1.0000000000	1.0000000000	1.0000000000	1.0000000000	1.0000000000	1.0000000000	1.0000000000	1.0000000000	0.9999999074	1.0000000000	1.0000000000	1.0000000000	0.9999779318	1.0000000000	1.0000000000	1.0000000000	1.0000000000	1.0000000000	1.0000000000	1.0000000000	1.0000000000	1.0000000000	1.0000000000	1.0000000000	1.0000000000	1.0000000000	1.0000000000	1.0000000000	0.9999869494	1.0000000000	1.0000000000	0.9999998822	1.0000000000	1.0000000000	1.0000000000	0.9999170329	1.0000000000	1.0000000000	1.0000000000	1.0000000000	1.0000000000	1.0000000000	1.0000000000	1.0000000000	1.0000000000	0.9999998109	0.9998266600	0.9947570248	1.0000000000	1.0000000000	1.0000000000	1.0000000000	1.0000000000	1.0000000000	1.0000000000	1.0000000000	1.0000000000	1.0000000000	1.0000000000	1.0000000000	1.0000000000	1.0000000000	0.9806638265	1.0000000000	0.9999992791	1.0000000000	1.0000000000	1.0000000000	1.0000000000	1.0000000000	1.0000000000	1.0000000000	1.0000000000	1.0000000000	1.0000000000	0.9999728155	1.0000000000	0.9964129441	1.0000000000	1.0000000000	1.0000000000	1.0000000000
SRR12641746.rna.1	1.0000000000	1.0000000000	1.0000000000	1.0000000000	0.0000000000	1.0000000000	0.9991577263	1.0000000000	1.0000000000	0.9999111928	1.0000000000	0.9811816054	1.0000000000	1.0000000000	1.0000000000	1.0000000000	1.0000000000	1.0000000000	1.0000000000	1.0000000000	1.0000000000	1.0000000000	1.0000000000	1.0000000000	1.0000000000	1.0000000000	1.0000000000	1.0000000000	1.0000000000	1.0000000000	0.9998250604	1.0000000000	1.0000000000	1.0000000000	1.0000000000	1.0000000000	1.0000000000	0.9996949939	1.0000000000	1.0000000000	1.0000000000	1.0000000000	1.0000000000	1.0000000000	1.0000000000	1.0000000000	1.0000000000	1.0000000000	1.0000000000	1.0000000000	0.9998549713	0.9994045518	1.0000000000	1.0000000000	1.0000000000	1.0000000000	1.0000000000	1.0000000000	1.0000000000	1.0000000000	1.0000000000	1.0000000000	0.9999923002	0.9999981485	1.0000000000	1.0000000000	1.0000000000	1.0000000000	1.0000000000	1.0000000000	1.0000000000	0.9997936528	1.0000000000	1.0000000000	1.0000000000	1.0000000000	1.0000000000	1.0000000000	1.0000000000	1.0000000000	1.0000000000	1.0000000000	1.0000000000	1.0000000000	1.0000000000	1.0000000000	1.0000000000	1.0000000000	1.0000000000	1.0000000000	1.0000000000	1.0000000000	1.0000000000	1.0000000000	1.0000000000	0.8464936394	1.0000000000	1.0000000000
SRR12720809.rna.1	0.9816251994	1.0000000000	1.0000000000	1.0000000000	1.0000000000	0.0000000000	1.0000000000	1.0000000000	1.0000000000	1.0000000000	1.0000000000	1.0000000000	1.0000000000	1.0000000000	0.9975050711	1.0000000000	1.0000000000	1.0000000000	1.0000000000	1.0000000000	1.0000000000	1.0000000000	1.0000000000	1.0000000000	1.0000000000	1.0000000000	1.0000000000	1.0000000000	1.0000000000	1.0000000000	1.0000000000	1.0000000000	1.0000000000	1.0000000000	1.0000000000	1.0000000000	1.0000000000	1.0000000000	1.0000000000	1.0000000000	1.0000000000	1.0000000000	1.0000000000	1.0000000000	1.0000000000	1.0000000000	1.0000000000	1.0000000000	1.0000000000	1.0000000000	1.0000000000	1.0000000000	1.0000000000	1.0000000000	1.0000000000	0.9941730636	1.0000000000	1.0000000000	1.0000000000	1.0000000000	1.0000000000	1.0000000000	1.0000000000	0.9904277453	1.0000000000	1.0000000000	0.9789840922	1.0000000000	1.0000000000	1.0000000000	1.0000000000	1.0000000000	1.0000000000	1.0000000000	1.0000000000	1.0000000000	0.9963034207	1.0000000000	1.0000000000	1.0000000000	1.0000000000	1.0000000000	1.0000000000	1.0000000000	1.0000000000	1.0000000000	0.9992369007	1.0000000000	1.0000000000	1.0000000000	1.0000000000	1.0000000000	1.0000000000	1.0000000000	1.0000000000	1.0000000000	1.0000000000	1.0000000000
SRR12720833.rna.1	1.0000000000	1.0000000000	1.0000000000	1.0000000000	0.9991577263	1.0000000000	0.0000000000	1.0000000000	1.0000000000	1.0000000000	1.0000000000	0.9250043092	1.0000000000	1.0000000000	1.0000000000	1.0000000000	1.0000000000	1.0000000000	1.0000000000	1.0000000000	1.0000000000	1.0000000000	1.0000000000	1.0000000000	1.0000000000	1.0000000000	1.0000000000	1.0000000000	0.9982688588	1.0000000000	1.0000000000	1.0000000000	1.0000000000	1.0000000000	1.0000000000	1.0000000000	1.0000000000	0.9646716169	0.9958320708	1.0000000000	1.0000000000	1.0000000000	1.0000000000	1.0000000000	1.0000000000	1.0000000000	1.0000000000	1.0000000000	1.0000000000	1.0000000000	1.0000000000	1.0000000000	1.0000000000	1.0000000000	1.0000000000	1.0000000000	1.0000000000	1.0000000000	1.0000000000	1.0000000000	1.0000000000	0.9717748437	1.0000000000	1.0000000000	1.0000000000	1.0000000000	1.0000000000	1.0000000000	1.0000000000	1.0000000000	1.0000000000	0.9998490497	0.8853674250	1.0000000000	1.0000000000	1.0000000000	1.0000000000	1.0000000000	1.0000000000	1.0000000000	1.0000000000	1.0000000000	1.0000000000	1.0000000000	1.0000000000	1.0000000000	0.9999427612	1.0000000000	1.0000000000	1.0000000000	1.0000000000	1.0000000000	1.0000000000	1.0000000000	1.0000000000	0.9991667357	1.0000000000	1.0000000000
SRR12720839.rna.1	1.0000000000	1.0000000000	1.0000000000	1.0000000000	1.0000000000	1.0000000000	1.0000000000	0.0000000000	1.0000000000	1.0000000000	1.0000000000	1.0000000000	1.0000000000	1.0000000000	1.0000000000	1.0000000000	1.0000000000	1.0000000000	1.0000000000	1.0000000000	1.0000000000	1.0000000000	1.0000000000	1.0000000000	1.0000000000	1.0000000000	1.0000000000	1.0000000000	1.0000000000	1.0000000000	1.0000000000	1.0000000000	1.0000000000	1.0000000000	1.0000000000	1.0000000000	1.0000000000	1.0000000000	1.0000000000	1.0000000000	1.0000000000	1.0000000000	1.0000000000	1.0000000000	0.9815888696	1.0000000000	1.0000000000	1.0000000000	1.0000000000	1.0000000000	1.0000000000	1.0000000000	0.9495607993	1.0000000000	1.0000000000	1.0000000000	1.0000000000	1.0000000000	1.0000000000	1.0000000000	1.0000000000	1.0000000000	0.9999729147	1.0000000000	1.0000000000	1.0000000000	1.0000000000	1.0000000000	1.0000000000	1.0000000000	1.0000000000	1.0000000000	1.0000000000	1.0000000000	1.0000000000	1.0000000000	1.0000000000	1.0000000000	1.0000000000	1.0000000000	0.9741537826	1.0000000000	1.0000000000	1.0000000000	0.9878431738	1.0000000000	1.0000000000	1.0000000000	1.0000000000	1.0000000000	1.0000000000	1.0000000000	1.0000000000	1.0000000000	1.0000000000	1.0000000000	1.0000000000	1.0000000000
SRR12720858.rna.1	1.0000000000	1.0000000000	1.0000000000	1.0000000000	1.0000000000	1.0000000000	1.0000000000	1.0000000000	0.0000000000	1.0000000000	1.0000000000	1.0000000000	1.0000000000	1.0000000000	1.0000000000	1.0000000000	0.9945752229	1.0000000000	1.0000000000	1.0000000000	1.0000000000	1.0000000000	1.0000000000	1.0000000000	1.0000000000	1.0000000000	1.0000000000	1.0000000000	1.0000000000	1.0000000000	1.0000000000	1.0000000000	0.9950921511	1.0000000000	1.0000000000	1.0000000000	1.0000000000	1.0000000000	1.0000000000	1.0000000000	1.0000000000	1.0000000000	1.0000000000	1.0000000000	1.0000000000	1.0000000000	1.0000000000	1.0000000000	1.0000000000	1.0000000000	1.0000000000	1.0000000000	1.0000000000	1.0000000000	1.0000000000	1.0000000000	1.0000000000	1.0000000000	1.0000000000	1.0000000000	1.0000000000	1.0000000000	1.0000000000	1.0000000000	1.0000000000	0.9920537276	1.0000000000	1.0000000000	1.0000000000	1.0000000000	1.0000000000	1.0000000000	1.0000000000	1.0000000000	1.0000000000	1.0000000000	1.0000000000	1.0000000000	1.0000000000	1.0000000000	1.0000000000	1.0000000000	1.0000000000	1.0000000000	1.0000000000	1.0000000000	1.0000000000	1.0000000000	1.0000000000	1.0000000000	1.0000000000	1.0000000000	1.0000000000	0.9974781139	1.0000000000	1.0000000000	1.0000000000	1.0000000000
SRR12720795.rna.1	1.0000000000	1.0000000000	1.0000000000	0.9997407785	0.9999111928	1.0000000000	1.0000000000	1.0000000000	1.0000000000	0.0000000000	1.0000000000	1.0000000000	1.0000000000	1.0000000000	1.0000000000	0.9422691406	1.0000000000	1.0000000000	0.9999804665	1.0000000000	1.0000000000	1.0000000000	1.0000000000	1.0000000000	0.9999839406	1.0000000000	1.0000000000	0.9999507183	0.9795371604	1.0000000000	0.9842220299	1.0000000000	1.0000000000	1.0000000000	1.0000000000	1.0000000000	1.0000000000	1.0000000000	1.0000000000	1.0000000000	1.0000000000	1.0000000000	1.0000000000	1.0000000000	0.9779396651	1.0000000000	1.0000000000	0.9998236882	1.0000000000	1.0000000000	0.9994963772	0.8502967911	1.0000000000	1.0000000000	1.0000000000	0.9988594223	1.0000000000	0.9883943330	1.0000000000	1.0000000000	1.0000000000	0.9999967202	0.9087631757	0.9999334840	1.0000000000	1.0000000000	1.0000000000	1.0000000000	1.0000000000	1.0000000000	1.0000000000	1.0000000000	1.0000000000	1.0000000000	1.0000000000	1.0000000000	1.0000000000	1.0000000000	1.0000000000	1.0000000000	0.9998346853	1.0000000000	1.0000000000	1.0000000000	1.0000000000	1.0000000000	1.0000000000	1.0000000000	1.0000000000	1.0000000000	0.9998520925	1.0000000000	1.0000000000	1.0000000000	1.0000000000	1.0000000000	1.0000000000	1.0000000000
SRR12720794.rna.1	1.0000000000	1.0000000000	1.0000000000	1.0000000000	1.0000000000	1.0000000000	1.0000000000	1.0000000000	1.0000000000	1.0000000000	0.0000000000	1.0000000000	1.0000000000	1.0000000000	1.0000000000	1.0000000000	1.0000000000	1.0000000000	1.0000000000	1.0000000000	1.0000000000	1.0000000000	1.0000000000	1.0000000000	1.0000000000	1.0000000000	1.0000000000	1.0000000000	1.0000000000	1.0000000000	1.0000000000	1.0000000000	1.0000000000	1.0000000000	1.0000000000	1.0000000000	1.0000000000	1.0000000000	1.0000000000	1.0000000000	1.0000000000	1.0000000000	1.0000000000	1.0000000000	1.0000000000	1.0000000000	1.0000000000	1.0000000000	1.0000000000	1.0000000000	1.0000000000	1.0000000000	1.0000000000	1.0000000000	1.0000000000	1.0000000000	1.0000000000	1.0000000000	1.0000000000	1.0000000000	1.0000000000	1.0000000000	1.0000000000	1.0000000000	1.0000000000	1.0000000000	0.6812807587	1.0000000000	1.0000000000	0.9846691440	1.0000000000	1.0000000000	1.0000000000	1.0000000000	0.9542570879	1.0000000000	1.0000000000	1.0000000000	1.0000000000	0.6680775480	1.0000000000	1.0000000000	1.0000000000	1.0000000000	1.0000000000	1.0000000000	1.0000000000	1.0000000000	1.0000000000	1.0000000000	1.0000000000	1.0000000000	1.0000000000	1.0000000000	1.0000000000	1.0000000000	1.0000000000	1.0000000000
SRR12720849.rna.1	1.0000000000	1.0000000000	1.0000000000	1.0000000000	0.9811816054	1.0000000000	0.9250043092	1.0000000000	1.0000000000	1.0000000000	1.0000000000	0.0000000000	1.0000000000	1.0000000000	1.0000000000	1.0000000000	1.0000000000	1.0000000000	1.0000000000	1.0000000000	1.0000000000	1.0000000000	1.0000000000	1.0000000000	1.0000000000	1.0000000000	1.0000000000	1.0000000000	0.9999597350	1.0000000000	1.0000000000	1.0000000000	1.0000000000	1.0000000000	1.0000000000	1.0000000000	1.0000000000	0.9990226830	1.0000000000	1.0000000000	1.0000000000	1.0000000000	1.0000000000	1.0000000000	1.0000000000	1.0000000000	1.0000000000	1.0000000000	1.0000000000	1.0000000000	1.0000000000	1.0000000000	1.0000000000	1.0000000000	1.0000000000	1.0000000000	1.0000000000	1.0000000000	1.0000000000	1.0000000000	1.0000000000	0.9999916926	1.0000000000	1.0000000000	1.0000000000	1.0000000000	1.0000000000	1.0000000000	1.0000000000	1.0000000000	1.0000000000	0.9997449944	0.9999206440	1.0000000000	1.0000000000	1.0000000000	1.0000000000	1.0000000000	1.0000000000	1.0000000000	1.0000000000	1.0000000000	1.0000000000	1.0000000000	1.0000000000	1.0000000000	0.9999996202	1.0000000000	1.0000000000	1.0000000000	1.0000000000	1.0000000000	1.0000000000	1.0000000000	1.0000000000	0.9501585630	1.0000000000	1.0000000000
SRR12641742.rna.1	1.0000000000	1.0000000000	1.0000000000	1.0000000000	1.0000000000	1.0000000000	1.0000000000	1.0000000000	1.0000000000	1.0000000000	1.0000000000	1.0000000000	0.0000000000	1.0000000000	1.0000000000	1.0000000000	1.0000000000	1.0000000000	1.0000000000	1.0000000000	1.0000000000	1.0000000000	1.0000000000	1.0000000000	1.0000000000	1.0000000000	1.0000000000	1.0000000000	1.0000000000	1.0000000000	1.0000000000	1.0000000000	1.0000000000	1.0000000000	1.0000000000	1.0000000000	1.0000000000	1.0000000000	1.0000000000	1.0000000000	1.0000000000	1.0000000000	1.0000000000	1.0000000000	1.0000000000	1.0000000000	1.0000000000	1.0000000000	1.0000000000	1.0000000000	1.0000000000	1.0000000000	1.0000000000	1.0000000000	1.0000000000	0.9995393676	1.0000000000	1.0000000000	1.0000000000	1.0000000000	1.0000000000	1.0000000000	1.0000000000	1.0000000000	1.0000000000	1.0000000000	1.0000000000	1.0000000000	1.0000000000	1.0000000000	1.0000000000	1.0000000000	1.0000000000	1.0000000000	1.0000000000	1.0000000000	1.0000000000	1.0000000000	1.0000000000	1.0000000000	1.0000000000	1.0000000000	1.0000000000	1.0000000000	1.0000000000	1.0000000000	1.0000000000	1.0000000000	1.0000000000	1.0000000000	1.0000000000	1.0000000000	1.0000000000	1.0000000000	1.0000000000	1.0000000000	1.0000000000	1.0000000000
SRR12641768.rna.1	1.0000000000	0.9699503080	1.0000000000	1.0000000000	1.0000000000	1.0000000000	1.0000000000	1.0000000000	1.0000000000	1.0000000000	1.0000000000	1.0000000000	1.0000000000	0.0000000000	1.0000000000	1.0000000000	1.0000000000	1.0000000000	1.0000000000	1.0000000000	1.0000000000	1.0000000000	1.0000000000	1.0000000000	1.0000000000	1.0000000000	1.0000000000	1.0000000000	1.0000000000	1.0000000000	1.0000000000	1.0000000000	1.0000000000	1.0000000000	1.0000000000	1.0000000000	1.0000000000	1.0000000000	1.0000000000	1.0000000000	1.0000000000	1.0000000000	1.0000000000	1.0000000000	1.0000000000	1.0000000000	1.0000000000	1.0000000000	1.0000000000	1.0000000000	1.0000000000	1.0000000000	1.0000000000	1.0000000000	1.0000000000	1.0000000000	1.0000000000	1.0000000000	1.0000000000	1.0000000000	1.0000000000	1.0000000000	1.0000000000	1.0000000000	1.0000000000	1.0000000000	1.0000000000	1.0000000000	0.7889877661	1.0000000000	1.0000000000	1.0000000000	1.0000000000	1.0000000000	1.0000000000	1.0000000000	1.0000000000	1.0000000000	1.0000000000	1.0000000000	1.0000000000	1.0000000000	1.0000000000	0.9979132257	1.0000000000	1.0000000000	1.0000000000	1.0000000000	1.0000000000	1.0000000000	1.0000000000	1.0000000000	1.0000000000	1.0000000000	1.0000000000	1.0000000000	1.0000000000	1.0000000000
SRR12641747.rna.1	1.0000000000	1.0000000000	1.0000000000	1.0000000000	1.0000000000	0.9975050711	1.0000000000	1.0000000000	1.0000000000	1.0000000000	1.0000000000	1.0000000000	1.0000000000	1.0000000000	0.0000000000	1.0000000000	1.0000000000	1.0000000000	1.0000000000	1.0000000000	1.0000000000	1.0000000000	1.0000000000	1.0000000000	1.0000000000	0.9986073122	1.0000000000	1.0000000000	1.0000000000	1.0000000000	1.0000000000	1.0000000000	1.0000000000	1.0000000000	1.0000000000	1.0000000000	1.0000000000	1.0000000000	1.0000000000	1.0000000000	1.0000000000	1.0000000000	1.0000000000	1.0000000000	1.0000000000	1.0000000000	1.0000000000	1.0000000000	1.0000000000	1.0000000000	1.0000000000	1.0000000000	1.0000000000	1.0000000000	1.0000000000	0.9980365282	1.0000000000	1.0000000000	1.0000000000	1.0000000000	1.0000000000	1.0000000000	1.0000000000	1.0000000000	1.0000000000	1.0000000000	1.0000000000	1.0000000000	1.0000000000	1.0000000000	1.0000000000	1.0000000000	1.0000000000	1.0000000000	1.0000000000	1.0000000000	1.0000000000	1.0000000000	1.0000000000	1.0000000000	1.0000000000	1.0000000000	1.0000000000	1.0000000000	1.0000000000	1.0000000000	0.7213708526	1.0000000000	1.0000000000	1.0000000000	1.0000000000	1.0000000000	1.0000000000	1.0000000000	1.0000000000	1.0000000000	1.0000000000	1.0000000000
SRR12641751.rna.1	1.0000000000	1.0000000000	1.0000000000	0.9999993977	1.0000000000	1.0000000000	1.0000000000	1.0000000000	1.0000000000	0.9422691406	1.0000000000	1.0000000000	1.0000000000	1.0000000000	1.0000000000	0.0000000000	1.0000000000	1.0000000000	1.0000000000	1.0000000000	1.0000000000	0.9999991786	1.0000000000	1.0000000000	0.9952275356	1.0000000000	1.0000000000	1.0000000000	0.9574994664	1.0000000000	1.0000000000	1.0000000000	1.0000000000	1.0000000000	1.0000000000	1.0000000000	1.0000000000	1.0000000000	1.0000000000	1.0000000000	1.0000000000	1.0000000000	1.0000000000	1.0000000000	1.0000000000	1.0000000000	1.0000000000	1.0000000000	1.0000000000	1.0000000000	1.0000000000	1.0000000000	1.0000000000	1.0000000000	1.0000000000	0.9861824265	1.0000000000	0.8254949303	1.0000000000	1.0000000000	1.0000000000	0.9971614293	1.0000000000	1.0000000000	1.0000000000	1.0000000000	1.0000000000	1.0000000000	1.0000000000	1.0000000000	1.0000000000	1.0000000000	1.0000000000	1.0000000000	1.0000000000	1.0000000000	0.9767727870	1.0000000000	1.0000000000	1.0000000000	1.0000000000	0.9948907186	1.0000000000	1.0000000000	1.0000000000	1.0000000000	1.0000000000	1.0000000000	1.0000000000	1.0000000000	1.0000000000	1.0000000000	1.0000000000	1.0000000000	1.0000000000	1.0000000000	1.0000000000	1.0000000000
SRR12720817.rna.1	1.0000000000	1.0000000000	1.0000000000	1.0000000000	1.0000000000	1.0000000000	1.0000000000	1.0000000000	0.9945752229	1.0000000000	1.0000000000	1.0000000000	1.0000000000	1.0000000000	1.0000000000	1.0000000000	0.0000000000	1.0000000000	1.0000000000	1.0000000000	1.0000000000	1.0000000000	1.0000000000	1.0000000000	1.0000000000	1.0000000000	1.0000000000	1.0000000000	1.0000000000	1.0000000000	1.0000000000	1.0000000000	0.9865149155	1.0000000000	1.0000000000	1.0000000000	1.0000000000	1.0000000000	1.0000000000	1.0000000000	1.0000000000	1.0000000000	1.0000000000	1.0000000000	1.0000000000	1.0000000000	1.0000000000	1.0000000000	1.0000000000	1.0000000000	1.0000000000	1.0000000000	1.0000000000	1.0000000000	1.0000000000	1.0000000000	1.0000000000	1.0000000000	1.0000000000	1.0000000000	1.0000000000	1.0000000000	1.0000000000	1.0000000000	1.0000000000	1.0000000000	1.0000000000	1.0000000000	1.0000000000	1.0000000000	1.0000000000	1.0000000000	1.0000000000	1.0000000000	1.0000000000	1.0000000000	1.0000000000	1.0000000000	1.0000000000	1.0000000000	1.0000000000	1.0000000000	1.0000000000	1.0000000000	1.0000000000	1.0000000000	1.0000000000	1.0000000000	1.0000000000	1.0000000000	1.0000000000	1.0000000000	1.0000000000	0.9904427107	1.0000000000	1.0000000000	1.0000000000	1.0000000000
SRR12720825.rna.1	1.0000000000	1.0000000000	0.9999073487	1.0000000000	1.0000000000	1.0000000000	1.0000000000	1.0000000000	1.0000000000	1.0000000000	1.0000000000	1.0000000000	1.0000000000	1.0000000000	1.0000000000	1.0000000000	1.0000000000	0.0000000000	1.0000000000	1.0000000000	1.0000000000	1.0000000000	1.0000000000	1.0000000000	0.9999660881	1.0000000000	1.0000000000	0.9999991770	0.9999974390	1.0000000000	0.9998775268	1.0000000000	1.0000000000	0.9999971029	1.0000000000	1.0000000000	1.0000000000	1.0000000000	1.0000000000	1.0000000000	1.0000000000	1.0000000000	1.0000000000	1.0000000000	0.9999102408	1.0000000000	1.0000000000	1.0000000000	1.0000000000	1.0000000000	0.9999622140	0.9996726501	1.0000000000	1.0000000000	1.0000000000	1.0000000000	1.0000000000	1.0000000000	1.0000000000	1.0000000000	1.0000000000	0.9999996794	1.0000000000	1.0000000000	1.0000000000	1.0000000000	1.0000000000	1.0000000000	1.0000000000	1.0000000000	1.0000000000	1.0000000000	1.0000000000	1.0000000000	1.0000000000	1.0000000000	1.0000000000	1.0000000000	1.0000000000	1.0000000000	1.0000000000	1.0000000000	1.0000000000	1.0000000000	1.0000000000	1.0000000000	1.0000000000	1.0000000000	1.0000000000	1.0000000000	0.9999995211	1.0000000000	1.0000000000	1.0000000000	1.0000000000	1.0000000000	1.0000000000	1.0000000000
SRR12720802.rna.1	1.0000000000	1.0000000000	1.0000000000	1.0000000000	1.0000000000	1.0000000000	1.0000000000	1.0000000000	1.0000000000	0.9999804665	1.0000000000	1.0000000000	1.0000000000	1.0000000000	1.0000000000	1.0000000000	1.0000000000	1.0000000000	0.0000000000	1.0000000000	1.0000000000	1.0000000000	1.0000000000	1.0000000000	1.0000000000	1.0000000000	1.0000000000	1.0000000000	0.9999854661	1.0000000000	1.0000000000	1.0000000000	1.0000000000	1.0000000000	1.0000000000	1.0000000000	1.0000000000	1.0000000000	1.0000000000	1.0000000000	1.0000000000	1.0000000000	1.0000000000	1.0000000000	1.0000000000	1.0000000000	1.0000000000	0.9999554270	1.0000000000	1.0000000000	1.0000000000	1.0000000000	1.0000000000	1.0000000000	1.0000000000	1.0000000000	1.0000000000	1.0000000000	1.0000000000	1.0000000000	1.0000000000	1.0000000000	1.0000000000	1.0000000000	0.9961930027	1.0000000000	1.0000000000	1.0000000000	1.0000000000	1.0000000000	1.0000000000	1.0000000000	1.0000000000	1.0000000000	1.0000000000	1.0000000000	1.0000000000	1.0000000000	1.0000000000	1.0000000000	1.0000000000	1.0000000000	1.0000000000	1.0000000000	1.0000000000	1.0000000000	1.0000000000	1.0000000000	1.0000000000	1.0000000000	1.0000000000	1.0000000000	1.0000000000	1.0000000000	1.0000000000	1.0000000000	1.0000000000	1.0000000000
SRR12720844.rna.1	1.0000000000	1.0000000000	1.0000000000	1.0000000000	1.0000000000	1.0000000000	1.0000000000	1.0000000000	1.0000000000	1.0000000000	1.0000000000	1.0000000000	1.0000000000	1.0000000000	1.0000000000	1.0000000000	1.0000000000	1.0000000000	1.0000000000	0.0000000000	1.0000000000	0.8778854775	1.0000000000	1.0000000000	1.0000000000	1.0000000000	1.0000000000	1.0000000000	1.0000000000	1.0000000000	1.0000000000	1.0000000000	1.0000000000	1.0000000000	1.0000000000	1.0000000000	0.9749699599	1.0000000000	0.9563757937	1.0000000000	1.0000000000	1.0000000000	1.0000000000	1.0000000000	1.0000000000	1.0000000000	1.0000000000	1.0000000000	1.0000000000	1.0000000000	1.0000000000	1.0000000000	1.0000000000	1.0000000000	1.0000000000	1.0000000000	0.9999768647	1.0000000000	1.0000000000	1.0000000000	1.0000000000	1.0000000000	1.0000000000	1.0000000000	1.0000000000	1.0000000000	1.0000000000	1.0000000000	1.0000000000	1.0000000000	1.0000000000	1.0000000000	1.0000000000	1.0000000000	1.0000000000	1.0000000000	1.0000000000	1.0000000000	1.0000000000	1.0000000000	1.0000000000	1.0000000000	1.0000000000	1.0000000000	1.0000000000	1.0000000000	1.0000000000	1.0000000000	0.9963171945	1.0000000000	0.9995826510	1.0000000000	0.9879152031	1.0000000000	1.0000000000	1.0000000000	1.0000000000	1.0000000000
SRR12720837.rna.1	1.0000000000	1.0000000000	0.8228657054	1.0000000000	1.0000000000	1.0000000000	1.0000000000	1.0000000000	1.0000000000	1.0000000000	1.0000000000	1.0000000000	1.0000000000	1.0000000000	1.0000000000	1.0000000000	1.0000000000	1.0000000000	1.0000000000	1.0000000000	0.0000000000	1.0000000000	1.0000000000	1.0000000000	0.9999861946	1.0000000000	1.0000000000	1.0000000000	0.9965213130	1.0000000000	0.9995694248	1.0000000000	1.0000000000	1.0000000000	0.9117450980	1.0000000000	1.0000000000	0.9986926648	1.0000000000	1.0000000000	0.9999943438	1.0000000000	0.9903845262	1.0000000000	1.0000000000	1.0000000000	1.0000000000	1.0000000000	1.0000000000	0.9994186484	0.9993140378	0.9996087472	1.0000000000	1.0000000000	1.0000000000	1.0000000000	1.0000000000	1.0000000000	1.0000000000	1.0000000000	1.0000000000	0.9942719586	1.0000000000	1.0000000000	1.0000000000	1.0000000000	1.0000000000	1.0000000000	1.0000000000	1.0000000000	1.0000000000	1.0000000000	1.0000000000	1.0000000000	1.0000000000	1.0000000000	1.0000000000	0.9882439316	1.0000000000	1.0000000000	1.0000000000	0.9917282306	1.0000000000	1.0000000000	1.0000000000	0.9956412236	1.0000000000	1.0000000000	1.0000000000	1.0000000000	1.0000000000	1.0000000000	0.9998782564	1.0000000000	1.0000000000	1.0000000000	1.0000000000	1.0000000000
SRR12720827.rna.1	1.0000000000	1.0000000000	1.0000000000	1.0000000000	1.0000000000	1.0000000000	1.0000000000	1.0000000000	1.0000000000	1.0000000000	1.0000000000	1.0000000000	1.0000000000	1.0000000000	1.0000000000	0.9999991786	1.0000000000	1.0000000000	1.0000000000	0.8778854775	1.0000000000	0.0000000000	0.9996211507	1.0000000000	0.9999996426	1.0000000000	1.0000000000	1.0000000000	0.9999804022	1.0000000000	1.0000000000	1.0000000000	1.0000000000	1.0000000000	1.0000000000	1.0000000000	0.7256264568	1.0000000000	1.0000000000	1.0000000000	1.0000000000	1.0000000000	1.0000000000	1.0000000000	1.0000000000	1.0000000000	1.0000000000	1.0000000000	1.0000000000	1.0000000000	1.0000000000	1.0000000000	1.0000000000	1.0000000000	1.0000000000	1.0000000000	0.9999485121	1.0000000000	1.0000000000	1.0000000000	1.0000000000	0.9999918417	1.0000000000	1.0000000000	1.0000000000	1.0000000000	1.0000000000	1.0000000000	1.0000000000	1.0000000000	1.0000000000	1.0000000000	1.0000000000	0.9999084406	1.0000000000	1.0000000000	1.0000000000	1.0000000000	1.0000000000	1.0000000000	1.0000000000	1.0000000000	1.0000000000	1.0000000000	1.0000000000	1.0000000000	1.0000000000	1.0000000000	0.8978846870	1.0000000000	0.9853259464	1.0000000000	0.9653883307	1.0000000000	1.0000000000	1.0000000000	1.0000000000	1.0000000000
SRR12720793.rna.1	1.0000000000	1.0000000000	1.0000000000	1.0000000000	1.0000000000	1.0000000000	1.0000000000	1.0000000000	1.0000000000	1.0000000000	1.0000000000	1.0000000000	1.0000000000	1.0000000000	1.0000000000	1.0000000000	1.0000000000	1.0000000000	1.0000000000	1.0000000000	1.0000000000	0.9996211507	0.0000000000	1.0000000000	1.0000000000	1.0000000000	1.0000000000	1.0000000000	1.0000000000	1.0000000000	1.0000000000	1.0000000000	1.0000000000	1.0000000000	1.0000000000	1.0000000000	1.0000000000	1.0000000000	1.0000000000	1.0000000000	1.0000000000	1.0000000000	1.0000000000	1.0000000000	1.0000000000	1.0000000000	1.0000000000	1.0000000000	1.0000000000	1.0000000000	1.0000000000	1.0000000000	1.0000000000	0.9933938644	1.0000000000	1.0000000000	1.0000000000	1.0000000000	1.0000000000	1.0000000000	1.0000000000	1.0000000000	1.0000000000	1.0000000000	1.0000000000	1.0000000000	1.0000000000	1.0000000000	1.0000000000	1.0000000000	1.0000000000	1.0000000000	1.0000000000	1.0000000000	1.0000000000	1.0000000000	1.0000000000	1.0000000000	1.0000000000	1.0000000000	1.0000000000	1.0000000000	1.0000000000	1.0000000000	1.0000000000	1.0000000000	1.0000000000	1.0000000000	1.0000000000	1.0000000000	0.9995324727	1.0000000000	1.0000000000	1.0000000000	1.0000000000	1.0000000000	1.0000000000	1.0000000000
SRR12641748.rna.1	1.0000000000	1.0000000000	1.0000000000	1.0000000000	1.0000000000	1.0000000000	1.0000000000	1.0000000000	1.0000000000	1.0000000000	1.0000000000	1.0000000000	1.0000000000	1.0000000000	1.0000000000	1.0000000000	1.0000000000	1.0000000000	1.0000000000	1.0000000000	1.0000000000	1.0000000000	1.0000000000	0.0000000000	1.0000000000	1.0000000000	1.0000000000	0.9871410176	1.0000000000	1.0000000000	1.0000000000	1.0000000000	1.0000000000	0.9994715651	1.0000000000	1.0000000000	1.0000000000	1.0000000000	1.0000000000	1.0000000000	1.0000000000	1.0000000000	1.0000000000	1.0000000000	1.0000000000	1.0000000000	1.0000000000	1.0000000000	1.0000000000	1.0000000000	1.0000000000	1.0000000000	1.0000000000	1.0000000000	1.0000000000	1.0000000000	1.0000000000	1.0000000000	1.0000000000	1.0000000000	1.0000000000	1.0000000000	1.0000000000	1.0000000000	1.0000000000	1.0000000000	1.0000000000	1.0000000000	1.0000000000	1.0000000000	1.0000000000	1.0000000000	1.0000000000	1.0000000000	1.0000000000	0.9977703829	1.0000000000	1.0000000000	1.0000000000	1.0000000000	1.0000000000	1.0000000000	0.9981843229	0.9987579323	1.0000000000	1.0000000000	1.0000000000	1.0000000000	1.0000000000	1.0000000000	1.0000000000	1.0000000000	0.9993151963	1.0000000000	1.0000000000	1.0000000000	1.0000000000	1.0000000000
SRR12641754.rna.1	1.0000000000	1.0000000000	1.0000000000	0.9999999074	1.0000000000	1.0000000000	1.0000000000	1.0000000000	1.0000000000	0.9999839406	1.0000000000	1.0000000000	1.0000000000	1.0000000000	1.0000000000	0.9952275356	1.0000000000	0.9999660881	1.0000000000	1.0000000000	0.9999861946	0.9999996426	1.0000000000	1.0000000000	0.0000000000	0.9999004713	1.0000000000	1.0000000000	0.9999433397	1.0000000000	0.9974897255	1.0000000000	1.0000000000	0.9999822177	0.9999879116	1.0000000000	1.0000000000	1.0000000000	1.0000000000	1.0000000000	1.0000000000	1.0000000000	1.0000000000	1.0000000000	1.0000000000	1.0000000000	1.0000000000	1.0000000000	1.0000000000	1.0000000000	0.9970161908	0.9984451257	1.0000000000	1.0000000000	1.0000000000	0.9956271839	1.0000000000	0.9974376186	1.0000000000	1.0000000000	1.0000000000	0.9999898990	0.9999949404	1.0000000000	0.9999930663	1.0000000000	1.0000000000	1.0000000000	1.0000000000	1.0000000000	1.0000000000	1.0000000000	1.0000000000	1.0000000000	1.0000000000	1.0000000000	0.9803369785	1.0000000000	1.0000000000	1.0000000000	1.0000000000	0.9963784156	1.0000000000	1.0000000000	1.0000000000	0.9955364492	1.0000000000	1.0000000000	1.0000000000	1.0000000000	0.9999899667	0.9942954276	0.9999999014	1.0000000000	1.0000000000	1.0000000000	1.0000000000	1.0000000000
SRR12720815.rna.1	1.0000000000	1.0000000000	1.0000000000	1.0000000000	1.0000000000	1.0000000000	1.0000000000	1.0000000000	1.0000000000	1.0000000000	1.0000000000	1.0000000000	1.0000000000	1.0000000000	0.9986073122	1.0000000000	1.0000000000	1.0000000000	1.0000000000	1.0000000000	1.0000000000	1.0000000000	1.0000000000	1.0000000000	0.9999004713	0.0000000000	1.0000000000	1.0000000000	1.0000000000	1.0000000000	1.0000000000	1.0000000000	1.0000000000	1.0000000000	1.0000000000	0.9850220791	1.0000000000	1.0000000000	1.0000000000	1.0000000000	1.0000000000	1.0000000000	1.0000000000	1.0000000000	1.0000000000	1.0000000000	1.0000000000	1.0000000000	0.9911205577	1.0000000000	1.0000000000	1.0000000000	1.0000000000	1.0000000000	1.0000000000	0.9937979442	1.0000000000	1.0000000000	0.9986733292	1.0000000000	1.0000000000	1.0000000000	1.0000000000	1.0000000000	1.0000000000	1.0000000000	1.0000000000	0.9999674391	1.0000000000	1.0000000000	1.0000000000	1.0000000000	1.0000000000	1.0000000000	1.0000000000	1.0000000000	0.9973040432	1.0000000000	1.0000000000	1.0000000000	1.0000000000	1.0000000000	1.0000000000	1.0000000000	1.0000000000	0.9982680235	0.9990248560	1.0000000000	1.0000000000	1.0000000000	1.0000000000	1.0000000000	1.0000000000	1.0000000000	1.0000000000	1.0000000000	1.0000000000	1.0000000000
SRR12720807.rna.1	1.0000000000	1.0000000000	1.0000000000	1.0000000000	1.0000000000	1.0000000000	1.0000000000	1.0000000000	1.0000000000	1.0000000000	1.0000000000	1.0000000000	1.0000000000	1.0000000000	1.0000000000	1.0000000000	1.0000000000	1.0000000000	1.0000000000	1.0000000000	1.0000000000	1.0000000000	1.0000000000	1.0000000000	1.0000000000	1.0000000000	0.0000000000	1.0000000000	1.0000000000	1.0000000000	1.0000000000	1.0000000000	1.0000000000	1.0000000000	1.0000000000	1.0000000000	1.0000000000	1.0000000000	1.0000000000	1.0000000000	1.0000000000	1.0000000000	1.0000000000	1.0000000000	1.0000000000	1.0000000000	1.0000000000	1.0000000000	1.0000000000	1.0000000000	1.0000000000	1.0000000000	1.0000000000	1.0000000000	1.0000000000	0.9999183261	1.0000000000	1.0000000000	1.0000000000	1.0000000000	1.0000000000	1.0000000000	1.0000000000	0.9823265668	1.0000000000	1.0000000000	1.0000000000	1.0000000000	1.0000000000	1.0000000000	1.0000000000	1.0000000000	1.0000000000	1.0000000000	1.0000000000	1.0000000000	0.9999837489	1.0000000000	1.0000000000	1.0000000000	1.0000000000	1.0000000000	1.0000000000	1.0000000000	1.0000000000	1.0000000000	1.0000000000	1.0000000000	1.0000000000	1.0000000000	1.0000000000	1.0000000000	1.0000000000	1.0000000000	1.0000000000	1.0000000000	1.0000000000	1.0000000000
SRR12720824.rna.1	1.0000000000	1.0000000000	1.0000000000	1.0000000000	1.0000000000	1.0000000000	1.0000000000	1.0000000000	1.0000000000	0.9999507183	1.0000000000	1.0000000000	1.0000000000	1.0000000000	1.0000000000	1.0000000000	1.0000000000	0.9999991770	1.0000000000	1.0000000000	1.0000000000	1.0000000000	1.0000000000	0.9871410176	1.0000000000	1.0000000000	1.0000000000	0.0000000000	1.0000000000	1.0000000000	0.9999918564	1.0000000000	1.0000000000	0.9999997624	1.0000000000	1.0000000000	1.0000000000	1.0000000000	1.0000000000	1.0000000000	1.0000000000	1.0000000000	1.0000000000	1.0000000000	0.9999246556	1.0000000000	1.0000000000	0.9999998386	1.0000000000	1.0000000000	1.0000000000	0.9998224808	1.0000000000	1.0000000000	1.0000000000	1.0000000000	1.0000000000	1.0000000000	1.0000000000	1.0000000000	1.0000000000	1.0000000000	1.0000000000	1.0000000000	1.0000000000	1.0000000000	1.0000000000	1.0000000000	1.0000000000	1.0000000000	1.0000000000	1.0000000000	1.0000000000	1.0000000000	1.0000000000	0.9923863739	1.0000000000	1.0000000000	1.0000000000	1.0000000000	0.9999152142	1.0000000000	1.0000000000	1.0000000000	1.0000000000	1.0000000000	1.0000000000	1.0000000000	1.0000000000	1.0000000000	0.9999991213	1.0000000000	1.0000000000	1.0000000000	1.0000000000	1.0000000000	1.0000000000	1.0000000000
SRR12720796.rna.1	1.0000000000	1.0000000000	0.9955447778	0.9999779318	1.0000000000	1.0000000000	0.9982688588	1.0000000000	1.0000000000	0.9795371604	1.0000000000	0.9999597350	1.0000000000	1.0000000000	1.0000000000	0.9574994664	1.0000000000	0.9999974390	0.9999854661	1.0000000000	0.9965213130	0.9999804022	1.0000000000	1.0000000000	0.9999433397	1.0000000000	1.0000000000	1.0000000000	0.0000000000	1.0000000000	0.9987578449	1.0000000000	1.0000000000	1.0000000000	0.9969741722	1.0000000000	1.0000000000	0.9996920230	0.9997381752	1.0000000000	1.0000000000	1.0000000000	0.9990960953	1.0000000000	1.0000000000	1.0000000000	1.0000000000	0.9999788790	1.0000000000	0.9996059383	0.9986124674	0.9973657971	1.0000000000	1.0000000000	1.0000000000	0.9996263413	1.0000000000	0.9970586814	1.0000000000	1.0000000000	1.0000000000	0.9092616728	0.9985257952	1.0000000000	1.0000000000	1.0000000000	1.0000000000	1.0000000000	1.0000000000	1.0000000000	1.0000000000	1.0000000000	1.0000000000	1.0000000000	1.0000000000	1.0000000000	0.9999555730	0.9997371462	1.0000000000	1.0000000000	1.0000000000	1.0000000000	1.0000000000	0.9999879729	1.0000000000	1.0000000000	0.9999723828	1.0000000000	1.0000000000	1.0000000000	1.0000000000	1.0000000000	0.9999955395	1.0000000000	1.0000000000	1.0000000000	1.0000000000	1.0000000000
SRR12720847.rna.1	1.0000000000	1.0000000000	1.0000000000	1.0000000000	1.0000000000	1.0000000000	1.0000000000	1.0000000000	1.0000000000	1.0000000000	1.0000000000	1.0000000000	1.0000000000	1.0000000000	1.0000000000	1.0000000000	1.0000000000	1.0000000000	1.0000000000	1.0000000000	1.0000000000	1.0000000000	1.0000000000	1.0000000000	1.0000000000	1.0000000000	1.0000000000	1.0000000000	1.0000000000	0.0000000000	1.0000000000	1.0000000000	1.0000000000	1.0000000000	1.0000000000	1.0000000000	1.0000000000	1.0000000000	1.0000000000	1.0000000000	1.0000000000	1.0000000000	1.0000000000	1.0000000000	1.0000000000	1.0000000000	1.0000000000	1.0000000000	1.0000000000	1.0000000000	1.0000000000	1.0000000000	1.0000000000	1.0000000000	1.0000000000	1.0000000000	1.0000000000	1.0000000000	0.9945347226	0.9763998688	1.0000000000	1.0000000000	1.0000000000	1.0000000000	0.9999222568	1.0000000000	1.0000000000	1.0000000000	1.0000000000	0.9998872443	1.0000000000	1.0000000000	1.0000000000	1.0000000000	1.0000000000	1.0000000000	1.0000000000	1.0000000000	0.9954342581	1.0000000000	1.0000000000	1.0000000000	1.0000000000	1.0000000000	1.0000000000	1.0000000000	1.0000000000	0.9939138445	1.0000000000	1.0000000000	1.0000000000	1.0000000000	1.0000000000	1.0000000000	1.0000000000	1.0000000000	1.0000000000	1.0000000000
SRR12641749.rna.1	1.0000000000	1.0000000000	0.9957736147	1.0000000000	0.9998250604	1.0000000000	1.0000000000	1.0000000000	1.0000000000	0.9842220299	1.0000000000	1.0000000000	1.0000000000	1.0000000000	1.0000000000	1.0000000000	1.0000000000	0.9998775268	1.0000000000	1.0000000000	0.9995694248	1.0000000000	1.0000000000	1.0000000000	0.9974897255	1.0000000000	1.0000000000	0.9999918564	0.9987578449	1.0000000000	0.0000000000	1.0000000000	1.0000000000	0.9998739674	0.9996342576	1.0000000000	1.0000000000	1.0000000000	1.0000000000	1.0000000000	1.0000000000	1.0000000000	0.9999415063	1.0000000000	0.9741298046	1.0000000000	1.0000000000	0.9999847767	1.0000000000	0.9999469225	0.9308295367	0.8694431981	0.9999472646	1.0000000000	1.0000000000	1.0000000000	1.0000000000	1.0000000000	1.0000000000	1.0000000000	1.0000000000	0.9997494237	0.9998813441	0.9999714697	1.0000000000	1.0000000000	1.0000000000	1.0000000000	1.0000000000	1.0000000000	1.0000000000	1.0000000000	1.0000000000	1.0000000000	1.0000000000	1.0000000000	1.0000000000	0.9999517763	1.0000000000	1.0000000000	1.0000000000	1.0000000000	1.0000000000	1.0000000000	1.0000000000	1.0000000000	1.0000000000	1.0000000000	1.0000000000	1.0000000000	0.9999709675	1.0000000000	1.0000000000	1.0000000000	1.0000000000	1.0000000000	1.0000000000	1.0000000000
SRR12720804.rna.1	1.0000000000	1.0000000000	1.0000000000	1.0000000000	1.0000000000	1.0000000000	1.0000000000	1.0000000000	1.0000000000	1.0000000000	1.0000000000	1.0000000000	1.0000000000	1.0000000000	1.0000000000	1.0000000000	1.0000000000	1.0000000000	1.0000000000	1.0000000000	1.0000000000	1.0000000000	1.0000000000	1.0000000000	1.0000000000	1.0000000000	1.0000000000	1.0000000000	1.0000000000	1.0000000000	1.0000000000	0.0000000000	1.0000000000	1.0000000000	1.0000000000	1.0000000000	1.0000000000	1.0000000000	1.0000000000	1.0000000000	1.0000000000	1.0000000000	1.0000000000	1.0000000000	1.0000000000	1.0000000000	1.0000000000	1.0000000000	1.0000000000	1.0000000000	1.0000000000	1.0000000000	1.0000000000	1.0000000000	1.0000000000	1.0000000000	1.0000000000	1.0000000000	1.0000000000	1.0000000000	1.0000000000	1.0000000000	1.0000000000	1.0000000000	1.0000000000	1.0000000000	1.0000000000	1.0000000000	1.0000000000	1.0000000000	1.0000000000	1.0000000000	1.0000000000	0.9998723724	1.0000000000	1.0000000000	1.0000000000	1.0000000000	1.0000000000	1.0000000000	1.0000000000	1.0000000000	1.0000000000	1.0000000000	1.0000000000	1.0000000000	1.0000000000	1.0000000000	1.0000000000	1.0000000000	1.0000000000	1.0000000000	1.0000000000	1.0000000000	1.0000000000	1.0000000000	1.0000000000	1.0000000000
SRR12641757.rna.1	1.0000000000	1.0000000000	1.0000000000	1.0000000000	1.0000000000	1.0000000000	1.0000000000	1.0000000000	0.9950921511	1.0000000000	1.0000000000	1.0000000000	1.0000000000	1.0000000000	1.0000000000	1.0000000000	0.9865149155	1.0000000000	1.0000000000	1.0000000000	1.0000000000	1.0000000000	1.0000000000	1.0000000000	1.0000000000	1.0000000000	1.0000000000	1.0000000000	1.0000000000	1.0000000000	1.0000000000	1.0000000000	0.0000000000	1.0000000000	1.0000000000	1.0000000000	1.0000000000	1.0000000000	1.0000000000	1.0000000000	1.0000000000	1.0000000000	1.0000000000	1.0000000000	1.0000000000	1.0000000000	1.0000000000	1.0000000000	1.0000000000	1.0000000000	1.0000000000	1.0000000000	1.0000000000	1.0000000000	1.0000000000	1.0000000000	1.0000000000	1.0000000000	0.9998378099	1.0000000000	1.0000000000	1.0000000000	1.0000000000	1.0000000000	1.0000000000	0.9900516487	1.0000000000	1.0000000000	1.0000000000	1.0000000000	1.0000000000	1.0000000000	1.0000000000	1.0000000000	1.0000000000	1.0000000000	1.0000000000	1.0000000000	1.0000000000	1.0000000000	1.0000000000	1.0000000000	1.0000000000	1.0000000000	1.0000000000	1.0000000000	1.0000000000	1.0000000000	1.0000000000	1.0000000000	1.0000000000	1.0000000000	1.0000000000	0.9999974841	1.0000000000	1.0000000000	1.0000000000	1.0000000000
SRR12720826.rna.1	1.0000000000	1.0000000000	1.0000000000	1.0000000000	1.0000000000	1.0000000000	1.0000000000	1.0000000000	1.0000000000	1.0000000000	1.0000000000	1.0000000000	1.0000000000	1.0000000000	1.0000000000	1.0000000000	1.0000000000	0.9999971029	1.0000000000	1.0000000000	1.0000000000	1.0000000000	1.0000000000	0.9994715651	0.9999822177	1.0000000000	1.0000000000	0.9999997624	1.0000000000	1.0000000000	0.9998739674	1.0000000000	1.0000000000	0.0000000000	1.0000000000	1.0000000000	1.0000000000	1.0000000000	1.0000000000	1.0000000000	1.0000000000	1.0000000000	1.0000000000	1.0000000000	0.9999554836	1.0000000000	1.0000000000	1.0000000000	1.0000000000	1.0000000000	0.9999781610	0.9996888137	1.0000000000	1.0000000000	1.0000000000	1.0000000000	1.0000000000	1.0000000000	1.0000000000	1.0000000000	1.0000000000	1.0000000000	1.0000000000	1.0000000000	0.9995415602	1.0000000000	1.0000000000	1.0000000000	1.0000000000	1.0000000000	1.0000000000	1.0000000000	1.0000000000	1.0000000000	1.0000000000	0.9821230098	1.0000000000	1.0000000000	1.0000000000	1.0000000000	1.0000000000	1.0000000000	1.0000000000	1.0000000000	1.0000000000	1.0000000000	1.0000000000	1.0000000000	1.0000000000	1.0000000000	0.9999995354	1.0000000000	1.0000000000	1.0000000000	1.0000000000	1.0000000000	1.0000000000	0.9989392187
SRR12720838.rna.1	1.0000000000	1.0000000000	0.9885146876	1.0000000000	1.0000000000	1.0000000000	1.0000000000	1.0000000000	1.0000000000	1.0000000000	1.0000000000	1.0000000000	1.0000000000	1.0000000000	1.0000000000	1.0000000000	1.0000000000	1.0000000000	1.0000000000	1.0000000000	0.9117450980	1.0000000000	1.0000000000	1.0000000000	0.9999879116	1.0000000000	1.0000000000	1.0000000000	0.9969741722	1.0000000000	0.9996342576	1.0000000000	1.0000000000	1.0000000000	0.0000000000	1.0000000000	1.0000000000	0.9995897054	1.0000000000	1.0000000000	0.9999582660	1.0000000000	0.9774456542	1.0000000000	1.0000000000	1.0000000000	1.0000000000	1.0000000000	1.0000000000	0.9994336172	0.9994654804	0.9996666669	1.0000000000	1.0000000000	1.0000000000	1.0000000000	1.0000000000	1.0000000000	1.0000000000	1.0000000000	1.0000000000	0.9658946193	1.0000000000	1.0000000000	1.0000000000	1.0000000000	1.0000000000	1.0000000000	1.0000000000	1.0000000000	1.0000000000	1.0000000000	1.0000000000	1.0000000000	1.0000000000	1.0000000000	1.0000000000	0.9993519869	1.0000000000	1.0000000000	1.0000000000	1.0000000000	1.0000000000	1.0000000000	1.0000000000	1.0000000000	1.0000000000	1.0000000000	1.0000000000	1.0000000000	1.0000000000	1.0000000000	0.9999916392	1.0000000000	1.0000000000	1.0000000000	1.0000000000	1.0000000000
SRR12720857.rna.1	1.0000000000	1.0000000000	1.0000000000	1.0000000000	1.0000000000	1.0000000000	1.0000000000	1.0000000000	1.0000000000	1.0000000000	1.0000000000	1.0000000000	1.0000000000	1.0000000000	1.0000000000	1.0000000000	1.0000000000	1.0000000000	1.0000000000	1.0000000000	1.0000000000	1.0000000000	1.0000000000	1.0000000000	1.0000000000	0.9850220791	1.0000000000	1.0000000000	1.0000000000	1.0000000000	1.0000000000	1.0000000000	1.0000000000	1.0000000000	1.0000000000	0.0000000000	1.0000000000	1.0000000000	1.0000000000	1.0000000000	1.0000000000	1.0000000000	1.0000000000	1.0000000000	1.0000000000	1.0000000000	1.0000000000	1.0000000000	0.5184970109	1.0000000000	1.0000000000	1.0000000000	1.0000000000	1.0000000000	1.0000000000	1.0000000000	1.0000000000	1.0000000000	0.9641944246	0.9842879363	1.0000000000	1.0000000000	1.0000000000	1.0000000000	1.0000000000	1.0000000000	1.0000000000	0.9993349521	1.0000000000	1.0000000000	1.0000000000	1.0000000000	1.0000000000	1.0000000000	1.0000000000	1.0000000000	1.0000000000	1.0000000000	1.0000000000	1.0000000000	1.0000000000	1.0000000000	1.0000000000	1.0000000000	1.0000000000	1.0000000000	1.0000000000	1.0000000000	1.0000000000	1.0000000000	1.0000000000	1.0000000000	1.0000000000	0.9990050008	1.0000000000	1.0000000000	1.0000000000	1.0000000000
SRR12720853.rna.1	1.0000000000	1.0000000000	1.0000000000	1.0000000000	1.0000000000	1.0000000000	1.0000000000	1.0000000000	1.0000000000	1.0000000000	1.0000000000	1.0000000000	1.0000000000	1.0000000000	1.0000000000	1.0000000000	1.0000000000	1.0000000000	1.0000000000	0.9749699599	1.0000000000	0.7256264568	1.0000000000	1.0000000000	1.0000000000	1.0000000000	1.0000000000	1.0000000000	1.0000000000	1.0000000000	1.0000000000	1.0000000000	1.0000000000	1.0000000000	1.0000000000	1.0000000000	0.0000000000	1.0000000000	1.0000000000	1.0000000000	1.0000000000	1.0000000000	1.0000000000	1.0000000000	1.0000000000	1.0000000000	1.0000000000	1.0000000000	1.0000000000	1.0000000000	1.0000000000	1.0000000000	1.0000000000	1.0000000000	1.0000000000	1.0000000000	0.9999414634	1.0000000000	1.0000000000	1.0000000000	1.0000000000	1.0000000000	1.0000000000	1.0000000000	1.0000000000	1.0000000000	1.0000000000	1.0000000000	1.0000000000	1.0000000000	1.0000000000	1.0000000000	1.0000000000	0.9999191393	1.0000000000	1.0000000000	1.0000000000	1.0000000000	1.0000000000	1.0000000000	1.0000000000	1.0000000000	1.0000000000	1.0000000000	1.0000000000	1.0000000000	1.0000000000	1.0000000000	0.9036885387	1.0000000000	0.9554159200	1.0000000000	0.9447995787	1.0000000000	1.0000000000	1.0000000000	1.0000000000	1.0000000000
SRR12641762.rna.1	1.0000000000	1.0000000000	1.0000000000	1.0000000000	0.9996949939	1.0000000000	0.9646716169	1.0000000000	1.0000000000	1.0000000000	1.0000000000	0.9990226830	1.0000000000	1.0000000000	1.0000000000	1.0000000000	1.0000000000	1.0000000000	1.0000000000	1.0000000000	0.9986926648	1.0000000000	1.0000000000	1.0000000000	1.0000000000	1.0000000000	1.0000000000	1.0000000000	0.9996920230	1.0000000000	1.0000000000	1.0000000000	1.0000000000	1.0000000000	0.9995897054	1.0000000000	1.0000000000	0.0000000000	1.0000000000	1.0000000000	1.0000000000	1.0000000000	0.9956277135	1.0000000000	1.0000000000	1.0000000000	1.0000000000	1.0000000000	1.0000000000	1.0000000000	1.0000000000	1.0000000000	1.0000000000	1.0000000000	1.0000000000	1.0000000000	1.0000000000	1.0000000000	1.0000000000	1.0000000000	1.0000000000	0.9981992767	1.0000000000	1.0000000000	1.0000000000	1.0000000000	1.0000000000	1.0000000000	1.0000000000	1.0000000000	1.0000000000	0.9852044423	0.9919142229	1.0000000000	1.0000000000	1.0000000000	1.0000000000	0.9952102605	1.0000000000	1.0000000000	1.0000000000	1.0000000000	1.0000000000	1.0000000000	1.0000000000	1.0000000000	1.0000000000	1.0000000000	1.0000000000	1.0000000000	1.0000000000	1.0000000000	0.9999687723	1.0000000000	1.0000000000	0.9997308578	1.0000000000	1.0000000000
SRR12720811.rna.1	1.0000000000	1.0000000000	1.0000000000	1.0000000000	1.0000000000	1.0000000000	0.9958320708	1.0000000000	1.0000000000	1.0000000000	1.0000000000	1.0000000000	1.0000000000	1.0000000000	1.0000000000	1.0000000000	1.0000000000	1.0000000000	1.0000000000	0.9563757937	1.0000000000	1.0000000000	1.0000000000	1.0000000000	1.0000000000	1.0000000000	1.0000000000	1.0000000000	0.9997381752	1.0000000000	1.0000000000	1.0000000000	1.0000000000	1.0000000000	1.0000000000	1.0000000000	1.0000000000	1.0000000000	0.0000000000	1.0000000000	1.0000000000	1.0000000000	1.0000000000	1.0000000000	1.0000000000	1.0000000000	1.0000000000	1.0000000000	1.0000000000	1.0000000000	1.0000000000	1.0000000000	1.0000000000	1.0000000000	1.0000000000	1.0000000000	1.0000000000	1.0000000000	1.0000000000	1.0000000000	1.0000000000	0.9999375651	1.0000000000	1.0000000000	1.0000000000	1.0000000000	1.0000000000	1.0000000000	1.0000000000	1.0000000000	1.0000000000	0.9997018443	0.9965680656	1.0000000000	1.0000000000	1.0000000000	1.0000000000	1.0000000000	1.0000000000	1.0000000000	1.0000000000	1.0000000000	1.0000000000	1.0000000000	1.0000000000	1.0000000000	1.0000000000	1.0000000000	1.0000000000	1.0000000000	1.0000000000	1.0000000000	1.0000000000	1.0000000000	1.0000000000	1.0000000000	1.0000000000	1.0000000000
SRR12641744.rna.1	0.9863839998	1.0000000000	1.0000000000	1.0000000000	1.0000000000	1.0000000000	1.0000000000	1.0000000000	1.0000000000	1.0000000000	1.0000000000	1.0000000000	1.0000000000	1.0000000000	1.0000000000	1.0000000000	1.0000000000	1.0000000000	1.0000000000	1.0000000000	1.0000000000	1.0000000000	1.0000000000	1.0000000000	1.0000000000	1.0000000000	1.0000000000	1.0000000000	1.0000000000	1.0000000000	1.0000000000	1.0000000000	1.0000000000	1.0000000000	1.0000000000	1.0000000000	1.0000000000	1.0000000000	1.0000000000	0.0000000000	0.9952296312	1.0000000000	1.0000000000	1.0000000000	1.0000000000	1.0000000000	1.0000000000	1.0000000000	1.0000000000	1.0000000000	1.0000000000	1.0000000000	0.9977589323	1.0000000000	1.0000000000	1.0000000000	1.0000000000	1.0000000000	1.0000000000	1.0000000000	0.9906869904	1.0000000000	1.0000000000	1.0000000000	1.0000000000	1.0000000000	1.0000000000	1.0000000000	1.0000000000	1.0000000000	1.0000000000	1.0000000000	1.0000000000	1.0000000000	1.0000000000	1.0000000000	1.0000000000	1.0000000000	1.0000000000	1.0000000000	1.0000000000	1.0000000000	1.0000000000	1.0000000000	0.9999556900	1.0000000000	1.0000000000	1.0000000000	1.0000000000	1.0000000000	1.0000000000	1.0000000000	1.0000000000	1.0000000000	1.0000000000	1.0000000000	1.0000000000	1.0000000000
SRR12720831.rna.1	1.0000000000	1.0000000000	1.0000000000	1.0000000000	1.0000000000	1.0000000000	1.0000000000	1.0000000000	1.0000000000	1.0000000000	1.0000000000	1.0000000000	1.0000000000	1.0000000000	1.0000000000	1.0000000000	1.0000000000	1.0000000000	1.0000000000	1.0000000000	0.9999943438	1.0000000000	1.0000000000	1.0000000000	1.0000000000	1.0000000000	1.0000000000	1.0000000000	1.0000000000	1.0000000000	1.0000000000	1.0000000000	1.0000000000	1.0000000000	0.9999582660	1.0000000000	1.0000000000	1.0000000000	1.0000000000	0.9952296312	0.0000000000	1.0000000000	0.9995287814	1.0000000000	1.0000000000	1.0000000000	1.0000000000	1.0000000000	1.0000000000	0.9999836690	1.0000000000	1.0000000000	0.9784116770	1.0000000000	1.0000000000	1.0000000000	1.0000000000	1.0000000000	1.0000000000	1.0000000000	1.0000000000	0.9999963988	0.9953596452	1.0000000000	1.0000000000	1.0000000000	1.0000000000	1.0000000000	1.0000000000	1.0000000000	1.0000000000	0.9998949365	1.0000000000	1.0000000000	1.0000000000	1.0000000000	1.0000000000	0.9995832001	1.0000000000	1.0000000000	1.0000000000	1.0000000000	1.0000000000	1.0000000000	0.9960358938	0.9998760915	1.0000000000	1.0000000000	1.0000000000	1.0000000000	1.0000000000	0.9986171169	0.9999999088	1.0000000000	0.9993156987	1.0000000000	1.0000000000	1.0000000000
SRR12720843.rna.1	1.0000000000	1.0000000000	1.0000000000	1.0000000000	1.0000000000	1.0000000000	1.0000000000	1.0000000000	1.0000000000	1.0000000000	1.0000000000	1.0000000000	1.0000000000	1.0000000000	1.0000000000	1.0000000000	1.0000000000	1.0000000000	1.0000000000	1.0000000000	1.0000000000	1.0000000000	1.0000000000	1.0000000000	1.0000000000	1.0000000000	1.0000000000	1.0000000000	1.0000000000	1.0000000000	1.0000000000	1.0000000000	1.0000000000	1.0000000000	1.0000000000	1.0000000000	1.0000000000	1.0000000000	1.0000000000	1.0000000000	1.0000000000	0.0000000000	1.0000000000	1.0000000000	1.0000000000	1.0000000000	0.9904124102	1.0000000000	1.0000000000	1.0000000000	1.0000000000	1.0000000000	1.0000000000	1.0000000000	1.0000000000	1.0000000000	1.0000000000	1.0000000000	1.0000000000	1.0000000000	1.0000000000	1.0000000000	1.0000000000	1.0000000000	1.0000000000	1.0000000000	1.0000000000	0.9917430230	1.0000000000	1.0000000000	1.0000000000	1.0000000000	1.0000000000	1.0000000000	1.0000000000	1.0000000000	1.0000000000	1.0000000000	1.0000000000	1.0000000000	1.0000000000	1.0000000000	1.0000000000	1.0000000000	1.0000000000	1.0000000000	1.0000000000	1.0000000000	1.0000000000	1.0000000000	1.0000000000	1.0000000000	1.0000000000	1.0000000000	1.0000000000	1.0000000000	1.0000000000	1.0000000000
SRR12720841.rna.1	1.0000000000	1.0000000000	0.9996443829	1.0000000000	1.0000000000	1.0000000000	1.0000000000	1.0000000000	1.0000000000	1.0000000000	1.0000000000	1.0000000000	1.0000000000	1.0000000000	1.0000000000	1.0000000000	1.0000000000	1.0000000000	1.0000000000	1.0000000000	0.9903845262	1.0000000000	1.0000000000	1.0000000000	1.0000000000	1.0000000000	1.0000000000	1.0000000000	0.9990960953	1.0000000000	0.9999415063	1.0000000000	1.0000000000	1.0000000000	0.9774456542	1.0000000000	1.0000000000	0.9956277135	1.0000000000	1.0000000000	0.9995287814	1.0000000000	0.0000000000	1.0000000000	1.0000000000	1.0000000000	1.0000000000	1.0000000000	1.0000000000	0.9786658418	0.9999496128	0.9999418518	1.0000000000	1.0000000000	1.0000000000	1.0000000000	1.0000000000	1.0000000000	1.0000000000	1.0000000000	1.0000000000	0.9975474035	1.0000000000	1.0000000000	1.0000000000	1.0000000000	1.0000000000	1.0000000000	1.0000000000	1.0000000000	1.0000000000	0.9173103896	1.0000000000	1.0000000000	1.0000000000	1.0000000000	1.0000000000	0.4626842075	1.0000000000	1.0000000000	1.0000000000	1.0000000000	1.0000000000	1.0000000000	1.0000000000	0.9727724139	1.0000000000	1.0000000000	1.0000000000	1.0000000000	1.0000000000	1.0000000000	0.9999508938	0.9997253312	1.0000000000	1.0000000000	1.0000000000	1.0000000000
SRR12720813.rna.1	1.0000000000	1.0000000000	1.0000000000	1.0000000000	1.0000000000	1.0000000000	1.0000000000	1.0000000000	1.0000000000	1.0000000000	1.0000000000	1.0000000000	1.0000000000	1.0000000000	1.0000000000	1.0000000000	1.0000000000	1.0000000000	1.0000000000	1.0000000000	1.0000000000	1.0000000000	1.0000000000	1.0000000000	1.0000000000	1.0000000000	1.0000000000	1.0000000000	1.0000000000	1.0000000000	1.0000000000	1.0000000000	1.0000000000	1.0000000000	1.0000000000	1.0000000000	1.0000000000	1.0000000000	1.0000000000	1.0000000000	1.0000000000	1.0000000000	1.0000000000	0.0000000000	1.0000000000	1.0000000000	1.0000000000	1.0000000000	1.0000000000	1.0000000000	1.0000000000	1.0000000000	1.0000000000	1.0000000000	1.0000000000	1.0000000000	1.0000000000	1.0000000000	1.0000000000	1.0000000000	1.0000000000	1.0000000000	1.0000000000	1.0000000000	1.0000000000	1.0000000000	1.0000000000	1.0000000000	1.0000000000	1.0000000000	1.0000000000	1.0000000000	1.0000000000	1.0000000000	1.0000000000	1.0000000000	1.0000000000	1.0000000000	1.0000000000	1.0000000000	1.0000000000	1.0000000000	1.0000000000	1.0000000000	1.0000000000	1.0000000000	1.0000000000	1.0000000000	1.0000000000	1.0000000000	1.0000000000	1.0000000000	1.0000000000	1.0000000000	1.0000000000	1.0000000000	1.0000000000	1.0000000000
SRR12720816.rna.1	1.0000000000	1.0000000000	1.0000000000	0.9999869494	1.0000000000	1.0000000000	1.0000000000	0.9815888696	1.0000000000	0.9779396651	1.0000000000	1.0000000000	1.0000000000	1.0000000000	1.0000000000	1.0000000000	1.0000000000	0.9999102408	1.0000000000	1.0000000000	1.0000000000	1.0000000000	1.0000000000	1.0000000000	1.0000000000	1.0000000000	1.0000000000	0.9999246556	1.0000000000	1.0000000000	0.9741298046	1.0000000000	1.0000000000	0.9999554836	1.0000000000	1.0000000000	1.0000000000	1.0000000000	1.0000000000	1.0000000000	1.0000000000	1.0000000000	1.0000000000	1.0000000000	0.0000000000	1.0000000000	1.0000000000	0.9999949268	1.0000000000	1.0000000000	0.9987131955	0.9758147793	0.9903141550	1.0000000000	1.0000000000	1.0000000000	1.0000000000	1.0000000000	1.0000000000	1.0000000000	1.0000000000	1.0000000000	0.9792352541	1.0000000000	1.0000000000	1.0000000000	1.0000000000	1.0000000000	1.0000000000	1.0000000000	1.0000000000	1.0000000000	1.0000000000	1.0000000000	1.0000000000	1.0000000000	1.0000000000	1.0000000000	1.0000000000	1.0000000000	0.7951201017	0.9999432328	1.0000000000	1.0000000000	0.9969396070	1.0000000000	1.0000000000	1.0000000000	1.0000000000	1.0000000000	0.9999349612	0.9955586313	1.0000000000	1.0000000000	0.9875499792	1.0000000000	1.0000000000	1.0000000000
SRR12720810.rna.1	1.0000000000	1.0000000000	1.0000000000	1.0000000000	1.0000000000	1.0000000000	1.0000000000	1.0000000000	1.0000000000	1.0000000000	1.0000000000	1.0000000000	1.0000000000	1.0000000000	1.0000000000	1.0000000000	1.0000000000	1.0000000000	1.0000000000	1.0000000000	1.0000000000	1.0000000000	1.0000000000	1.0000000000	1.0000000000	1.0000000000	1.0000000000	1.0000000000	1.0000000000	1.0000000000	1.0000000000	1.0000000000	1.0000000000	1.0000000000	1.0000000000	1.0000000000	1.0000000000	1.0000000000	1.0000000000	1.0000000000	1.0000000000	1.0000000000	1.0000000000	1.0000000000	1.0000000000	0.0000000000	1.0000000000	1.0000000000	1.0000000000	1.0000000000	1.0000000000	1.0000000000	1.0000000000	1.0000000000	1.0000000000	1.0000000000	1.0000000000	1.0000000000	1.0000000000	1.0000000000	1.0000000000	1.0000000000	1.0000000000	1.0000000000	1.0000000000	1.0000000000	1.0000000000	1.0000000000	1.0000000000	1.0000000000	1.0000000000	1.0000000000	1.0000000000	1.0000000000	1.0000000000	1.0000000000	1.0000000000	1.0000000000	1.0000000000	1.0000000000	1.0000000000	1.0000000000	1.0000000000	1.0000000000	1.0000000000	1.0000000000	1.0000000000	1.0000000000	1.0000000000	1.0000000000	1.0000000000	1.0000000000	1.0000000000	1.0000000000	1.0000000000	1.0000000000	0.9996169929	1.0000000000
SRR12720851.rna.1	1.0000000000	1.0000000000	1.0000000000	1.0000000000	1.0000000000	1.0000000000	1.0000000000	1.0000000000	1.0000000000	1.0000000000	1.0000000000	1.0000000000	1.0000000000	1.0000000000	1.0000000000	1.0000000000	1.0000000000	1.0000000000	1.0000000000	1.0000000000	1.0000000000	1.0000000000	1.0000000000	1.0000000000	1.0000000000	1.0000000000	1.0000000000	1.0000000000	1.0000000000	1.0000000000	1.0000000000	1.0000000000	1.0000000000	1.0000000000	1.0000000000	1.0000000000	1.0000000000	1.0000000000	1.0000000000	1.0000000000	1.0000000000	0.9904124102	1.0000000000	1.0000000000	1.0000000000	1.0000000000	0.0000000000	1.0000000000	1.0000000000	1.0000000000	1.0000000000	1.0000000000	1.0000000000	1.0000000000	1.0000000000	1.0000000000	1.0000000000	1.0000000000	1.0000000000	1.0000000000	1.0000000000	1.0000000000	1.0000000000	1.0000000000	0.9915500701	1.0000000000	1.0000000000	0.9951668698	1.0000000000	1.0000000000	1.0000000000	1.0000000000	1.0000000000	1.0000000000	1.0000000000	1.0000000000	1.0000000000	1.0000000000	1.0000000000	1.0000000000	1.0000000000	1.0000000000	1.0000000000	1.0000000000	1.0000000000	1.0000000000	1.0000000000	1.0000000000	1.0000000000	1.0000000000	1.0000000000	1.0000000000	1.0000000000	1.0000000000	1.0000000000	1.0000000000	1.0000000000	1.0000000000
SRR12641766.rna.1	1.0000000000	1.0000000000	1.0000000000	0.9999998822	1.0000000000	1.0000000000	1.0000000000	1.0000000000	1.0000000000	0.9998236882	1.0000000000	1.0000000000	1.0000000000	1.0000000000	1.0000000000	1.0000000000	1.0000000000	1.0000000000	0.9999554270	1.0000000000	1.0000000000	1.0000000000	1.0000000000	1.0000000000	1.0000000000	1.0000000000	1.0000000000	0.9999998386	0.9999788790	1.0000000000	0.9999847767	1.0000000000	1.0000000000	1.0000000000	1.0000000000	1.0000000000	1.0000000000	1.0000000000	1.0000000000	1.0000000000	1.0000000000	1.0000000000	1.0000000000	1.0000000000	0.9999949268	1.0000000000	1.0000000000	0.0000000000	1.0000000000	1.0000000000	1.0000000000	0.9999024028	1.0000000000	1.0000000000	1.0000000000	0.9992657173	1.0000000000	1.0000000000	1.0000000000	1.0000000000	1.0000000000	1.0000000000	0.9999857139	1.0000000000	1.0000000000	1.0000000000	1.0000000000	1.0000000000	1.0000000000	1.0000000000	1.0000000000	1.0000000000	1.0000000000	1.0000000000	1.0000000000	1.0000000000	1.0000000000	1.0000000000	1.0000000000	1.0000000000	0.9999996832	1.0000000000	1.0000000000	1.0000000000	1.0000000000	1.0000000000	1.0000000000	1.0000000000	1.0000000000	1.0000000000	0.9999997171	1.0000000000	1.0000000000	1.0000000000	1.0000000000	1.0000000000	1.0000000000	1.0000000000
SRR12720842.rna.1	1.0000000000	1.0000000000	1.0000000000	1.0000000000	1.0000000000	1.0000000000	1.0000000000	1.0000000000	1.0000000000	1.0000000000	1.0000000000	1.0000000000	1.0000000000	1.0000000000	1.0000000000	1.0000000000	1.0000000000	1.0000000000	1.0000000000	1.0000000000	1.0000000000	1.0000000000	1.0000000000	1.0000000000	1.0000000000	0.9911205577	1.0000000000	1.0000000000	1.0000000000	1.0000000000	1.0000000000	1.0000000000	1.0000000000	1.0000000000	1.0000000000	0.5184970109	1.0000000000	1.0000000000	1.0000000000	1.0000000000	1.0000000000	1.0000000000	1.0000000000	1.0000000000	1.0000000000	1.0000000000	1.0000000000	1.0000000000	0.0000000000	1.0000000000	1.0000000000	1.0000000000	1.0000000000	1.0000000000	1.0000000000	1.0000000000	1.0000000000	1.0000000000	0.9812039822	0.9788713047	1.0000000000	1.0000000000	1.0000000000	1.0000000000	1.0000000000	1.0000000000	1.0000000000	0.9994339646	1.0000000000	1.0000000000	1.0000000000	1.0000000000	1.0000000000	1.0000000000	1.0000000000	1.0000000000	1.0000000000	1.0000000000	1.0000000000	1.0000000000	1.0000000000	1.0000000000	1.0000000000	1.0000000000	1.0000000000	1.0000000000	1.0000000000	1.0000000000	1.0000000000	1.0000000000	1.0000000000	1.0000000000	1.0000000000	1.0000000000	1.0000000000	1.0000000000	1.0000000000	1.0000000000
SRR12720818.rna.1	1.0000000000	0.9999278753	0.9985706488	1.0000000000	1.0000000000	1.0000000000	1.0000000000	1.0000000000	1.0000000000	1.0000000000	1.0000000000	1.0000000000	1.0000000000	1.0000000000	1.0000000000	1.0000000000	1.0000000000	1.0000000000	1.0000000000	1.0000000000	0.9994186484	1.0000000000	1.0000000000	1.0000000000	1.0000000000	1.0000000000	1.0000000000	1.0000000000	0.9996059383	1.0000000000	0.9999469225	1.0000000000	1.0000000000	1.0000000000	0.9994336172	1.0000000000	1.0000000000	1.0000000000	1.0000000000	1.0000000000	0.9999836690	1.0000000000	0.9786658418	1.0000000000	1.0000000000	1.0000000000	1.0000000000	1.0000000000	1.0000000000	0.0000000000	0.9999542784	0.9999472359	1.0000000000	1.0000000000	1.0000000000	1.0000000000	1.0000000000	1.0000000000	1.0000000000	1.0000000000	1.0000000000	0.9997773712	1.0000000000	1.0000000000	1.0000000000	1.0000000000	1.0000000000	1.0000000000	1.0000000000	1.0000000000	1.0000000000	0.9947781904	1.0000000000	1.0000000000	1.0000000000	1.0000000000	1.0000000000	0.9761611050	1.0000000000	1.0000000000	1.0000000000	1.0000000000	1.0000000000	1.0000000000	1.0000000000	1.0000000000	1.0000000000	1.0000000000	1.0000000000	1.0000000000	1.0000000000	1.0000000000	1.0000000000	1.0000000000	1.0000000000	1.0000000000	1.0000000000	1.0000000000
SRR12641758.rna.1	1.0000000000	1.0000000000	0.9954717221	1.0000000000	0.9998549713	1.0000000000	1.0000000000	1.0000000000	1.0000000000	0.9994963772	1.0000000000	1.0000000000	1.0000000000	1.0000000000	1.0000000000	1.0000000000	1.0000000000	0.9999622140	1.0000000000	1.0000000000	0.9993140378	1.0000000000	1.0000000000	1.0000000000	0.9970161908	1.0000000000	1.0000000000	1.0000000000	0.9986124674	1.0000000000	0.9308295367	1.0000000000	1.0000000000	0.9999781610	0.9994654804	1.0000000000	1.0000000000	1.0000000000	1.0000000000	1.0000000000	1.0000000000	1.0000000000	0.9999496128	1.0000000000	0.9987131955	1.0000000000	1.0000000000	1.0000000000	1.0000000000	0.9999542784	0.0000000000	0.9866842599	0.9998877292	1.0000000000	1.0000000000	1.0000000000	1.0000000000	1.0000000000	1.0000000000	1.0000000000	1.0000000000	0.9996511772	0.9999723992	0.9999933633	1.0000000000	1.0000000000	1.0000000000	1.0000000000	1.0000000000	1.0000000000	1.0000000000	1.0000000000	1.0000000000	1.0000000000	1.0000000000	1.0000000000	1.0000000000	0.9999584595	1.0000000000	1.0000000000	1.0000000000	1.0000000000	1.0000000000	1.0000000000	1.0000000000	1.0000000000	1.0000000000	1.0000000000	1.0000000000	1.0000000000	1.0000000000	1.0000000000	1.0000000000	1.0000000000	1.0000000000	1.0000000000	1.0000000000	1.0000000000
SRR12720840.rna.1	1.0000000000	1.0000000000	0.9953223202	0.9999170329	0.9994045518	1.0000000000	1.0000000000	1.0000000000	1.0000000000	0.8502967911	1.0000000000	1.0000000000	1.0000000000	1.0000000000	1.0000000000	1.0000000000	1.0000000000	0.9996726501	1.0000000000	1.0000000000	0.9996087472	1.0000000000	1.0000000000	1.0000000000	0.9984451257	1.0000000000	1.0000000000	0.9998224808	0.9973657971	1.0000000000	0.8694431981	1.0000000000	1.0000000000	0.9996888137	0.9996666669	1.0000000000	1.0000000000	1.0000000000	1.0000000000	1.0000000000	1.0000000000	1.0000000000	0.9999418518	1.0000000000	0.9758147793	1.0000000000	1.0000000000	0.9999024028	1.0000000000	0.9999472359	0.9866842599	0.0000000000	1.0000000000	1.0000000000	1.0000000000	1.0000000000	1.0000000000	1.0000000000	1.0000000000	1.0000000000	1.0000000000	0.9996801302	0.9994621654	0.9998707007	1.0000000000	1.0000000000	1.0000000000	1.0000000000	1.0000000000	1.0000000000	1.0000000000	1.0000000000	1.0000000000	1.0000000000	1.0000000000	1.0000000000	1.0000000000	0.9999520611	1.0000000000	1.0000000000	0.9535413619	1.0000000000	1.0000000000	1.0000000000	1.0000000000	1.0000000000	1.0000000000	1.0000000000	1.0000000000	1.0000000000	0.9997740350	1.0000000000	1.0000000000	1.0000000000	1.0000000000	1.0000000000	1.0000000000	1.0000000000
SRR12641753.rna.1	1.0000000000	1.0000000000	1.0000000000	1.0000000000	1.0000000000	1.0000000000	1.0000000000	0.9495607993	1.0000000000	1.0000000000	1.0000000000	1.0000000000	1.0000000000	1.0000000000	1.0000000000	1.0000000000	1.0000000000	1.0000000000	1.0000000000	1.0000000000	1.0000000000	1.0000000000	1.0000000000	1.0000000000	1.0000000000	1.0000000000	1.0000000000	1.0000000000	1.0000000000	1.0000000000	0.9999472646	1.0000000000	1.0000000000	1.0000000000	1.0000000000	1.0000000000	1.0000000000	1.0000000000	1.0000000000	0.9977589323	0.9784116770	1.0000000000	1.0000000000	1.0000000000	0.9903141550	1.0000000000	1.0000000000	1.0000000000	1.0000000000	1.0000000000	0.9998877292	1.0000000000	0.0000000000	1.0000000000	1.0000000000	1.0000000000	1.0000000000	1.0000000000	1.0000000000	1.0000000000	1.0000000000	1.0000000000	1.0000000000	1.0000000000	1.0000000000	1.0000000000	1.0000000000	1.0000000000	1.0000000000	1.0000000000	1.0000000000	1.0000000000	1.0000000000	1.0000000000	1.0000000000	1.0000000000	1.0000000000	1.0000000000	1.0000000000	1.0000000000	0.9921415271	1.0000000000	1.0000000000	1.0000000000	0.9954765783	1.0000000000	1.0000000000	1.0000000000	1.0000000000	1.0000000000	1.0000000000	0.9999690278	1.0000000000	1.0000000000	1.0000000000	1.0000000000	1.0000000000	1.0000000000
SRR12720828.rna.1	1.0000000000	1.0000000000	1.0000000000	1.0000000000	1.0000000000	1.0000000000	1.0000000000	1.0000000000	1.0000000000	1.0000000000	1.0000000000	1.0000000000	1.0000000000	1.0000000000	1.0000000000	1.0000000000	1.0000000000	1.0000000000	1.0000000000	1.0000000000	1.0000000000	1.0000000000	0.9933938644	1.0000000000	1.0000000000	1.0000000000	1.0000000000	1.0000000000	1.0000000000	1.0000000000	1.0000000000	1.0000000000	1.0000000000	1.0000000000	1.0000000000	1.0000000000	1.0000000000	1.0000000000	1.0000000000	1.0000000000	1.0000000000	1.0000000000	1.0000000000	1.0000000000	1.0000000000	1.0000000000	1.0000000000	1.0000000000	1.0000000000	1.0000000000	1.0000000000	1.0000000000	1.0000000000	0.0000000000	1.0000000000	1.0000000000	1.0000000000	1.0000000000	1.0000000000	1.0000000000	1.0000000000	1.0000000000	1.0000000000	1.0000000000	1.0000000000	1.0000000000	1.0000000000	1.0000000000	1.0000000000	1.0000000000	1.0000000000	1.0000000000	1.0000000000	1.0000000000	1.0000000000	1.0000000000	1.0000000000	1.0000000000	1.0000000000	1.0000000000	1.0000000000	1.0000000000	1.0000000000	1.0000000000	1.0000000000	1.0000000000	1.0000000000	1.0000000000	0.9904179363	1.0000000000	1.0000000000	1.0000000000	1.0000000000	1.0000000000	1.0000000000	1.0000000000	1.0000000000	1.0000000000
SRR12641763.rna.1	1.0000000000	1.0000000000	1.0000000000	1.0000000000	1.0000000000	1.0000000000	1.0000000000	1.0000000000	1.0000000000	1.0000000000	1.0000000000	1.0000000000	1.0000000000	1.0000000000	1.0000000000	1.0000000000	1.0000000000	1.0000000000	1.0000000000	1.0000000000	1.0000000000	1.0000000000	1.0000000000	1.0000000000	1.0000000000	1.0000000000	1.0000000000	1.0000000000	1.0000000000	1.0000000000	1.0000000000	1.0000000000	1.0000000000	1.0000000000	1.0000000000	1.0000000000	1.0000000000	1.0000000000	1.0000000000	1.0000000000	1.0000000000	1.0000000000	1.0000000000	1.0000000000	1.0000000000	1.0000000000	1.0000000000	1.0000000000	1.0000000000	1.0000000000	1.0000000000	1.0000000000	1.0000000000	1.0000000000	0.0000000000	1.0000000000	1.0000000000	1.0000000000	1.0000000000	1.0000000000	1.0000000000	1.0000000000	1.0000000000	1.0000000000	1.0000000000	1.0000000000	1.0000000000	1.0000000000	1.0000000000	1.0000000000	1.0000000000	1.0000000000	1.0000000000	1.0000000000	1.0000000000	1.0000000000	1.0000000000	1.0000000000	1.0000000000	1.0000000000	1.0000000000	1.0000000000	1.0000000000	1.0000000000	1.0000000000	0.9999352992	1.0000000000	1.0000000000	1.0000000000	1.0000000000	1.0000000000	1.0000000000	1.0000000000	1.0000000000	1.0000000000	1.0000000000	1.0000000000	1.0000000000
SRR12720855.rna.1	1.0000000000	1.0000000000	1.0000000000	1.0000000000	1.0000000000	0.9941730636	1.0000000000	1.0000000000	1.0000000000	0.9988594223	1.0000000000	1.0000000000	0.9995393676	1.0000000000	0.9980365282	0.9861824265	1.0000000000	1.0000000000	1.0000000000	1.0000000000	1.0000000000	1.0000000000	1.0000000000	1.0000000000	0.9956271839	0.9937979442	0.9999183261	1.0000000000	0.9996263413	1.0000000000	1.0000000000	1.0000000000	1.0000000000	1.0000000000	1.0000000000	1.0000000000	1.0000000000	1.0000000000	1.0000000000	1.0000000000	1.0000000000	1.0000000000	1.0000000000	1.0000000000	1.0000000000	1.0000000000	1.0000000000	0.9992657173	1.0000000000	1.0000000000	1.0000000000	1.0000000000	1.0000000000	1.0000000000	1.0000000000	0.0000000000	1.0000000000	0.9959058289	1.0000000000	1.0000000000	1.0000000000	1.0000000000	1.0000000000	1.0000000000	1.0000000000	1.0000000000	1.0000000000	1.0000000000	1.0000000000	1.0000000000	1.0000000000	1.0000000000	1.0000000000	1.0000000000	1.0000000000	1.0000000000	0.8972575875	1.0000000000	1.0000000000	1.0000000000	1.0000000000	0.9953135028	1.0000000000	1.0000000000	1.0000000000	1.0000000000	0.9991545354	1.0000000000	1.0000000000	1.0000000000	1.0000000000	1.0000000000	1.0000000000	1.0000000000	1.0000000000	1.0000000000	1.0000000000	1.0000000000
SRR12641743.rna.1	1.0000000000	1.0000000000	1.0000000000	1.0000000000	1.0000000000	1.0000000000	1.0000000000	1.0000000000	1.0000000000	1.0000000000	1.0000000000	1.0000000000	1.0000000000	1.0000000000	1.0000000000	1.0000000000	1.0000000000	1.0000000000	1.0000000000	0.9999768647	1.0000000000	0.9999485121	1.0000000000	1.0000000000	1.0000000000	1.0000000000	1.0000000000	1.0000000000	1.0000000000	1.0000000000	1.0000000000	1.0000000000	1.0000000000	1.0000000000	1.0000000000	1.0000000000	0.9999414634	1.0000000000	1.0000000000	1.0000000000	1.0000000000	1.0000000000	1.0000000000	1.0000000000	1.0000000000	1.0000000000	1.0000000000	1.0000000000	1.0000000000	1.0000000000	1.0000000000	1.0000000000	1.0000000000	1.0000000000	1.0000000000	1.0000000000	0.0000000000	1.0000000000	1.0000000000	0.9998015567	1.0000000000	1.0000000000	1.0000000000	1.0000000000	1.0000000000	1.0000000000	1.0000000000	1.0000000000	1.0000000000	0.9903749818	1.0000000000	1.0000000000	1.0000000000	0.9999980858	1.0000000000	1.0000000000	1.0000000000	1.0000000000	0.9979435530	1.0000000000	1.0000000000	1.0000000000	1.0000000000	1.0000000000	0.9999172943	1.0000000000	1.0000000000	1.0000000000	0.9996433596	1.0000000000	0.9995400193	1.0000000000	1.0000000000	1.0000000000	1.0000000000	1.0000000000	1.0000000000	1.0000000000
SRR12641764.rna.1	0.9989156108	1.0000000000	1.0000000000	1.0000000000	1.0000000000	1.0000000000	1.0000000000	1.0000000000	1.0000000000	0.9883943330	1.0000000000	1.0000000000	1.0000000000	1.0000000000	1.0000000000	0.8254949303	1.0000000000	1.0000000000	1.0000000000	1.0000000000	1.0000000000	1.0000000000	1.0000000000	1.0000000000	0.9974376186	1.0000000000	1.0000000000	1.0000000000	0.9970586814	1.0000000000	1.0000000000	1.0000000000	1.0000000000	1.0000000000	1.0000000000	1.0000000000	1.0000000000	1.0000000000	1.0000000000	1.0000000000	1.0000000000	1.0000000000	1.0000000000	1.0000000000	1.0000000000	1.0000000000	1.0000000000	1.0000000000	1.0000000000	1.0000000000	1.0000000000	1.0000000000	1.0000000000	1.0000000000	1.0000000000	0.9959058289	1.0000000000	0.0000000000	1.0000000000	1.0000000000	1.0000000000	0.9993554455	1.0000000000	1.0000000000	1.0000000000	1.0000000000	1.0000000000	1.0000000000	1.0000000000	1.0000000000	1.0000000000	1.0000000000	1.0000000000	1.0000000000	1.0000000000	1.0000000000	0.9408952943	1.0000000000	1.0000000000	1.0000000000	1.0000000000	0.9974812736	1.0000000000	1.0000000000	1.0000000000	0.9969644833	1.0000000000	1.0000000000	1.0000000000	1.0000000000	1.0000000000	1.0000000000	1.0000000000	1.0000000000	1.0000000000	1.0000000000	1.0000000000	1.0000000000
SRR12720850.rna.1	1.0000000000	1.0000000000	1.0000000000	1.0000000000	1.0000000000	1.0000000000	1.0000000000	1.0000000000	1.0000000000	1.0000000000	1.0000000000	1.0000000000	1.0000000000	1.0000000000	1.0000000000	1.0000000000	1.0000000000	1.0000000000	1.0000000000	1.0000000000	1.0000000000	1.0000000000	1.0000000000	1.0000000000	1.0000000000	0.9986733292	1.0000000000	1.0000000000	1.0000000000	0.9945347226	1.0000000000	1.0000000000	0.9998378099	1.0000000000	1.0000000000	0.9641944246	1.0000000000	1.0000000000	1.0000000000	1.0000000000	1.0000000000	1.0000000000	1.0000000000	1.0000000000	1.0000000000	1.0000000000	1.0000000000	1.0000000000	0.9812039822	1.0000000000	1.0000000000	1.0000000000	1.0000000000	1.0000000000	1.0000000000	1.0000000000	1.0000000000	1.0000000000	0.0000000000	0.9994826598	1.0000000000	1.0000000000	1.0000000000	1.0000000000	1.0000000000	1.0000000000	1.0000000000	0.9999436764	1.0000000000	1.0000000000	1.0000000000	1.0000000000	1.0000000000	1.0000000000	1.0000000000	1.0000000000	1.0000000000	1.0000000000	1.0000000000	1.0000000000	1.0000000000	1.0000000000	1.0000000000	1.0000000000	1.0000000000	1.0000000000	1.0000000000	0.9975281916	1.0000000000	1.0000000000	1.0000000000	1.0000000000	1.0000000000	0.9998545965	1.0000000000	1.0000000000	1.0000000000	1.0000000000
SRR12720846.rna.1	1.0000000000	1.0000000000	1.0000000000	1.0000000000	1.0000000000	1.0000000000	1.0000000000	1.0000000000	1.0000000000	1.0000000000	1.0000000000	1.0000000000	1.0000000000	1.0000000000	1.0000000000	1.0000000000	1.0000000000	1.0000000000	1.0000000000	1.0000000000	1.0000000000	1.0000000000	1.0000000000	1.0000000000	1.0000000000	1.0000000000	1.0000000000	1.0000000000	1.0000000000	0.9763998688	1.0000000000	1.0000000000	1.0000000000	1.0000000000	1.0000000000	0.9842879363	1.0000000000	1.0000000000	1.0000000000	1.0000000000	1.0000000000	1.0000000000	1.0000000000	1.0000000000	1.0000000000	1.0000000000	1.0000000000	1.0000000000	0.9788713047	1.0000000000	1.0000000000	1.0000000000	1.0000000000	1.0000000000	1.0000000000	1.0000000000	0.9998015567	1.0000000000	0.9994826598	0.0000000000	1.0000000000	1.0000000000	1.0000000000	1.0000000000	0.9999753042	1.0000000000	1.0000000000	0.9999251898	1.0000000000	0.9999517027	1.0000000000	1.0000000000	1.0000000000	1.0000000000	1.0000000000	1.0000000000	1.0000000000	1.0000000000	0.9771171616	1.0000000000	1.0000000000	1.0000000000	1.0000000000	1.0000000000	1.0000000000	1.0000000000	1.0000000000	0.6833949118	1.0000000000	1.0000000000	1.0000000000	1.0000000000	1.0000000000	0.9953798922	1.0000000000	1.0000000000	1.0000000000	1.0000000000
SRR12641755.rna.1	0.9993014802	1.0000000000	1.0000000000	1.0000000000	1.0000000000	1.0000000000	1.0000000000	1.0000000000	1.0000000000	1.0000000000	1.0000000000	1.0000000000	1.0000000000	1.0000000000	1.0000000000	1.0000000000	1.0000000000	1.0000000000	1.0000000000	1.0000000000	1.0000000000	1.0000000000	1.0000000000	1.0000000000	1.0000000000	1.0000000000	1.0000000000	1.0000000000	1.0000000000	1.0000000000	1.0000000000	1.0000000000	1.0000000000	1.0000000000	1.0000000000	1.0000000000	1.0000000000	1.0000000000	1.0000000000	0.9906869904	1.0000000000	1.0000000000	1.0000000000	1.0000000000	1.0000000000	1.0000000000	1.0000000000	1.0000000000	1.0000000000	1.0000000000	1.0000000000	1.0000000000	1.0000000000	1.0000000000	1.0000000000	1.0000000000	1.0000000000	1.0000000000	1.0000000000	1.0000000000	0.0000000000	1.0000000000	1.0000000000	1.0000000000	1.0000000000	1.0000000000	1.0000000000	1.0000000000	1.0000000000	0.9986675026	0.9969517429	1.0000000000	1.0000000000	1.0000000000	1.0000000000	1.0000000000	1.0000000000	1.0000000000	1.0000000000	1.0000000000	1.0000000000	1.0000000000	1.0000000000	1.0000000000	1.0000000000	1.0000000000	1.0000000000	1.0000000000	1.0000000000	1.0000000000	1.0000000000	1.0000000000	1.0000000000	1.0000000000	1.0000000000	1.0000000000	1.0000000000	1.0000000000
SRR12720819.rna.1	1.0000000000	1.0000000000	0.9980039402	0.9999998109	1.0000000000	1.0000000000	0.9717748437	1.0000000000	1.0000000000	0.9999967202	1.0000000000	0.9999916926	1.0000000000	1.0000000000	1.0000000000	0.9971614293	1.0000000000	0.9999996794	1.0000000000	1.0000000000	0.9942719586	0.9999918417	1.0000000000	1.0000000000	0.9999898990	1.0000000000	1.0000000000	1.0000000000	0.9092616728	1.0000000000	0.9997494237	1.0000000000	1.0000000000	1.0000000000	0.9658946193	1.0000000000	1.0000000000	0.9981992767	0.9999375651	1.0000000000	0.9999963988	1.0000000000	0.9975474035	1.0000000000	1.0000000000	1.0000000000	1.0000000000	1.0000000000	1.0000000000	0.9997773712	0.9996511772	0.9996801302	1.0000000000	1.0000000000	1.0000000000	1.0000000000	1.0000000000	0.9993554455	1.0000000000	1.0000000000	1.0000000000	0.0000000000	1.0000000000	1.0000000000	1.0000000000	1.0000000000	1.0000000000	1.0000000000	1.0000000000	1.0000000000	1.0000000000	1.0000000000	1.0000000000	1.0000000000	1.0000000000	1.0000000000	0.9999997606	0.9999284774	1.0000000000	1.0000000000	1.0000000000	1.0000000000	1.0000000000	0.9999999083	1.0000000000	1.0000000000	0.9999997950	1.0000000000	1.0000000000	1.0000000000	1.0000000000	1.0000000000	0.9999982927	1.0000000000	1.0000000000	1.0000000000	1.0000000000	1.0000000000
SRR12720845.rna.1	0.9982836562	1.0000000000	1.0000000000	0.9998266600	0.9999923002	1.0000000000	1.0000000000	0.9999729147	1.0000000000	0.9087631757	1.0000000000	1.0000000000	1.0000000000	1.0000000000	1.0000000000	1.0000000000	1.0000000000	1.0000000000	1.0000000000	1.0000000000	1.0000000000	1.0000000000	1.0000000000	1.0000000000	0.9999949404	1.0000000000	1.0000000000	1.0000000000	0.9985257952	1.0000000000	0.9998813441	1.0000000000	1.0000000000	1.0000000000	1.0000000000	1.0000000000	1.0000000000	1.0000000000	1.0000000000	1.0000000000	0.9953596452	1.0000000000	1.0000000000	1.0000000000	0.9792352541	1.0000000000	1.0000000000	0.9999857139	1.0000000000	1.0000000000	0.9999723992	0.9994621654	1.0000000000	1.0000000000	1.0000000000	1.0000000000	1.0000000000	1.0000000000	1.0000000000	1.0000000000	1.0000000000	1.0000000000	0.0000000000	0.9999942328	1.0000000000	1.0000000000	1.0000000000	1.0000000000	1.0000000000	1.0000000000	1.0000000000	1.0000000000	1.0000000000	1.0000000000	1.0000000000	1.0000000000	1.0000000000	1.0000000000	1.0000000000	1.0000000000	0.9768643568	1.0000000000	1.0000000000	1.0000000000	0.9979204756	1.0000000000	1.0000000000	1.0000000000	1.0000000000	1.0000000000	1.0000000000	0.9979975519	1.0000000000	1.0000000000	0.9790440956	1.0000000000	1.0000000000	1.0000000000
SRR12720829.rna.1	1.0000000000	1.0000000000	1.0000000000	0.9947570248	0.9999981485	0.9904277453	1.0000000000	1.0000000000	1.0000000000	0.9999334840	1.0000000000	1.0000000000	1.0000000000	1.0000000000	1.0000000000	1.0000000000	1.0000000000	1.0000000000	1.0000000000	1.0000000000	1.0000000000	1.0000000000	1.0000000000	1.0000000000	1.0000000000	1.0000000000	0.9823265668	1.0000000000	1.0000000000	1.0000000000	0.9999714697	1.0000000000	1.0000000000	1.0000000000	1.0000000000	1.0000000000	1.0000000000	1.0000000000	1.0000000000	1.0000000000	1.0000000000	1.0000000000	1.0000000000	1.0000000000	1.0000000000	1.0000000000	1.0000000000	1.0000000000	1.0000000000	1.0000000000	0.9999933633	0.9998707007	1.0000000000	1.0000000000	1.0000000000	1.0000000000	1.0000000000	1.0000000000	1.0000000000	1.0000000000	1.0000000000	1.0000000000	0.9999942328	0.0000000000	1.0000000000	1.0000000000	0.9991317423	1.0000000000	1.0000000000	1.0000000000	1.0000000000	1.0000000000	1.0000000000	1.0000000000	1.0000000000	1.0000000000	0.9982176398	1.0000000000	1.0000000000	0.9972284937	1.0000000000	1.0000000000	1.0000000000	1.0000000000	1.0000000000	1.0000000000	1.0000000000	1.0000000000	1.0000000000	1.0000000000	1.0000000000	1.0000000000	1.0000000000	1.0000000000	1.0000000000	1.0000000000	1.0000000000	1.0000000000
SRR12641767.rna.1	1.0000000000	1.0000000000	1.0000000000	1.0000000000	1.0000000000	1.0000000000	1.0000000000	1.0000000000	1.0000000000	1.0000000000	1.0000000000	1.0000000000	1.0000000000	1.0000000000	1.0000000000	1.0000000000	1.0000000000	1.0000000000	0.9961930027	1.0000000000	1.0000000000	1.0000000000	1.0000000000	1.0000000000	0.9999930663	1.0000000000	1.0000000000	1.0000000000	1.0000000000	0.9999222568	1.0000000000	1.0000000000	1.0000000000	0.9995415602	1.0000000000	1.0000000000	1.0000000000	1.0000000000	1.0000000000	1.0000000000	1.0000000000	1.0000000000	1.0000000000	1.0000000000	1.0000000000	1.0000000000	0.9915500701	1.0000000000	1.0000000000	1.0000000000	1.0000000000	1.0000000000	1.0000000000	1.0000000000	1.0000000000	1.0000000000	1.0000000000	1.0000000000	1.0000000000	0.9999753042	1.0000000000	1.0000000000	1.0000000000	1.0000000000	0.0000000000	1.0000000000	1.0000000000	1.0000000000	1.0000000000	0.9999998508	1.0000000000	1.0000000000	1.0000000000	1.0000000000	1.0000000000	0.9967581539	1.0000000000	1.0000000000	1.0000000000	1.0000000000	1.0000000000	1.0000000000	1.0000000000	1.0000000000	1.0000000000	1.0000000000	1.0000000000	1.0000000000	1.0000000000	1.0000000000	1.0000000000	1.0000000000	1.0000000000	1.0000000000	1.0000000000	1.0000000000	1.0000000000	1.0000000000
SRR12720822.rna.1	1.0000000000	1.0000000000	1.0000000000	1.0000000000	1.0000000000	1.0000000000	1.0000000000	1.0000000000	0.9920537276	1.0000000000	1.0000000000	1.0000000000	1.0000000000	1.0000000000	1.0000000000	1.0000000000	1.0000000000	1.0000000000	1.0000000000	1.0000000000	1.0000000000	1.0000000000	1.0000000000	1.0000000000	1.0000000000	1.0000000000	1.0000000000	1.0000000000	1.0000000000	1.0000000000	1.0000000000	1.0000000000	0.9900516487	1.0000000000	1.0000000000	1.0000000000	1.0000000000	1.0000000000	1.0000000000	1.0000000000	1.0000000000	1.0000000000	1.0000000000	1.0000000000	1.0000000000	1.0000000000	1.0000000000	1.0000000000	1.0000000000	1.0000000000	1.0000000000	1.0000000000	1.0000000000	1.0000000000	1.0000000000	1.0000000000	1.0000000000	1.0000000000	1.0000000000	1.0000000000	1.0000000000	1.0000000000	1.0000000000	1.0000000000	1.0000000000	0.0000000000	1.0000000000	1.0000000000	1.0000000000	1.0000000000	1.0000000000	1.0000000000	1.0000000000	1.0000000000	1.0000000000	1.0000000000	1.0000000000	1.0000000000	1.0000000000	1.0000000000	1.0000000000	1.0000000000	1.0000000000	1.0000000000	1.0000000000	1.0000000000	1.0000000000	1.0000000000	1.0000000000	1.0000000000	1.0000000000	1.0000000000	1.0000000000	1.0000000000	1.0000000000	1.0000000000	1.0000000000	1.0000000000
SRR12720808.rna.1	1.0000000000	1.0000000000	1.0000000000	1.0000000000	1.0000000000	0.9789840922	1.0000000000	1.0000000000	1.0000000000	1.0000000000	0.6812807587	1.0000000000	1.0000000000	1.0000000000	1.0000000000	1.0000000000	1.0000000000	1.0000000000	1.0000000000	1.0000000000	1.0000000000	1.0000000000	1.0000000000	1.0000000000	1.0000000000	1.0000000000	1.0000000000	1.0000000000	1.0000000000	1.0000000000	1.0000000000	1.0000000000	1.0000000000	1.0000000000	1.0000000000	1.0000000000	1.0000000000	1.0000000000	1.0000000000	1.0000000000	1.0000000000	1.0000000000	1.0000000000	1.0000000000	1.0000000000	1.0000000000	1.0000000000	1.0000000000	1.0000000000	1.0000000000	1.0000000000	1.0000000000	1.0000000000	1.0000000000	1.0000000000	1.0000000000	1.0000000000	1.0000000000	1.0000000000	1.0000000000	1.0000000000	1.0000000000	1.0000000000	0.9991317423	1.0000000000	1.0000000000	0.0000000000	1.0000000000	1.0000000000	0.9781189669	1.0000000000	1.0000000000	1.0000000000	1.0000000000	0.8386604268	1.0000000000	1.0000000000	1.0000000000	1.0000000000	0.4530014336	1.0000000000	1.0000000000	1.0000000000	1.0000000000	1.0000000000	1.0000000000	1.0000000000	1.0000000000	1.0000000000	1.0000000000	1.0000000000	1.0000000000	1.0000000000	1.0000000000	1.0000000000	1.0000000000	1.0000000000	1.0000000000
SRR12641738.rna.1	1.0000000000	0.9997997504	1.0000000000	1.0000000000	1.0000000000	1.0000000000	1.0000000000	1.0000000000	1.0000000000	1.0000000000	1.0000000000	1.0000000000	1.0000000000	1.0000000000	1.0000000000	1.0000000000	1.0000000000	1.0000000000	1.0000000000	1.0000000000	1.0000000000	1.0000000000	1.0000000000	1.0000000000	1.0000000000	0.9999674391	1.0000000000	1.0000000000	1.0000000000	1.0000000000	1.0000000000	1.0000000000	1.0000000000	1.0000000000	1.0000000000	0.9993349521	1.0000000000	1.0000000000	1.0000000000	1.0000000000	1.0000000000	0.9917430230	1.0000000000	1.0000000000	1.0000000000	1.0000000000	0.9951668698	1.0000000000	0.9994339646	1.0000000000	1.0000000000	1.0000000000	1.0000000000	1.0000000000	1.0000000000	1.0000000000	1.0000000000	1.0000000000	0.9999436764	0.9999251898	1.0000000000	1.0000000000	1.0000000000	1.0000000000	1.0000000000	1.0000000000	1.0000000000	0.0000000000	1.0000000000	1.0000000000	1.0000000000	1.0000000000	1.0000000000	1.0000000000	1.0000000000	1.0000000000	1.0000000000	1.0000000000	1.0000000000	1.0000000000	1.0000000000	1.0000000000	1.0000000000	1.0000000000	1.0000000000	1.0000000000	1.0000000000	1.0000000000	1.0000000000	1.0000000000	1.0000000000	1.0000000000	1.0000000000	1.0000000000	1.0000000000	1.0000000000	1.0000000000	1.0000000000
SRR12720798.rna.1	1.0000000000	0.9197325446	1.0000000000	1.0000000000	1.0000000000	1.0000000000	1.0000000000	1.0000000000	1.0000000000	1.0000000000	1.0000000000	1.0000000000	1.0000000000	0.7889877661	1.0000000000	1.0000000000	1.0000000000	1.0000000000	1.0000000000	1.0000000000	1.0000000000	1.0000000000	1.0000000000	1.0000000000	1.0000000000	1.0000000000	1.0000000000	1.0000000000	1.0000000000	1.0000000000	1.0000000000	1.0000000000	1.0000000000	1.0000000000	1.0000000000	1.0000000000	1.0000000000	1.0000000000	1.0000000000	1.0000000000	1.0000000000	1.0000000000	1.0000000000	1.0000000000	1.0000000000	1.0000000000	1.0000000000	1.0000000000	1.0000000000	1.0000000000	1.0000000000	1.0000000000	1.0000000000	1.0000000000	1.0000000000	1.0000000000	1.0000000000	1.0000000000	1.0000000000	1.0000000000	1.0000000000	1.0000000000	1.0000000000	1.0000000000	1.0000000000	1.0000000000	1.0000000000	1.0000000000	0.0000000000	1.0000000000	1.0000000000	1.0000000000	1.0000000000	1.0000000000	1.0000000000	1.0000000000	1.0000000000	1.0000000000	1.0000000000	1.0000000000	1.0000000000	1.0000000000	1.0000000000	1.0000000000	1.0000000000	1.0000000000	1.0000000000	1.0000000000	1.0000000000	1.0000000000	1.0000000000	1.0000000000	1.0000000000	1.0000000000	1.0000000000	1.0000000000	0.9963561711	1.0000000000
SRR12641752.rna.1	1.0000000000	1.0000000000	1.0000000000	1.0000000000	1.0000000000	1.0000000000	1.0000000000	1.0000000000	1.0000000000	1.0000000000	0.9846691440	1.0000000000	1.0000000000	1.0000000000	1.0000000000	1.0000000000	1.0000000000	1.0000000000	1.0000000000	1.0000000000	1.0000000000	1.0000000000	1.0000000000	1.0000000000	1.0000000000	1.0000000000	1.0000000000	1.0000000000	1.0000000000	0.9998872443	1.0000000000	1.0000000000	1.0000000000	1.0000000000	1.0000000000	1.0000000000	1.0000000000	1.0000000000	1.0000000000	1.0000000000	1.0000000000	1.0000000000	1.0000000000	1.0000000000	1.0000000000	1.0000000000	1.0000000000	1.0000000000	1.0000000000	1.0000000000	1.0000000000	1.0000000000	1.0000000000	1.0000000000	1.0000000000	1.0000000000	0.9903749818	1.0000000000	1.0000000000	0.9999517027	0.9986675026	1.0000000000	1.0000000000	1.0000000000	0.9999998508	1.0000000000	0.9781189669	1.0000000000	1.0000000000	0.0000000000	0.9945609739	1.0000000000	1.0000000000	1.0000000000	0.9596093066	1.0000000000	1.0000000000	1.0000000000	0.9998877604	0.9920310920	1.0000000000	1.0000000000	1.0000000000	1.0000000000	1.0000000000	1.0000000000	1.0000000000	0.9999591175	1.0000000000	0.9995711832	1.0000000000	1.0000000000	1.0000000000	1.0000000000	1.0000000000	1.0000000000	1.0000000000	0.9995838078
SRR12641756.rna.1	1.0000000000	1.0000000000	1.0000000000	1.0000000000	1.0000000000	1.0000000000	1.0000000000	1.0000000000	1.0000000000	1.0000000000	1.0000000000	1.0000000000	1.0000000000	1.0000000000	1.0000000000	1.0000000000	1.0000000000	1.0000000000	1.0000000000	1.0000000000	1.0000000000	1.0000000000	1.0000000000	1.0000000000	1.0000000000	1.0000000000	1.0000000000	1.0000000000	1.0000000000	1.0000000000	1.0000000000	1.0000000000	1.0000000000	1.0000000000	1.0000000000	1.0000000000	1.0000000000	1.0000000000	1.0000000000	1.0000000000	1.0000000000	1.0000000000	1.0000000000	1.0000000000	1.0000000000	1.0000000000	1.0000000000	1.0000000000	1.0000000000	1.0000000000	1.0000000000	1.0000000000	1.0000000000	1.0000000000	1.0000000000	1.0000000000	1.0000000000	1.0000000000	1.0000000000	1.0000000000	0.9969517429	1.0000000000	1.0000000000	1.0000000000	1.0000000000	1.0000000000	1.0000000000	1.0000000000	1.0000000000	0.9945609739	0.0000000000	1.0000000000	1.0000000000	1.0000000000	0.9992419540	1.0000000000	1.0000000000	1.0000000000	1.0000000000	1.0000000000	1.0000000000	1.0000000000	1.0000000000	1.0000000000	0.9993404600	1.0000000000	1.0000000000	1.0000000000	1.0000000000	1.0000000000	1.0000000000	1.0000000000	1.0000000000	1.0000000000	1.0000000000	1.0000000000	1.0000000000	1.0000000000
SRR12720823.rna.1	1.0000000000	1.0000000000	1.0000000000	1.0000000000	0.9997936528	1.0000000000	0.9998490497	1.0000000000	1.0000000000	1.0000000000	1.0000000000	0.9997449944	1.0000000000	1.0000000000	1.0000000000	1.0000000000	1.0000000000	1.0000000000	1.0000000000	1.0000000000	1.0000000000	1.0000000000	1.0000000000	1.0000000000	1.0000000000	1.0000000000	1.0000000000	1.0000000000	1.0000000000	1.0000000000	1.0000000000	1.0000000000	1.0000000000	1.0000000000	1.0000000000	1.0000000000	1.0000000000	0.9852044423	0.9997018443	1.0000000000	0.9998949365	1.0000000000	0.9173103896	1.0000000000	1.0000000000	1.0000000000	1.0000000000	1.0000000000	1.0000000000	0.9947781904	1.0000000000	1.0000000000	1.0000000000	1.0000000000	1.0000000000	1.0000000000	1.0000000000	1.0000000000	1.0000000000	1.0000000000	1.0000000000	1.0000000000	1.0000000000	1.0000000000	1.0000000000	1.0000000000	1.0000000000	1.0000000000	1.0000000000	1.0000000000	1.0000000000	0.0000000000	0.9901566494	1.0000000000	1.0000000000	1.0000000000	1.0000000000	0.9338052319	1.0000000000	1.0000000000	1.0000000000	1.0000000000	1.0000000000	1.0000000000	1.0000000000	0.9908707007	1.0000000000	1.0000000000	1.0000000000	1.0000000000	1.0000000000	1.0000000000	1.0000000000	0.9999367558	1.0000000000	0.9998179149	1.0000000000	1.0000000000
SRR12720812.rna.1	1.0000000000	1.0000000000	1.0000000000	1.0000000000	1.0000000000	1.0000000000	0.8853674250	1.0000000000	1.0000000000	1.0000000000	1.0000000000	0.9999206440	1.0000000000	1.0000000000	1.0000000000	1.0000000000	1.0000000000	1.0000000000	1.0000000000	1.0000000000	1.0000000000	1.0000000000	1.0000000000	1.0000000000	1.0000000000	1.0000000000	1.0000000000	1.0000000000	1.0000000000	1.0000000000	1.0000000000	1.0000000000	1.0000000000	1.0000000000	1.0000000000	1.0000000000	1.0000000000	0.9919142229	0.9965680656	1.0000000000	1.0000000000	1.0000000000	1.0000000000	1.0000000000	1.0000000000	1.0000000000	1.0000000000	1.0000000000	1.0000000000	1.0000000000	1.0000000000	1.0000000000	1.0000000000	1.0000000000	1.0000000000	1.0000000000	1.0000000000	1.0000000000	1.0000000000	1.0000000000	1.0000000000	1.0000000000	1.0000000000	1.0000000000	1.0000000000	1.0000000000	1.0000000000	1.0000000000	1.0000000000	1.0000000000	1.0000000000	0.9901566494	0.0000000000	1.0000000000	1.0000000000	1.0000000000	1.0000000000	1.0000000000	1.0000000000	1.0000000000	1.0000000000	1.0000000000	1.0000000000	1.0000000000	1.0000000000	1.0000000000	0.9998421888	1.0000000000	1.0000000000	1.0000000000	1.0000000000	1.0000000000	1.0000000000	1.0000000000	1.0000000000	1.0000000000	1.0000000000	1.0000000000
SRR12641760.rna.1	1.0000000000	1.0000000000	1.0000000000	1.0000000000	1.0000000000	1.0000000000	1.0000000000	1.0000000000	1.0000000000	1.0000000000	1.0000000000	1.0000000000	1.0000000000	1.0000000000	1.0000000000	1.0000000000	1.0000000000	1.0000000000	1.0000000000	1.0000000000	1.0000000000	0.9999084406	1.0000000000	1.0000000000	1.0000000000	1.0000000000	1.0000000000	1.0000000000	1.0000000000	1.0000000000	1.0000000000	0.9998723724	1.0000000000	1.0000000000	1.0000000000	1.0000000000	0.9999191393	1.0000000000	1.0000000000	1.0000000000	1.0000000000	1.0000000000	1.0000000000	1.0000000000	1.0000000000	1.0000000000	1.0000000000	1.0000000000	1.0000000000	1.0000000000	1.0000000000	1.0000000000	1.0000000000	1.0000000000	1.0000000000	1.0000000000	0.9999980858	1.0000000000	1.0000000000	1.0000000000	1.0000000000	1.0000000000	1.0000000000	1.0000000000	1.0000000000	1.0000000000	1.0000000000	1.0000000000	1.0000000000	1.0000000000	1.0000000000	1.0000000000	1.0000000000	0.0000000000	1.0000000000	1.0000000000	1.0000000000	1.0000000000	1.0000000000	1.0000000000	1.0000000000	1.0000000000	1.0000000000	1.0000000000	1.0000000000	1.0000000000	1.0000000000	1.0000000000	0.9998107623	1.0000000000	0.9999535223	1.0000000000	0.9999876846	1.0000000000	1.0000000000	1.0000000000	1.0000000000	1.0000000000
SRR12720799.rna.1	1.0000000000	1.0000000000	1.0000000000	1.0000000000	1.0000000000	1.0000000000	1.0000000000	1.0000000000	1.0000000000	1.0000000000	0.9542570879	1.0000000000	1.0000000000	1.0000000000	1.0000000000	1.0000000000	1.0000000000	1.0000000000	1.0000000000	1.0000000000	1.0000000000	1.0000000000	1.0000000000	1.0000000000	1.0000000000	1.0000000000	1.0000000000	1.0000000000	1.0000000000	1.0000000000	1.0000000000	1.0000000000	1.0000000000	1.0000000000	1.0000000000	1.0000000000	1.0000000000	1.0000000000	1.0000000000	1.0000000000	1.0000000000	1.0000000000	1.0000000000	1.0000000000	1.0000000000	1.0000000000	1.0000000000	1.0000000000	1.0000000000	1.0000000000	1.0000000000	1.0000000000	1.0000000000	1.0000000000	1.0000000000	1.0000000000	1.0000000000	1.0000000000	1.0000000000	1.0000000000	1.0000000000	1.0000000000	1.0000000000	1.0000000000	1.0000000000	1.0000000000	0.8386604268	1.0000000000	1.0000000000	0.9596093066	0.9992419540	1.0000000000	1.0000000000	1.0000000000	0.0000000000	1.0000000000	1.0000000000	1.0000000000	1.0000000000	0.8991216834	1.0000000000	1.0000000000	1.0000000000	1.0000000000	1.0000000000	1.0000000000	1.0000000000	1.0000000000	1.0000000000	1.0000000000	1.0000000000	1.0000000000	1.0000000000	1.0000000000	1.0000000000	1.0000000000	1.0000000000	1.0000000000
SRR12720805.rna.1	1.0000000000	1.0000000000	1.0000000000	1.0000000000	1.0000000000	1.0000000000	1.0000000000	1.0000000000	1.0000000000	1.0000000000	1.0000000000	1.0000000000	1.0000000000	1.0000000000	1.0000000000	1.0000000000	1.0000000000	1.0000000000	1.0000000000	1.0000000000	1.0000000000	1.0000000000	1.0000000000	0.9977703829	1.0000000000	1.0000000000	1.0000000000	0.9923863739	1.0000000000	1.0000000000	1.0000000000	1.0000000000	1.0000000000	0.9821230098	1.0000000000	1.0000000000	1.0000000000	1.0000000000	1.0000000000	1.0000000000	1.0000000000	1.0000000000	1.0000000000	1.0000000000	1.0000000000	1.0000000000	1.0000000000	1.0000000000	1.0000000000	1.0000000000	1.0000000000	1.0000000000	1.0000000000	1.0000000000	1.0000000000	1.0000000000	1.0000000000	1.0000000000	1.0000000000	1.0000000000	1.0000000000	1.0000000000	1.0000000000	1.0000000000	0.9967581539	1.0000000000	1.0000000000	1.0000000000	1.0000000000	1.0000000000	1.0000000000	1.0000000000	1.0000000000	1.0000000000	1.0000000000	0.0000000000	1.0000000000	1.0000000000	1.0000000000	1.0000000000	1.0000000000	1.0000000000	1.0000000000	1.0000000000	1.0000000000	1.0000000000	1.0000000000	1.0000000000	1.0000000000	1.0000000000	1.0000000000	1.0000000000	1.0000000000	1.0000000000	1.0000000000	1.0000000000	1.0000000000	1.0000000000
SRR12641739.rna.1	0.9995287388	1.0000000000	1.0000000000	1.0000000000	1.0000000000	0.9963034207	1.0000000000	1.0000000000	1.0000000000	1.0000000000	1.0000000000	1.0000000000	1.0000000000	1.0000000000	1.0000000000	0.9767727870	1.0000000000	1.0000000000	1.0000000000	1.0000000000	1.0000000000	1.0000000000	1.0000000000	1.0000000000	0.9803369785	0.9973040432	0.9999837489	1.0000000000	0.9999555730	1.0000000000	1.0000000000	1.0000000000	1.0000000000	1.0000000000	1.0000000000	1.0000000000	1.0000000000	1.0000000000	1.0000000000	1.0000000000	1.0000000000	1.0000000000	1.0000000000	1.0000000000	1.0000000000	1.0000000000	1.0000000000	1.0000000000	1.0000000000	1.0000000000	1.0000000000	1.0000000000	1.0000000000	1.0000000000	1.0000000000	0.8972575875	1.0000000000	0.9408952943	1.0000000000	1.0000000000	1.0000000000	0.9999997606	1.0000000000	0.9982176398	1.0000000000	1.0000000000	1.0000000000	1.0000000000	1.0000000000	1.0000000000	1.0000000000	1.0000000000	1.0000000000	1.0000000000	1.0000000000	1.0000000000	0.0000000000	1.0000000000	1.0000000000	1.0000000000	1.0000000000	0.9990039983	1.0000000000	1.0000000000	1.0000000000	0.9978620408	1.0000000000	0.9990507048	1.0000000000	1.0000000000	1.0000000000	0.9973922865	1.0000000000	1.0000000000	1.0000000000	1.0000000000	1.0000000000	1.0000000000
SRR12720854.rna.1	1.0000000000	1.0000000000	0.9744148444	1.0000000000	1.0000000000	1.0000000000	1.0000000000	1.0000000000	1.0000000000	1.0000000000	1.0000000000	1.0000000000	1.0000000000	1.0000000000	1.0000000000	1.0000000000	1.0000000000	1.0000000000	1.0000000000	1.0000000000	0.9882439316	1.0000000000	1.0000000000	1.0000000000	1.0000000000	1.0000000000	1.0000000000	1.0000000000	0.9997371462	1.0000000000	0.9999517763	1.0000000000	1.0000000000	1.0000000000	0.9993519869	1.0000000000	1.0000000000	0.9952102605	1.0000000000	1.0000000000	0.9995832001	1.0000000000	0.4626842075	1.0000000000	1.0000000000	1.0000000000	1.0000000000	1.0000000000	1.0000000000	0.9761611050	0.9999584595	0.9999520611	1.0000000000	1.0000000000	1.0000000000	1.0000000000	1.0000000000	1.0000000000	1.0000000000	1.0000000000	1.0000000000	0.9999284774	1.0000000000	1.0000000000	1.0000000000	1.0000000000	1.0000000000	1.0000000000	1.0000000000	1.0000000000	1.0000000000	0.9338052319	1.0000000000	1.0000000000	1.0000000000	1.0000000000	1.0000000000	0.0000000000	1.0000000000	1.0000000000	1.0000000000	1.0000000000	1.0000000000	1.0000000000	1.0000000000	0.9760601295	1.0000000000	1.0000000000	1.0000000000	1.0000000000	1.0000000000	1.0000000000	0.9998929549	0.9997083110	1.0000000000	1.0000000000	1.0000000000	1.0000000000
SRR12720830.rna.1	1.0000000000	1.0000000000	1.0000000000	0.9806638265	1.0000000000	1.0000000000	1.0000000000	1.0000000000	1.0000000000	1.0000000000	1.0000000000	1.0000000000	1.0000000000	1.0000000000	1.0000000000	1.0000000000	1.0000000000	1.0000000000	1.0000000000	1.0000000000	1.0000000000	1.0000000000	1.0000000000	1.0000000000	1.0000000000	1.0000000000	1.0000000000	1.0000000000	1.0000000000	0.9954342581	1.0000000000	1.0000000000	1.0000000000	1.0000000000	1.0000000000	1.0000000000	1.0000000000	1.0000000000	1.0000000000	1.0000000000	1.0000000000	1.0000000000	1.0000000000	1.0000000000	1.0000000000	1.0000000000	1.0000000000	1.0000000000	1.0000000000	1.0000000000	1.0000000000	1.0000000000	1.0000000000	1.0000000000	1.0000000000	1.0000000000	0.9979435530	1.0000000000	1.0000000000	0.9771171616	1.0000000000	1.0000000000	1.0000000000	1.0000000000	1.0000000000	1.0000000000	1.0000000000	1.0000000000	1.0000000000	0.9998877604	1.0000000000	1.0000000000	1.0000000000	1.0000000000	1.0000000000	1.0000000000	1.0000000000	1.0000000000	0.0000000000	1.0000000000	1.0000000000	1.0000000000	1.0000000000	1.0000000000	1.0000000000	1.0000000000	1.0000000000	0.9959217338	1.0000000000	1.0000000000	1.0000000000	1.0000000000	1.0000000000	0.9380103919	1.0000000000	1.0000000000	1.0000000000	1.0000000000
SRR12720834.rna.1	0.9898676843	1.0000000000	1.0000000000	1.0000000000	1.0000000000	1.0000000000	1.0000000000	1.0000000000	1.0000000000	1.0000000000	0.6680775480	1.0000000000	1.0000000000	1.0000000000	1.0000000000	1.0000000000	1.0000000000	1.0000000000	1.0000000000	1.0000000000	1.0000000000	1.0000000000	1.0000000000	1.0000000000	1.0000000000	1.0000000000	1.0000000000	1.0000000000	1.0000000000	1.0000000000	1.0000000000	1.0000000000	1.0000000000	1.0000000000	1.0000000000	1.0000000000	1.0000000000	1.0000000000	1.0000000000	1.0000000000	1.0000000000	1.0000000000	1.0000000000	1.0000000000	1.0000000000	1.0000000000	1.0000000000	1.0000000000	1.0000000000	1.0000000000	1.0000000000	1.0000000000	1.0000000000	1.0000000000	1.0000000000	1.0000000000	1.0000000000	1.0000000000	1.0000000000	1.0000000000	1.0000000000	1.0000000000	1.0000000000	0.9972284937	1.0000000000	1.0000000000	0.4530014336	1.0000000000	1.0000000000	0.9920310920	1.0000000000	1.0000000000	1.0000000000	1.0000000000	0.8991216834	1.0000000000	1.0000000000	1.0000000000	1.0000000000	0.0000000000	1.0000000000	1.0000000000	1.0000000000	1.0000000000	1.0000000000	1.0000000000	1.0000000000	1.0000000000	1.0000000000	1.0000000000	1.0000000000	1.0000000000	1.0000000000	1.0000000000	1.0000000000	1.0000000000	1.0000000000	1.0000000000
SRR12641741.rna.1	1.0000000000	1.0000000000	1.0000000000	0.9999992791	1.0000000000	1.0000000000	1.0000000000	0.9741537826	1.0000000000	0.9998346853	1.0000000000	1.0000000000	1.0000000000	1.0000000000	1.0000000000	1.0000000000	1.0000000000	1.0000000000	1.0000000000	1.0000000000	1.0000000000	1.0000000000	1.0000000000	1.0000000000	1.0000000000	1.0000000000	1.0000000000	0.9999152142	1.0000000000	1.0000000000	1.0000000000	1.0000000000	1.0000000000	1.0000000000	1.0000000000	1.0000000000	1.0000000000	1.0000000000	1.0000000000	1.0000000000	1.0000000000	1.0000000000	1.0000000000	1.0000000000	0.7951201017	1.0000000000	1.0000000000	0.9999996832	1.0000000000	1.0000000000	1.0000000000	0.9535413619	0.9921415271	1.0000000000	1.0000000000	1.0000000000	1.0000000000	1.0000000000	1.0000000000	1.0000000000	1.0000000000	1.0000000000	0.9768643568	1.0000000000	1.0000000000	1.0000000000	1.0000000000	1.0000000000	1.0000000000	1.0000000000	1.0000000000	1.0000000000	1.0000000000	1.0000000000	1.0000000000	1.0000000000	1.0000000000	1.0000000000	1.0000000000	1.0000000000	0.0000000000	1.0000000000	1.0000000000	1.0000000000	0.9959551088	1.0000000000	1.0000000000	1.0000000000	1.0000000000	1.0000000000	0.9999578029	1.0000000000	1.0000000000	1.0000000000	0.9870083737	1.0000000000	1.0000000000	1.0000000000
SRR12720836.rna.1	1.0000000000	1.0000000000	0.9847561856	1.0000000000	1.0000000000	1.0000000000	1.0000000000	1.0000000000	1.0000000000	1.0000000000	1.0000000000	1.0000000000	1.0000000000	1.0000000000	1.0000000000	0.9948907186	1.0000000000	1.0000000000	1.0000000000	1.0000000000	0.9917282306	1.0000000000	1.0000000000	1.0000000000	0.9963784156	1.0000000000	1.0000000000	1.0000000000	1.0000000000	1.0000000000	1.0000000000	1.0000000000	1.0000000000	1.0000000000	1.0000000000	1.0000000000	1.0000000000	1.0000000000	1.0000000000	1.0000000000	1.0000000000	1.0000000000	1.0000000000	1.0000000000	0.9999432328	1.0000000000	1.0000000000	1.0000000000	1.0000000000	1.0000000000	1.0000000000	1.0000000000	1.0000000000	1.0000000000	1.0000000000	0.9953135028	1.0000000000	0.9974812736	1.0000000000	1.0000000000	1.0000000000	1.0000000000	1.0000000000	1.0000000000	1.0000000000	1.0000000000	1.0000000000	1.0000000000	1.0000000000	1.0000000000	1.0000000000	1.0000000000	1.0000000000	1.0000000000	1.0000000000	1.0000000000	0.9990039983	1.0000000000	1.0000000000	1.0000000000	1.0000000000	0.0000000000	1.0000000000	1.0000000000	1.0000000000	1.0000000000	1.0000000000	1.0000000000	1.0000000000	1.0000000000	1.0000000000	1.0000000000	1.0000000000	1.0000000000	1.0000000000	1.0000000000	1.0000000000	1.0000000000
SRR12720848.rna.1	1.0000000000	1.0000000000	1.0000000000	1.0000000000	1.0000000000	1.0000000000	1.0000000000	1.0000000000	1.0000000000	1.0000000000	1.0000000000	1.0000000000	1.0000000000	1.0000000000	1.0000000000	1.0000000000	1.0000000000	1.0000000000	1.0000000000	1.0000000000	1.0000000000	1.0000000000	1.0000000000	0.9981843229	1.0000000000	1.0000000000	1.0000000000	1.0000000000	1.0000000000	1.0000000000	1.0000000000	1.0000000000	1.0000000000	1.0000000000	1.0000000000	1.0000000000	1.0000000000	1.0000000000	1.0000000000	1.0000000000	1.0000000000	1.0000000000	1.0000000000	1.0000000000	1.0000000000	1.0000000000	1.0000000000	1.0000000000	1.0000000000	1.0000000000	1.0000000000	1.0000000000	1.0000000000	1.0000000000	1.0000000000	1.0000000000	1.0000000000	1.0000000000	1.0000000000	1.0000000000	1.0000000000	1.0000000000	1.0000000000	1.0000000000	1.0000000000	1.0000000000	1.0000000000	1.0000000000	1.0000000000	1.0000000000	1.0000000000	1.0000000000	1.0000000000	1.0000000000	1.0000000000	1.0000000000	1.0000000000	1.0000000000	1.0000000000	1.0000000000	1.0000000000	1.0000000000	0.0000000000	0.9336124815	1.0000000000	1.0000000000	1.0000000000	1.0000000000	1.0000000000	1.0000000000	1.0000000000	1.0000000000	0.9348471754	1.0000000000	1.0000000000	1.0000000000	0.9952178972	1.0000000000
SRR12720821.rna.1	1.0000000000	1.0000000000	1.0000000000	1.0000000000	1.0000000000	1.0000000000	1.0000000000	1.0000000000	1.0000000000	1.0000000000	1.0000000000	1.0000000000	1.0000000000	0.9979132257	1.0000000000	1.0000000000	1.0000000000	1.0000000000	1.0000000000	1.0000000000	1.0000000000	1.0000000000	1.0000000000	0.9987579323	1.0000000000	1.0000000000	1.0000000000	1.0000000000	0.9999879729	1.0000000000	1.0000000000	1.0000000000	1.0000000000	1.0000000000	1.0000000000	1.0000000000	1.0000000000	1.0000000000	1.0000000000	1.0000000000	1.0000000000	1.0000000000	1.0000000000	1.0000000000	1.0000000000	1.0000000000	1.0000000000	1.0000000000	1.0000000000	1.0000000000	1.0000000000	1.0000000000	1.0000000000	1.0000000000	1.0000000000	1.0000000000	1.0000000000	1.0000000000	1.0000000000	1.0000000000	1.0000000000	0.9999999083	1.0000000000	1.0000000000	1.0000000000	1.0000000000	1.0000000000	1.0000000000	1.0000000000	1.0000000000	1.0000000000	1.0000000000	1.0000000000	1.0000000000	1.0000000000	1.0000000000	1.0000000000	1.0000000000	1.0000000000	1.0000000000	1.0000000000	1.0000000000	0.9336124815	0.0000000000	1.0000000000	1.0000000000	1.0000000000	1.0000000000	1.0000000000	1.0000000000	1.0000000000	1.0000000000	0.9760359329	1.0000000000	1.0000000000	1.0000000000	0.9991981051	1.0000000000
SRR12641750.rna.1	1.0000000000	1.0000000000	1.0000000000	1.0000000000	1.0000000000	1.0000000000	1.0000000000	0.9878431738	1.0000000000	1.0000000000	1.0000000000	1.0000000000	1.0000000000	1.0000000000	1.0000000000	1.0000000000	1.0000000000	1.0000000000	1.0000000000	1.0000000000	1.0000000000	1.0000000000	1.0000000000	1.0000000000	1.0000000000	1.0000000000	1.0000000000	1.0000000000	1.0000000000	1.0000000000	1.0000000000	1.0000000000	1.0000000000	1.0000000000	1.0000000000	1.0000000000	1.0000000000	1.0000000000	1.0000000000	0.9999556900	0.9960358938	1.0000000000	1.0000000000	1.0000000000	0.9969396070	1.0000000000	1.0000000000	1.0000000000	1.0000000000	1.0000000000	1.0000000000	1.0000000000	0.9954765783	1.0000000000	1.0000000000	1.0000000000	0.9999172943	1.0000000000	1.0000000000	1.0000000000	1.0000000000	1.0000000000	0.9979204756	1.0000000000	1.0000000000	1.0000000000	1.0000000000	1.0000000000	1.0000000000	1.0000000000	0.9993404600	1.0000000000	1.0000000000	1.0000000000	1.0000000000	1.0000000000	1.0000000000	1.0000000000	1.0000000000	1.0000000000	0.9959551088	1.0000000000	1.0000000000	1.0000000000	0.0000000000	1.0000000000	1.0000000000	1.0000000000	0.9960706074	1.0000000000	0.9976332940	1.0000000000	1.0000000000	1.0000000000	0.9925096475	1.0000000000	1.0000000000	1.0000000000
SRR12720835.rna.1	1.0000000000	1.0000000000	0.9583123300	1.0000000000	1.0000000000	1.0000000000	1.0000000000	1.0000000000	1.0000000000	1.0000000000	1.0000000000	1.0000000000	1.0000000000	1.0000000000	1.0000000000	1.0000000000	1.0000000000	1.0000000000	1.0000000000	1.0000000000	0.9956412236	1.0000000000	1.0000000000	1.0000000000	0.9955364492	0.9982680235	1.0000000000	1.0000000000	1.0000000000	1.0000000000	1.0000000000	1.0000000000	1.0000000000	1.0000000000	1.0000000000	1.0000000000	1.0000000000	1.0000000000	1.0000000000	1.0000000000	0.9998760915	1.0000000000	0.9727724139	1.0000000000	1.0000000000	1.0000000000	1.0000000000	1.0000000000	1.0000000000	1.0000000000	1.0000000000	1.0000000000	1.0000000000	1.0000000000	0.9999352992	1.0000000000	1.0000000000	0.9969644833	1.0000000000	1.0000000000	1.0000000000	1.0000000000	1.0000000000	1.0000000000	1.0000000000	1.0000000000	1.0000000000	1.0000000000	1.0000000000	1.0000000000	1.0000000000	0.9908707007	1.0000000000	1.0000000000	1.0000000000	1.0000000000	0.9978620408	0.9760601295	1.0000000000	1.0000000000	1.0000000000	1.0000000000	1.0000000000	1.0000000000	1.0000000000	0.0000000000	1.0000000000	1.0000000000	1.0000000000	1.0000000000	1.0000000000	1.0000000000	0.9998048438	1.0000000000	1.0000000000	1.0000000000	1.0000000000	1.0000000000
SRR12720814.rna.1	1.0000000000	1.0000000000	1.0000000000	1.0000000000	1.0000000000	0.9992369007	0.9999427612	1.0000000000	1.0000000000	1.0000000000	1.0000000000	0.9999996202	1.0000000000	1.0000000000	0.7213708526	1.0000000000	1.0000000000	1.0000000000	1.0000000000	1.0000000000	1.0000000000	1.0000000000	1.0000000000	1.0000000000	1.0000000000	0.9990248560	1.0000000000	1.0000000000	0.9999723828	1.0000000000	1.0000000000	1.0000000000	1.0000000000	1.0000000000	1.0000000000	1.0000000000	1.0000000000	1.0000000000	1.0000000000	1.0000000000	1.0000000000	1.0000000000	1.0000000000	1.0000000000	1.0000000000	1.0000000000	1.0000000000	1.0000000000	1.0000000000	1.0000000000	1.0000000000	1.0000000000	1.0000000000	1.0000000000	1.0000000000	0.9991545354	1.0000000000	1.0000000000	1.0000000000	1.0000000000	1.0000000000	0.9999997950	1.0000000000	1.0000000000	1.0000000000	1.0000000000	1.0000000000	1.0000000000	1.0000000000	1.0000000000	1.0000000000	1.0000000000	0.9998421888	1.0000000000	1.0000000000	1.0000000000	1.0000000000	1.0000000000	1.0000000000	1.0000000000	1.0000000000	1.0000000000	1.0000000000	1.0000000000	1.0000000000	1.0000000000	0.0000000000	1.0000000000	1.0000000000	1.0000000000	1.0000000000	1.0000000000	1.0000000000	1.0000000000	1.0000000000	1.0000000000	1.0000000000	1.0000000000
SRR12720820.rna.1	1.0000000000	1.0000000000	1.0000000000	1.0000000000	1.0000000000	1.0000000000	1.0000000000	1.0000000000	1.0000000000	1.0000000000	1.0000000000	1.0000000000	1.0000000000	1.0000000000	1.0000000000	1.0000000000	1.0000000000	1.0000000000	1.0000000000	1.0000000000	1.0000000000	1.0000000000	1.0000000000	1.0000000000	1.0000000000	1.0000000000	1.0000000000	1.0000000000	1.0000000000	0.9939138445	1.0000000000	1.0000000000	1.0000000000	1.0000000000	1.0000000000	1.0000000000	1.0000000000	1.0000000000	1.0000000000	1.0000000000	1.0000000000	1.0000000000	1.0000000000	1.0000000000	1.0000000000	1.0000000000	1.0000000000	1.0000000000	1.0000000000	1.0000000000	1.0000000000	1.0000000000	1.0000000000	1.0000000000	1.0000000000	1.0000000000	1.0000000000	1.0000000000	0.9975281916	0.6833949118	1.0000000000	1.0000000000	1.0000000000	1.0000000000	1.0000000000	1.0000000000	1.0000000000	1.0000000000	1.0000000000	0.9999591175	1.0000000000	1.0000000000	1.0000000000	1.0000000000	1.0000000000	1.0000000000	0.9990507048	1.0000000000	0.9959217338	1.0000000000	1.0000000000	1.0000000000	1.0000000000	1.0000000000	1.0000000000	1.0000000000	1.0000000000	0.0000000000	1.0000000000	1.0000000000	1.0000000000	1.0000000000	1.0000000000	1.0000000000	1.0000000000	1.0000000000	1.0000000000	1.0000000000
SRR12720797.rna.1	1.0000000000	1.0000000000	1.0000000000	1.0000000000	1.0000000000	1.0000000000	1.0000000000	1.0000000000	1.0000000000	1.0000000000	1.0000000000	1.0000000000	1.0000000000	1.0000000000	1.0000000000	1.0000000000	1.0000000000	1.0000000000	1.0000000000	0.9963171945	1.0000000000	0.8978846870	1.0000000000	1.0000000000	1.0000000000	1.0000000000	1.0000000000	1.0000000000	1.0000000000	1.0000000000	1.0000000000	1.0000000000	1.0000000000	1.0000000000	1.0000000000	1.0000000000	0.9036885387	1.0000000000	1.0000000000	1.0000000000	1.0000000000	1.0000000000	1.0000000000	1.0000000000	1.0000000000	1.0000000000	1.0000000000	1.0000000000	1.0000000000	1.0000000000	1.0000000000	1.0000000000	1.0000000000	0.9904179363	1.0000000000	1.0000000000	0.9996433596	1.0000000000	1.0000000000	1.0000000000	1.0000000000	1.0000000000	1.0000000000	1.0000000000	1.0000000000	1.0000000000	1.0000000000	1.0000000000	1.0000000000	1.0000000000	1.0000000000	1.0000000000	1.0000000000	0.9998107623	1.0000000000	1.0000000000	1.0000000000	1.0000000000	1.0000000000	1.0000000000	1.0000000000	1.0000000000	1.0000000000	1.0000000000	0.9960706074	1.0000000000	1.0000000000	1.0000000000	0.0000000000	1.0000000000	0.9888598090	1.0000000000	0.9960605804	1.0000000000	1.0000000000	1.0000000000	1.0000000000	1.0000000000
SRR12641761.rna.1	1.0000000000	1.0000000000	1.0000000000	1.0000000000	1.0000000000	1.0000000000	1.0000000000	1.0000000000	1.0000000000	1.0000000000	1.0000000000	1.0000000000	1.0000000000	1.0000000000	1.0000000000	1.0000000000	1.0000000000	1.0000000000	1.0000000000	1.0000000000	1.0000000000	1.0000000000	1.0000000000	1.0000000000	1.0000000000	1.0000000000	1.0000000000	1.0000000000	1.0000000000	1.0000000000	1.0000000000	1.0000000000	1.0000000000	1.0000000000	1.0000000000	1.0000000000	1.0000000000	1.0000000000	1.0000000000	1.0000000000	1.0000000000	1.0000000000	1.0000000000	1.0000000000	1.0000000000	1.0000000000	1.0000000000	1.0000000000	1.0000000000	1.0000000000	1.0000000000	1.0000000000	1.0000000000	1.0000000000	1.0000000000	1.0000000000	1.0000000000	1.0000000000	1.0000000000	1.0000000000	1.0000000000	1.0000000000	1.0000000000	1.0000000000	1.0000000000	1.0000000000	1.0000000000	1.0000000000	1.0000000000	0.9995711832	1.0000000000	1.0000000000	1.0000000000	1.0000000000	1.0000000000	1.0000000000	1.0000000000	1.0000000000	1.0000000000	1.0000000000	1.0000000000	1.0000000000	1.0000000000	1.0000000000	1.0000000000	1.0000000000	1.0000000000	1.0000000000	1.0000000000	0.0000000000	1.0000000000	1.0000000000	1.0000000000	1.0000000000	1.0000000000	1.0000000000	1.0000000000	0.9870595996
SRR12641759.rna.1	1.0000000000	1.0000000000	1.0000000000	1.0000000000	1.0000000000	1.0000000000	1.0000000000	1.0000000000	1.0000000000	0.9998520925	1.0000000000	1.0000000000	1.0000000000	1.0000000000	1.0000000000	1.0000000000	1.0000000000	0.9999995211	1.0000000000	0.9995826510	1.0000000000	0.9853259464	0.9995324727	1.0000000000	0.9999899667	1.0000000000	1.0000000000	0.9999991213	1.0000000000	1.0000000000	0.9999709675	1.0000000000	1.0000000000	0.9999995354	1.0000000000	1.0000000000	0.9554159200	1.0000000000	1.0000000000	1.0000000000	1.0000000000	1.0000000000	1.0000000000	1.0000000000	0.9999349612	1.0000000000	1.0000000000	0.9999997171	1.0000000000	1.0000000000	1.0000000000	0.9997740350	1.0000000000	1.0000000000	1.0000000000	1.0000000000	0.9995400193	1.0000000000	1.0000000000	1.0000000000	1.0000000000	1.0000000000	1.0000000000	1.0000000000	1.0000000000	1.0000000000	1.0000000000	1.0000000000	1.0000000000	1.0000000000	1.0000000000	1.0000000000	1.0000000000	0.9999535223	1.0000000000	1.0000000000	1.0000000000	1.0000000000	1.0000000000	1.0000000000	0.9999578029	1.0000000000	1.0000000000	1.0000000000	0.9976332940	1.0000000000	1.0000000000	1.0000000000	0.9888598090	1.0000000000	0.0000000000	1.0000000000	0.9995433624	1.0000000000	1.0000000000	1.0000000000	1.0000000000	1.0000000000
SRR12720800.rna.1	0.9877530085	1.0000000000	1.0000000000	0.9999728155	1.0000000000	1.0000000000	1.0000000000	1.0000000000	1.0000000000	1.0000000000	1.0000000000	1.0000000000	1.0000000000	1.0000000000	1.0000000000	1.0000000000	1.0000000000	1.0000000000	1.0000000000	1.0000000000	1.0000000000	1.0000000000	1.0000000000	1.0000000000	0.9942954276	1.0000000000	1.0000000000	1.0000000000	1.0000000000	1.0000000000	1.0000000000	1.0000000000	1.0000000000	1.0000000000	1.0000000000	1.0000000000	1.0000000000	1.0000000000	1.0000000000	1.0000000000	0.9986171169	1.0000000000	1.0000000000	1.0000000000	0.9955586313	1.0000000000	1.0000000000	1.0000000000	1.0000000000	1.0000000000	1.0000000000	1.0000000000	0.9999690278	1.0000000000	1.0000000000	1.0000000000	1.0000000000	1.0000000000	1.0000000000	1.0000000000	1.0000000000	1.0000000000	0.9979975519	1.0000000000	1.0000000000	1.0000000000	1.0000000000	1.0000000000	1.0000000000	1.0000000000	1.0000000000	1.0000000000	1.0000000000	1.0000000000	1.0000000000	1.0000000000	0.9973922865	1.0000000000	1.0000000000	1.0000000000	1.0000000000	1.0000000000	1.0000000000	1.0000000000	1.0000000000	1.0000000000	1.0000000000	1.0000000000	1.0000000000	1.0000000000	1.0000000000	0.0000000000	1.0000000000	1.0000000000	1.0000000000	1.0000000000	1.0000000000	1.0000000000
SRR12641745.rna.1	1.0000000000	1.0000000000	0.9996621094	1.0000000000	1.0000000000	1.0000000000	1.0000000000	1.0000000000	1.0000000000	1.0000000000	1.0000000000	1.0000000000	1.0000000000	1.0000000000	1.0000000000	1.0000000000	1.0000000000	1.0000000000	1.0000000000	0.9879152031	0.9998782564	0.9653883307	1.0000000000	0.9993151963	0.9999999014	1.0000000000	1.0000000000	1.0000000000	0.9999955395	1.0000000000	1.0000000000	1.0000000000	1.0000000000	1.0000000000	0.9999916392	1.0000000000	0.9447995787	0.9999687723	1.0000000000	1.0000000000	0.9999999088	1.0000000000	0.9999508938	1.0000000000	1.0000000000	1.0000000000	1.0000000000	1.0000000000	1.0000000000	1.0000000000	1.0000000000	1.0000000000	1.0000000000	1.0000000000	1.0000000000	1.0000000000	1.0000000000	1.0000000000	1.0000000000	1.0000000000	1.0000000000	0.9999982927	1.0000000000	1.0000000000	1.0000000000	1.0000000000	1.0000000000	1.0000000000	1.0000000000	1.0000000000	1.0000000000	1.0000000000	1.0000000000	0.9999876846	1.0000000000	1.0000000000	1.0000000000	0.9998929549	1.0000000000	1.0000000000	1.0000000000	1.0000000000	0.9348471754	0.9760359329	1.0000000000	0.9998048438	1.0000000000	1.0000000000	0.9960605804	1.0000000000	0.9995433624	1.0000000000	0.0000000000	1.0000000000	1.0000000000	1.0000000000	1.0000000000	1.0000000000
SRR12720801.rna.1	1.0000000000	1.0000000000	1.0000000000	0.9964129441	1.0000000000	1.0000000000	1.0000000000	1.0000000000	0.9974781139	1.0000000000	1.0000000000	1.0000000000	1.0000000000	1.0000000000	1.0000000000	1.0000000000	0.9904427107	1.0000000000	1.0000000000	1.0000000000	1.0000000000	1.0000000000	1.0000000000	1.0000000000	1.0000000000	1.0000000000	1.0000000000	1.0000000000	1.0000000000	1.0000000000	1.0000000000	1.0000000000	0.9999974841	1.0000000000	1.0000000000	0.9990050008	1.0000000000	1.0000000000	1.0000000000	1.0000000000	1.0000000000	1.0000000000	0.9997253312	1.0000000000	1.0000000000	1.0000000000	1.0000000000	1.0000000000	1.0000000000	1.0000000000	1.0000000000	1.0000000000	1.0000000000	1.0000000000	1.0000000000	1.0000000000	1.0000000000	1.0000000000	0.9998545965	0.9953798922	1.0000000000	1.0000000000	1.0000000000	1.0000000000	1.0000000000	1.0000000000	1.0000000000	1.0000000000	1.0000000000	1.0000000000	1.0000000000	0.9999367558	1.0000000000	1.0000000000	1.0000000000	1.0000000000	1.0000000000	0.9997083110	0.9380103919	1.0000000000	1.0000000000	1.0000000000	1.0000000000	1.0000000000	1.0000000000	1.0000000000	1.0000000000	1.0000000000	1.0000000000	1.0000000000	1.0000000000	1.0000000000	1.0000000000	0.0000000000	1.0000000000	1.0000000000	1.0000000000	1.0000000000
SRR12641765.rna.1	1.0000000000	1.0000000000	1.0000000000	1.0000000000	1.0000000000	1.0000000000	1.0000000000	1.0000000000	1.0000000000	1.0000000000	1.0000000000	1.0000000000	1.0000000000	1.0000000000	1.0000000000	1.0000000000	1.0000000000	1.0000000000	1.0000000000	1.0000000000	1.0000000000	1.0000000000	1.0000000000	1.0000000000	1.0000000000	1.0000000000	1.0000000000	1.0000000000	1.0000000000	1.0000000000	1.0000000000	1.0000000000	1.0000000000	1.0000000000	1.0000000000	1.0000000000	1.0000000000	1.0000000000	1.0000000000	1.0000000000	0.9993156987	1.0000000000	1.0000000000	1.0000000000	0.9875499792	1.0000000000	1.0000000000	1.0000000000	1.0000000000	1.0000000000	1.0000000000	1.0000000000	1.0000000000	1.0000000000	1.0000000000	1.0000000000	1.0000000000	1.0000000000	1.0000000000	1.0000000000	1.0000000000	1.0000000000	0.9790440956	1.0000000000	1.0000000000	1.0000000000	1.0000000000	1.0000000000	1.0000000000	1.0000000000	1.0000000000	1.0000000000	1.0000000000	1.0000000000	1.0000000000	1.0000000000	1.0000000000	1.0000000000	1.0000000000	1.0000000000	0.9870083737	1.0000000000	1.0000000000	1.0000000000	0.9925096475	1.0000000000	1.0000000000	1.0000000000	1.0000000000	1.0000000000	1.0000000000	1.0000000000	1.0000000000	1.0000000000	0.0000000000	1.0000000000	1.0000000000	1.0000000000
SRR12720832.rna.1	1.0000000000	1.0000000000	1.0000000000	1.0000000000	0.8464936394	1.0000000000	0.9991667357	1.0000000000	1.0000000000	1.0000000000	1.0000000000	0.9501585630	1.0000000000	1.0000000000	1.0000000000	1.0000000000	1.0000000000	1.0000000000	1.0000000000	1.0000000000	1.0000000000	1.0000000000	1.0000000000	1.0000000000	1.0000000000	1.0000000000	1.0000000000	1.0000000000	1.0000000000	1.0000000000	1.0000000000	1.0000000000	1.0000000000	1.0000000000	1.0000000000	1.0000000000	1.0000000000	0.9997308578	1.0000000000	1.0000000000	1.0000000000	1.0000000000	1.0000000000	1.0000000000	1.0000000000	1.0000000000	1.0000000000	1.0000000000	1.0000000000	1.0000000000	1.0000000000	1.0000000000	1.0000000000	1.0000000000	1.0000000000	1.0000000000	1.0000000000	1.0000000000	1.0000000000	1.0000000000	1.0000000000	1.0000000000	1.0000000000	1.0000000000	1.0000000000	1.0000000000	1.0000000000	1.0000000000	1.0000000000	1.0000000000	1.0000000000	0.9998179149	1.0000000000	1.0000000000	1.0000000000	1.0000000000	1.0000000000	1.0000000000	1.0000000000	1.0000000000	1.0000000000	1.0000000000	1.0000000000	1.0000000000	1.0000000000	1.0000000000	1.0000000000	1.0000000000	1.0000000000	1.0000000000	1.0000000000	1.0000000000	1.0000000000	1.0000000000	1.0000000000	0.0000000000	1.0000000000	1.0000000000
SRR12720803.rna.1	1.0000000000	1.0000000000	1.0000000000	1.0000000000	1.0000000000	1.0000000000	1.0000000000	1.0000000000	1.0000000000	1.0000000000	1.0000000000	1.0000000000	1.0000000000	1.0000000000	1.0000000000	1.0000000000	1.0000000000	1.0000000000	1.0000000000	1.0000000000	1.0000000000	1.0000000000	1.0000000000	1.0000000000	1.0000000000	1.0000000000	1.0000000000	1.0000000000	1.0000000000	1.0000000000	1.0000000000	1.0000000000	1.0000000000	1.0000000000	1.0000000000	1.0000000000	1.0000000000	1.0000000000	1.0000000000	1.0000000000	1.0000000000	1.0000000000	1.0000000000	1.0000000000	1.0000000000	0.9996169929	1.0000000000	1.0000000000	1.0000000000	1.0000000000	1.0000000000	1.0000000000	1.0000000000	1.0000000000	1.0000000000	1.0000000000	1.0000000000	1.0000000000	1.0000000000	1.0000000000	1.0000000000	1.0000000000	1.0000000000	1.0000000000	1.0000000000	1.0000000000	1.0000000000	1.0000000000	0.9963561711	1.0000000000	1.0000000000	1.0000000000	1.0000000000	1.0000000000	1.0000000000	1.0000000000	1.0000000000	1.0000000000	1.0000000000	1.0000000000	1.0000000000	1.0000000000	0.9952178972	0.9991981051	1.0000000000	1.0000000000	1.0000000000	1.0000000000	1.0000000000	1.0000000000	1.0000000000	1.0000000000	1.0000000000	1.0000000000	1.0000000000	1.0000000000	0.0000000000	1.0000000000
SRR12720806.rna.1	1.0000000000	1.0000000000	1.0000000000	1.0000000000	1.0000000000	1.0000000000	1.0000000000	1.0000000000	1.0000000000	1.0000000000	1.0000000000	1.0000000000	1.0000000000	1.0000000000	1.0000000000	1.0000000000	1.0000000000	1.0000000000	1.0000000000	1.0000000000	1.0000000000	1.0000000000	1.0000000000	1.0000000000	1.0000000000	1.0000000000	1.0000000000	1.0000000000	1.0000000000	1.0000000000	1.0000000000	1.0000000000	1.0000000000	0.9989392187	1.0000000000	1.0000000000	1.0000000000	1.0000000000	1.0000000000	1.0000000000	1.0000000000	1.0000000000	1.0000000000	1.0000000000	1.0000000000	1.0000000000	1.0000000000	1.0000000000	1.0000000000	1.0000000000	1.0000000000	1.0000000000	1.0000000000	1.0000000000	1.0000000000	1.0000000000	1.0000000000	1.0000000000	1.0000000000	1.0000000000	1.0000000000	1.0000000000	1.0000000000	1.0000000000	1.0000000000	1.0000000000	1.0000000000	1.0000000000	1.0000000000	0.9995838078	1.0000000000	1.0000000000	1.0000000000	1.0000000000	1.0000000000	1.0000000000	1.0000000000	1.0000000000	1.0000000000	1.0000000000	1.0000000000	1.0000000000	1.0000000000	1.0000000000	1.0000000000	1.0000000000	1.0000000000	1.0000000000	1.0000000000	0.9870595996	1.0000000000	1.0000000000	1.0000000000	1.0000000000	1.0000000000	1.0000000000	1.0000000000	0.0000000000
