sample	round	prj	nCtg	cov	signal	annotatedRatio
rand.5	1	LA_SARS2_2024	23	99.4080861452028	84.2549814347666	0
rand.78	1	LA_SARS2_2024	102	99.7625656288667	44.8466626578473	0
rand.59	1	LA_SARS2_2024	715	99.5953583252517	9.02274317810693	0.166627786849735
rand.31	1	LA_SARS2_2024	101	98.5854262114169	52.1622195484465	0
rand.42	1	LA_SARS2_2024	210	97.8564023676554	29.1057023782289	0
rand.80	1	LA_SARS2_2024	28	99.6154232016854	76.1043407168953	0.66426509286937
rand.11	1	LA_SARS2_2024	2556	99.8060395278066	2.42345550894596	0.0507508692608887
rand.20	1	LA_SARS2_2024	197	99.5184429655887	21.3460821163171	0
rand.43	1	LA_SARS2_2024	44	99.4850015048657	71.0118635571575	0
rand.51	1	LA_SARS2_2024	5694	99.7558773367221	1.33498203390756	0.0186172486123213
rand.79	1	LA_SARS2_2024	40	99.7960070895897	74.9478865811086	0
rand.63	1	LA_SARS2_2024	214	25.7532689027857	13.1349138666212	0
rand.2	1	LA_SARS2_2024	172	99.8963314717587	37.1958660191757	0
rand.24	1	LA_SARS2_2024	14	99.4448717519981	85.977390348975	0
rand.12	1	LA_SARS2_2024	562	99.632143932047	10.9329702832231	0
rand.52	1	LA_SARS2_2024	11645	98.7058154700197	0.263284066434716	0
rand.10	1	LA_SARS2_2024	1431	99.6087349095409	5.93235529602027	0
rand.21	1	LA_SARS2_2024	188	99.7625656288667	32.7672942158564	0
rand.71	1	LA_SARS2_2024	477	99.7926629435174	17.0594086574741	2.0117308088084
rand.97	1	LA_SARS2_2024	34	94.9369628465371	89.9011970359111	0
rand.67	1	LA_SARS2_2024	1040	99.7358124602883	7.25644768856448	1.24744525547445
rand.39	1	LA_SARS2_2024	192	99.7257800220714	32.5453731897107	0
rand.77	1	LA_SARS2_2024	356	99.765909774939	20.0193261352427	0
rand.93	1	LA_SARS2_2024	439	96.749490017724	18.2663652894232	0
rand.41	1	LA_SARS2_2024	223	73.7384208942247	30.8879768024991	0
rand.50	1	LA_SARS2_2024	1554	99.7826305053005	5.459395766855	0
rand.96	1	LA_SARS2_2024	81	37.6985586730428	42.3637730176625	0
rand.57	1	LA_SARS2_2024	4600	99.5619168645286	1.50182279883232	0.257819975978503
rand.60	1	LA_SARS2_2024	11794	99.765909774939	0.264777242487868	0.0173778648071345
rand.34	1	LA_SARS2_2024	41	99.6087349095409	70.9106058802523	0
rand.95	1	LA_SARS2_2024	2194	99.8628900110357	2.7715747913105	0.31649152897893
rand.13	1	LA_SARS2_2024	121	99.5719493027455	39.4402204148674	0
rand.18	1	LA_SARS2_2024	973	99.7558773367221	10.3025132882735	0.0828898152593242
rand.70	1	LA_SARS2_2024	33	99.7893187974451	79.1490941884831	0
rand.19	1	LA_SARS2_2024	34	99.4983780891549	58.5366333516959	0
rand.53	1	LA_SARS2_2024	43	100	74.5693845501907	0
rand.82	1	LA_SARS2_2024	599	99.5686051566732	9.80827513506391	0
rand.55	1	LA_SARS2_2024	1472	99.6956827074207	6.00714118756498	0.559970661486753
rand.90	1	LA_SARS2_2024	125	96.8364378156038	44.1511908029153	0
rand.25	1	LA_SARS2_2024	20	99.6455205163361	79.9576021037943	0
rand.87	1	LA_SARS2_2024	1363	100	6.53916501167397	0.434258457902872
rand.49	1	LA_SARS2_2024	2541	99.7558773367221	2.35313606853519	0.0715485891438624
rand.81	1	LA_SARS2_2024	122	99.8461692806742	48.1782095139741	0
rand.89	1	LA_SARS2_2024	3155	100	2.15743033365321	0
rand.9	1	LA_SARS2_2024	2095	99.7625656288667	2.50655795280963	0
rand.37	1	LA_SARS2_2024	180	99.866234157108	35.9440071254905	0
rand.54	1	LA_SARS2_2024	227	99.6522088084808	26.9876921126276	0
rand.83	1	LA_SARS2_2024	921	99.6087349095409	9.45242213160275	0.0733065706170763
rand.69	1	LA_SARS2_2024	2018	97.7560779854864	4.1423874844122	0
rand.8	1	LA_SARS2_2024	102	29.4585827508946	14.0027658999507	0
rand.73	1	LA_SARS2_2024	575	99.4716249205765	9.31289058097158	0
rand.75	1	LA_SARS2_2024	158	99.6722736849146	37.692541163973	0
rand.47	1	LA_SARS2_2024	16	99.7458448985052	88.4470539394479	0
rand.29	1	LA_SARS2_2024	1372	99.7157475838545	6.34439030617673	15.4941594502011
rand.38	1	LA_SARS2_2024	13	97.9801357723305	86.9561346233751	0
rand.58	1	LA_SARS2_2024	17	99.7592214827944	65.924861878453	0
rand.76	1	LA_SARS2_2024	1295	99.7625656288667	6.93472312945886	0
rand.36	1	LA_SARS2_2024	32	99.6287997859746	76.4681724845996	0
rand.30	1	LA_SARS2_2024	25	99.187372504431	83.4130153551943	0
rand.16	1	LA_SARS2_2024	938	100	8.05020767622927	0
rand.23	1	LA_SARS2_2024	62	99.8261044042404	57.5185941654784	0
rand.92	1	LA_SARS2_2024	24	99.832792696385	83.69921776432	0
rand.32	1	LA_SARS2_2024	881	100	8.19622724221543	0
rand.65	1	LA_SARS2_2024	11	99.7926629435174	60.9261111905102	0
rand.35	1	LA_SARS2_2024	25	99.7090592917099	81.7772901810203	0
rand.68	1	LA_SARS2_2024	268	99.6923385613484	26.2460051240062	0
rand.46	1	LA_SARS2_2024	25	99.7625656288667	81.4681304276585	0
rand.98	1	LA_SARS2_2024	3311	99.588670033107	1.92923003768412	0.574622915858232
rand.14	1	LA_SARS2_2024	2325	99.7491890445775	2.64972199594387	0
rand.61	1	LA_SARS2_2024	186	99.6889944152761	26.9573710007054	0
rand.88	1	LA_SARS2_2024	16	98.7726983914657	90.8604300612176	0
rand.3	1	LA_SARS2_2024	291	99.8929873256864	21.3467970156933	0
rand.40	1	LA_SARS2_2024	2316	98.3948098852958	3.34013704290651	0
rand.91	1	LA_SARS2_2024	761	99.7692539210113	10.8691216974396	0
rand.6	1	LA_SARS2_2024	1186	99.799351235662	4.43047934630276	0
rand.84	1	LA_SARS2_2024	59	100	64.7037189278065	0
rand.74	1	LA_SARS2_2024	108	99.6254556399024	48.8665441900138	0
rand.17	1	LA_SARS2_2024	2367	99.0903922683343	1.63187956110916	0
rand.85	1	LA_SARS2_2024	2425	99.5953583252517	3.22035456123183	0
rand.28	1	LA_SARS2_2024	1352	99.6154232016854	4.73662200045477	5.61118293111481
rand.64	1	LA_SARS2_2024	171	99.7391566063606	40.8103226512684	0
rand.1	1	LA_SARS2_2024	24	99.7625656288667	79.0649598473404	0
rand.7	1	LA_SARS2_2024	3052	99.6789619770592	2.04392585720154	0
rand.72	1	LA_SARS2_2024	116	52.8007223355516	40.5907758753663	0
rand.15	1	LA_SARS2_2024	246	99.4749690666488	26.2539606887847	0.625766762870584
rand.33	1	LA_SARS2_2024	2214	99.3980537069859	2.75528800606621	0.0903813816207838
rand.62	1	LA_SARS2_2024	30	98.6790623014413	85.8489468171768	0
rand.44	1	LA_SARS2_2024	1110	99.5686051566732	4.78494735979352	0
rand.27	1	LA_SARS2_2024	1888	99.6588971006254	3.84149839190992	0
rand.56	1	LA_SARS2_2024	149	96.4853024780122	38.6989470860439	0
rand.66	1	LA_SARS2_2024	4414	99.4716249205765	1.59212229982856	2.49809849908551
rand.22	1	LA_SARS2_2024	61	99.6087349095409	40.1753439438899	8.71189641219315
rand.100	1	LA_SARS2_2024	1594	99.6388322241916	5.27643040938158	0
rand.45	1	LA_SARS2_2024	53	99.765909774939	64.4076944666336	0
rand.99	1	LA_SARS2_2024	826	100	9.69412725628551	0.513407254470435
rand.94	1	LA_SARS2_2024	620	99.6087349095409	13.4269151362706	0
rand.48	1	LA_SARS2_2024	11905	98.5887703574892	0.261098247548169	0.253641081087209
rand.26	1	LA_SARS2_2024	11078	45.7311975387085	0.123642609838263	0.0237068316633218
rand.72	2	LA_SARS2_2024	114	52.8007223355516	41.2892259414226	0
rand.84	2	LA_SARS2_2024	50	100	68.5271744111447	0
rand.90	2	LA_SARS2_2024	39	96.8364378156038	90.0740325992286	0
rand.75	2	LA_SARS2_2024	72	99.6722736849146	54.2441670003276	0
rand.16	2	LA_SARS2_2024	63	100	59.7916749810432	0
rand.88	2	LA_SARS2_2024	12	98.7726983914657	95.6259915174669	0
rand.18	2	LA_SARS2_2024	341	99.7558773367221	23.9852695227068	0.192975685063682
rand.30	2	LA_SARS2_2024	10	99.187372504431	94.3864562118126	0
rand.85	2	LA_SARS2_2024	918	99.5953583252517	7.14992221560681	0
rand.79	2	LA_SARS2_2024	36	99.7960070895897	77.4694322577296	0
rand.54	2	LA_SARS2_2024	15	99.6522088084808	85.1594650205761	0
rand.82	2	LA_SARS2_2024	22	99.5686051566732	76.8281983795221	0
rand.48	2	LA_SARS2_2024	1681	98.5887703574892	1.51368042402152	1.47044854867719
rand.76	2	LA_SARS2_2024	17	99.7625656288667	82.5936487721144	0
rand.6	2	LA_SARS2_2024	27	99.799351235662	46.4381302128719	0
rand.26	2	LA_SARS2_2024	417	45.7311975387085	1.00540603331846	0.19277328112329
rand.71	2	LA_SARS2_2024	99	99.7926629435174	49.4465617232809	5.83098591549296
rand.25	2	LA_SARS2_2024	14	99.6455205163361	84.9788957335159	0
rand.97	2	LA_SARS2_2024	31	94.9369628465371	92.2649419870649	0
rand.80	2	LA_SARS2_2024	16	99.6154232016854	85.7578810997553	0.748524542968188
rand.100	2	LA_SARS2_2024	217	99.6388322241916	27.5547951539813	0
rand.65	2	LA_SARS2_2024	3	99.7926629435174	95.8746987951807	0
rand.62	2	LA_SARS2_2024	23	98.6790623014413	91.0347380761399	0
rand.73	2	LA_SARS2_2024	30	99.4716249205765	73.0332940483206	0
rand.20	2	LA_SARS2_2024	20	99.5184429655887	87.2928338857763	0
rand.51	2	LA_SARS2_2024	831	99.7558773367221	6.43611994528327	0.0897561480803835
rand.81	2	LA_SARS2_2024	84	99.8461692806742	58.102243758149	0
rand.9	2	LA_SARS2_2024	125	99.7625656288667	39.6823496548146	0
rand.27	2	LA_SARS2_2024	99	99.6588971006254	48.9230718718193	0
rand.61	2	LA_SARS2_2024	112	99.6889944152761	49.9447106524143	0
rand.96	2	LA_SARS2_2024	31	37.6985586730428	97.8049626930418	0
rand.47	2	LA_SARS2_2024	10	99.7458448985052	92.959546219535	0
rand.46	2	LA_SARS2_2024	4	99.7625656288667	97.4487962630255	0
rand.95	2	LA_SARS2_2024	26	99.8628900110357	62.2877643819615	7.11276125318093
rand.15	2	LA_SARS2_2024	68	99.4749690666488	58.7389664501096	1.40005134179815
rand.28	2	LA_SARS2_2024	120	99.6154232016854	20.0868533203863	23.7956519393645
rand.10	2	LA_SARS2_2024	226	99.6087349095409	25.6069463548831	0
rand.69	2	LA_SARS2_2024	261	97.7560779854864	26.6591275957356	0
rand.83	2	LA_SARS2_2024	41	99.6087349095409	71.439535664604	0.554036552021874
rand.11	2	LA_SARS2_2024	2184	99.8060395278066	2.85582508896644	0.0598053503301734
rand.39	2	LA_SARS2_2024	105	99.7257800220714	49.7871345810308	0
rand.63	2	LA_SARS2_2024	104	25.7532689027857	25.1847733664726	0
rand.31	2	LA_SARS2_2024	54	98.5854262114169	68.5645176295469	0
rand.94	2	LA_SARS2_2024	77	99.6087349095409	57.025252235177	0
rand.14	2	LA_SARS2_2024	11	99.7491890445775	89.1505768426086	0
rand.77	2	LA_SARS2_2024	161	99.765909774939	39.3123986980642	0
rand.37	2	LA_SARS2_2024	164	99.866234157108	37.8036584593962	0
rand.34	2	LA_SARS2_2024	11	99.6087349095409	91.5675243628762	0
rand.92	2	LA_SARS2_2024	22	99.832792696385	85.0415907019143	0
rand.23	2	LA_SARS2_2024	12	99.8261044042404	88.7234358745727	0
rand.74	2	LA_SARS2_2024	36	99.6254556399024	73.1372597157096	0
rand.40	2	LA_SARS2_2024	267	98.3948098852958	19.4731791257156	0
rand.66	2	LA_SARS2_2024	2096	99.4716249205765	2.80568740048747	4.40222681688185
rand.91	2	LA_SARS2_2024	147	99.7692539210113	40.0892245259947	0
rand.58	2	LA_SARS2_2024	2	99.7592214827944	100	0
rand.52	2	LA_SARS2_2024	255	98.7058154700197	2.5422013520625	0
rand.89	2	LA_SARS2_2024	111	100	37.8664680184844	0
rand.1	2	LA_SARS2_2024	3	99.7625656288667	99.1359829855111	0
rand.36	2	LA_SARS2_2024	18	99.6287997859746	85.5624802550332	0
rand.8	2	LA_SARS2_2024	86	29.4585827508946	15.0722901873556	0
rand.3	2	LA_SARS2_2024	176	99.8929873256864	35.4829896417371	0
rand.57	2	LA_SARS2_2024	117	99.5619168645286	29.9116875810033	5.13498035827314
rand.38	2	LA_SARS2_2024	8	97.9801357723305	100	0
rand.70	2	LA_SARS2_2024	31	99.7893187974451	80.5659052864626	0
rand.5	2	LA_SARS2_2024	16	99.4080861452028	90.1252160203741	0
rand.68	2	LA_SARS2_2024	259	99.6923385613484	26.9914709450772	0
rand.2	2	LA_SARS2_2024	76	99.8963314717587	60.2877959191911	0
rand.53	2	LA_SARS2_2024	40	100	75.9495277749568	0
rand.56	2	LA_SARS2_2024	55	96.4853024780122	74.6996685998343	0
rand.42	2	LA_SARS2_2024	21	97.8564023676554	90.376181357712	0
rand.78	2	LA_SARS2_2024	11	99.7625656288667	89.534499834929	0
rand.55	2	LA_SARS2_2024	180	99.6956827074207	34.6534308198398	3.23030605958456
rand.44	2	LA_SARS2_2024	44	99.5686051566732	40.8613070567892	0
rand.49	2	LA_SARS2_2024	412	99.7558773367221	16.3975879109704	0.498579022301379
rand.99	2	LA_SARS2_2024	75	100	54.6213269536315	2.89278083167449
rand.60	2	LA_SARS2_2024	2062	99.765909774939	0.622567784824814	0.0408603802060465
rand.45	2	LA_SARS2_2024	31	99.765909774939	73.2727496008842	0
rand.12	2	LA_SARS2_2024	140	99.632143932047	32.7086489691061	0
rand.87	2	LA_SARS2_2024	49	100	66.6370462522771	4.42528990980584
rand.41	2	LA_SARS2_2024	104	73.7384208942247	60.1374570446735	0
rand.24	2	LA_SARS2_2024	9	99.4448717519981	95.9753421120578	0
rand.43	2	LA_SARS2_2024	16	99.4850015048657	87.918550698939	0
rand.67	2	LA_SARS2_2024	533	99.7358124602883	11.3902924338424	1.95808842906083
rand.64	2	LA_SARS2_2024	160	99.7391566063606	42.3199716211423	0
rand.33	2	LA_SARS2_2024	25	99.3980537069859	81.933456460016	2.68765333406842
rand.35	2	LA_SARS2_2024	16	99.7090592917099	87.3191589058748	0
rand.22	2	LA_SARS2_2024	9	99.6087349095409	75.4438844000912	16.3597679896659
rand.50	2	LA_SARS2_2024	8	99.7826305053005	94.3941790572604	0
rand.98	2	LA_SARS2_2024	1191	99.588670033107	3.77702609293412	1.12499064621644
rand.59	2	LA_SARS2_2024	230	99.5953583252517	27.8753275926619	0.5147884687383
rand.17	2	LA_SARS2_2024	27	99.0903922683343	78.0708225746957	0
rand.93	2	LA_SARS2_2024	102	96.749490017724	47.9339253761018	0
rand.13	2	LA_SARS2_2024	112	99.5719493027455	44.4562231247014	0
rand.32	2	LA_SARS2_2024	60	100	52.6098273011853	0
rand.19	2	LA_SARS2_2024	24	99.4983780891549	89.2304462571977	0
rand.21	2	LA_SARS2_2024	106	99.7625656288667	48.7188280828965	0
rand.29	2	LA_SARS2_2024	754	99.7157475838545	11.028916785643	26.9346283871254
rand.7	2	LA_SARS2_2024	230	99.6789619770592	13.0785229127543	0
rand.85	3	LA_SARS2_2024	1	99.5953583252517	100	0
rand.59	3	LA_SARS2_2024	1	99.5953583252517	100	0
rand.9	3	LA_SARS2_2024	2	99.7625656288667	100	0
rand.21	3	LA_SARS2_2024	1	99.7625656288667	100	0
rand.69	3	LA_SARS2_2024	25	97.7560779854864	100	0
rand.1	3	LA_SARS2_2024	2	99.7625656288667	100	0
rand.97	3	LA_SARS2_2024	24	94.9369628465371	100	0
rand.72	3	LA_SARS2_2024	38	52.8007223355516	100	0
rand.96	3	LA_SARS2_2024	30	37.6985586730428	100	0
rand.68	3	LA_SARS2_2024	1	99.6923385613484	100	0
rand.38	3	LA_SARS2_2024	8	97.9801357723305	100	0
rand.18	3	LA_SARS2_2024	1	99.7558773367221	100	0
rand.76	3	LA_SARS2_2024	2	99.7625656288667	100	0
rand.94	3	LA_SARS2_2024	1	99.6087349095409	100	0
rand.73	3	LA_SARS2_2024	5	99.4716249205765	100	0
rand.93	3	LA_SARS2_2024	8	96.749490017724	100	0
rand.14	3	LA_SARS2_2024	2	99.7491890445775	100	0
rand.13	3	LA_SARS2_2024	1	99.5719493027455	100	0
rand.2	3	LA_SARS2_2024	2	99.8963314717587	100	0
rand.7	3	LA_SARS2_2024	3	99.6789619770592	100	0
rand.47	3	LA_SARS2_2024	2	99.7458448985052	100	0
rand.58	3	LA_SARS2_2024	2	99.7592214827944	100	0
rand.23	3	LA_SARS2_2024	1	99.8261044042404	100	0
rand.50	3	LA_SARS2_2024	1	99.7826305053005	100	0
rand.36	3	LA_SARS2_2024	1	99.6287997859746	100	0
rand.17	3	LA_SARS2_2024	19	99.0903922683343	100	0
rand.81	3	LA_SARS2_2024	2	99.8461692806742	100	0
rand.87	3	LA_SARS2_2024	5	100	100	0
rand.30	3	LA_SARS2_2024	6	99.187372504431	100	0
rand.22	3	LA_SARS2_2024	1	99.6087349095409	100	0
rand.45	3	LA_SARS2_2024	2	99.765909774939	100	0
rand.53	3	LA_SARS2_2024	7	100	100	0
rand.98	3	LA_SARS2_2024	9	99.588670033107	95.5927198022662	1.01145085003619
rand.65	3	LA_SARS2_2024	1	99.7926629435174	100	0
rand.64	3	LA_SARS2_2024	1	99.7391566063606	100	0
rand.61	3	LA_SARS2_2024	2	99.6889944152761	100	0
rand.51	3	LA_SARS2_2024	8	99.7558773367221	100	0
rand.92	3	LA_SARS2_2024	2	99.832792696385	100	0
rand.56	3	LA_SARS2_2024	21	96.4853024780122	99.3013250731372	0
rand.15	3	LA_SARS2_2024	1	99.4749690666488	100	0
rand.63	3	LA_SARS2_2024	27	25.7532689027857	100	0
rand.5	3	LA_SARS2_2024	6	99.4080861452028	100	0
rand.88	3	LA_SARS2_2024	6	98.7726983914657	100	0
rand.79	3	LA_SARS2_2024	1	99.7960070895897	100	0
rand.60	3	LA_SARS2_2024	4	99.765909774939	96.2727507422228	0.229560380193381
rand.10	3	LA_SARS2_2024	1	99.6087349095409	100	0
rand.66	3	LA_SARS2_2024	44	99.4716249205765	64.2523869183912	21.8328210077963
rand.32	3	LA_SARS2_2024	7	100	100	0
rand.12	3	LA_SARS2_2024	1	99.632143932047	100	0
rand.39	3	LA_SARS2_2024	1	99.7257800220714	100	0
rand.57	3	LA_SARS2_2024	8	99.5619168645286	93.6727181197496	0.927062973080287
rand.78	3	LA_SARS2_2024	1	99.7625656288667	100	0
rand.70	3	LA_SARS2_2024	2	99.7893187974451	100	0
rand.35	3	LA_SARS2_2024	1	99.7090592917099	100	0
rand.71	3	LA_SARS2_2024	8	99.7926629435174	95.6350350927795	0.460440992461297
rand.26	3	LA_SARS2_2024	40	45.7311975387085	94.1156228492774	0.946728654917755
rand.54	3	LA_SARS2_2024	1	99.6522088084808	100	0
rand.91	3	LA_SARS2_2024	2	99.7692539210113	100	0
rand.55	3	LA_SARS2_2024	3	99.6956827074207	97.8533447121381	0.183043019390882
rand.77	3	LA_SARS2_2024	2	99.765909774939	100	0
rand.8	3	LA_SARS2_2024	23	29.4585827508946	100	0
rand.90	3	LA_SARS2_2024	27	96.8364378156038	100	0
rand.27	3	LA_SARS2_2024	1	99.6588971006254	100	0
rand.25	3	LA_SARS2_2024	1	99.6455205163361	100	0
rand.95	3	LA_SARS2_2024	4	99.8628900110357	98.0206794682422	0.202857748656351
rand.100	3	LA_SARS2_2024	1	99.6388322241916	100	0
rand.40	3	LA_SARS2_2024	7	98.3948098852958	100	0
rand.48	3	LA_SARS2_2024	31	98.5887703574892	79.7085383658682	9.99874689848419
rand.52	3	LA_SARS2_2024	9	98.7058154700197	100	0
rand.83	3	LA_SARS2_2024	1	99.6087349095409	100	0
rand.28	3	LA_SARS2_2024	1	99.6154232016854	100	0
rand.43	3	LA_SARS2_2024	1	99.4850015048657	100	0
rand.29	3	LA_SARS2_2024	171	99.7157475838545	38.6233517266392	43.5459124106276
rand.24	3	LA_SARS2_2024	4	99.4448717519981	100	0
rand.75	3	LA_SARS2_2024	2	99.6722736849146	100	0
rand.31	3	LA_SARS2_2024	5	98.5854262114169	100	0
rand.80	3	LA_SARS2_2024	1	99.6154232016854	100	0
rand.6	3	LA_SARS2_2024	2	99.799351235662	100	0
rand.82	3	LA_SARS2_2024	1	99.5686051566732	100	0
rand.33	3	LA_SARS2_2024	6	99.3980537069859	96.8238973223011	0.100876282192861
rand.44	3	LA_SARS2_2024	1	99.5686051566732	100	0
rand.84	3	LA_SARS2_2024	2	100	100	0
rand.3	3	LA_SARS2_2024	1	99.8929873256864	100	0
rand.34	3	LA_SARS2_2024	1	99.6087349095409	100	0
rand.20	3	LA_SARS2_2024	3	99.5184429655887	100	0
rand.46	3	LA_SARS2_2024	2	99.7625656288667	100	0
rand.74	3	LA_SARS2_2024	2	99.6254556399024	100	0
rand.67	3	LA_SARS2_2024	8	99.7358124602883	95.7893046410792	0.617671457331322
rand.62	3	LA_SARS2_2024	12	98.6790623014413	100	0
rand.37	3	LA_SARS2_2024	2	99.866234157108	100	0
rand.99	3	LA_SARS2_2024	6	100	98.1073279538149	0.0951955203110911
rand.89	3	LA_SARS2_2024	4	100	100	0
rand.42	3	LA_SARS2_2024	11	97.8564023676554	100	0
rand.41	3	LA_SARS2_2024	49	73.7384208942247	100	0
rand.16	3	LA_SARS2_2024	3	100	100	0
rand.11	3	LA_SARS2_2024	3	99.8060395278066	99.2979771093958	0.0143998787865974
rand.19	3	LA_SARS2_2024	10	99.4983780891549	100	0
rand.49	3	LA_SARS2_2024	2	99.7558773367221	99.2414664981037	0.0223831176178528
rand.26	1	Admed_SARS2_2020	3628	100	1.52705568607531	0.447926852498571
rand.30	1	Admed_SARS2_2020	5007	99.6889944152761	1.19485806200516	0.355290904448632
rand.75	1	Admed_SARS2_2020	10354	99.6889944152761	0.452931443409399	0.0506566062504843
rand.31	1	Admed_SARS2_2020	18086	99.6889944152761	0.308455818024105	5.24904677218732
rand.84	1	Admed_SARS2_2020	110	100	46.3429349339439	9.70421707249157
rand.39	1	Admed_SARS2_2020	10707	100	0.434912906182263	0.0954452797118146
rand.17	1	Admed_SARS2_2020	10782	57.1313914991807	0.248106669021289	0.11904298559866
rand.96	1	Admed_SARS2_2020	3564	100	1.52095465277411	0.0654769403321697
rand.62	1	Admed_SARS2_2020	3125	99.866234157108	1.68897002973216	0.365473138403015
rand.6	1	Admed_SARS2_2020	641	100	9.86168285855426	14.9804050716285
rand.2	1	Admed_SARS2_2020	85	99.9966558539277	50.2689798937529	3.47992737542869
rand.43	1	Admed_SARS2_2020	16825	100	0.277935487033205	1.38962173667163
rand.32	1	Admed_SARS2_2020	100	99.866234157108	46.0209585452304	3.85729696409308
rand.77	1	Admed_SARS2_2020	40	100	66.5634400990975	7.52742877366838
rand.78	1	Admed_SARS2_2020	3198	100	1.67403725572087	0.0922833807946854
rand.87	1	Admed_SARS2_2020	3838	99.9632143932047	1.44301022011554	2.47042847632854
rand.94	1	Admed_SARS2_2020	10364	99.6889944152761	0.452645134565887	0.0147591771485422
rand.25	1	Admed_SARS2_2020	45	100	62.9383707003425	0.655586140236599
rand.48	1	Admed_SARS2_2020	54	100	57.8648549818126	4.93081083161724
rand.86	1	Admed_SARS2_2020	6329	99.9832792696385	0.73462600120988	0.129391281101453
rand.49	1	Admed_SARS2_2020	660	100	9.83209266834126	4.19653705456415
rand.74	1	Admed_SARS2_2020	4331	99.6889944152761	1.39913442344726	0.0459963681643178
rand.51	1	Admed_SARS2_2020	10667	100	0.436792920599562	0.0495252542359542
rand.61	1	Admed_SARS2_2020	30	100	74.7499626809972	0
rand.45	1	Admed_SARS2_2020	26	100	76.7948849630238	0
rand.24	1	Admed_SARS2_2020	14	100	86.4787510841284	0
rand.14	1	Admed_SARS2_2020	6175	99.6889944152761	0.950249149525417	1.69639077458216
rand.60	1	Admed_SARS2_2020	3188	100	1.69736466854347	1.95076083795239
rand.59	1	Admed_SARS2_2020	13	100	83.4512140788594	0
rand.33	1	Admed_SARS2_2020	10716	99.7190917299268	0.43348998323986	0.073282907056311
rand.97	1	Admed_SARS2_2020	26	100	78.1913241536391	0
rand.13	1	Admed_SARS2_2020	627	99.6889944152761	7.59505926235439	0.669822569631992
rand.80	1	Admed_SARS2_2020	681	99.9765909774939	9.64147614947255	6.44678579836621
rand.83	1	Admed_SARS2_2020	4837	100	1.17348336859585	4.86215079029993
rand.53	1	Admed_SARS2_2020	10756	99.8796107413972	0.432630856819712	0.114027860343683
rand.46	1	Admed_SARS2_2020	132	100	40.3151858634195	3.92311496665018
rand.65	1	Admed_SARS2_2020	747	100	8.77828771303817	10.9479905159867
rand.68	1	Admed_SARS2_2020	8957	99.7926629435174	0.530007376162438	1.88581458995339
rand.4	1	Admed_SARS2_2020	50	100	63.5197961999788	2.12928563846725
rand.8	1	Admed_SARS2_2020	50	100	63.5476342032676	0.814767663908339
rand.95	1	Admed_SARS2_2020	11870	100	0.402456186540628	0.558669028515111
rand.16	1	Admed_SARS2_2020	102	100	42.1048933359566	8.950504511088
rand.66	1	Admed_SARS2_2020	5355	100	1.0770364752951	4.17702903352694
rand.71	1	Admed_SARS2_2020	3160	100	1.68378905635443	0.0953512206304755
rand.1	1	Admed_SARS2_2020	274	100	19.6400374769864	2.95950257818079
rand.91	1	Admed_SARS2_2020	634	100	7.50937517164928	1.51425874974409
rand.21	1	Admed_SARS2_2020	1763	99.9866234157108	2.75983466283661	0.10550490048571
rand.27	1	Admed_SARS2_2020	12500	100	0.380740936602949	1.22096448292124
rand.50	1	Admed_SARS2_2020	6386	100	0.758708222401301	0.539843286446804
rand.10	1	Admed_SARS2_2020	113	100	40.9614017822973	11.837789076595
rand.5	1	Admed_SARS2_2020	57	99.7893187974451	53.5996551228625	1.35436125880155
rand.22	1	Admed_SARS2_2020	127	100	41.3642621145374	13.8160792951542
rand.40	1	Admed_SARS2_2020	6434	100	0.731852765582394	0.321979222502503
rand.89	1	Admed_SARS2_2020	40	99.6856502692038	70.5655374855006	0.710176834031674
rand.70	1	Admed_SARS2_2020	113	100	40.6888309430682	4.77238157322903
rand.67	1	Admed_SARS2_2020	119	100	37.4227846205683	0.995844408670585
rand.52	1	Admed_SARS2_2020	66	100	54.2321274142404	2.96555203228596
rand.29	1	Admed_SARS2_2020	7235	100	0.658563252784744	1.49499562127831
rand.19	1	Admed_SARS2_2020	6056	100	0.772123696823162	0.0404125622257238
rand.79	1	Admed_SARS2_2020	3587	100	1.51423428740638	0.102326784755987
rand.54	1	Admed_SARS2_2020	774	100	8.61828613562524	5.26308209866587
rand.23	1	Admed_SARS2_2020	3132	100	1.69380135610345	0.0176308141423993
rand.15	1	Admed_SARS2_2020	15	100	84.8866427623592	4.2152517010644
rand.37	1	Admed_SARS2_2020	11189	100	0.423947621749469	0.65678234734521
rand.99	1	Admed_SARS2_2020	84	100	50.4991498459622	0.974731065133584
rand.100	1	Admed_SARS2_2020	6933	100	0.696770629894853	0.421585453735261
rand.90	1	Admed_SARS2_2020	12691	100	0.378534303738162	1.22749724399242
rand.88	1	Admed_SARS2_2020	688	100	9.54670482550282	4.82454885126004
rand.18	1	Admed_SARS2_2020	2118	100	2.57371576239822	0.0734537344565884
rand.72	1	Admed_SARS2_2020	5713	100	0.978566941631494	3.94002638385811
rand.73	1	Admed_SARS2_2020	3447	100	1.59620881120459	0
rand.3	1	Admed_SARS2_2020	11323	100	0.420755243486942	1.76775698802724
rand.9	1	Admed_SARS2_2020	99	100	44.7417714744447	4.26515624535427
rand.64	1	Admed_SARS2_2020	340	100	16.9840965702242	7.9960583581967
rand.34	1	Admed_SARS2_2020	109	100	42.7640975832714	12.9792035651031
rand.42	1	Admed_SARS2_2020	615	100	10.8947701898637	8.00493776809969
rand.12	1	Admed_SARS2_2020	3313	100	1.60752090135993	2.09749987012799
rand.11	1	Admed_SARS2_2020	1740	99.7391566063606	2.81917930452997	0.252284645894065
rand.7	1	Admed_SARS2_2020	3708	100	1.49464388573557	0.194310675039168
rand.28	1	Admed_SARS2_2020	75	83.7775474032706	49.508902986107	0.54544376593348
rand.20	1	Admed_SARS2_2020	63	99.8227602581681	52.6622208108394	1.63367559366289
rand.47	1	Admed_SARS2_2020	1785	100	3.50060621366079	0.851622045366061
rand.76	1	Admed_SARS2_2020	4807	99.8428251346019	1.12762105043702	1.09672628827004
rand.93	1	Admed_SARS2_2020	1746	100	2.82921497252812	0
rand.69	1	Admed_SARS2_2020	10393	100	0.453787219502945	0.0969761553460169
rand.92	1	Admed_SARS2_2020	3829	100	1.47839342758016	0.269219806824405
rand.85	1	Admed_SARS2_2020	72	100	49.0524041766227	0.590815357926091
rand.57	1	Admed_SARS2_2020	11188	99.7224358759991	0.422926052613589	0.689417686705117
rand.58	1	Admed_SARS2_2020	69	100	50.5570372370953	1.00941899328179
rand.38	1	Admed_SARS2_2020	156	100	33.2108289463519	37.762253197806
rand.35	1	Admed_SARS2_2020	93	100	46.4185556467982	5.5685533226941
rand.28	2	Admed_SARS2_2020	27	83.7775474032706	74.4465246203679	0.820183649817242
rand.96	2	Admed_SARS2_2020	124	100	27.9476553166069	1.20314366786141
rand.29	2	Admed_SARS2_2020	3902	100	1.01339114366355	2.30048566483624
rand.27	2	Admed_SARS2_2020	3082	100	1.31386842175412	4.21332860213682
rand.51	2	Admed_SARS2_2020	125	100	24.5273599266692	2.78100600723487
rand.97	2	Admed_SARS2_2020	20	100	83.4115633110608	0
rand.52	2	Admed_SARS2_2020	26	100	74.8855607523137	4.09493481938501
rand.80	2	Admed_SARS2_2020	311	99.9765909774939	17.4293259953244	11.654141913518
rand.14	2	Admed_SARS2_2020	3864	99.6889944152761	1.36403611927377	2.43508588256935
rand.65	2	Admed_SARS2_2020	373	100	14.9303268052145	18.6206104889102
rand.10	2	Admed_SARS2_2020	94	100	44.9276665917098	12.9840341803463
rand.48	2	Admed_SARS2_2020	45	100	61.9304605751009	5.27725138007745
rand.79	2	Admed_SARS2_2020	177	100	19.0508280619219	1.28738993610731
rand.95	2	Admed_SARS2_2020	490	100	9.59531069220984	13.3197179767452
rand.59	2	Admed_SARS2_2020	10	100	86.0387000459348	0
rand.15	2	Admed_SARS2_2020	8	100	92.2185074993099	4.57933319019722
rand.75	2	Admed_SARS2_2020	67	99.6889944152761	40.1130323622418	4.48630828231178
rand.21	2	Admed_SARS2_2020	30	99.9866234157108	57.1311193487981	2.18404861084572
rand.57	2	Admed_SARS2_2020	474	99.7224358759991	12.2138530159861	19.9099730082859
rand.58	2	Admed_SARS2_2020	43	100	59.4419195427392	1.18681405918193
rand.49	2	Admed_SARS2_2020	248	100	20.1107962728509	8.58369673706986
rand.60	2	Admed_SARS2_2020	1662	100	2.96991938846696	3.41329270148437
rand.5	2	Admed_SARS2_2020	46	99.7893187974451	57.863098700795	1.46209036261392
rand.74	2	Admed_SARS2_2020	79	99.6889944152761	41.0996677282817	1.35114640636418
rand.77	2	Admed_SARS2_2020	24	100	76.6440833375783	8.66741378432072
rand.71	2	Admed_SARS2_2020	78	100	38.1876569010997	2.16252723866808
rand.35	2	Admed_SARS2_2020	67	100	54.5920040817814	6.54907248806443
rand.3	2	Admed_SARS2_2020	679	100	8.83730089913202	37.1289500524665
rand.54	2	Admed_SARS2_2020	355	100	15.9323983259321	9.72972109517268
rand.78	2	Admed_SARS2_2020	73	100	39.5187510695152	2.17852018586529
rand.66	2	Admed_SARS2_2020	3630	100	1.4899113690733	5.77826581434566
rand.18	2	Admed_SARS2_2020	65	100	47.9374019905911	1.3681313406087
rand.17	2	Admed_SARS2_2020	176	57.1313914991807	16.8378309120656	8.0788866767854
rand.34	2	Admed_SARS2_2020	80	100	50.2838332605556	15.2614960867959
rand.1	2	Admed_SARS2_2020	214	100	22.9681789274467	3.46101094926864
rand.7	2	Admed_SARS2_2020	192	100	23.2752137812338	3.02588632963012
rand.9	2	Admed_SARS2_2020	73	100	52.0710059171598	4.96383957922419
rand.45	2	Admed_SARS2_2020	24	100	78.0820844864498	0
rand.90	2	Admed_SARS2_2020	3003	100	1.37975562119671	4.47422124144801
rand.40	2	Admed_SARS2_2020	220	100	14.9700271124045	6.58607566599508
rand.22	2	Admed_SARS2_2020	109	100	44.7894462249385	14.9601252142804
rand.4	2	Admed_SARS2_2020	25	100	78.1308752872363	2.6190724879883
rand.43	2	Admed_SARS2_2020	6918	100	0.58104906720665	2.90512889333441
rand.23	2	Admed_SARS2_2020	75	100	38.5319449800746	0.401079830312379
rand.72	2	Admed_SARS2_2020	3506	100	1.51205771682807	6.08803245313627
rand.100	2	Admed_SARS2_2020	302	100	16.4296151173036	9.94084200272532
rand.31	2	Admed_SARS2_2020	8474	99.6889944152761	0.624743532405977	10.6313702987578
rand.26	2	Admed_SARS2_2020	135	100	30.9729133825817	9.08519560267466
rand.33	2	Admed_SARS2_2020	192	99.7190917299268	17.1673498526161	2.90219694178335
rand.91	2	Admed_SARS2_2020	73	100	45.7883599494573	9.23318160366587
rand.62	2	Admed_SARS2_2020	142	99.866234157108	20.4243124756349	4.4195796543399
rand.83	2	Admed_SARS2_2020	3518	100	1.5097251537641	6.25531775392196
rand.32	2	Admed_SARS2_2020	80	99.866234157108	51.2352880623134	4.29434169440346
rand.76	2	Admed_SARS2_2020	2837	99.8428251346019	1.74093655809332	1.69323806852605
rand.73	2	Admed_SARS2_2020	30	100	60.0428291238042	0
rand.39	2	Admed_SARS2_2020	71	100	37.8981779478472	8.31707255264692
rand.6	2	Admed_SARS2_2020	493	100	11.9726841282471	18.1871249165371
rand.8	2	Admed_SARS2_2020	33	100	73.0131643100926	0.936128717698684
rand.85	2	Admed_SARS2_2020	64	100	51.1729554379375	0.616356496499915
rand.93	2	Admed_SARS2_2020	37	100	47.1975478543726	0
rand.86	2	Admed_SARS2_2020	256	99.9832792696385	11.2823067256858	1.98717731010306
rand.46	2	Admed_SARS2_2020	73	100	55.4756474396704	5.39839611536198
rand.2	2	Admed_SARS2_2020	66	99.9966558539277	56.1877560223984	3.88966139276185
rand.84	2	Admed_SARS2_2020	86	100	52.5542963404793	11.0048770218589
rand.61	2	Admed_SARS2_2020	10	100	92.0637352535621	0
rand.19	2	Admed_SARS2_2020	82	100	31.9082156338805	1.67005980404632
rand.38	2	Admed_SARS2_2020	137	100	35.7807873865947	40.6844151674772
rand.68	2	Admed_SARS2_2020	6020	99.7926629435174	0.694800972036828	2.47216523601603
rand.25	2	Admed_SARS2_2020	24	100	75.3781110803533	0.78516244306314
rand.89	2	Admed_SARS2_2020	37	99.6856502692038	72.1208748669312	0.725829865479532
rand.67	2	Admed_SARS2_2020	63	100	51.0260336906585	1.35783563042369
rand.37	2	Admed_SARS2_2020	482	100	12.3496785163053	19.1322003681174
rand.42	2	Admed_SARS2_2020	398	100	15.158301119178	11.1375692203246
rand.99	2	Admed_SARS2_2020	28	100	74.8820489777578	1.44536808207893
rand.47	2	Admed_SARS2_2020	94	100	47.404252624246	11.5324329887114
rand.69	2	Admed_SARS2_2020	90	100	38.3960837583617	8.20539764717943
rand.12	2	Admed_SARS2_2020	1747	100	2.76191545314516	3.60375861948394
rand.64	2	Admed_SARS2_2020	286	100	19.015163587776	8.95227821567354
rand.70	2	Admed_SARS2_2020	93	100	45.158567466538	5.29663571686965
rand.87	2	Admed_SARS2_2020	1896	99.9632143932047	2.5989269384359	4.44935387643707
rand.50	2	Admed_SARS2_2020	341	100	14.9204395429865	10.6163329726725
rand.11	2	Admed_SARS2_2020	48	99.7391566063606	50.4567755032989	4.51531043816613
rand.20	2	Admed_SARS2_2020	35	99.8227602581681	65.0199307325361	2.01703369709643
rand.53	2	Admed_SARS2_2020	125	99.8796107413972	31.0419373278595	8.1816764537754
rand.88	2	Admed_SARS2_2020	298	100	17.7718581661043	8.98123483099509
rand.92	2	Admed_SARS2_2020	368	100	12.133489543946	2.2095442594559
rand.94	2	Admed_SARS2_2020	44	99.6889944152761	51.6351416891845	1.68364165454168
rand.24	2	Admed_SARS2_2020	5	100	95.6756756756757	0
rand.13	2	Admed_SARS2_2020	79	99.6889944152761	44.8236974663559	3.95308623411774
rand.30	2	Admed_SARS2_2020	177	99.6889944152761	22.7637185576615	6.76878904042641
rand.16	2	Admed_SARS2_2020	84	100	46.2147154095326	9.82415548357242
rand.37	3	Admed_SARS2_2020	103	100	44.4360299358517	33.767394011587
rand.8	3	Admed_SARS2_2020	2	100	98.7340937561812	0.0160251861813945
rand.27	3	Admed_SARS2_2020	67	100	46.6761884062471	40.6482236098676
rand.7	3	Admed_SARS2_2020	5	100	95.7975685248413	0.483480915181854
rand.6	3	Admed_SARS2_2020	100	100	44.3807152490626	33.5398303759712
rand.62	3	Admed_SARS2_2020	5	99.866234157108	92.7537582308361	1.28906302305127
rand.5	3	Admed_SARS2_2020	3	99.7893187974451	97.5354644701575	0.0607393537785592
rand.86	3	Admed_SARS2_2020	10	99.9832792696385	89.7218137622663	1.53921421703748
rand.66	3	Admed_SARS2_2020	84	100	45.4130319350679	43.5318938321156
rand.28	3	Admed_SARS2_2020	2	83.7775474032706	100	0
rand.45	3	Admed_SARS2_2020	1	100	100	0
rand.13	3	Admed_SARS2_2020	3	99.6889944152761	97.0788419578598	0.236743564622418
rand.4	3	Admed_SARS2_2020	1	100	100	0
rand.99	3	Admed_SARS2_2020	4	100	99	0.018936420722135
rand.95	3	Admed_SARS2_2020	43	100	64.0674349125053	20.8863641438462
rand.1	3	Admed_SARS2_2020	5	100	95.6813176290338	0.565549191710039
rand.48	3	Admed_SARS2_2020	6	100	93.9327668082979	0.4764083436662
rand.51	3	Admed_SARS2_2020	4	100	96.8585372159917	0.319917599426385
rand.22	3	Admed_SARS2_2020	22	100	83.56370108741	4.11532809137922
rand.43	3	Admed_SARS2_2020	93	100	43.8938572056883	46.7548066593835
rand.31	3	Admed_SARS2_2020	375	99.6889944152761	15.6344240542511	79.6830675134081
rand.17	3	Admed_SARS2_2020	47	57.1313914991807	74.6580430887558	8.21676440020049
rand.68	3	Admed_SARS2_2020	50	99.7926629435174	60.2009320341342	31.0675472320703
rand.26	3	Admed_SARS2_2020	10	100	90.3685444598088	2.18441808007732
rand.94	3	Admed_SARS2_2020	3	99.6889944152761	97.8146738417115	0.0690058159267242
rand.85	3	Admed_SARS2_2020	1	100	100	0
rand.76	3	Admed_SARS2_2020	14	99.8428251346019	85.0041283489451	7.39379429149543
rand.46	3	Admed_SARS2_2020	10	100	95.109106962664	0.433731298784783
rand.35	3	Admed_SARS2_2020	5	100	95.180454949803	0.516241317032991
rand.52	3	Admed_SARS2_2020	4	100	95.7746030735944	0.219075923421539
rand.3	3	Admed_SARS2_2020	310	100	20.4774391282139	64.2338483023509
rand.61	3	Admed_SARS2_2020	3	100	100	0
rand.32	3	Admed_SARS2_2020	3	99.866234157108	97.9789363168083	0.156297423191893
rand.15	3	Admed_SARS2_2020	5	100	95.2691783643335	0.223806733484904
rand.90	3	Admed_SARS2_2020	70	100	46.0893811717222	41.2041320901487
rand.71	3	Admed_SARS2_2020	5	100	95.6068147013783	0.235448315176889
rand.88	3	Admed_SARS2_2020	18	100	83.0736877058026	5.68230318466085
rand.30	3	Admed_SARS2_2020	23	99.6889944152761	79.682446339312	4.6567408503992
rand.92	3	Admed_SARS2_2020	10	100	91.2515810395712	1.37263034273394
rand.39	3	Admed_SARS2_2020	13	100	87.5559848950558	2.23947236795673
rand.87	3	Admed_SARS2_2020	33	99.9632143932047	71.4521333811402	18.0213536237945
rand.64	3	Admed_SARS2_2020	21	100	80.7120626743936	6.30400350372144
rand.47	3	Admed_SARS2_2020	14	100	87.2788223291065	2.48921579999431
rand.74	3	Admed_SARS2_2020	3	99.6889944152761	97.8403570959695	0.0687382281893438
rand.97	3	Admed_SARS2_2020	4	100	100	0
rand.78	3	Admed_SARS2_2020	5	100	95.7853428197684	0.220199439128809
rand.29	3	Admed_SARS2_2020	36	100	67.4819044193679	22.5739872221999
rand.57	3	Admed_SARS2_2020	114	99.7224358759991	41.6637558855993	36.1561242687877
rand.67	3	Admed_SARS2_2020	3	100	97.4079126875853	0.0671891663518135
rand.75	3	Admed_SARS2_2020	2	99.6889944152761	98.2401792776167	0.17702275791775
rand.16	3	Admed_SARS2_2020	19	100	82.5622089338367	3.05701324801525
rand.100	3	Admed_SARS2_2020	11	100	88.2117882117882	4.44378913675612
rand.69	3	Admed_SARS2_2020	17	100	85.4762787778507	2.55727724420245
rand.65	3	Admed_SARS2_2020	32	100	73.492199975433	14.7117028310807
rand.59	3	Admed_SARS2_2020	1	100	100	0
rand.24	3	Admed_SARS2_2020	1	100	100	0
rand.33	3	Admed_SARS2_2020	13	99.7190917299268	87.8735191842989	1.75357400435884
rand.54	3	Admed_SARS2_2020	18	100	83.7658520198203	6.15513198551351
rand.50	3	Admed_SARS2_2020	21	100	80.0905821233515	8.27688813615625
rand.73	3	Admed_SARS2_2020	3	100	100	0
rand.72	3	Admed_SARS2_2020	91	100	43.5109972054501	45.2503686887361
rand.11	3	Admed_SARS2_2020	9	99.7391566063606	94.622461928934	0.441701517562477
rand.42	3	Admed_SARS2_2020	46	100	63.8721660048674	15.3018799798659
rand.89	3	Admed_SARS2_2020	3	99.6856502692038	99.0036201800126	0.00992772745678099
rand.80	3	Admed_SARS2_2020	19	99.9765909774939	81.6094777932465	7.36933285717441
rand.84	3	Admed_SARS2_2020	21	100	87.0767084265907	2.23758785647244
rand.19	3	Admed_SARS2_2020	3	100	96.9771189171769	0.150346976519607
rand.2	3	Admed_SARS2_2020	6	99.9966558539277	96.1664629832122	0.248199099985949
rand.91	3	Admed_SARS2_2020	15	100	85.5432309442548	2.4259948072352
rand.79	3	Admed_SARS2_2020	4	100	95.6646660707445	0.274422531547697
rand.70	3	Admed_SARS2_2020	9	100	91.32197396897	0.910993113253253
rand.20	3	Admed_SARS2_2020	2	99.8227602581681	99.0871369294606	0.0274665714621616
rand.18	3	Admed_SARS2_2020	2	100	100	0
rand.60	3	Admed_SARS2_2020	24	100	78.6991699615093	11.3901851734483
rand.9	3	Admed_SARS2_2020	8	100	93.1476323119777	0.596373210888396
rand.49	3	Admed_SARS2_2020	12	100	89.0834099878342	3.26559866504559
rand.12	3	Admed_SARS2_2020	29	100	73.5181738022925	14.9919880174212
rand.83	3	Admed_SARS2_2020	134	100	33.8539487225885	53.2855482997871
rand.14	3	Admed_SARS2_2020	24	99.6889944152761	78.6377545636805	13.6923484575453
rand.23	3	Admed_SARS2_2020	1	100	100	0
rand.93	3	Admed_SARS2_2020	4	100	100	0
rand.25	3	Admed_SARS2_2020	1	100	100	0
rand.53	3	Admed_SARS2_2020	17	99.8796107413972	83.9739083982343	3.34289178539706
rand.96	3	Admed_SARS2_2020	2	100	98.9327606145713	0.0440482715192469
rand.21	3	Admed_SARS2_2020	4	99.9866234157108	96.3178918884093	0.135579201454422
rand.77	3	Admed_SARS2_2020	7	100	92.6905898660096	0.742615993012965
rand.40	3	Admed_SARS2_2020	21	100	80.2346353819491	6.03894814747816
rand.10	3	Admed_SARS2_2020	20	100	82.1361032696577	4.00515686206303
rand.34	3	Admed_SARS2_2020	23	100	79.8080767692923	4.70146325357935
rand.38	3	Admed_SARS2_2020	79	100	50.6650503417854	26.249372356557
rand.58	3	Admed_SARS2_2020	4	100	98.0424891158467	0.0383184886157868
rand.16	1	Grundy_HIV_2023	6816	100	4.11017261419157	0.547928203046315
rand.36	1	Grundy_HIV_2023	5861	100	3.95114580991779	0.379345785090324
rand.53	1	Grundy_HIV_2023	3680	100	5.00100606649244	0.131939277248913
rand.78	1	Grundy_HIV_2023	1492	100	43.9422362034938	0.246199821636279
rand.2	1	Grundy_HIV_2023	4100	13.891761461565	0.0681443487818282	0.74817873095946
rand.87	1	Grundy_HIV_2023	3051	100	15.1659381699455	0.277712545546827
rand.27	1	Grundy_HIV_2023	4012	100	4.82571661814765	0.104270677839769
rand.5	1	Grundy_HIV_2023	4781	100	24.0304014138147	0.0403832813215329
rand.35	1	Grundy_HIV_2023	6113	100	11.3258295900143	0.385575423968173
rand.80	1	Grundy_HIV_2023	5173	100	30.2252084205357	0.425444773476137
rand.31	1	Grundy_HIV_2023	5061	100	13.8945404207532	0.134140771015221
rand.44	1	Grundy_HIV_2023	3526	100	2.33836052767662	1.50960237212424
rand.9	1	Grundy_HIV_2023	4421	100	1.98063220996745	1.02703784361436
rand.66	1	Grundy_HIV_2023	5384	100	1.08443890235596	0.424795089586126
rand.34	1	Grundy_HIV_2023	5370	100	4.76003738054377	0.571387045931188
rand.71	1	Grundy_HIV_2023	1798	100	1.79818185696828	3.70714061504798
rand.45	1	Grundy_HIV_2023	4671	100	2.97068423506761	0.425895564502426
rand.12	1	Grundy_HIV_2023	2970	100	3.5370705742678	0.622825624333364
rand.13	1	Grundy_HIV_2023	3801	100	2.66176312662699	0.896327915434608
rand.42	1	Grundy_HIV_2023	8677	100	16.8082491885484	9.12943505594827
rand.49	1	Grundy_HIV_2023	3449	100	16.4567018324694	1.40596429069541
rand.100	1	Grundy_HIV_2023	6197	100	5.21606456835118	3.87923005148193
rand.1	1	Grundy_HIV_2023	5743	100	12.6620820157224	0.912286801031229
rand.73	1	Grundy_HIV_2023	3299	100	21.4219928318913	0.802959420141668
rand.10	1	Grundy_HIV_2023	5692	100	2.14862569547706	3.56296743624286
rand.47	1	Grundy_HIV_2023	2296	100	7.3167606355715	1.20959540487987
rand.15	1	Grundy_HIV_2023	3147	100	3.36692275208529	0.37951781556426
rand.25	1	Grundy_HIV_2023	4837	100	16.2744028643566	0.237491998560595
rand.17	1	Grundy_HIV_2023	3454	100	15.1319967341014	0.85654238108198
rand.89	1	Grundy_HIV_2023	3466	100	20.5674594412319	0.304759539784876
rand.97	1	Grundy_HIV_2023	7283	100	7.15562793729979	3.61868005566073
rand.86	1	Grundy_HIV_2023	4416	100	8.95346458654428	0.452959273158847
rand.11	1	Grundy_HIV_2023	9017	100	7.25612895779007	11.6516851090479
rand.96	1	Grundy_HIV_2023	4484	100	3.97790717640831	1.01365459235875
rand.50	1	Grundy_HIV_2023	6895	100	1.39127639831203	0.394435921774734
rand.90	1	Grundy_HIV_2023	4778	100	1.5619189127181	1.23494772262949
rand.54	1	Grundy_HIV_2023	6569	100	14.8340082041023	0.656508908745957
rand.60	1	Grundy_HIV_2023	2620	100	4.23497776206338	0.26192381413179
rand.72	1	Grundy_HIV_2023	4775	100	37.2262921365797	0.197966397058252
rand.83	1	Grundy_HIV_2023	4151	100	5.41437813422151	2.11855593323144
rand.98	1	Grundy_HIV_2023	2602	100	24.3856644015214	0.103149409849289
rand.82	1	Grundy_HIV_2023	4790	100	5.17677002593595	0.394620803084033
rand.68	1	Grundy_HIV_2023	2707	100	25.171262827153	0.327526846054226
rand.18	1	Grundy_HIV_2023	5543	100	30.4683019316304	0.183065867191603
rand.63	1	Grundy_HIV_2023	4096	100	2.42876009315259	0.459052101721971
rand.62	1	Grundy_HIV_2023	1368	100	6.60166820379248	0.174928295614631
rand.52	1	Grundy_HIV_2023	3107	100	12.4592386795896	0.848333197587955
rand.37	1	Grundy_HIV_2023	3898	100	17.1161550361106	0.546342713650635
rand.38	1	Grundy_HIV_2023	6848	100	29.2198117098798	0.47712948021217
rand.7	1	Grundy_HIV_2023	3292	100	3.16922322843289	0.258180685633955
rand.92	1	Grundy_HIV_2023	1799	100	4.64454243665223	3.58863709607691
rand.41	1	Grundy_HIV_2023	7176	100	1.17757209425517	0.344560689409571
rand.85	1	Grundy_HIV_2023	6691	100	5.66105702318849	1.12147841777271
rand.40	1	Grundy_HIV_2023	5630	100	1.89285402996422	0.381774315067399
rand.91	1	Grundy_HIV_2023	5012	100	0.74474941941456	0.61828168405485
rand.24	1	Grundy_HIV_2023	3246	100	30.2930840801698	0.854931747285988
rand.22	1	Grundy_HIV_2023	2501	100	6.58215486068212	0.972983571978606
rand.67	1	Grundy_HIV_2023	4356	100	27.1898880227374	0.757206632546521
rand.39	1	Grundy_HIV_2023	4243	100	10.8288093448291	3.71205133657763
rand.64	1	Grundy_HIV_2023	4306	100	7.00634118220921	0.510008003023834
rand.14	1	Grundy_HIV_2023	5544	100	1.73828146256344	4.97813374060866
rand.75	1	Grundy_HIV_2023	3370	23.3327071200451	0.0842757241130353	0.646995997920927
rand.46	1	Grundy_HIV_2023	5605	100	25.4300416881387	0.57669823291793
rand.32	1	Grundy_HIV_2023	5186	100	32.9071167405304	0.180086304464308
rand.30	1	Grundy_HIV_2023	3691	100	10.4806424715623	1.2189773390825
rand.76	1	Grundy_HIV_2023	4693	100	16.2025971987116	0.772828960748424
rand.8	1	Grundy_HIV_2023	3304	100	1.49277201275415	0.716808303812358
rand.19	1	Grundy_HIV_2023	865	100	24.0254647220213	0.834073409446728
rand.70	1	Grundy_HIV_2023	7849	100	2.72218166762908	0.702335944564898
rand.59	1	Grundy_HIV_2023	4438	100	12.7632092038424	0.354286291437309
rand.29	1	Grundy_HIV_2023	2482	100	5.56407257919371	0.947343257793846
rand.28	1	Grundy_HIV_2023	1376	100	10.4054220362524	0.960459923697674
rand.57	1	Grundy_HIV_2023	6771	100	24.8030958263494	0.428760101335694
rand.69	1	Grundy_HIV_2023	7046	100	6.67011088043225	18.2069494677885
rand.26	1	Grundy_HIV_2023	5390	100	2.60124240695819	0.768436915333006
rand.61	1	Grundy_HIV_2023	2293	100	8.55420643129742	0.216652484726815
rand.43	1	Grundy_HIV_2023	3961	100	15.5426454836098	0.601745371122063
rand.81	1	Grundy_HIV_2023	5819	100	10.8480866577491	0.605257866254011
rand.55	1	Grundy_HIV_2023	8568	100	3.19728040035308	0.57724377913466
rand.6	1	Grundy_HIV_2023	6903	100	3.71906339933618	0.938607697462606
rand.33	1	Grundy_HIV_2023	1682	100	18.14197272401	3.17158152889102
rand.99	1	Grundy_HIV_2023	3373	100	14.5265189176775	0.376000918646565
rand.94	1	Grundy_HIV_2023	3172	100	1.82150037905007	0.0486996934638584
rand.79	1	Grundy_HIV_2023	2310	100	8.12940345663692	2.85709329000971
rand.23	1	Grundy_HIV_2023	2472	100	3.010456232522	0.672693495521293
rand.3	1	Grundy_HIV_2023	3054	100	15.2810229296063	0.414775684868129
rand.4	1	Grundy_HIV_2023	5090	100	4.90764570976596	0.356494755092665
rand.58	1	Grundy_HIV_2023	1865	100	7.3841672835147	0.249149884146013
rand.56	1	Grundy_HIV_2023	2883	100	35.7281518342169	0.620099941942834
rand.74	1	Grundy_HIV_2023	3442	100	8.30802846358123	1.09482970901225
rand.88	1	Grundy_HIV_2023	1834	100	15.1262424918939	1.26494976877691
rand.77	1	Grundy_HIV_2023	3468	100	10.6812085576784	0.382580784185403
rand.20	1	Grundy_HIV_2023	2006	100	14.0600631145189	1.07672847716663
rand.21	1	Grundy_HIV_2023	5729	100	14.2128538325776	1.02124696343313
rand.93	1	Grundy_HIV_2023	4176	100	2.10469654474189	2.36772367046322
rand.51	1	Grundy_HIV_2023	3222	100	11.3757585510871	0.656779492834313
rand.65	1	Grundy_HIV_2023	1937	100	57.4092602939881	0.237073228484016
rand.95	1	Grundy_HIV_2023	857	100	26.6282998529541	0.0954137969558168
rand.48	1	Grundy_HIV_2023	5571	100	5.24078437238989	8.3917565910161
rand.33	2	Grundy_HIV_2023	185	100	42.5356050513201	19.8984857298332
rand.49	2	Grundy_HIV_2023	233	100	12.089362303813	14.3328463024933
rand.59	2	Grundy_HIV_2023	616	100	22.6145794633115	1.99071487287801
rand.76	2	Grundy_HIV_2023	512	100	26.6417668932084	5.00703402088411
rand.50	2	Grundy_HIV_2023	960	100	2.61054925910363	2.06257566774688
rand.14	2	Grundy_HIV_2023	720	100	2.76813422339309	30.6364559844612
rand.47	2	Grundy_HIV_2023	303	100	8.13335574086845	6.89263506817879
rand.60	2	Grundy_HIV_2023	158	100	18.0792311186554	3.36505128266431
rand.41	2	Grundy_HIV_2023	777	100	2.11476444865829	2.13495972636462
rand.12	2	Grundy_HIV_2023	109	100	33.5098089608498	12.3858476826865
rand.64	2	Grundy_HIV_2023	560	100	13.0987913449256	3.10058860154179
rand.54	2	Grundy_HIV_2023	1220	100	17.7873003388646	2.84622118558899
rand.28	2	Grundy_HIV_2023	123	100	36.8296465594645	7.43204636356216
rand.10	2	Grundy_HIV_2023	470	100	9.24817809040535	31.1734667187116
rand.65	2	Grundy_HIV_2023	75	100	43.1211132633296	4.18493220511775
rand.45	2	Grundy_HIV_2023	257	100	11.3564157188244	5.63545360057202
rand.70	2	Grundy_HIV_2023	2079	95.2094683449183	0.399665630963835	2.0334211314922
rand.43	2	Grundy_HIV_2023	459	100	34.1485131137927	4.41036090219127
rand.31	2	Grundy_HIV_2023	355	100	12.0453676564292	1.37122467184911
rand.40	2	Grundy_HIV_2023	358	100	9.52086745787714	4.00682011935209
rand.34	2	Grundy_HIV_2023	726	9.06327403737897	0.220532840216424	3.53263475104445
rand.46	2	Grundy_HIV_2023	1242	100	45.0781587571415	2.22073647580555
rand.38	2	Grundy_HIV_2023	1055	100	19.9087613865935	2.40440366704835
rand.81	2	Grundy_HIV_2023	833	100	13.2971831087117	3.31627215179262
rand.88	2	Grundy_HIV_2023	215	100	28.84976136671	8.30548551186186
rand.1	2	Grundy_HIV_2023	1066	100	15.0900389032232	3.84135907273967
rand.95	2	Grundy_HIV_2023	99	100	82.4004951069508	0.611147642439949
rand.79	2	Grundy_HIV_2023	290	100	19.1028560415165	19.9851522960404
rand.72	2	Grundy_HIV_2023	547	100	34.4734554693768	1.27607649104039
rand.16	2	Grundy_HIV_2023	1006	100	6.23384726532355	2.78344252335681
rand.83	2	Grundy_HIV_2023	251	100	16.829837181742	23.8339661380294
rand.7	2	Grundy_HIV_2023	102	100	26.8280226895508	5.53376985791672
rand.42	2	Grundy_HIV_2023	1529	100	20.3107288724158	44.1124345526188
rand.44	2	Grundy_HIV_2023	286	100	5.23926533672067	13.0612754868304
rand.55	2	Grundy_HIV_2023	1129	100	8.10644966392266	3.11249150366287
rand.82	2	Grundy_HIV_2023	457	100	14.6447681912276	3.31367417880717
rand.87	2	Grundy_HIV_2023	517	100	26.3392536132883	1.31804127417847
rand.86	2	Grundy_HIV_2023	615	100	24.7829018854923	2.63432991846122
rand.68	2	Grundy_HIV_2023	390	100	45.8500495473394	1.73848625662636
rand.63	2	Grundy_HIV_2023	588	100	3.39057986137809	2.4607585759949
rand.77	2	Grundy_HIV_2023	299	100	14.7484102570946	3.51845302835181
rand.69	2	Grundy_HIV_2023	1765	100	12.4885147816393	68.9558720855124
rand.30	2	Grundy_HIV_2023	563	100	13.7525344146836	6.37672073417992
rand.94	2	Grundy_HIV_2023	92	100	13.9920518522023	1.39802242513129
rand.25	2	Grundy_HIV_2023	642	100	20.1259120065885	1.41049286053984
rand.51	2	Grundy_HIV_2023	497	100	4.46514789836767	3.51533832379275
rand.53	2	Grundy_HIV_2023	342	100	7.66289190167595	1.14007760277779
rand.3	2	Grundy_HIV_2023	269	100	14.7583078617561	3.43263446711723
rand.29	2	Grundy_HIV_2023	200	100	31.5384547748635	9.02480414310962
rand.48	2	Grundy_HIV_2023	814	100	12.5768226772034	48.0416564876905
rand.37	2	Grundy_HIV_2023	465	100	22.5768087215064	3.62169049978763
rand.22	2	Grundy_HIV_2023	282	100	30.3018860152007	7.01814611640154
rand.13	2	Grundy_HIV_2023	769	100	5.01336338154084	3.63372228378794
rand.97	2	Grundy_HIV_2023	1419	100	9.63367720341038	15.2168873750685
rand.96	2	Grundy_HIV_2023	612	100	6.45345108010904	5.71352484365336
rand.17	2	Grundy_HIV_2023	558	100	32.0798913810602	4.18848343493954
rand.71	2	Grundy_HIV_2023	136	100	11.1323054098448	32.2272558681715
rand.99	2	Grundy_HIV_2023	470	100	37.0529529271515	2.16274124432129
rand.36	2	Grundy_HIV_2023	908	100	2.22070561591267	1.9399004504702
rand.57	2	Grundy_HIV_2023	1330	100	34.8136125087919	1.90197942510879
rand.74	2	Grundy_HIV_2023	294	100	21.4479769516541	10.4216684778488
rand.23	2	Grundy_HIV_2023	403	89.348983806108	3.98115235982915	3.30366395800444
rand.5	2	Grundy_HIV_2023	261	93.0602006688963	5.24025397508677	0.54346363905405
rand.91	2	Grundy_HIV_2023	1051	14.1372549019608	0.126311068598648	2.39640652893329
rand.19	2	Grundy_HIV_2023	89	100	47.2773578040991	5.52411367587015
rand.6	2	Grundy_HIV_2023	628	100	7.5660966688026	7.17588136075377
rand.61	2	Grundy_HIV_2023	222	100	29.7995918580922	1.58921189741136
rand.80	2	Grundy_HIV_2023	992	100	37.5216996967172	1.84165274739706
rand.85	2	Grundy_HIV_2023	418	100	13.0372962922454	12.4854168945277
rand.93	2	Grundy_HIV_2023	311	100	11.2752359089058	23.3105735581378
rand.9	2	Grundy_HIV_2023	776	100	2.270928506648	4.6424129577641
rand.89	2	Grundy_HIV_2023	551	100	34.8042789395044	1.55912775463949
rand.100	2	Grundy_HIV_2023	752	100	15.6505288502881	24.2022946812697
rand.66	2	Grundy_HIV_2023	456	100	4.19122099635193	3.83896790582953
rand.20	2	Grundy_HIV_2023	175	100	47.4812576927381	9.2391182723509
rand.11	2	Grundy_HIV_2023	1763	100	5.65358243693779	52.5196053762764
rand.32	2	Grundy_HIV_2023	834	100	34.8616301312842	0.910149618120677
rand.67	2	Grundy_HIV_2023	1045	100	51.5421651110819	2.7930688839227
rand.56	2	Grundy_HIV_2023	80	91.7282305922248	14.9527175093282	12.883738376799
rand.8	2	Grundy_HIV_2023	422	100	6.6353552915419	4.23790205737467
rand.27	2	Grundy_HIV_2023	257	100	9.65601668530665	1.1765861620772
rand.4	2	Grundy_HIV_2023	612	100	9.85190272115348	2.19668454497249
rand.98	2	Grundy_HIV_2023	257	100	65.1617143943234	0.828370501773948
rand.35	2	Grundy_HIV_2023	680	100	9.71135845063581	2.42665805441995
rand.15	2	Grundy_HIV_2023	246	100	7.10533140676522	3.62935793412619
rand.26	2	Grundy_HIV_2023	774	100	2.26213042514955	4.26183501144728
rand.21	2	Grundy_HIV_2023	839	100	16.2005251467756	5.37748612322826
rand.39	2	Grundy_HIV_2023	382	100	45.0843572054893	30.3358441531001
rand.92	2	Grundy_HIV_2023	233	100	16.6693445409419	23.164740006596
rand.90	2	Grundy_HIV_2023	1185	100	1.69270523315663	3.95781542146063
rand.18	2	Grundy_HIV_2023	284	100	63.554900001586	2.82231844062743
rand.52	2	Grundy_HIV_2023	400	100	32.5829920546549	5.30743389888086
rand.78	2	Grundy_HIV_2023	136	100	71.8515448726804	2.08899326180719
rand.62	2	Grundy_HIV_2023	131	100	19.6330275229358	1.42656417885776
rand.73	2	Grundy_HIV_2023	520	100	37.7001197893516	3.96397278747561
rand.24	2	Grundy_HIV_2023	456	100	48.9735266082765	5.12247540600327
rand.1	3	Grundy_HIV_2023	203	100	89.5254399235608	1.46715341140844
rand.64	3	Grundy_HIV_2023	79	100	90.1632321774812	1.64451279959795
rand.59	3	Grundy_HIV_2023	138	100	96.4094373317906	0.158368001749715
rand.39	3	Grundy_HIV_2023	166	100	100	0
rand.90	3	Grundy_HIV_2023	31	100	60.9419120613151	24.3655655810969
rand.81	3	Grundy_HIV_2023	115	100	94.3321385032479	0.794443469418821
rand.54	3	Grundy_HIV_2023	271	100	94.5729962798765	0.533676574706439
rand.41	3	Grundy_HIV_2023	18	94.329612026086	62.4606601771207	16.4218690833405
rand.42	3	Grundy_HIV_2023	316	100	98.7569896549462	0.0463004855506065
rand.89	3	Grundy_HIV_2023	199	100	98.2718721206797	0.0326489792851687
rand.10	3	Grundy_HIV_2023	36	100	82.4348075612468	4.78433910244084
rand.73	3	Grundy_HIV_2023	200	100	93.900923723018	0.438193640963197
rand.45	3	Grundy_HIV_2023	25	100	77.1727928546891	5.52457721760316
rand.57	3	Grundy_HIV_2023	557	100	98.2678124069305	0.0587459306305736
rand.14	3	Grundy_HIV_2023	18	100	79.7179314976494	8.16511147802875
rand.70	3	Grundy_HIV_2023	30	56.0185696916105	37.4381325256704	46.8477601065394
rand.82	3	Grundy_HIV_2023	62	100	96.2327877370746	0.555049989800646
rand.68	3	Grundy_HIV_2023	185	100	99.1408362804244	0.0154814640546628
rand.91	3	Grundy_HIV_2023	7	7.96949264949707	18.8447464715107	74.9790937444445
rand.15	3	Grundy_HIV_2023	24	100	90.3004049345513	1.95913092741712
rand.76	3	Grundy_HIV_2023	145	100	98.6427829064009	0.0434160949776846
rand.24	3	Grundy_HIV_2023	260	100	100	0
rand.94	3	Grundy_HIV_2023	8	65.3807892118934	90.9160774669536	0.825176485863883
rand.38	3	Grundy_HIV_2023	251	100	97.33961132545	0.210544363199161
rand.92	3	Grundy_HIV_2023	47	100	77.8515007898894	9.23732912495016
rand.5	3	Grundy_HIV_2023	21	86.1169448435946	95.5481972038263	0.177742958220613
rand.79	3	Grundy_HIV_2023	52	100	91.9814517567327	3.14428944038532
rand.52	3	Grundy_HIV_2023	139	100	98.3018277059728	0.098624024823272
rand.100	3	Grundy_HIV_2023	107	100	99.3384055573933	0.0242684730659298
rand.18	3	Grundy_HIV_2023	180	100	98.7389380530973	0.020631534975776
rand.48	3	Grundy_HIV_2023	85	100	97.6118212632092	0.161489518993038
rand.30	3	Grundy_HIV_2023	86	100	91.2389380530973	1.35117280231149
rand.44	3	Grundy_HIV_2023	12	97.3361335249254	94.0912490650711	0.853620192386988
rand.32	3	Grundy_HIV_2023	358	100	99.7791253363319	0.00115258435978361
rand.43	3	Grundy_HIV_2023	195	100	92.1731293617415	0.729940935756385
rand.36	3	Grundy_HIV_2023	25	100	87.6985620718211	3.78235758662037
rand.33	3	Grundy_HIV_2023	70	100	98.9325892461688	0.0188267286433359
rand.55	3	Grundy_HIV_2023	100	100	91.6109530583215	1.47340866699955
rand.80	3	Grundy_HIV_2023	449	100	97.2710733778047	0.0836311264646439
rand.13	3	Grundy_HIV_2023	34	100	85.6855895196506	4.38954360921011
rand.93	3	Grundy_HIV_2023	31	100	87.0234570712822	2.64699417461055
rand.17	3	Grundy_HIV_2023	205	100	99.2070641471488	0.0203713259056309
rand.9	3	Grundy_HIV_2023	13	100	73.1953167403272	9.8689888636276
rand.11	3	Grundy_HIV_2023	112	100	75.3078662980648	9.3698986463937
rand.7	3	Grundy_HIV_2023	18	100	100	0
rand.67	3	Grundy_HIV_2023	619	100	98.212132519	0.0346271463915308
rand.27	3	Grundy_HIV_2023	17	100	92.2897599723709	0.770634465543595
rand.16	3	Grundy_HIV_2023	73	100	96.5466381853321	0.354046526019777
rand.65	3	Grundy_HIV_2023	32	100	96.2290979410761	0.333593081232317
rand.25	3	Grundy_HIV_2023	136	100	98.9972327618178	0.0470275222938315
rand.49	3	Grundy_HIV_2023	29	100	86.0209043653233	2.6201578407129
rand.22	3	Grundy_HIV_2023	85	100	100	0
rand.12	3	Grundy_HIV_2023	37	100	85.5662437845625	2.33935563013582
rand.77	3	Grundy_HIV_2023	40	100	91.3271630443765	0.942235865566385
rand.78	3	Grundy_HIV_2023	94	100	98.5432805658471	0.0300200565441473
rand.50	3	Grundy_HIV_2023	29	100	73.5976632228052	9.59231365176137
rand.98	3	Grundy_HIV_2023	175	100	99.1827288178498	0.00667932185173195
rand.51	3	Grundy_HIV_2023	15	100	85.8968643186209	4.40979788027663
rand.19	3	Grundy_HIV_2023	41	100	98.8219440097374	0.0948872488717356
rand.61	3	Grundy_HIV_2023	66	100	97.9580302732455	0.0416964036498179
rand.35	3	Grundy_HIV_2023	59	100	98.6226893802102	0.0902013524305208
rand.97	3	Grundy_HIV_2023	156	100	84.0875786570123	3.57706070967967
rand.86	3	Grundy_HIV_2023	165	100	95.5940481599273	0.24483827850078
rand.47	3	Grundy_HIV_2023	24	100	93.3426443202979	1.75875093163568
rand.20	3	Grundy_HIV_2023	72	100	98.2789331792798	0.0419830301594236
rand.37	3	Grundy_HIV_2023	105	100	94.0930402802712	0.58357259623532
rand.63	3	Grundy_HIV_2023	22	100	81.1448475289169	6.45478134290247
rand.26	3	Grundy_HIV_2023	13	83.1104233447552	79.0059892823369	6.78931559325355
rand.3	3	Grundy_HIV_2023	23	100	95.873786407767	0.452321137700846
rand.83	3	Grundy_HIV_2023	30	100	93.8198434601638	0.43879111432837
rand.40	3	Grundy_HIV_2023	34	100	78.7505447054629	4.38982959906303
rand.31	3	Grundy_HIV_2023	50	100	94.8607937322203	0.385822671896096
rand.66	3	Grundy_HIV_2023	22	100	83.7835842928846	4.4860731955511
rand.62	3	Grundy_HIV_2023	19	100	93.2260596546311	0.458862678026167
rand.6	3	Grundy_HIV_2023	55	100	76.6773442050087	6.75556693835172
rand.74	3	Grundy_HIV_2023	63	100	84.1957751595993	3.42807672835728
rand.4	3	Grundy_HIV_2023	60	100	92.9236710586097	0.841354752334888
rand.21	3	Grundy_HIV_2023	172	100	90.1277220690734	1.75602180328417
rand.60	3	Grundy_HIV_2023	21	100	93.0282655525818	0.893070099283018
rand.56	3	Grundy_HIV_2023	15	83.7183596772411	75.6492209348781	6.88720547935983
rand.34	3	Grundy_HIV_2023	10	8.897977230021	18.8524590163934	74.3514766378093
rand.72	3	Grundy_HIV_2023	229	100	98.8026508572593	0.0333891941006553
rand.85	3	Grundy_HIV_2023	42	100	95.6405456004279	0.533949922318072
rand.8	3	Grundy_HIV_2023	36	100	80.0728508984944	5.1460762065345
rand.69	3	Grundy_HIV_2023	179	100	97.1550202471187	0.469321979732161
rand.28	3	Grundy_HIV_2023	41	100	96.2252079334613	0.142490551456035
rand.87	3	Grundy_HIV_2023	125	100	99.5670935987757	0.0108762347036711
rand.95	3	Grundy_HIV_2023	74	100	98.3767808076843	0.0119504511619161
rand.46	3	Grundy_HIV_2023	590	100	99.1908568387857	0.0207886440710755
rand.96	3	Grundy_HIV_2023	52	100	69.7718336893595	11.5078183085822
rand.23	3	Grundy_HIV_2023	12	90.869901624848	95.260718424102	0.892738596782841
rand.99	3	Grundy_HIV_2023	183	100	98.7146529562982	0.0283637920291351
rand.29	3	Grundy_HIV_2023	61	100	92.8959908836631	1.03513772771927
rand.71	3	Grundy_HIV_2023	16	92.8926716038466	83.8137030018949	3.23232690267844
rand.88	3	Grundy_HIV_2023	54	100	96.1219802901247	0.38457953259627
rand.53	3	Grundy_HIV_2023	9	100	100	0
rand.17	1	Sardi_Zika_2016	6620	99.1394466549459	0.36600880279525	5.62339696069898
rand.100	1	Sardi_Zika_2016	8676	99.1394466549459	0.282661311385969	6.80513570856073
rand.69	1	Sardi_Zika_2016	5386	99.1394466549459	0.436940162769794	5.2719518183138
rand.82	1	Sardi_Zika_2016	6172	4.73767002868511	0.0202149975540643	10.8301849395899
rand.44	1	Sardi_Zika_2016	6729	99.1209401313963	0.358770587778221	4.60935804447255
rand.10	1	Sardi_Zika_2016	3224	3.00166759310728	0.0248962272994816	12.8176382086396
rand.20	1	Sardi_Zika_2016	4763	93.7910613491256	0.541372306157362	10.3942841852096
rand.71	1	Sardi_Zika_2016	6285	99.1301933931711	0.380773717407824	4.43617552911304
rand.75	1	Sardi_Zika_2016	6516	91.8386231146479	0.361111444631337	10.5431443583477
rand.42	1	Sardi_Zika_2016	9470	99.1301933931711	0.25410558534181	5.66824100016034
rand.27	1	Sardi_Zika_2016	8334	93.855834181549	0.292679970913792	9.18878911344775
rand.31	1	Sardi_Zika_2016	5616	99.1394466549459	0.420624498216645	3.5693800754957
rand.94	1	Sardi_Zika_2016	8772	99.1301933931711	0.278550807766141	5.61589421881618
rand.59	1	Sardi_Zika_2016	10434	92.8287221245489	0.219770301478761	10.3397852157153
rand.97	1	Sardi_Zika_2016	9047	99.1301933931711	0.270441726535526	5.73332421174176
rand.28	1	Sardi_Zika_2016	7373	99.1301933931711	0.326032771878099	7.87731453443324
rand.16	1	Sardi_Zika_2016	5365	99.1301933931711	0.439324572813957	3.00412217922704
rand.62	1	Sardi_Zika_2016	9000	99.1301933931711	0.268236340428046	5.69801290278642
rand.89	1	Sardi_Zika_2016	8830	11.2519663181271	0.0329898876227693	10.9483833055976
rand.9	1	Sardi_Zika_2016	7053	3.0720829092255	0.0113817319773531	9.06215556976368
rand.74	1	Sardi_Zika_2016	7634	99.1394466549459	0.315837850250881	6.16579512046145
rand.21	1	Sardi_Zika_2016	8633	99.1209401313963	0.278177263735002	7.33217304952604
rand.19	1	Sardi_Zika_2016	9930	6.84741371333395	0.0171234897486989	9.84459507459015
rand.2	1	Sardi_Zika_2016	9837	99.1301933931711	0.250763080034456	5.57350380135575
rand.8	1	Sardi_Zika_2016	6376	97.4090867030628	0.395193112294984	12.4269031643605
rand.40	1	Sardi_Zika_2016	3101	94.4295364115851	0.811293394855422	13.0584449242687
rand.96	1	Sardi_Zika_2016	8039	97.8810030535764	0.304185439817983	13.6337651014354
rand.57	1	Sardi_Zika_2016	6672	93.1340797631165	0.360068042664396	11.0874126437008
rand.47	1	Sardi_Zika_2016	6722	99.1301933931711	0.3609498915432	6.34278548329819
rand.98	1	Sardi_Zika_2016	8818	25.9091329693717	0.0745777699648685	11.7144896616566
rand.37	1	Sardi_Zika_2016	7561	92.699176459702	0.319826531299614	10.468077525849
rand.86	1	Sardi_Zika_2016	8833	21.0234107522902	0.0594099069157629	11.8342338083162
rand.79	1	Sardi_Zika_2016	8272	4.73767002868511	0.0147830458098294	9.36023770675692
rand.85	1	Sardi_Zika_2016	3387	8.08735079115388	0.063672040907465	12.9786057571473
rand.12	1	Sardi_Zika_2016	6699	92.9767743129453	0.355548510008294	10.0194759056438
rand.84	1	Sardi_Zika_2016	5322	99.1301933931711	0.438419153756499	3.5782336533047
rand.61	1	Sardi_Zika_2016	6263	3.0720829092255	0.0127802561979431	9.7113779310382
rand.87	1	Sardi_Zika_2016	9418	94.596095123531	0.250682123640259	10.4894149761419
rand.35	1	Sardi_Zika_2016	9267	99.1301933931711	0.266224855505981	6.5797275475753
rand.91	1	Sardi_Zika_2016	7740	99.1301933931711	0.312108789709529	7.09541299424873
rand.15	1	Sardi_Zika_2016	9122	94.6886277412788	0.259590160586689	9.84844429821235
rand.54	1	Sardi_Zika_2016	9700	99.1301933931711	0.249333551177265	7.07401619958228
rand.43	1	Sardi_Zika_2016	7304	94.6238549088554	0.339978077298634	8.97640533525542
rand.77	1	Sardi_Zika_2016	6732	95.4473952068104	0.37163323348655	11.2241523051348
rand.99	1	Sardi_Zika_2016	8364	99.1301933931711	0.28641451958262	7.64902952451661
rand.30	1	Sardi_Zika_2016	5069	92.9027482187471	0.467972109980904	12.973594533862
rand.22	1	Sardi_Zika_2016	4882	10.8725825853613	0.0607790791685008	10.3360126130814
rand.13	1	Sardi_Zika_2016	9849	6.84741371333395	0.0176787639581606	9.29991378019037
rand.55	1	Sardi_Zika_2016	9779	99.1209401313963	0.249179906869242	7.21447011353132
rand.29	1	Sardi_Zika_2016	6308	94.2444711760896	0.380329514354498	10.2365212676456
rand.72	1	Sardi_Zika_2016	5475	94.0408994170445	0.440299991465207	13.2092596868814
rand.34	1	Sardi_Zika_2016	7128	99.1301933931711	0.336807356755482	7.0253242159868
rand.53	1	Sardi_Zika_2016	9508	97.936522624225	0.256014613925657	11.6551475409995
rand.6	1	Sardi_Zika_2016	8371	7.63394096418988	0.0233096413197156	9.87280564449322
rand.46	1	Sardi_Zika_2016	7380	100	0.33213232825315	6.93063588964433
rand.39	1	Sardi_Zika_2016	5717	4.1732210604238	0.019241254615128	11.3351894815612
rand.38	1	Sardi_Zika_2016	9518	99.1394466549459	0.252295954410587	7.05971836292563
rand.7	1	Sardi_Zika_2016	6550	92.9305080040714	0.363431344840726	12.0535589891086
rand.76	1	Sardi_Zika_2016	5613	6.05163320070325	0.0286381633741537	11.5879467487803
rand.81	1	Sardi_Zika_2016	8378	99.1301933931711	0.290579243533778	6.77291312133589
rand.18	1	Sardi_Zika_2016	8048	99.1301933931711	0.303630987876301	7.1567691599571
rand.11	1	Sardi_Zika_2016	7107	99.1301933931711	0.342896539539207	6.31527533186995
rand.95	1	Sardi_Zika_2016	8512	99.1301933931711	0.288824723590453	6.10640655456612
rand.56	1	Sardi_Zika_2016	6795	100	0.357929688599185	6.83678147982011
rand.66	1	Sardi_Zika_2016	7423	4.06707430053734	0.0140678525535235	10.2609442445179
rand.50	1	Sardi_Zika_2016	7015	93.3931710928102	0.343076553353622	13.2822599203442
rand.60	1	Sardi_Zika_2016	5642	15.175349310632	0.0688651733281824	12.9602576565265
rand.45	1	Sardi_Zika_2016	7433	6.1071527713519	0.0210225696396509	10.5469913358346
rand.67	1	Sardi_Zika_2016	6121	99.1301933931711	0.392745877689702	5.19668822070317
rand.64	1	Sardi_Zika_2016	8171	19.7001943184973	0.0599803972003889	12.9863053681188
rand.48	1	Sardi_Zika_2016	7016	4.1732210604238	0.0152460564773429	10.0967769633777
rand.80	1	Sardi_Zika_2016	5982	99.1209401313963	0.397023509707099	4.42644891157665
rand.65	1	Sardi_Zika_2016	7989	99.1394466549459	0.301150465611113	7.72759852600985
rand.63	1	Sardi_Zika_2016	8244	99.1394466549459	0.297832251557893	4.82769567514991
rand.78	1	Sardi_Zika_2016	7303	99.1301933931711	0.331408649168694	6.27730610212014
rand.24	1	Sardi_Zika_2016	7416	95.7805126307023	0.33199660145301	11.659748868033
rand.70	1	Sardi_Zika_2016	9082	7.57842139354122	0.0207624509426888	10.3580293265183
rand.83	1	Sardi_Zika_2016	8644	96.4282409549366	0.284903867841349	11.4043291936928
rand.73	1	Sardi_Zika_2016	6972	4.06707430053734	0.0153291382475268	9.71039800937696
rand.1	1	Sardi_Zika_2016	9053	99.1301933931711	0.268950693126079	8.22620578431023
rand.32	1	Sardi_Zika_2016	6695	10.7893032293884	0.0416520801034515	12.2381384449414
rand.33	1	Sardi_Zika_2016	5523	10.8725825853613	0.0531524130743175	10.0878304044469
rand.58	1	Sardi_Zika_2016	7216	99.1209401313963	0.334922799231729	5.96282644576936
rand.5	1	Sardi_Zika_2016	3145	91.8386231146479	0.779148800542617	13.2166402632699
rand.90	1	Sardi_Zika_2016	6926	95.4011288979365	0.343344609423028	12.6754104649838
rand.3	1	Sardi_Zika_2016	8468	16.5448320532988	0.0491594638979001	10.3338526970207
rand.14	1	Sardi_Zika_2016	4925	6.65309521606366	0.0350398913812101	12.9565237308761
rand.51	1	Sardi_Zika_2016	4240	91.6165448320533	0.584120488936164	14.2305107824241
rand.36	1	Sardi_Zika_2016	9003	6.05163320070325	0.0169890119538741	10.1706252709734
rand.88	1	Sardi_Zika_2016	9832	99.1394466549459	0.24649326859875	9.65071531131796
rand.92	1	Sardi_Zika_2016	5332	96.9371703525493	0.46876636050979	12.3435096263562
rand.55	2	Sardi_Zika_2016	5375	99.1209401313963	0.471156404837358	13.6413238298612
rand.59	2	Sardi_Zika_2016	9587	92.8287221245489	0.234584904910335	11.0367848399038
rand.28	2	Sardi_Zika_2016	3530	99.1301933931711	0.715135874481071	17.2784784354459
rand.77	2	Sardi_Zika_2016	5558	90.0527435921162	0.412832945188918	13.2154053033677
rand.36	2	Sardi_Zika_2016	8070	3.02946081156198	0.00925770477434274	11.0844169613608
rand.45	2	Sardi_Zika_2016	6643	6.1071527713519	0.0230084287544004	11.543293844827
rand.83	2	Sardi_Zika_2016	7596	96.4282409549366	0.315993466052004	12.6488051468637
rand.47	2	Sardi_Zika_2016	2619	99.1301933931711	0.989367508517168	17.3856427656484
rand.50	2	Sardi_Zika_2016	6016	87.998519478116	0.36741283796862	15.0964564944179
rand.97	2	Sardi_Zika_2016	4413	99.1301933931711	0.576535598503472	12.2224685819581
rand.38	2	Sardi_Zika_2016	5360	99.1394466549459	0.464786178402583	13.0055970424433
rand.75	2	Sardi_Zika_2016	5750	55.177199962987	0.240348571935284	11.6798200711009
rand.53	2	Sardi_Zika_2016	8521	97.936522624225	0.279030626933099	12.7029589268183
rand.40	2	Sardi_Zika_2016	2648	89.0348847968909	0.878626778118888	14.9991142507018
rand.73	2	Sardi_Zika_2016	5583	4.06707430053734	0.0184920823137765	11.7139969898765
rand.92	2	Sardi_Zika_2016	4853	96.9371703525493	0.50511893390782	13.300742007949
rand.29	2	Sardi_Zika_2016	5605	73.4986582770427	0.32654037807645	11.2695279820397
rand.63	2	Sardi_Zika_2016	3214	99.1394466549459	0.801862080320924	12.9977397578098
rand.54	2	Sardi_Zika_2016	5249	99.1301933931711	0.477395567213045	13.5445228294722
rand.5	2	Sardi_Zika_2016	2652	49.7825483482928	0.489949211026954	15.33204076596
rand.3	2	Sardi_Zika_2016	7605	16.5448320532988	0.0534996810365773	11.2462134314121
rand.46	2	Sardi_Zika_2016	3310	100	0.785409913947782	16.389221026205
rand.74	2	Sardi_Zika_2016	3523	99.1394466549459	0.718973546819847	14.0358211759653
rand.62	2	Sardi_Zika_2016	4814	99.1301933931711	0.527542463647434	11.2063255852432
rand.48	2	Sardi_Zika_2016	6233	4.1732210604238	0.0167491932719493	11.0922368046253
rand.42	2	Sardi_Zika_2016	4286	99.1301933931711	0.577003245609594	12.8710018301662
rand.10	2	Sardi_Zika_2016	2741	3.00166759310728	0.0284855949928654	14.6655975776694
rand.64	2	Sardi_Zika_2016	7523	16.5910983621727	0.0539877950848524	13.8792895531358
rand.16	2	Sardi_Zika_2016	1020	99.1301933931711	2.60067195556548	17.7835176679646
rand.81	2	Sardi_Zika_2016	4041	99.1301933931711	0.632098421612538	14.7331503849056
rand.13	2	Sardi_Zika_2016	8117	3.77533080410845	0.0114245072481218	10.9002399706547
rand.72	2	Sardi_Zika_2016	4823	64.6525400203572	0.33681996064408	14.6980189953538
rand.39	2	Sardi_Zika_2016	4571	4.1732210604238	0.023346186677351	13.7534404566121
rand.88	2	Sardi_Zika_2016	5800	99.1394466549459	0.431099521058652	16.8784274403657
rand.22	2	Sardi_Zika_2016	3374	7.80049967613584	0.060347351624618	14.30432675478
rand.86	2	Sardi_Zika_2016	7836	21.0234107522902	0.0654001716178799	13.0274723898725
rand.69	2	Sardi_Zika_2016	1581	99.1394466549459	1.61941973563887	19.5392951881438
rand.94	2	Sardi_Zika_2016	4015	99.1301933931711	0.632592975755622	12.7537782564691
rand.78	2	Sardi_Zika_2016	2955	99.1301933931711	0.8652921178697	16.3897457270497
rand.11	2	Sardi_Zika_2016	2796	99.1301933931711	0.928797401135919	17.1060673974166
rand.80	2	Sardi_Zika_2016	1974	99.1209401313963	1.31312970343029	14.6401948609948
rand.76	2	Sardi_Zika_2016	4370	3.02946081156198	0.0177776617971096	14.3868582304866
rand.70	2	Sardi_Zika_2016	8289	7.57842139354122	0.0223294678906887	11.139787103928
rand.15	2	Sardi_Zika_2016	7961	91.0798556491163	0.277777934560339	10.9560155305042
rand.2	2	Sardi_Zika_2016	4682	99.1301933931711	0.540757181197823	12.0189630969693
rand.35	2	Sardi_Zika_2016	4362	99.1301933931711	0.588889756187657	14.5543666233139
rand.66	2	Sardi_Zika_2016	6571	4.06707430053734	0.0155124113425056	11.3145902885945
rand.27	2	Sardi_Zika_2016	6581	73.9705746275562	0.28091980326477	11.1905109971282
rand.33	2	Sardi_Zika_2016	4038	7.80049967613584	0.0500376617988272	13.2367719238264
rand.100	2	Sardi_Zika_2016	3931	99.1394466549459	0.654489120966254	15.7569752510993
rand.7	2	Sardi_Zika_2016	5995	92.9305080040714	0.389893894354012	12.9312155426467
rand.31	2	Sardi_Zika_2016	1268	99.1394466549459	2.07309427799664	17.5920837751445
rand.6	2	Sardi_Zika_2016	6930	7.63394096418988	0.0272856349565695	11.5568389542293
rand.85	2	Sardi_Zika_2016	2924	8.08735079115388	0.071963060060337	14.6686076382942
rand.65	2	Sardi_Zika_2016	3856	99.1394466549459	0.657141367582702	16.8624167763027
rand.8	2	Sardi_Zika_2016	5676	92.0144350883687	0.410408799191069	13.6619822943107
rand.1	2	Sardi_Zika_2016	4959	99.1301933931711	0.508639222716845	15.557390343214
rand.30	2	Sardi_Zika_2016	4623	64.4397149995373	0.350452886380094	14.0069939606762
rand.57	2	Sardi_Zika_2016	5674	86.0275747200888	0.380383861610157	12.680566750269
rand.98	2	Sardi_Zika_2016	7774	25.9091329693717	0.0824433621463069	12.9499972175365
rand.44	2	Sardi_Zika_2016	2145	99.1209401313963	1.21510624806453	15.611256747912
rand.89	2	Sardi_Zika_2016	7097	11.2519663181271	0.0396863084520414	13.1707304336871
rand.87	2	Sardi_Zika_2016	8551	94.596095123531	0.270296352995456	11.3101427893431
rand.58	2	Sardi_Zika_2016	3184	99.1209401313963	0.817728650274434	14.5585013397253
rand.19	2	Sardi_Zika_2016	8753	3.77533080410845	0.0104666510179973	10.9140233883474
rand.91	2	Sardi_Zika_2016	3631	99.1301933931711	0.70971225285445	16.1344432041392
rand.82	2	Sardi_Zika_2016	5118	4.73767002868511	0.0235957313847192	12.6414130893633
rand.96	2	Sardi_Zika_2016	7089	97.8810030535764	0.336547149689351	15.0842354162902
rand.17	2	Sardi_Zika_2016	2284	99.1394466549459	1.13685680421637	17.4667850848292
rand.51	2	Sardi_Zika_2016	2662	26.3810493198853	0.2571340957466	21.7550236300011
rand.56	2	Sardi_Zika_2016	2732	100	0.950798883875376	18.1611204864094
rand.14	2	Sardi_Zika_2016	4205	3.63164721141375	0.0218132364054012	14.7941041938173
rand.21	2	Sardi_Zika_2016	4660	99.1209401313963	0.539392468445641	14.217261566071
rand.84	2	Sardi_Zika_2016	1341	99.1301933931711	1.93158235413966	15.7649430333758
rand.24	2	Sardi_Zika_2016	6259	90.3858610160081	0.360998555710119	13.4350003030496
rand.43	2	Sardi_Zika_2016	5857	81.5397427593227	0.353112636599732	10.8192237212189
rand.95	2	Sardi_Zika_2016	3591	99.1301933931711	0.708661573581933	14.9827051649012
rand.12	2	Sardi_Zika_2016	5971	92.9767743129453	0.389909841110188	10.9877897063492
rand.37	2	Sardi_Zika_2016	5997	92.699176459702	0.388991139171695	12.7318686951052
rand.20	2	Sardi_Zika_2016	3221	73.9058017951328	0.603436421962759	14.7032380215566
rand.32	2	Sardi_Zika_2016	5534	7.71722032016286	0.034820656916326	14.3036912401415
rand.79	2	Sardi_Zika_2016	7042	4.73767002868511	0.0168421994465101	10.6640398975915
rand.60	2	Sardi_Zika_2016	5140	15.175349310632	0.0741581132367258	13.9563760377049
rand.67	2	Sardi_Zika_2016	1750	99.1301933931711	1.47250647735161	19.4837361776409
rand.90	2	Sardi_Zika_2016	6409	95.4011288979365	0.365335701341785	13.4872656943752
rand.71	2	Sardi_Zika_2016	1886	99.1301933931711	1.39176864915426	16.2146958713332
rand.34	2	Sardi_Zika_2016	3331	99.1301933931711	0.767261229064683	16.0039820521176
rand.18	2	Sardi_Zika_2016	3819	99.1301933931711	0.66738848201982	15.7307570588807
rand.99	2	Sardi_Zika_2016	4427	99.1301933931711	0.567407815429594	15.1532790271496
rand.77	3	Sardi_Zika_2016	430	89.4978848629759	5.08370987541463	92.0410416233575
rand.37	3	Sardi_Zika_2016	444	92.1280117711974	4.99110688182864	92.1921861315658
rand.15	3	Sardi_Zika_2016	540	90.5186683832996	3.82625394073446	93.7956584949576
rand.50	3	Sardi_Zika_2016	470	87.4563178223285	4.57603141149638	93.1567487642968
rand.79	3	Sardi_Zika_2016	461	4.70847894059224	0.251341387384822	99.5913694685527
rand.57	3	Sardi_Zika_2016	452	85.4975170130587	4.6542479962754	92.5689261498457
rand.66	3	Sardi_Zika_2016	437	4.03715284164061	0.235685716586584	99.6277237227227
rand.86	3	Sardi_Zika_2016	611	20.8938752988781	0.86263848916766	98.6421607497998
rand.6	3	Sardi_Zika_2016	477	7.58690454294648	0.373230547902444	99.3921052232865
rand.38	3	Sardi_Zika_2016	396	98.5286003310649	5.44460367310018	91.2928283222932
rand.1	3	Sardi_Zika_2016	458	98.5194040831341	4.66854343885093	92.3133295393644
rand.44	3	Sardi_Zika_2016	195	98.5102078352032	11.1924937569875	82.3943226134475
rand.65	3	Sardi_Zika_2016	365	98.5286003310649	6.17788669453654	90.3029382588844
rand.83	3	Sardi_Zika_2016	569	95.8340996873276	4.06576385718912	93.5960130282907
rand.64	3	Sardi_Zika_2016	589	16.4888725400037	0.670084984565248	98.945037648565
rand.92	3	Sardi_Zika_2016	379	96.339893323524	5.87684212297836	90.67944731358
rand.13	3	Sardi_Zika_2016	507	3.75206915578444	0.172783250188452	99.7226977038285
rand.63	3	Sardi_Zika_2016	238	98.5286003310649	8.94167132639521	85.7671455135946
rand.55	3	Sardi_Zika_2016	444	98.5102078352032	5.41724191990452	91.425037288604
rand.95	3	Sardi_Zika_2016	325	98.5194040831341	6.9092058250674	88.8865798585208
rand.11	3	Sardi_Zika_2016	257	98.5194040831341	7.19109118247234	88.0292404210727
rand.74	3	Sardi_Zika_2016	285	98.5286003310649	7.06355485232067	88.4078260206731
rand.91	3	Sardi_Zika_2016	336	98.5194040831341	6.6959597979899	89.3727644107565
rand.89	3	Sardi_Zika_2016	552	11.1826374839066	0.521969059597191	99.1791822441683
rand.42	3	Sardi_Zika_2016	314	98.5194040831341	6.48168876035358	89.5057927430254
rand.17	3	Sardi_Zika_2016	224	98.5286003310649	8.41680218079549	85.9866064521151
rand.81	3	Sardi_Zika_2016	366	98.5194040831341	5.89390638410246	90.2347398885504
rand.98	3	Sardi_Zika_2016	599	25.7494942063638	1.03142531928139	98.342498391046
rand.82	3	Sardi_Zika_2016	409	4.70847894059224	0.294249491385156	99.5199922403175
rand.5	3	Sardi_Zika_2016	238	49.4758138679419	5.18329399296691	91.8805791122563
rand.36	3	Sardi_Zika_2016	504	3.00717307338606	0.14872898122922	99.7679448336919
rand.32	3	Sardi_Zika_2016	462	7.66967077432408	0.41197188316596	99.3461815022812
rand.54	3	Sardi_Zika_2016	396	98.5194040831341	5.83153700437651	90.9623676858688
rand.100	3	Sardi_Zika_2016	364	98.5286003310649	6.3666561684781	89.8992465256329
rand.12	3	Sardi_Zika_2016	394	92.4038992091227	5.38281869415218	91.3746831210988
rand.56	3	Sardi_Zika_2016	284	99.4298326282877	7.11039793764262	88.2684372147369
rand.27	3	Sardi_Zika_2016	449	73.5148059591687	3.8923161569586	93.7541368350696
rand.70	3	Sardi_Zika_2016	588	7.53172705536141	0.324441240086518	99.4761608971071
rand.76	3	Sardi_Zika_2016	364	3.00717307338606	0.211281256057375	99.6655632469025
rand.85	3	Sardi_Zika_2016	238	8.03752069155784	0.7915519489929	98.7241151407227
rand.8	3	Sardi_Zika_2016	472	91.4474894243149	4.84985636738735	92.3751741244705
rand.40	3	Sardi_Zika_2016	244	88.486297590583	8.76256739035407	86.1886255210215
rand.21	3	Sardi_Zika_2016	380	98.5102078352032	5.74000643017897	90.814555973441
rand.7	3	Sardi_Zika_2016	450	92.3579179694685	4.88905548686094	92.3271541143518
rand.94	3	Sardi_Zika_2016	301	98.5194040831341	7.32347572855356	88.2969566310069
rand.99	3	Sardi_Zika_2016	376	98.5194040831341	5.67161492524671	90.923784280639
rand.2	3	Sardi_Zika_2016	352	98.5194040831341	6.38899325496932	89.5805965913485
rand.29	3	Sardi_Zika_2016	386	73.0457973146956	4.30547575425778	92.999806936682
rand.84	3	Sardi_Zika_2016	122	98.5194040831341	16.3784800256845	74.4941998438522
rand.31	3	Sardi_Zika_2016	121	98.5286003310649	14.2590965955974	76.7021357025492
rand.69	3	Sardi_Zika_2016	165	98.5286003310649	10.485212659764	82.6636144891213
rand.24	3	Sardi_Zika_2016	500	89.8289497884863	4.40243918928055	93.0960687668746
rand.28	3	Sardi_Zika_2016	361	98.5194040831341	5.90830626347748	90.3521256584988
rand.88	3	Sardi_Zika_2016	494	98.5286003310649	4.21303469049098	93.4013591077557
rand.35	3	Sardi_Zika_2016	351	98.5194040831341	6.18744260458239	90.1643820844119
rand.75	3	Sardi_Zika_2016	404	54.8372264116241	3.33175024444755	94.719109900572
rand.14	3	Sardi_Zika_2016	352	3.60492918889093	0.251889168765743	99.6012532955601
rand.45	3	Sardi_Zika_2016	451	6.06952363435718	0.329137659332549	99.4725906821191
rand.43	3	Sardi_Zika_2016	386	81.0373367665992	5.06949558173785	91.9301328186892
rand.22	3	Sardi_Zika_2016	290	7.75243700570167	0.629010595433517	98.9535224996814
rand.19	3	Sardi_Zika_2016	584	3.75206915578444	0.15877339767288	99.7455696634412
rand.39	3	Sardi_Zika_2016	354	4.14750781681074	0.280568602444866	99.5504465303981
rand.59	3	Sardi_Zika_2016	642	92.2567592422292	3.39645254886294	94.5929902157795
rand.96	3	Sardi_Zika_2016	560	97.2779106124701	4.18761529995804	93.7213504196627
rand.34	3	Sardi_Zika_2016	289	98.5194040831341	6.54620780680957	89.178410204107
rand.60	3	Sardi_Zika_2016	402	15.0818466065845	0.881237171013745	98.5948725509199
rand.71	3	Sardi_Zika_2016	169	98.5194040831341	12.3588246830405	80.7132517671042
rand.46	3	Sardi_Zika_2016	309	99.4298326282877	6.77579464554297	88.9609862285011
rand.51	3	Sardi_Zika_2016	215	26.2185028508369	3.02108720991841	95.8460576943907
rand.30	3	Sardi_Zika_2016	371	64.0426705903991	3.97518080679502	93.6809362306652
rand.87	3	Sardi_Zika_2016	598	94.0132425970204	3.83776498898186	93.9177345132485
rand.67	3	Sardi_Zika_2016	190	98.5194040831341	9.50677978134318	84.1346446322727
rand.20	3	Sardi_Zika_2016	298	73.4504322236528	6.03343430604552	90.2621132084902
rand.97	3	Sardi_Zika_2016	344	98.5194040831341	6.61149374213138	89.1817884859565
rand.58	3	Sardi_Zika_2016	278	98.5102078352032	8.2110717625596	86.9074692291819
rand.80	3	Sardi_Zika_2016	169	98.5102078352032	12.5897631779985	80.2154368985548
rand.78	3	Sardi_Zika_2016	287	98.5194040831341	7.97062631132539	87.4143567654436
rand.47	3	Sardi_Zika_2016	274	98.5194040831341	7.24556325073044	87.7602503721571
rand.10	3	Sardi_Zika_2016	226	2.97958432959353	0.301580505240427	99.5051465449753
rand.53	3	Sardi_Zika_2016	642	97.3330881000552	3.73162218383105	94.1992168678676
rand.33	3	Sardi_Zika_2016	327	7.75243700570167	0.563374634107222	99.0621505005453
rand.72	3	Sardi_Zika_2016	407	64.2541842928085	3.84971404013356	93.9962665102601
rand.18	3	Sardi_Zika_2016	343	98.5194040831341	5.73986562510046	90.4238391158691
rand.90	3	Sardi_Zika_2016	496	94.8133161670039	4.37773342957836	93.1004133225402
rand.48	3	Sardi_Zika_2016	398	4.14750781681074	0.246017892210343	99.6035814567954
rand.16	3	Sardi_Zika_2016	111	98.5194040831341	17.9847902362046	71.5514797896438
rand.62	3	Sardi_Zika_2016	303	98.5194040831341	7.47639419084241	88.3638410367284
rand.3	3	Sardi_Zika_2016	510	16.4428913003495	0.766539767465789	98.763628970646
rand.73	3	Sardi_Zika_2016	400	4.03715284164061	0.254251030903952	99.5885353898601
rand.68	1	Tony_Ebola_2014	350	1.63510733688486	0.172978522763416	0
rand.41	1	Tony_Ebola_2014	257	100	13.992846871428	0
rand.89	1	Tony_Ebola_2014	366	99.8417638061079	9.77772956666822	0.554255577422737
rand.79	1	Tony_Ebola_2014	242	99.7784693285511	14.5005634040335	0
rand.87	1	Tony_Ebola_2014	270	9.05638483042355	1.33375798157441	0.252458557956717
rand.62	1	Tony_Ebola_2014	228	2.00432512263305	0.345756296404135	0.465861115155044
rand.85	1	Tony_Ebola_2014	5988	100	0.647727232543688	0.16729229828564
rand.43	1	Tony_Ebola_2014	5900	100	0.638898259497999	0.200288629232567
rand.60	1	Tony_Ebola_2014	410	99.7257239305871	9.27900824986136	0
rand.95	1	Tony_Ebola_2014	406	75.969196687589	7.4116575498253	0.726088231813059
rand.47	1	Tony_Ebola_2014	212	10.712590326494	2.09297292841023	0
rand.93	1	Tony_Ebola_2014	233	68.8696661216309	12.1539607186075	0.313692637065996
rand.39	1	Tony_Ebola_2014	5896	100	0.654453979134383	0.772038936877901
rand.86	1	Tony_Ebola_2014	6018	100	0.626879808571096	0.141373108687288
rand.35	1	Tony_Ebola_2014	396	1.76169629199852	0.173276957796166	0.159269539052165
rand.55	1	Tony_Ebola_2014	293	9.10913022838757	1.27798127798128	0
rand.90	1	Tony_Ebola_2014	122	99.8417638061079	26.8534543906937	0
rand.17	1	Tony_Ebola_2014	6202	100	0.611797169723374	0.350552817536031
rand.66	1	Tony_Ebola_2014	5939	100	0.649364354153753	0.247192901053679
rand.69	1	Tony_Ebola_2014	256	100	14.7326586256297	0.26033242448049
rand.52	1	Tony_Ebola_2014	221	10.7917084234401	1.98415392224367	0
rand.51	1	Tony_Ebola_2014	5875	100	0.644476087674162	0.363125710662691
rand.42	1	Tony_Ebola_2014	6006	100	0.630379851412751	0.302957623398153
rand.67	1	Tony_Ebola_2014	213	99.7309984703835	16.9904570206495	0
rand.46	1	Tony_Ebola_2014	207	68.1787014083021	12.9190237271873	0.337817578507606
rand.82	1	Tony_Ebola_2014	147	99.8417638061079	21.7694820130647	0
rand.96	1	Tony_Ebola_2014	5913	100	0.642307421755929	0.183348921791101
rand.1	1	Tony_Ebola_2014	5885	100	0.662237174315472	0.225619515353746
rand.99	1	Tony_Ebola_2014	279	8.06477134869982	1.19966732573832	0.282459278787308
rand.15	1	Tony_Ebola_2014	308	99.7679202489583	11.9490577837862	0.341130912146156
rand.33	1	Tony_Ebola_2014	292	5.13212722189989	0.760488963921716	0.275120365159757
rand.75	1	Tony_Ebola_2014	215	4.63632048103803	0.913341645885287	0
rand.44	1	Tony_Ebola_2014	217	99.7679202489583	15.989281306531	0
rand.36	1	Tony_Ebola_2014	5902	100	0.651418167836628	0.795945657924842
rand.38	1	Tony_Ebola_2014	366	99.7731947887547	10.0270873421009	0.170687361183998
rand.45	1	Tony_Ebola_2014	206	99.7309984703835	15.9080583553484	1.15431859866395
rand.6	1	Tony_Ebola_2014	208	99.920881903054	17.049770497705	0.29520295202952
rand.3	1	Tony_Ebola_2014	469	100	8.15220425605016	0.879984539071056
rand.23	1	Tony_Ebola_2014	189	99.8417638061079	17.8637826411106	0
rand.65	1	Tony_Ebola_2014	318	1.63510733688486	0.187070416925649	1.12242250155389
rand.83	1	Tony_Ebola_2014	320	99.8786855846827	11.438581654535	0.587755595155396
rand.49	1	Tony_Ebola_2014	173	100	21.1553603708509	0
rand.4	1	Tony_Ebola_2014	336	9.05638483042355	1.09736300538136	0.899236894916467
rand.53	1	Tony_Ebola_2014	215	76.9819083284983	14.5574418001556	0.321171377845159
rand.25	1	Tony_Ebola_2014	176	78.5853684266048	17.7314164663319	0
rand.64	1	Tony_Ebola_2014	303	11.0976317316314	1.40780044562505	0.479080379784949
rand.7	1	Tony_Ebola_2014	221	9.47834801413577	1.72692152453439	0
rand.88	1	Tony_Ebola_2014	207	71.4594651616647	14.0017982823303	1.49960210419703
rand.74	1	Tony_Ebola_2014	401	79.3765493960652	7.83047584358821	1.02765564430106
rand.81	1	Tony_Ebola_2014	207	99.7784693285511	17.2641320021173	0
rand.92	1	Tony_Ebola_2014	286	99.8892346642755	11.9158628587249	0
rand.30	1	Tony_Ebola_2014	404	100	9.26532567513295	0.519202760048969
rand.50	1	Tony_Ebola_2014	5978	100	0.637335883836188	0.384829660544816
rand.54	1	Tony_Ebola_2014	125	10.712590326494	3.67648389841247	0
rand.91	1	Tony_Ebola_2014	5884	100	0.645457334403481	0.752308568834501
rand.100	1	Tony_Ebola_2014	433	73.4163194261301	6.53320816709692	1.0753344285379
rand.34	1	Tony_Ebola_2014	5974	100	0.635420018506188	0.239283015908415
rand.26	1	Tony_Ebola_2014	188	69.7979851257978	14.476692667024	0.369766653174195
rand.56	1	Tony_Ebola_2014	5954	100	0.635781230163052	0.327283460279059
rand.12	1	Tony_Ebola_2014	200	99.7837438683475	17.4846115454999	0.312390247509196
rand.40	1	Tony_Ebola_2014	5888	100	0.641394451086359	0.806196289065674
rand.73	1	Tony_Ebola_2014	5825	100	0.647358614372335	0.337986846930704
rand.78	1	Tony_Ebola_2014	176	99.8417638061079	22.5109409190372	0.344876795737799
rand.19	1	Tony_Ebola_2014	301	99.7731947887547	13.1091644952043	0.465016355269723
rand.18	1	Tony_Ebola_2014	5943	100	0.6392248295487	0.406395883205159
rand.14	1	Tony_Ebola_2014	183	70.0933593543963	13.4260802796553	0
rand.98	1	Tony_Ebola_2014	326	99.7257239305871	11.0102374768521	0.189259384353781
rand.63	1	Tony_Ebola_2014	5898	100	0.637935452652227	0.180060590372401
rand.94	1	Tony_Ebola_2014	5917	100	0.639324922840937	0.270190890010158
rand.21	1	Tony_Ebola_2014	5878	100	0.642763028534511	0.371730577150834
rand.11	1	Tony_Ebola_2014	350	100	10.6345176242441	0.362629540575836
rand.76	1	Tony_Ebola_2014	6059	100	0.62801472687215	0.971013750193729
rand.48	1	Tony_Ebola_2014	292	100	12.6979240560545	0.226198921205145
rand.16	1	Tony_Ebola_2014	5978	100	0.628941101334636	0.418716969130364
rand.31	1	Tony_Ebola_2014	145	99.8417638061079	22.0061150702768	0
rand.72	1	Tony_Ebola_2014	177	1.63510733688486	0.398217015427698	0
rand.77	1	Tony_Ebola_2014	214	70.0195157972467	12.2916666666667	1.89259259259259
rand.24	1	Tony_Ebola_2014	242	10.7178648662904	1.88491971466471	0
rand.61	1	Tony_Ebola_2014	176	99.8312147265151	19.5549080990608	0
rand.58	1	Tony_Ebola_2014	178	100	18.3271666360747	0.404780075932492
rand.10	1	Tony_Ebola_2014	322	69.9720449390791	8.46515604959384	0.613861007063868
rand.13	1	Tony_Ebola_2014	218	99.7309984703835	17.099087530182	0.49195597717469
rand.57	1	Tony_Ebola_2014	209	2.00432512263305	0.371431084872003	0.802486633368196
rand.70	1	Tony_Ebola_2014	5999	100	0.627985146296178	0.368877649017223
rand.20	1	Tony_Ebola_2014	146	99.8417638061079	22.0219882496655	0
rand.97	1	Tony_Ebola_2014	5872	100	0.641950308981741	0.260942639742081
rand.59	1	Tony_Ebola_2014	5847	100	0.643384523350362	0.305375607733864
rand.27	1	Tony_Ebola_2014	263	99.7784693285511	14.17906532249	0
rand.29	1	Tony_Ebola_2014	361	99.5622131968986	10.3045059012348	1.07324955508729
rand.30	2	Tony_Ebola_2014	102	100	26.4526289614014	1.48233083745476
rand.55	2	Tony_Ebola_2014	54	5.19542169945672	3.33355895492081	0
rand.58	2	Tony_Ebola_2014	30	100	53.9776930518409	1.19216980595231
rand.72	2	Tony_Ebola_2014	45	1.63510733688486	1.43425557509022	0
rand.100	2	Tony_Ebola_2014	78	44.316683369376	17.5063549610368	4.77351335583615
rand.69	2	Tony_Ebola_2014	59	100	41.6977306912563	0.736816863950472
rand.44	2	Tony_Ebola_2014	20	99.7679202489583	65.0134048257373	0
rand.39	2	Tony_Ebola_2014	143	100	21.4158289981092	25.2635851858182
rand.48	2	Tony_Ebola_2014	53	100	39.5242261383994	0.704078656834562
rand.92	2	Tony_Ebola_2014	33	99.8892346642755	45.2315555661707	0
rand.93	2	Tony_Ebola_2014	51	67.1132443694288	44.9246195671362	1.18984570843484
rand.90	2	Tony_Ebola_2014	20	99.8417638061079	70.3497231203776	0
rand.54	2	Tony_Ebola_2014	24	3.35988185030856	5.74857864813645	0
rand.43	2	Tony_Ebola_2014	117	100	25.5202642942615	8.00036418500598
rand.74	2	Tony_Ebola_2014	78	72.3086660688855	27.8745857139952	4.01577845102784
rand.23	2	Tony_Ebola_2014	23	99.8417638061079	63.2273364954239	0
rand.19	2	Tony_Ebola_2014	51	99.7731947887547	44.6838164080032	1.58505185080197
rand.31	2	Tony_Ebola_2014	19	99.8417638061079	69.6713165740366	0
rand.61	2	Tony_Ebola_2014	20	99.8312147265151	68.3359208578546	0
rand.47	2	Tony_Ebola_2014	27	3.35988185030856	4.50431339273087	0
rand.27	2	Tony_Ebola_2014	21	99.7784693285511	65.8142852172703	0
rand.7	2	Tony_Ebola_2014	22	2.18893401550715	3.56376127093173	0
rand.11	2	Tony_Ebola_2014	51	100	40.4209539634861	1.37832598368164
rand.53	2	Tony_Ebola_2014	40	58.394430085975	45.2431548835309	1.31589701675521
rand.89	2	Tony_Ebola_2014	75	99.8417638061079	31.2689969604863	1.77249900885424
rand.6	2	Tony_Ebola_2014	40	99.920881903054	50.6212756860754	0.876466344226812
rand.77	2	Tony_Ebola_2014	35	16.2192098739385	14.9438693687126	9.93342080964183
rand.98	2	Tony_Ebola_2014	18	99.7257239305871	62.8076935853569	1.07962661528751
rand.50	2	Tony_Ebola_2014	152	100	20.6186318838164	12.4497322526202
rand.1	2	Tony_Ebola_2014	99	100	27.6975744773836	10.0706533614976
rand.16	2	Tony_Ebola_2014	157	100	19.563786500718	13.0245731610021
rand.40	2	Tony_Ebola_2014	129	99.7573711693655	20.614298015194	27.0330365025559
rand.52	2	Tony_Ebola_2014	55	10.7917084234401	7.40017361111111	0
rand.18	2	Tony_Ebola_2014	131	100	23.8678639376644	15.1743192641873
rand.67	2	Tony_Ebola_2014	18	99.7309984703835	66.0795414831901	0
rand.41	2	Tony_Ebola_2014	46	100	42.9298642533937	0
rand.73	2	Tony_Ebola_2014	143	100	21.4431237539085	11.1954851994291
rand.29	2	Tony_Ebola_2014	59	99.5622131968986	37.2498717290918	3.87970162213364
rand.45	2	Tony_Ebola_2014	26	99.7309984703835	56.6922523386903	4.11369633005517
rand.17	2	Tony_Ebola_2014	168	99.7573711693655	17.4005446583005	10.3788687299893
rand.65	2	Tony_Ebola_2014	47	1.63510733688486	1.26052128654495	7.56312771926971
rand.63	2	Tony_Ebola_2014	144	100	21.3098548709481	6.01481706787173
rand.68	2	Tony_Ebola_2014	39	1.63510733688486	1.34431916738942	0
rand.56	2	Tony_Ebola_2014	105	100	26.9936384157603	13.8956152951638
rand.38	2	Tony_Ebola_2014	30	99.7731947887547	54.6247364925352	0.929856478673944
rand.83	2	Tony_Ebola_2014	58	99.8786855846827	38.369265683255	1.97155130491166
rand.34	2	Tony_Ebola_2014	108	99.7573711693655	25.6096735318411	10.0391328485735
rand.46	2	Tony_Ebola_2014	66	66.3484360989504	34.716012584865	0.932825522989457
rand.66	2	Tony_Ebola_2014	117	100	25.8515272553354	9.84087589353809
rand.91	2	Tony_Ebola_2014	136	100	22.5971557469027	26.337966885749
rand.99	2	Tony_Ebola_2014	36	3.824041352392	3.42627599243856	1.70132325141777
rand.59	2	Tony_Ebola_2014	136	100	22.6101288582559	10.7316567160739
rand.26	2	Tony_Ebola_2014	33	38.8469856005064	38.6817226890756	1.77521008403361
rand.33	2	Tony_Ebola_2014	35	1.61928371749565	1.81078211631473	2.07620620502536
rand.36	2	Tony_Ebola_2014	141	100	22.0124190719887	26.8962246462329
rand.21	2	Tony_Ebola_2014	135	100	22.6606941341747	13.1054098247392
rand.51	2	Tony_Ebola_2014	117	99.7573711693655	24.1916091071885	14.1826554105909
rand.42	2	Tony_Ebola_2014	155	100	20.2781211372064	9.74557066337042
rand.76	2	Tony_Ebola_2014	204	99.7573711693655	15.2691661822644	24.6334689659627
rand.64	2	Tony_Ebola_2014	29	2.19948309509995	1.81770629004839	3.12104964909986
rand.13	2	Tony_Ebola_2014	30	99.7309984703835	55.582338761832	1.59915338938209
rand.78	2	Tony_Ebola_2014	10	99.8417638061079	84.1925010007561	1.28986345238625
rand.60	2	Tony_Ebola_2014	63	99.7257239305871	34.6682069054037	0
rand.95	2	Tony_Ebola_2014	98	74.1389313782372	24.7003830878993	2.47952764207641
rand.88	2	Tony_Ebola_2014	46	42.1488475130545	30.0594342461631	5.45817032801685
rand.49	2	Tony_Ebola_2014	30	100	59.7431882242405	0
rand.86	2	Tony_Ebola_2014	95	99.7573711693655	28.5130632735825	6.66958134205726
rand.3	2	Tony_Ebola_2014	66	100	33.9631418858472	3.66612989801396
rand.85	2	Tony_Ebola_2014	101	100	28.3684847802213	7.32689437670712
rand.35	2	Tony_Ebola_2014	47	1.76169629199852	1.3650482262547	1.25470001634788
rand.96	2	Tony_Ebola_2014	102	100	27.8628542367135	7.95355013703275
rand.25	2	Tony_Ebola_2014	35	73.2211614536632	59.1428084526244	0
rand.14	2	Tony_Ebola_2014	31	35.3394166358985	28.3742006521831	0
rand.12	2	Tony_Ebola_2014	34	99.7837438683475	52.8716357843548	0.944635421033509
rand.81	2	Tony_Ebola_2014	23	99.7784693285511	63.852696955377	0
rand.94	2	Tony_Ebola_2014	111	100	26.2391371093698	11.0891591355075
rand.15	2	Tony_Ebola_2014	29	99.7679202489583	55.8046909573683	1.59315533264493
rand.10	2	Tony_Ebola_2014	72	35.2233767603777	15.6415421370684	2.25324401555254
rand.82	2	Tony_Ebola_2014	24	99.8417638061079	59.0166489991894	0
rand.79	2	Tony_Ebola_2014	23	99.7784693285511	61.9376596162661	0
rand.27	3	Tony_Ebola_2014	1	99.7784693285511	100	0
rand.55	3	Tony_Ebola_2014	2	5.19542169945672	100	0
rand.81	3	Tony_Ebola_2014	2	99.7784693285511	98.2701298701299	0
rand.58	3	Tony_Ebola_2014	2	100	100	0
rand.61	3	Tony_Ebola_2014	1	99.8312147265151	100	0
rand.93	3	Tony_Ebola_2014	19	67.1132443694288	100	0
rand.77	3	Tony_Ebola_2014	6	16.2192098739385	60.0703262355929	15.9437884693198
rand.49	3	Tony_Ebola_2014	2	100	100	0
rand.100	3	Tony_Ebola_2014	12	44.316683369376	83.6769246091027	3.49725668386287
rand.86	3	Tony_Ebola_2014	8	99.7573711693655	83.7191802045062	3.08635843404314
rand.26	3	Tony_Ebola_2014	9	38.8469856005064	100	0
rand.42	3	Tony_Ebola_2014	21	100	67.6355390641105	10.5053749927763
rand.78	3	Tony_Ebola_2014	2	99.8417638061079	98.4910765388418	0.0227685001163369
rand.63	3	Tony_Ebola_2014	16	100	75.7383884792093	5.34056384633133
rand.95	3	Tony_Ebola_2014	20	74.1389313782372	97.8285077951002	0.198097594951421
rand.29	3	Tony_Ebola_2014	4	99.5622131968986	94.0414507772021	0.562062555034098
rand.30	3	Tony_Ebola_2014	6	100	94.6327962834832	0.284803401801223
rand.21	3	Tony_Ebola_2014	29	100	59.571956166374	14.813637053139
rand.50	3	Tony_Ebola_2014	26	100	65.0955497812716	13.1409905205824
rand.99	3	Tony_Ebola_2014	2	2.23640487367477	54.0816326530612	21.0849645980842
rand.64	3	Tony_Ebola_2014	2	2.19948309509995	51.6089108910891	30.5807765242544
rand.98	3	Tony_Ebola_2014	1	99.7257239305871	100	0
rand.18	3	Tony_Ebola_2014	22	100	65.6730352439065	13.341680199758
rand.96	3	Tony_Ebola_2014	18	100	72.1502780216564	6.18443319284007
rand.94	3	Tony_Ebola_2014	17	100	72.4538316930222	8.18317133805616
rand.6	3	Tony_Ebola_2014	3	99.920881903054	98.2980489829805	0.0289663726433372
rand.15	3	Tony_Ebola_2014	3	99.7679202489583	95.4531691562374	0.126203477544683
rand.48	3	Tony_Ebola_2014	2	100	98.2497928748964	0.0306322498076334
rand.38	3	Tony_Ebola_2014	1	99.7731947887547	100	0
rand.43	3	Tony_Ebola_2014	14	100	76.3938638841302	5.63407353906237
rand.83	3	Tony_Ebola_2014	2	99.8786855846827	98.2463422226834	0.0857054104841557
rand.35	3	Tony_Ebola_2014	2	1.76169629199852	52.1060842433697	22.938271665032
rand.19	3	Tony_Ebola_2014	2	99.7731947887547	98.4131939025025	0.0543598760106614
rand.12	3	Tony_Ebola_2014	1	99.7837438683475	100	0
rand.89	3	Tony_Ebola_2014	3	99.8417638061079	96.1399766367007	0.207069546486359
rand.36	3	Tony_Ebola_2014	44	100	45.6349750765994	29.8968405597611
rand.91	3	Tony_Ebola_2014	46	100	44.2310278362993	30.016096069201
rand.25	3	Tony_Ebola_2014	17	73.2211614536632	100	0
rand.45	3	Tony_Ebola_2014	3	99.7309984703835	93.2347140039448	0.457690946084208
rand.39	3	Tony_Ebola_2014	45	100	45.7393169218133	29.3666793628797
rand.54	3	Tony_Ebola_2014	2	3.35988185030856	64.867617107943	0
rand.56	3	Tony_Ebola_2014	20	100	67.759881864075	10.9563329733201
rand.41	3	Tony_Ebola_2014	2	100	98.438472712181	0
rand.74	3	Tony_Ebola_2014	19	72.3086660688855	91.1684511538206	1.11210845263991
rand.11	3	Tony_Ebola_2014	1	100	100	0
rand.67	3	Tony_Ebola_2014	1	99.7309984703835	100	0
rand.31	3	Tony_Ebola_2014	1	99.8417638061079	100	0
rand.46	3	Tony_Ebola_2014	17	58.5421172002743	100	0
rand.17	3	Tony_Ebola_2014	24	99.7573711693655	63.3155903719326	13.7059291585821
rand.23	3	Tony_Ebola_2014	1	99.8417638061079	100	0
rand.69	3	Tony_Ebola_2014	4	100	98.2636391657249	0.0301494894680461
rand.53	3	Tony_Ebola_2014	16	58.394430085975	100	0
rand.60	3	Tony_Ebola_2014	1	99.7257239305871	100	0
rand.3	3	Tony_Ebola_2014	3	100	93.4521465143757	0.637941695213932
rand.1	3	Tony_Ebola_2014	12	94.3773405770347	75.6575052854123	6.78382915270276
rand.33	3	Tony_Ebola_2014	1	1.61928371749565	100	0
rand.59	3	Tony_Ebola_2014	21	100	68.3376297638124	10.1911065151114
rand.79	3	Tony_Ebola_2014	1	99.7784693285511	100	0
rand.34	3	Tony_Ebola_2014	14	99.7573711693655	73.4485436893204	7.47720959803163
rand.92	3	Tony_Ebola_2014	1	99.8892346642755	100	0
rand.7	3	Tony_Ebola_2014	1	2.18893401550715	100	0
rand.66	3	Tony_Ebola_2014	14	100	76.2360385773644	6.55204397763743
rand.52	3	Tony_Ebola_2014	6	10.7917084234401	100	0
rand.73	3	Tony_Ebola_2014	22	100	66.4618086040386	11.5040541686661
rand.82	3	Tony_Ebola_2014	1	99.8417638061079	100	0
rand.40	3	Tony_Ebola_2014	40	99.7573711693655	46.5516392635621	30.3242878413619
rand.13	3	Tony_Ebola_2014	2	99.7309984703835	97.2033724038659	0.0782112591145873
rand.10	3	Tony_Ebola_2014	9	35.2233767603777	95.5364806866953	0.562029526099361
rand.51	3	Tony_Ebola_2014	18	99.7573711693655	67.9151106004022	11.8581798494297
rand.47	3	Tony_Ebola_2014	1	3.35988185030856	100	0
rand.44	3	Tony_Ebola_2014	1	99.7679202489583	100	0
rand.90	3	Tony_Ebola_2014	2	99.8417638061079	98.0675577660346	0
rand.88	3	Tony_Ebola_2014	11	34.6537264623662	87.6350540216086	2.23682042321979
rand.85	3	Tony_Ebola_2014	14	100	75.8764827716061	4.95163427036492
rand.14	3	Tony_Ebola_2014	8	35.3394166358985	100	0
rand.76	3	Tony_Ebola_2014	52	99.7573711693655	41.1322067810617	36.3414083297166
rand.16	3	Tony_Ebola_2014	27	100	60.0551048522884	15.9647559638006
rand.41	1	Judith_LASV_2023	711	40.9078094164082	1.33824401971243	0.824528017658795
rand.26	1	Judith_LASV_2023	1413	3.46771919932337	0.0444736382208134	0.191031752249293
rand.77	1	Judith_LASV_2023	1044	24.6217460764966	0.504567102610076	3.57318245107914
rand.43	1	Judith_LASV_2023	2494	100	1.48106210250447	0.338236357869786
rand.99	1	Judith_LASV_2023	439	95.1508316887511	4.2403581584491	2.13839691427566
rand.49	1	Judith_LASV_2023	599	100	3.16387089393224	0.099818382026971
rand.23	1	Judith_LASV_2023	307	100	9.73762176235579	7.60144992593258
rand.91	1	Judith_LASV_2023	4512	100	0.503280122306356	0.452919768564143
rand.42	1	Judith_LASV_2023	1415	100	1.77940876170262	0.390521943010626
rand.28	1	Judith_LASV_2023	544	91.2884127431632	3.33509575439632	0.904671331360337
rand.18	1	Judith_LASV_2023	739	100	3.21236118967519	6.94602399595105
rand.25	1	Judith_LASV_2023	386	40.0996146978667	1.89490325646252	0.82910344031299
rand.21	1	Judith_LASV_2023	811	100	2.4999649275403	0.967064622176082
rand.79	1	Judith_LASV_2023	480	52.0815712808947	2.16451399982034	1.35018493276415
rand.78	1	Judith_LASV_2023	1207	4.33229959590264	0.0792251403195815	0.207428946563416
rand.4	1	Judith_LASV_2023	362	22.5448736021051	1.36269653730801	0.387394346996274
rand.73	1	Judith_LASV_2023	493	100	3.90692371778944	0
rand.7	1	Judith_LASV_2023	267	100	24.8213655610445	0
rand.8	1	Judith_LASV_2023	712	100	2.7356799844115	0.522266178842195
rand.15	1	Judith_LASV_2023	356	14.2279860915328	0.732168505147909	0.921739214538913
rand.89	1	Judith_LASV_2023	3681	13.7956958932431	0.0769444055703976	0.17878567261623
rand.24	1	Judith_LASV_2023	10465	69.974626444883	0.0468478995423993	0.00912923747462012
rand.22	1	Judith_LASV_2023	806	7.07640259374119	0.174125786803439	0.4802911808642
rand.6	1	Judith_LASV_2023	647	21.8682454656517	0.653317685902151	0.768988887703477
rand.68	1	Judith_LASV_2023	329	92.5382952730007	6.00760177903593	0.771159606855023
rand.74	1	Judith_LASV_2023	697	100	3.57142857142857	0.183248954435395
rand.59	1	Judith_LASV_2023	844	8.22291138050935	0.188847426387273	0.821216522746942
rand.45	1	Judith_LASV_2023	454	7.3019453058923	0.330791728929589	2.22273309747926
rand.37	1	Judith_LASV_2023	839	27.7981392726248	0.736264119196133	0.755927697768308
rand.96	1	Judith_LASV_2023	305	27.2131147540984	1.6062236327747	1.74998203020032
rand.84	1	Judith_LASV_2023	2025	98.2050559157974	0.950043183781081	0.0631846902131915
rand.85	1	Judith_LASV_2023	563	100	3.27435144608719	0.329032389216566
rand.90	1	Judith_LASV_2023	505	100	3.7288803336985	0.800033176321783
rand.58	1	Judith_LASV_2023	2448	100	1.75459961779143	0.234124364787234
rand.65	1	Judith_LASV_2023	663	100	5.75900602578214	0.187889270589866
rand.55	1	Judith_LASV_2023	6260	95.338783948877	0.346667650799574	0.0850181483676037
rand.40	1	Judith_LASV_2023	614	62.080631519594	2.07795312495085	0.519331003526166
rand.95	1	Judith_LASV_2023	365	100	5.58322309547895	0.482452727414209
rand.54	1	Judith_LASV_2023	290	98.6749365661122	6.97516840049424	1.42824876772025
rand.75	1	Judith_LASV_2023	324	98.8534912132318	6.34293708317756	0.955149000832137
rand.52	1	Judith_LASV_2023	216	100	8.99667753739684	0
rand.87	1	Judith_LASV_2023	283	32.9198383610563	2.2920742519515	1.23142556156801
rand.47	1	Judith_LASV_2023	2784	25.5990978291514	0.227399654893475	0.193840674986288
rand.9	1	Judith_LASV_2023	166	100	15.6503352469433	3.08514834129454
rand.66	1	Judith_LASV_2023	606	100	3.63923078498433	0.554998054434864
rand.34	1	Judith_LASV_2023	555	18.7670331735739	0.667424217105043	1.00364292637278
rand.63	1	Judith_LASV_2023	456	91.0158819659806	4.1295180594463	1.32562433111188
rand.57	1	Judith_LASV_2023	166	31.6793534442252	3.63783521286354	0.384179571575028
rand.35	1	Judith_LASV_2023	313	40.1466027628982	2.54532671580164	0.593432914077349
rand.19	1	Judith_LASV_2023	280	17.1036556714594	1.25894055310377	1.12612924200711
rand.82	1	Judith_LASV_2023	920	100	5.19645120405577	0.422315375309942
rand.70	1	Judith_LASV_2023	840	100	3.06016136892836	0.252558618075486
rand.3	1	Judith_LASV_2023	293	63.349309275444	4.45939509407002	0
rand.69	1	Judith_LASV_2023	462	100	5.59591509279246	0.920167899614824
rand.12	1	Judith_LASV_2023	670	3.14820035710929	0.0916991719701636	0.1957161431602
rand.97	1	Judith_LASV_2023	632	100	3.00096407717	0.452458944554607
rand.44	1	Judith_LASV_2023	380	100	6.02430272726893	3.28575546059474
rand.17	1	Judith_LASV_2023	109	100	17.6210505398424	2.30840564350533
rand.20	1	Judith_LASV_2023	175	100	10.4949951471064	1.64410152841639
rand.50	1	Judith_LASV_2023	702	53.9704914951602	1.57949598043988	0.204072090803829
rand.93	1	Judith_LASV_2023	291	11.540268771732	0.816777188769979	4.2195720566423
rand.46	1	Judith_LASV_2023	483	13.6077436331172	0.628889844384509	1.35289493457027
rand.100	1	Judith_LASV_2023	408	100	9.38301351835186	7.85022401563755
rand.39	1	Judith_LASV_2023	3428	70.5008927732356	0.446919786179086	1.02287559700012
rand.56	1	Judith_LASV_2023	1616	74.8707828211634	1.02556378975878	2.57092506703431
rand.5	1	Judith_LASV_2023	850	36.2184005262663	0.826256696988472	0.41763052561846
rand.94	1	Judith_LASV_2023	267	58.0114650878677	4.86925655689213	1.20686255176494
rand.92	1	Judith_LASV_2023	233	100	9.2501715342621	0
rand.2	1	Judith_LASV_2023	2317	14.2937693825768	0.0614833370455094	0.0579261157042833
rand.72	1	Judith_LASV_2023	112	53.105911098581	8.53793040929488	1.89312100563555
rand.13	1	Judith_LASV_2023	556	100	3.78035888113938	9.89522457111157
rand.61	1	Judith_LASV_2023	922	80.9604360492435	1.81471955578867	1.93268159307731
rand.86	1	Judith_LASV_2023	207	100	15.4370025854722	0.941025233631361
rand.51	1	Judith_LASV_2023	475	88.205995677098	3.75283881905127	2.55293797780123
rand.53	1	Judith_LASV_2023	767	99.9248190959496	2.51370564135782	0.373521575599112
rand.16	1	Judith_LASV_2023	114	71.5816182689597	11.8716977603217	1.09256401864061
rand.30	1	Judith_LASV_2023	236	100	11.4576762962029	1.29147218367604
rand.38	1	Judith_LASV_2023	589	7.63086176111268	0.260233890015928	0.896717271261782
rand.36	1	Judith_LASV_2023	508	100	9.01651849488911	3.09288359384752
rand.33	1	Judith_LASV_2023	316	100	6.63582802924544	0.860090386389986
rand.81	1	Judith_LASV_2023	1297	6.47495536133822	0.114496712997122	0.134271907259324
rand.32	1	Judith_LASV_2023	10354	100	0.0779092405937813	0.00992008150116832
rand.80	1	Judith_LASV_2023	293	3.6650690724556	0.252415748153805	1.26596205997139
rand.71	1	Judith_LASV_2023	1673	100	2.05993539143572	0.569399216338708
rand.62	1	Judith_LASV_2023	2374	3.46771919932337	0.0358847835875253	0.554901287670513
rand.80	2	Judith_LASV_2023	167	3.6650690724556	0.402655461143748	2.01947200512095
rand.63	2	Judith_LASV_2023	66	17.216427027535	5.04405286343612	8.56002202643172
rand.69	2	Judith_LASV_2023	362	41.6126303918805	2.56327135480584	1.20175052677889
rand.7	2	Judith_LASV_2023	149	100	37.7085108973578	0
rand.77	2	Judith_LASV_2023	579	24.6217460764966	0.852015895624801	6.03370340741319
rand.61	2	Judith_LASV_2023	723	74.8049995301194	2.0520065066136	2.36522106761052
rand.65	2	Judith_LASV_2023	536	100	6.53664754620778	0.224665391969407
rand.66	2	Judith_LASV_2023	208	66.7982332487548	6.03334125555971	1.38016500865786
rand.3	2	Judith_LASV_2023	235	63.349309275444	5.30107027987701	0
rand.23	2	Judith_LASV_2023	227	62.8888262381355	5.22910545727324	10.5855785459774
rand.13	2	Judith_LASV_2023	421	100	4.71238572410254	12.3348381653228
rand.70	2	Judith_LASV_2023	378	100	5.89152816211478	0.501022670631306
rand.32	2	Judith_LASV_2023	309	97.1525232590922	0.463404368050111	0.0704654349559658
rand.56	2	Judith_LASV_2023	1173	66.9204022178367	1.20368899151113	3.37594109513555
rand.44	2	Judith_LASV_2023	136	100	11.9813000890472	8.75556544968834
rand.90	2	Judith_LASV_2023	401	97.1525232590922	4.29992138855268	0.962886246324187
rand.45	2	Judith_LASV_2023	219	3.86241894558782	0.331267278691696	4.20814224342906
rand.97	2	Judith_LASV_2023	499	100	3.48749124705583	0.525813228085811
rand.86	2	Judith_LASV_2023	136	96.4101118315948	10.5797788961307	1.34374226548965
rand.25	2	Judith_LASV_2023	333	17.6957052908561	0.927604484817435	0.91972255610948
rand.75	2	Judith_LASV_2023	121	35.1094821915234	5.25538409599235	2.22819282870768
rand.42	2	Judith_LASV_2023	663	100	2.99715543211674	0.733540143124321
rand.40	2	Judith_LASV_2023	234	51.8654261817498	4.18391327420211	1.25161094685771
rand.24	2	Judith_LASV_2023	318	55.737242740344	0.619892368039014	0.151654666333605
rand.30	2	Judith_LASV_2023	78	35.5511700028193	7.74855597886199	3.35504485682684
rand.85	2	Judith_LASV_2023	258	38.680575133916	2.54034871161858	0.6992748032711
rand.20	2	Judith_LASV_2023	79	32.65670519688	7.82058783814196	3.77413692217671
rand.99	2	Judith_LASV_2023	274	76.6469316793534	5.36282580679098	3.35735514584046
rand.95	2	Judith_LASV_2023	270	100	6.90555391805971	0.596716854243487
rand.5	2	Judith_LASV_2023	519	33.3897190113711	1.25613839088425	0.688701825342672
rand.28	2	Judith_LASV_2023	321	59.5620712339066	3.57652741646963	1.48692801236944
rand.38	2	Judith_LASV_2023	483	7.63086176111268	0.301383692618326	1.03851178811093
rand.94	2	Judith_LASV_2023	177	50.0610844845409	5.72715641899519	1.64493135368174
rand.81	2	Judith_LASV_2023	555	3.05422422704633	0.109210291977916	0.27151358744048
rand.74	2	Judith_LASV_2023	515	100	4.29295702791467	0.235958519484292
rand.19	2	Judith_LASV_2023	53	17.1036556714594	6.99273831021631	6.25504284012756
rand.68	2	Judith_LASV_2023	163	83.1500798797106	9.85169019730103	1.40738431390015
rand.15	2	Judith_LASV_2023	295	14.2279860915328	0.858510252222827	1.08079295953547
rand.41	2	Judith_LASV_2023	217	37.5152711211352	3.67567169401322	2.46947682448484
rand.9	2	Judith_LASV_2023	75	100	26.6391914068328	5.25137997911383
rand.79	2	Judith_LASV_2023	430	49.2528897659994	2.27637968327875	1.50151584909266
rand.57	2	Judith_LASV_2023	93	8.6176111267738	1.64333972509453	0.637981398182828
rand.2	2	Judith_LASV_2023	1513	11.3335212855935	0.0606407098281696	0.0720548401192098
rand.100	2	Judith_LASV_2023	356	100	10.9341963565835	9.14800886327885
rand.49	2	Judith_LASV_2023	400	96.5604736396955	3.87409840021416	0.13158738118489
rand.36	2	Judith_LASV_2023	152	100	30.0679894546968	10.3140465288377
rand.82	2	Judith_LASV_2023	518	100	8.15653465613251	0.675766683471039
rand.53	2	Judith_LASV_2023	553	99.9248190959496	3.17434254717629	0.47168825585804
rand.55	2	Judith_LASV_2023	430	88.9296118785828	5.09456411139884	1.33945635730321
rand.22	2	Judith_LASV_2023	498	7.07640259374119	0.260887641617295	0.719606416519419
rand.89	2	Judith_LASV_2023	518	13.7956958932431	0.537335285505124	1.24853587115666
rand.51	2	Judith_LASV_2023	375	58.7444789023588	3.00813751485782	3.07262166571224
rand.54	2	Judith_LASV_2023	145	94.9722770416314	11.0548366277607	2.35186015730116
rand.37	2	Judith_LASV_2023	537	27.7981392726248	1.09329203611782	1.12249084303239
rand.35	2	Judith_LASV_2023	239	36.3311718823419	2.97224571384639	0.76574152379488
rand.73	2	Judith_LASV_2023	293	96.5604736396955	5.73410494946733	0
rand.18	2	Judith_LASV_2023	469	97.1525232590922	4.4520813415674	10.0475439911113
rand.87	2	Judith_LASV_2023	216	29.2829621276196	2.51067601321408	1.51639674482314
rand.43	2	Judith_LASV_2023	474	100	7.32948971689183	1.67386627656828
rand.92	2	Judith_LASV_2023	161	100	12.0576214263838	0
rand.33	2	Judith_LASV_2023	242	100	8.15196459585353	1.05660157981557
rand.16	2	Judith_LASV_2023	49	67.9259468095104	27.9084134522568	2.70666821112784
rand.52	2	Judith_LASV_2023	180	100	11.1291040465165	0
rand.6	2	Judith_LASV_2023	268	15.3087115872568	1.1076358196777	1.8623784592371
rand.50	2	Judith_LASV_2023	518	48.7924067286909	1.82952182952183	0.261460939427041
rand.78	2	Judith_LASV_2023	560	4.33229959590264	0.143300766861154	0.375193114102847
rand.96	2	Judith_LASV_2023	241	27.2131147540984	2.01322281975938	2.19340799467761
rand.72	2	Judith_LASV_2023	63	25.777652476271	6.64470337443376	3.03529468762869
rand.39	2	Judith_LASV_2023	163	61.5167747392162	6.55137212514262	17.1840909545828
rand.59	2	Judith_LASV_2023	585	4.36049243492153	0.144860119447159	1.18791541917336
rand.21	2	Judith_LASV_2023	575	96.5604736396955	3.26993947031754	1.31625008751663
rand.8	2	Judith_LASV_2023	555	100	3.37152499099452	0.643654771008045
rand.71	2	Judith_LASV_2023	394	52.3541020580772	2.23065742531442	2.28030767136342
rand.58	2	Judith_LASV_2023	178	100	22.6884204721565	3.08907841067914
rand.47	2	Judith_LASV_2023	119	5.64796541678414	1.15131894025019	4.44819064768874
rand.91	2	Judith_LASV_2023	444	32.7036932619115	1.54027964042437	4.33889692962073
rand.34	2	Judith_LASV_2023	434	15.2335306832065	0.647198799029002	1.19897470295132
rand.46	2	Judith_LASV_2023	251	10.2527957898694	0.81592664886735	2.32961641725188
rand.61	3	Judith_LASV_2023	21	58.8571428571429	60.3902345251826	21.2091974456638
rand.81	3	Judith_LASV_2023	2	3.04449648711944	39.3939393939394	43.2212682874642
rand.33	3	Judith_LASV_2023	7	100	90.7091453060564	1.06604345999006
rand.34	3	Judith_LASV_2023	7	15.1850117096019	49.861581051984	32.5617802986358
rand.38	3	Judith_LASV_2023	3	7.60655737704918	70.6701479547433	22.7326664882627
rand.49	3	Judith_LASV_2023	1	63.8220140515222	100	0
rand.89	3	Judith_LASV_2023	10	13.751756440281	36.8289011540391	44.164094725061
rand.80	3	Judith_LASV_2023	1	3.65339578454333	100	0
rand.78	3	Judith_LASV_2023	2	4.31850117096019	56.9135802469136	31.1782425911123
rand.58	3	Judith_LASV_2023	4	69.2646370023419	90.7127959759539	1.11294356278127
rand.6	3	Judith_LASV_2023	3	4.95550351288056	43.936877076412	35.154966503596
rand.63	3	Judith_LASV_2023	4	17.1615925058548	84.1138659320477	9.9959503779121
rand.18	3	Judith_LASV_2023	15	64	45.3170602281772	37.8926510385339
rand.42	3	Judith_LASV_2023	4	67.8220140515222	95.8686440677966	0.812319140140558
rand.52	3	Judith_LASV_2023	3	12.0093676814988	100	0
rand.39	3	Judith_LASV_2023	29	61.3208430913349	36.4496909627485	46.0093947617477
rand.13	3	Judith_LASV_2023	20	69.03981264637	44.3148337442126	40.2920451112457
rand.45	3	Judith_LASV_2023	6	3.85011709601874	18.3974932855864	75.6474942393383
rand.87	3	Judith_LASV_2023	5	29.1896955503513	100	0
rand.85	3	Judith_LASV_2023	4	5.79859484777518	35.2305065452476	13.9805364991874
rand.92	3	Judith_LASV_2023	2	74.8196721311475	100	0
rand.30	3	Judith_LASV_2023	2	2.88524590163934	45.8333333333333	45.5935251798562
rand.35	3	Judith_LASV_2023	4	36.2154566744731	100	0
rand.3	3	Judith_LASV_2023	10	53.0491803278689	100	0
rand.91	3	Judith_LASV_2023	12	0	0	73.8010991492885
rand.32	3	Judith_LASV_2023	2	64	91.0933333333333	1.17559026028548
rand.74	3	Judith_LASV_2023	5	18.8103044496487	100	0
rand.23	3	Judith_LASV_2023	8	31.0538641686183	67.6392572944297	21.660703662847
rand.5	3	Judith_LASV_2023	9	33.2833723653396	78.9029535864979	7.4708319239233
rand.71	3	Judith_LASV_2023	3	20.5714285714286	50.5292222733548	25.0076406136379
rand.54	3	Judith_LASV_2023	4	62.2576112412178	100	0
rand.77	3	Judith_LASV_2023	37	24.5433255269321	14.2221257192487	75.1640067726957
rand.100	3	Judith_LASV_2023	13	25.03981264637	28.6035313001605	32.523098002552
rand.21	3	Judith_LASV_2023	4	63.8220140515222	84.121496481047	4.55717788872317
rand.70	3	Judith_LASV_2023	2	63.8220140515222	95.5539971949509	0.348459989963518
rand.24	3	Judith_LASV_2023	6	21.9484777517564	84.0086052348512	3.14325573072757
rand.41	3	Judith_LASV_2023	9	31.943793911007	90.5951115834219	4.14049749396954
rand.53	3	Judith_LASV_2023	4	67.8220140515222	89.2065056678167	1.39635806475474
rand.19	3	Judith_LASV_2023	5	17.0491803278689	85.6470588235294	6.77685273645421
rand.94	3	Judith_LASV_2023	8	49.9016393442623	100	0
rand.96	3	Judith_LASV_2023	5	27.2131147540984	85.718501032753	7.44661354717246
rand.43	3	Judith_LASV_2023	9	100	90.6722092669573	1.73418382592754
rand.7	3	Judith_LASV_2023	14	100	100	0
rand.72	3	Judith_LASV_2023	3	25.6955503512881	100	0
rand.16	3	Judith_LASV_2023	8	50.0608899297424	100	0
rand.36	3	Judith_LASV_2023	12	11.943793911007	25.1777251184834	27.7985210522357
rand.56	3	Judith_LASV_2023	21	66.7072599531616	56.2702489134729	32.2360236481792
rand.90	3	Judith_LASV_2023	2	64	95.2726258541347	0.864923033879568
rand.50	3	Judith_LASV_2023	9	48.6370023419204	88.9193355026546	1.38554989164649
rand.22	3	Judith_LASV_2023	3	7.05386416861827	69.91643454039	22.0789983956219
rand.47	3	Judith_LASV_2023	3	5.62997658079625	49.3837304847987	40.2090242265814
rand.37	3	Judith_LASV_2023	8	27.7096018735363	72.7854330708661	13.786595456844
rand.55	3	Judith_LASV_2023	25	88.6463700234192	81.0674205431337	3.94144905770925
rand.79	3	Judith_LASV_2023	9	37.3583138173302	83.8167297183691	6.43200337590228
rand.25	3	Judith_LASV_2023	5	17.6393442622951	87.3376623376623	6.30415584415587
rand.66	3	Judith_LASV_2023	1	66.5854800936768	100	0
rand.44	3	Judith_LASV_2023	6	100	90.1356556690672	4.16494538417163
rand.97	3	Judith_LASV_2023	5	69.2177985948478	85.3430353430353	1.92031926507302
rand.99	3	Judith_LASV_2023	18	76.4028103044497	81.56	7.09958075705023
rand.40	3	Judith_LASV_2023	8	37.5737704918033	100	0
rand.57	3	Judith_LASV_2023	1	8.59016393442623	100	0
rand.2	3	Judith_LASV_2023	2	11.2974238875878	100	0
rand.65	3	Judith_LASV_2023	7	62.3606557377049	89.6807220800216	0.342889707950453
rand.82	3	Judith_LASV_2023	1	64.1311475409836	100	0
rand.28	3	Judith_LASV_2023	5	31.4754098360656	91.1804613297151	2.58993473712256
rand.15	3	Judith_LASV_2023	3	14.1826697892272	100	0
rand.46	3	Judith_LASV_2023	5	10.2201405152225	63.3565621370499	27.1384472047288
rand.75	3	Judith_LASV_2023	1	2.89461358313817	100	0
rand.51	3	Judith_LASV_2023	19	26.903981264637	30.818757377401	34.957441765218
rand.95	3	Judith_LASV_2023	6	100	94.4622726898708	0.44046067123542
rand.86	3	Judith_LASV_2023	1	63.9718969555035	100	0
rand.59	3	Judith_LASV_2023	6	4.34660421545667	21.9801042160114	69.5398696317818
rand.73	3	Judith_LASV_2023	1	63.8220140515222	100	0
rand.68	3	Judith_LASV_2023	13	68.7400468384075	92.6515151515152	0.9185606060606
rand.8	3	Judith_LASV_2023	2	64.0749414519906	95	0.801526717557253
rand.69	3	Judith_LASV_2023	2	8.20608899297424	35.9605911330049	20.4406231254431
rand.9	3	Judith_LASV_2023	4	100	100	0
rand.20	1	Zhang_Dengue_2021	1387	100	1.21580581646229	1.11343771622563
rand.73	1	Zhang_Dengue_2021	1395	100	1.13469198507872	0.74912010790533
rand.38	1	Zhang_Dengue_2021	1748	100	0.782344946053109	0.518471505977504
rand.75	1	Zhang_Dengue_2021	538	100	3.51013482766242	0
rand.85	1	Zhang_Dengue_2021	907	100	2.12269157291446	0.902044727293648
rand.87	1	Zhang_Dengue_2021	1080	100	1.57698274401081	0.897925602105541
rand.28	1	Zhang_Dengue_2021	1633	100	0.863753653101041	0.929594193122568
rand.31	1	Zhang_Dengue_2021	1419	100	1.11275343726469	0.491458354637092
rand.100	1	Zhang_Dengue_2021	1789	100	0.74264732252467	0.525053312256715
rand.27	1	Zhang_Dengue_2021	1579	100	0.947915703650875	0.504774357145687
rand.24	1	Zhang_Dengue_2021	1056	100	1.65295495162384	0.396715350958279
rand.83	1	Zhang_Dengue_2021	1670	100	0.833556129412434	0.528786682432575
rand.1	1	Zhang_Dengue_2021	1735	100	0.786612798951477	0.584204344279718
rand.45	1	Zhang_Dengue_2021	1144	99.8596819457437	1.47690766663807	0.152048854860444
rand.3	1	Zhang_Dengue_2021	1266	100	1.18261280984992	0.343678366114934
rand.86	1	Zhang_Dengue_2021	1543	100	0.851003447132342	0.60514929603082
rand.84	1	Zhang_Dengue_2021	1693	100	0.8107813809145	0.628994546394964
rand.36	1	Zhang_Dengue_2021	852	100	2.42670301701885	1.57009972193792
rand.33	1	Zhang_Dengue_2021	1722	100	0.820172560530927	0.674621239226386
rand.37	1	Zhang_Dengue_2021	1317	100	1.1884949429052	0.693658549574618
rand.60	1	Zhang_Dengue_2021	1603	100	1.00534788968305	0.865352227056907
rand.78	1	Zhang_Dengue_2021	1482	99.6913002806361	1.02683531033898	0.885003502436289
rand.56	1	Zhang_Dengue_2021	1308	99.644527595884	1.09716140900575	0.76323376274245
rand.40	1	Zhang_Dengue_2021	873	100	2.06758186587314	0.0853783339468496
rand.91	1	Zhang_Dengue_2021	1443	100	1.12386385419624	0.415543658271644
rand.7	1	Zhang_Dengue_2021	1453	100	1.12773658884521	0.368556407223455
rand.71	1	Zhang_Dengue_2021	1024	100	1.68311376045685	0.636490006512047
rand.58	1	Zhang_Dengue_2021	1639	100	0.831305033252962	0.630820980294738
rand.9	1	Zhang_Dengue_2021	1108	100	1.5233161946062	0.72672746867958
rand.49	1	Zhang_Dengue_2021	1480	100	1.05328637692801	0.574742482648498
rand.35	1	Zhang_Dengue_2021	1569	100	0.878112841420269	0.42933772389754
rand.98	1	Zhang_Dengue_2021	654	100	2.92315381188818	0
rand.32	1	Zhang_Dengue_2021	1810	98.9710009354537	0.75177605316151	0.745736264454635
rand.80	1	Zhang_Dengue_2021	1556	100	0.948769446204526	0.355766510712212
rand.8	1	Zhang_Dengue_2021	1131	100	1.5370781505313	0.176266495498986
rand.23	1	Zhang_Dengue_2021	959	100	1.81980434746005	0.109444191880925
rand.6	1	Zhang_Dengue_2021	926	100	1.88778766476604	0.438497013684131
rand.17	1	Zhang_Dengue_2021	1277	98.3348924228251	1.32596350573045	0.157294186800407
rand.41	1	Zhang_Dengue_2021	1685	100	0.83107321392466	0.62772056790003
rand.67	1	Zhang_Dengue_2021	1339	100	1.27925582728315	0.908482995796714
rand.77	1	Zhang_Dengue_2021	1267	99.5696913002806	1.34061493972019	0.800540074864855
rand.99	1	Zhang_Dengue_2021	1760	100	0.760901623266204	0.706853900396961
rand.90	1	Zhang_Dengue_2021	475	100	4.33183009793315	0.756885101762149
rand.53	1	Zhang_Dengue_2021	1280	100	1.32502429849294	0.994293096017023
rand.65	1	Zhang_Dengue_2021	1203	100	1.232620326951	0.646173907294732
rand.79	1	Zhang_Dengue_2021	1372	100	1.18045181482219	1.0830257347963
rand.52	1	Zhang_Dengue_2021	440	100	4.87557457600254	0
rand.54	1	Zhang_Dengue_2021	1267	100	1.20889109704665	0.663614139486566
rand.16	1	Zhang_Dengue_2021	1542	100	0.969021352667319	0.877194569644508
rand.47	1	Zhang_Dengue_2021	1626	100	0.884662420567996	0.732788348000716
rand.74	1	Zhang_Dengue_2021	1632	100	0.859666229289804	0.404393029256098
rand.95	1	Zhang_Dengue_2021	1634	100	0.866606758277696	0.927748713002078
rand.43	1	Zhang_Dengue_2021	1106	100	1.54003392645483	0.598326389529643
rand.63	1	Zhang_Dengue_2021	1173	100	1.43022332585539	0.740955862370313
rand.26	1	Zhang_Dengue_2021	1077	100	1.63718459495352	0.110491367861886
rand.69	1	Zhang_Dengue_2021	1119	98.2319925163704	1.47767793065988	0.804202397268948
rand.4	1	Zhang_Dengue_2021	1574	100	0.919325496000488	0.53916362671676
rand.14	1	Zhang_Dengue_2021	1791	100	0.746825677546212	0.521650007102016
rand.70	1	Zhang_Dengue_2021	1713	99.8690364826941	0.838759553499598	0.589708618262269
rand.64	1	Zhang_Dengue_2021	900	100	1.9424684525448	0.0802268808947742
rand.72	1	Zhang_Dengue_2021	1153	100	1.46580422689467	0.661739988505622
rand.15	1	Zhang_Dengue_2021	1747	100	0.791430412800218	0.71173982243131
rand.44	1	Zhang_Dengue_2021	1551	100	0.842961561046897	0.578438467020462
rand.5	1	Zhang_Dengue_2021	1745	99.6632366697849	0.717526117573531	0.69173181467972
rand.66	1	Zhang_Dengue_2021	1636	100	0.921672803156595	0.794202858821897
rand.55	1	Zhang_Dengue_2021	1227	100	1.34249052490773	1.44739775570363
rand.48	1	Zhang_Dengue_2021	1758	100	0.791075228457385	0.724549840003155
rand.92	1	Zhang_Dengue_2021	1354	100	1.18310361569941	0.944302969649528
rand.96	1	Zhang_Dengue_2021	1538	100	0.946007534978171	0.517435855022938
rand.30	1	Zhang_Dengue_2021	1102	100	1.46022415913063	0.85893133184112
rand.68	1	Zhang_Dengue_2021	1175	100	1.44694707251866	0.56855429390008
rand.59	1	Zhang_Dengue_2021	917	100	1.96716413559915	0.380753199055586
rand.34	1	Zhang_Dengue_2021	1451	100	1.06489270624971	0.771307289380273
rand.57	1	Zhang_Dengue_2021	853	100	2.36973101842143	1.69799450337193
rand.93	1	Zhang_Dengue_2021	1318	100	1.22025167264127	0.436519267940009
rand.97	1	Zhang_Dengue_2021	1148	100	1.49757556999897	0.85133601568142
rand.88	1	Zhang_Dengue_2021	1345	100	1.26862135504737	0.901482145832373
rand.51	1	Zhang_Dengue_2021	1372	100	1.15097620071669	0.704893820809813
rand.76	1	Zhang_Dengue_2021	1676	100	0.844618609886428	0.436172895071081
rand.62	1	Zhang_Dengue_2021	845	100	1.86686119230683	0.364219440062074
rand.2	1	Zhang_Dengue_2021	1263	100	1.37463951649733	1.23636141595757
rand.11	1	Zhang_Dengue_2021	1739	97.7923292797007	0.795726490521919	0.616775564635461
rand.39	1	Zhang_Dengue_2021	1139	100	1.53666015852581	0.276809135269861
rand.13	1	Zhang_Dengue_2021	975	100	1.83995704274655	0.517594121925192
rand.82	1	Zhang_Dengue_2021	1806	100	0.744474408170001	0.672965315653111
rand.22	1	Zhang_Dengue_2021	1754	99.9719363891487	0.813004419147254	0.548646755019182
rand.94	1	Zhang_Dengue_2021	1908	99.8690364826941	0.672325214966478	0.612246697255911
rand.19	1	Zhang_Dengue_2021	959	100	1.83912757031585	0.489124267710854
rand.18	1	Zhang_Dengue_2021	1176	100	1.48366159386154	0.156839909302035
rand.61	1	Zhang_Dengue_2021	1203	100	1.43275067166407	0.428140236823775
rand.46	1	Zhang_Dengue_2021	1761	100	0.792178002316533	0.442280458705716
rand.21	1	Zhang_Dengue_2021	1685	100	0.804757922126196	0.753758944336028
rand.42	1	Zhang_Dengue_2021	341	100	6.31611149678194	0
rand.29	1	Zhang_Dengue_2021	972	100	1.84739134451223	0
rand.81	1	Zhang_Dengue_2021	1376	100	1.12625851649329	0.787795240177139
rand.50	1	Zhang_Dengue_2021	1448	100	1.08117251538239	0.583277368374949
rand.10	1	Zhang_Dengue_2021	2021	100	0.661508780025626	0.536754851473483
rand.25	1	Zhang_Dengue_2021	1741	100	0.809359497101648	0.445199959405166
rand.89	1	Zhang_Dengue_2021	1228	100	1.21849915627546	0.648914264214407
rand.12	1	Zhang_Dengue_2021	1471	100	0.944848972334526	0.501397032364583
rand.30	2	Zhang_Dengue_2021	1085	100	1.47284071816109	0.86635262930667
rand.57	2	Zhang_Dengue_2021	832	100	2.40950604564931	1.72649469055747
rand.2	2	Zhang_Dengue_2021	1254	100	1.37962732443457	1.24084748900422
rand.74	2	Zhang_Dengue_2021	1602	100	0.866460566823102	0.407589133329127
rand.23	2	Zhang_Dengue_2021	801	100	2.01833080606246	0.121383699476369
rand.48	2	Zhang_Dengue_2021	1750	100	0.792426993283426	0.725787928307777
rand.43	2	Zhang_Dengue_2021	1053	100	1.58049849292498	0.614047483425088
rand.96	2	Zhang_Dengue_2021	1377	100	0.996086801849875	0.544827611763311
rand.63	2	Zhang_Dengue_2021	1133	100	1.45484899979131	0.753713686367295
rand.99	2	Zhang_Dengue_2021	1757	100	0.76135286982871	0.707273094393918
rand.1	2	Zhang_Dengue_2021	1721	100	0.788994940694434	0.585973521639634
rand.54	2	Zhang_Dengue_2021	1267	100	1.20889109704665	0.663614139486566
rand.16	2	Zhang_Dengue_2021	1539	100	0.969753926412418	0.877857722947885
rand.69	2	Zhang_Dengue_2021	1061	98.2319925163704	1.51846640821455	0.826400868769277
rand.53	2	Zhang_Dengue_2021	1261	100	1.3352382682847	1.00195761934571
rand.6	2	Zhang_Dengue_2021	801	100	2.04830700377154	0.475782589867395
rand.12	2	Zhang_Dengue_2021	1466	100	0.946460865393705	0.502252405466556
rand.24	2	Zhang_Dengue_2021	240	100	8.63355086866606	2.07208439619863
rand.82	2	Zhang_Dengue_2021	1803	100	0.744934487289712	0.673381202736164
rand.79	2	Zhang_Dengue_2021	1368	100	1.18226090446322	1.08468551507126
rand.70	2	Zhang_Dengue_2021	1698	99.8690364826941	0.841986381209413	0.591977311479754
rand.35	2	Zhang_Dengue_2021	1543	100	0.884167626735216	0.432298103957127
rand.81	2	Zhang_Dengue_2021	1369	100	1.12873773828966	0.789529406091913
rand.18	2	Zhang_Dengue_2021	1154	100	1.4977519163821	0.158329416690582
rand.11	2	Zhang_Dengue_2021	1720	97.7923292797007	0.799200646455009	0.619468417660698
rand.89	2	Zhang_Dengue_2021	1224	100	1.22068904445206	0.650080493725122
rand.3	2	Zhang_Dengue_2021	1259	100	1.18590141357076	0.344634065177353
rand.15	2	Zhang_Dengue_2021	1732	100	0.794101553828667	0.714142001334886
rand.36	2	Zhang_Dengue_2021	828	100	2.46831973688453	1.5970261318986
rand.85	2	Zhang_Dengue_2021	886	100	2.15175720134817	0.914396261171039
rand.46	2	Zhang_Dengue_2021	1748	100	0.794547725769711	0.443603497685355
rand.17	2	Zhang_Dengue_2021	1227	98.3348924228251	1.3543599257885	0.160662749948464
rand.10	2	Zhang_Dengue_2021	2010	100	0.662933005023655	0.537910481905557
rand.50	2	Zhang_Dengue_2021	1441	100	1.08369631474626	0.584638922641563
rand.60	2	Zhang_Dengue_2021	1589	100	1.00950289349439	0.868928642582785
rand.34	2	Zhang_Dengue_2021	1449	100	1.06545354813322	0.771713510054336
rand.58	2	Zhang_Dengue_2021	1628	100	0.833311723870727	0.63234372163758
rand.68	2	Zhang_Dengue_2021	1122	100	1.48348624106963	0.582911765275331
rand.84	2	Zhang_Dengue_2021	1674	100	0.815051930864258	0.632307588223176
rand.95	2	Zhang_Dengue_2021	1600	100	0.874384716287647	0.936075431510319
rand.41	2	Zhang_Dengue_2021	1666	100	0.834857316285476	0.630578750359919
rand.45	2	Zhang_Dengue_2021	1108	99.8596819457437	1.50149727761313	0.154580375465745
rand.27	2	Zhang_Dengue_2021	1325	100	1.03561651214825	0.551475893010021
rand.71	2	Zhang_Dengue_2021	701	100	2.14175160701089	0.809929504660182
rand.42	2	Zhang_Dengue_2021	303	100	6.85909967927831	0
rand.33	2	Zhang_Dengue_2021	1706	100	0.823199337406288	0.677110871365744
rand.92	2	Zhang_Dengue_2021	1353	100	1.18360531509939	0.944703404765261
rand.87	2	Zhang_Dengue_2021	1032	100	1.6158356944294	0.920048265800297
rand.14	2	Zhang_Dengue_2021	1788	100	0.747395508519514	0.522048028139866
rand.86	2	Zhang_Dengue_2021	1543	100	0.851003447132342	0.60514929603082
rand.19	2	Zhang_Dengue_2021	931	100	1.86801901219829	0.496808076915799
rand.20	2	Zhang_Dengue_2021	1372	100	1.22219620697729	1.11929005031095
rand.37	2	Zhang_Dengue_2021	1314	100	1.18988773155991	0.694471443027682
rand.22	2	Zhang_Dengue_2021	1729	99.9719363891487	0.817802333189215	0.551884572561113
rand.25	2	Zhang_Dengue_2021	1722	100	0.812932568420201	0.447165379236116
rand.32	2	Zhang_Dengue_2021	1807	98.9710009354537	0.752258731498381	0.746215064940975
rand.21	2	Zhang_Dengue_2021	1679	100	0.805830265719273	0.754763331559142
rand.44	2	Zhang_Dengue_2021	1550	100	0.843176403607967	0.578585891538279
rand.62	2	Zhang_Dengue_2021	842	100	1.87009790826852	0.36485091436775
rand.97	2	Zhang_Dengue_2021	1100	100	1.53251904915407	0.871200550676451
rand.98	2	Zhang_Dengue_2021	637	100	2.96753415063228	0
rand.51	2	Zhang_Dengue_2021	1358	100	1.1564051114162	0.70821865550529
rand.47	2	Zhang_Dengue_2021	1602	100	0.889788785205183	0.737034646008177
rand.73	2	Zhang_Dengue_2021	1386	100	1.13842403123477	0.751583993132241
rand.8	2	Zhang_Dengue_2021	923	100	1.73757060092599	0.199258235764672
rand.28	2	Zhang_Dengue_2021	1597	100	0.872051581789966	0.938524640243083
rand.59	2	Zhang_Dengue_2021	680	100	2.3621754415133	0.45720936032254
rand.55	2	Zhang_Dengue_2021	1224	100	1.34384039059275	1.44885310494204
rand.76	2	Zhang_Dengue_2021	1644	100	0.851515710635117	0.439734654622599
rand.7	2	Zhang_Dengue_2021	1426	100	1.13845000607075	0.372057666826794
rand.100	2	Zhang_Dengue_2021	1786	100	0.74317627798989	0.525427284949576
rand.75	2	Zhang_Dengue_2021	508	100	3.62246404036067	0
rand.38	2	Zhang_Dengue_2021	1739	100	0.783909654265985	0.519508461130902
rand.77	2	Zhang_Dengue_2021	1239	99.5696913002806	1.35568696928052	0.809540245842445
rand.13	2	Zhang_Dengue_2021	929	100	1.88998038106808	0.531666073211431
rand.52	2	Zhang_Dengue_2021	329	100	5.99416507059819	0
rand.66	2	Zhang_Dengue_2021	1636	100	0.921672803156595	0.794202858821897
rand.5	2	Zhang_Dengue_2021	1740	99.6632366697849	0.718653351276058	0.692818525526224
rand.67	2	Zhang_Dengue_2021	1312	100	1.2924419951357	0.917847353588388
rand.29	2	Zhang_Dengue_2021	832	100	2.03010472926611	0
rand.40	2	Zhang_Dengue_2021	228	100	9.38623736821383	0.387593508027473
rand.83	2	Zhang_Dengue_2021	1642	100	0.839446941521303	0.532523662921313
rand.72	2	Zhang_Dengue_2021	1107	100	1.49819064455171	0.676360895755635
rand.56	2	Zhang_Dengue_2021	1306	99.644527595884	1.09796548603423	0.76379311411131
rand.64	2	Zhang_Dengue_2021	228	100	9.34336835136501	0.385895224655482
rand.31	2	Zhang_Dengue_2021	1415	100	1.11414822421962	0.492074375831888
rand.49	2	Zhang_Dengue_2021	1474	100	1.05570949137032	0.576064693626272
rand.93	2	Zhang_Dengue_2021	1298	100	1.22948188904172	0.439821182943604
rand.39	2	Zhang_Dengue_2021	945	100	1.71573721645673	0.309067514116675
rand.26	2	Zhang_Dengue_2021	699	100	2.21980767291637	0.14981180920396
rand.61	2	Zhang_Dengue_2021	1153	100	1.46521687217784	0.437841915595693
rand.4	2	Zhang_Dengue_2021	1569	100	0.920634402047612	0.539931270532219
rand.91	2	Zhang_Dengue_2021	1421	100	1.13228494870472	0.418657320487614
rand.94	2	Zhang_Dengue_2021	1908	99.8690364826941	0.672325214966478	0.612246697255911
rand.88	2	Zhang_Dengue_2021	1327	100	1.27719360023222	0.907573581983195
rand.78	2	Zhang_Dengue_2021	1476	99.6913002806361	1.02870370012858	0.886613820557471
rand.9	2	Zhang_Dengue_2021	1032	100	1.58112320469267	0.754305421478103
rand.80	2	Zhang_Dengue_2021	1393	100	1.00099206625924	0.375348780558105
rand.65	2	Zhang_Dengue_2021	1200	100	1.23414380845321	0.646972558731391
rand.90	2	Zhang_Dengue_2021	454	100	4.44718988015757	0.77704150183653
rand.41	3	Zhang_Dengue_2021	14	99.9254843517139	60.2561222197259	17.1018342973587
rand.95	3	Zhang_Dengue_2021	15	100	62.3523963880528	19.4652154256176
rand.21	3	Zhang_Dengue_2021	17	100	68.621236133122	15.1759820094579
rand.26	3	Zhang_Dengue_2021	3	100	97.4259393063584	0.162736967865487
rand.76	3	Zhang_Dengue_2021	9	100	75.2326313580074	8.43451478406629
rand.66	3	Zhang_Dengue_2021	13	100	69.9317517062074	13.917260605679
rand.11	3	Zhang_Dengue_2021	15	97.3733233979136	59.6349115801483	17.6256028165145
rand.80	3	Zhang_Dengue_2021	7	100	82.739010144482	4.70733067937081
rand.18	3	Zhang_Dengue_2021	8	100	97.3506353068397	0.253292128889833
rand.9	3	Zhang_Dengue_2021	7	99.9254843517139	74.1088698535507	8.36241348539237
rand.51	3	Zhang_Dengue_2021	10	99.9534277198212	68.0469245402663	12.1363701046853
rand.82	3	Zhang_Dengue_2021	14	99.5901639344262	63.6845553636309	17.2416747266546
rand.57	3	Zhang_Dengue_2021	14	99.9906855439642	68.4935876985899	13.1517514203314
rand.69	3	Zhang_Dengue_2021	10	97.8111028315946	70.7376220949815	10.3129310389233
rand.85	3	Zhang_Dengue_2021	5	99.6646795827124	84.7256314830945	4.55516191030166
rand.75	3	Zhang_Dengue_2021	2	100	100	0
rand.97	3	Zhang_Dengue_2021	9	100	71.9468675654243	10.1675355257431
rand.31	3	Zhang_Dengue_2021	6	100	85.3983353151011	4.47329344992267
rand.100	3	Zhang_Dengue_2021	11	100	65.4709065483067	14.3011799384006
rand.84	3	Zhang_Dengue_2021	12	99.8695976154992	65.0212249848393	15.2811686226947
rand.35	3	Zhang_Dengue_2021	9	100	74.3774211400111	8.41388575594738
rand.70	3	Zhang_Dengue_2021	11	99.4411326378539	65.6540188180309	14.1789096222561
rand.38	3	Zhang_Dengue_2021	15	99.7764530551416	66.2011000556208	13.4713598734012
rand.15	3	Zhang_Dengue_2021	12	99.6274217585693	72.158132631721	13.18291519643
rand.19	3	Zhang_Dengue_2021	5	100	81.4567549321131	3.89560571441458
rand.28	3	Zhang_Dengue_2021	14	99.7112518628912	63.8913757087437	18.7171538045336
rand.72	3	Zhang_Dengue_2021	7	100	76.4294296416708	7.33126430232946
rand.56	3	Zhang_Dengue_2021	12	99.2175856929955	65.6477258720572	14.0931431340968
rand.17	3	Zhang_Dengue_2021	1	97.9135618479881	100	0
rand.50	3	Zhang_Dengue_2021	14	100	75.24350080583	8.67548241678222
rand.52	3	Zhang_Dengue_2021	2	100	100	0
rand.60	3	Zhang_Dengue_2021	19	100	65.8009180961585	15.8198801742549
rand.10	3	Zhang_Dengue_2021	18	100	60.1528932537247	17.8492673073012
rand.86	3	Zhang_Dengue_2021	14	100	64.4672763986222	14.766721948909
rand.7	3	Zhang_Dengue_2021	9	100	84.6588678652744	3.77872018192304
rand.3	3	Zhang_Dengue_2021	5	100	89.8859568800466	2.27740150046023
rand.88	3	Zhang_Dengue_2021	13	100	69.1529790660226	12.8141531557481
rand.62	3	Zhang_Dengue_2021	5	100	83.6752004935225	2.66499078926688
rand.83	3	Zhang_Dengue_2021	11	99.6087928464978	75.2568613652357	9.60392793787853
rand.68	3	Zhang_Dengue_2021	5	99.9161698956781	78.0940594059406	6.17946323142555
rand.81	3	Zhang_Dengue_2021	9	100	65.9642244547905	14.0086044484436
rand.39	3	Zhang_Dengue_2021	4	100	94.7432977045733	0.802386465404419
rand.58	3	Zhang_Dengue_2021	16	100	59.9506172839506	17.2789421917451
rand.63	3	Zhang_Dengue_2021	6	100	72.4035608308605	9.41780553802639
rand.47	3	Zhang_Dengue_2021	19	100	59.1044452866966	18.5277886420327
rand.42	3	Zhang_Dengue_2021	1	100	100	0
rand.20	3	Zhang_Dengue_2021	16	99.6739940387481	65.7915770058408	16.352497211978
rand.29	3	Zhang_Dengue_2021	2	100	100	0
rand.71	3	Zhang_Dengue_2021	4	100	79.8218262806236	5.53681025394685
rand.24	3	Zhang_Dengue_2021	2	99.9347988077496	83.422750952492	3.20854001032269
rand.49	3	Zhang_Dengue_2021	8	100	75.7076468103084	8.57592130476687
rand.65	3	Zhang_Dengue_2021	8	100	72.6356797420742	9.41141367118735
rand.37	3	Zhang_Dengue_2021	7	99.7764530551416	71.921579159393	10.348165945265
rand.54	3	Zhang_Dengue_2021	9	99.720566318927	72.0651588583737	9.90008209547956
rand.33	3	Zhang_Dengue_2021	15	100	59.3706948806965	18.3365706848272
rand.4	3	Zhang_Dengue_2021	9	99.7391952309985	70.0556100752372	11.0696237772257
rand.61	3	Zhang_Dengue_2021	7	100	85.3338601343343	3.37427872141047
rand.79	3	Zhang_Dengue_2021	11	99.878912071535	65.8660933660934	16.3323463578801
rand.6	3	Zhang_Dengue_2021	2	100	83.6084722005918	3.08974909921579
rand.16	3	Zhang_Dengue_2021	13	99.7671385991058	68.5372408497568	14.9489348126015
rand.34	3	Zhang_Dengue_2021	13	99.8695976154992	62.6431409207759	15.6919822376273
rand.1	3	Zhang_Dengue_2021	10	99.6181073025335	60.6086365181911	16.7875093967168
rand.40	3	Zhang_Dengue_2021	1	99.9254843517139	100	0
rand.90	3	Zhang_Dengue_2021	6	99.5808494783905	85.1262043156302	2.21229798060378
rand.25	3	Zhang_Dengue_2021	14	100	68.558786346397	11.1574042741729
rand.22	3	Zhang_Dengue_2021	17	99.5435916542474	71.1707511987214	11.6160982376011
rand.96	3	Zhang_Dengue_2021	8	100	69.9226116927879	10.6345891080812
rand.98	3	Zhang_Dengue_2021	2	100	100	0
rand.44	3	Zhang_Dengue_2021	10	100	67.6779757034053	13.1534415477262
rand.27	3	Zhang_Dengue_2021	8	100	73.1982594506391	9.31295100124166
rand.2	3	Zhang_Dengue_2021	14	100	59.5765795567317	19.1413019872412
rand.5	3	Zhang_Dengue_2021	13	99.2362146050671	67.7519872813991	15.8288811771923
rand.8	3	Zhang_Dengue_2021	3	100	93.1554323340842	0.704159527081703
rand.77	3	Zhang_Dengue_2021	12	99.1430700447094	72.1480376872501	10.4133572035199
rand.12	3	Zhang_Dengue_2021	6	99.7857675111774	75.8979808714134	8.35589576448437
rand.99	3	Zhang_Dengue_2021	15	100	62.3064478853709	18.1527740161693
rand.94	3	Zhang_Dengue_2021	15	99.4411326378539	58.4026258205689	19.8259472385738
rand.30	3	Zhang_Dengue_2021	8	99.7764530551416	79.0903721204962	7.74417006223202
rand.78	3	Zhang_Dengue_2021	17	99.2641579731744	62.2306569343066	17.4836919694786
rand.14	3	Zhang_Dengue_2021	13	99.9068554396423	65.6667074813273	14.1192791497363
rand.46	3	Zhang_Dengue_2021	13	100	72.5509930220075	9.83440089769381
rand.91	3	Zhang_Dengue_2021	6	99.9347988077496	84.5935504218245	4.15877691049416
rand.36	3	Zhang_Dengue_2021	11	99.8230253353204	71.9406591931261	11.0228014931088
rand.64	3	Zhang_Dengue_2021	1	99.9068554396423	100	0
rand.53	3	Zhang_Dengue_2021	13	99.9347988077496	69.2327547267213	13.1899409848332
rand.59	3	Zhang_Dengue_2021	4	100	86.2391182812874	2.23155204780489
rand.48	3	Zhang_Dengue_2021	16	100	67.5584658559401	15.5087883294321
rand.23	3	Zhang_Dengue_2021	5	100	100	0
rand.93	3	Zhang_Dengue_2021	4	99.9068554396423	88.7032748924909	2.97641517802049
rand.74	3	Zhang_Dengue_2021	9	99.7764530551416	75.4472460909987	7.85482362690987
rand.43	3	Zhang_Dengue_2021	7	100	78.2869100880358	6.07545631830385
rand.87	3	Zhang_Dengue_2021	9	100	71.8993527935544	10.1952424226124
rand.92	3	Zhang_Dengue_2021	15	100	65.6926274605698	15.2281909781449
rand.45	3	Zhang_Dengue_2021	4	99.4318181818182	96.2231837029025	0.352532793486508
rand.32	3	Zhang_Dengue_2021	19	98.5469448584203	66.8562401263823	16.5050419868858
rand.13	3	Zhang_Dengue_2021	5	100	83.1260555811454	3.70462986159947
rand.89	3	Zhang_Dengue_2021	6	100	74.3311441410301	8.91976384564036
rand.67	3	Zhang_Dengue_2021	13	99.7857675111774	69.2009560105936	12.7896472174774
rand.73	3	Zhang_Dengue_2021	8	100	67.7360508272001	12.8301401056908
rand.55	3	Zhang_Dengue_2021	17	100	60.5294019098677	20.4773988582147
rand.2	1	Saha_CHIKV_2019	855	100	2.72159025623348	3.97426174882224
rand.24	1	Saha_CHIKV_2019	2876	100	0.896528785679729	1.73636308659894
rand.5	1	Saha_CHIKV_2019	2139	100	1.20129198232451	1.35305121265364
rand.71	1	Saha_CHIKV_2019	1684	100	1.45341333773725	2.17235199491103
rand.45	1	Saha_CHIKV_2019	711	100	3.68377880612261	6.98590067014378
rand.40	1	Saha_CHIKV_2019	776	100	2.88624126865181	3.36967390801885
rand.13	1	Saha_CHIKV_2019	3126	100	0.833073934609036	1.16824285060812
rand.96	1	Saha_CHIKV_2019	1756	100	1.6084741246649	2.59283527550149
rand.26	1	Saha_CHIKV_2019	1532	100	1.80147606184997	2.250401830341
rand.41	1	Saha_CHIKV_2019	870	100	2.67889522155115	2.94394176139543
rand.34	1	Saha_CHIKV_2019	883	100	2.66874990136199	2.27848158343873
rand.51	1	Saha_CHIKV_2019	708	100	3.50633739327193	4.7087038248275
rand.60	1	Saha_CHIKV_2019	1163	100	1.98652257933617	0.795274254866939
rand.28	1	Saha_CHIKV_2019	1191	100	1.93938321255207	3.03542807697224
rand.31	1	Saha_CHIKV_2019	922	100	2.53261638360787	3.69261774706218
rand.90	1	Saha_CHIKV_2019	684	100	3.30819799457434	2.60889729527364
rand.58	1	Saha_CHIKV_2019	528	100	4.64670010124556	7.19157385824053
rand.19	1	Saha_CHIKV_2019	1438	100	1.62792186301922	0.625673307011654
rand.52	1	Saha_CHIKV_2019	969	100	2.36050355826473	0.466125755030735
rand.46	1	Saha_CHIKV_2019	746	100	3.3957434922517	4.7532998338326
rand.17	1	Saha_CHIKV_2019	2580	100	1.00239372567026	1.01640495491085
rand.63	1	Saha_CHIKV_2019	1267	100	1.86764389418674	1.70161365060765
rand.30	1	Saha_CHIKV_2019	1640	100	1.60395953819828	1.91532913119761
rand.6	1	Saha_CHIKV_2019	604	100	3.7979739877928	3.93027194580258
rand.33	1	Saha_CHIKV_2019	798	100	2.96569000871674	2.37150300090664
rand.99	1	Saha_CHIKV_2019	1349	100	1.7772866657084	2.55827463945187
rand.54	1	Saha_CHIKV_2019	785	100	3.06409931068771	4.90002123351166
rand.55	1	Saha_CHIKV_2019	692	100	3.34736561985998	2.86694618000017
rand.86	1	Saha_CHIKV_2019	1737	100	1.43872853524409	1.65144992439783
rand.53	1	Saha_CHIKV_2019	1754	100	1.50920735058057	1.87665987946231
rand.36	1	Saha_CHIKV_2019	910	100	2.65569222564084	3.6829214183113
rand.62	1	Saha_CHIKV_2019	1191	100	1.92522216920524	2.80836206292881
rand.37	1	Saha_CHIKV_2019	426	100	6.00905827286911	8.40793532978879
rand.84	1	Saha_CHIKV_2019	1085	100	2.16219642501404	1.3671514207581
rand.61	1	Saha_CHIKV_2019	620	100	3.62192055694561	2.17327468601457
rand.78	1	Saha_CHIKV_2019	2537	100	1.04265062310182	2.27912788527426
rand.100	1	Saha_CHIKV_2019	697	100	3.44557670707506	4.55161817853797
rand.93	1	Saha_CHIKV_2019	771	100	3.15100389850579	4.10660350998576
rand.39	1	Saha_CHIKV_2019	1225	100	1.91985052384539	2.24796102758391
rand.98	1	Saha_CHIKV_2019	1279	100	1.91153037056889	2.95496118011169
rand.76	1	Saha_CHIKV_2019	1188	100	2.07980886628545	4.14661782919181
rand.15	1	Saha_CHIKV_2019	1403	100	1.67573181499174	2.28345520816826
rand.59	1	Saha_CHIKV_2019	867	100	2.76202704422158	2.79626609293126
rand.94	1	Saha_CHIKV_2019	1662	100	1.65578622557149	3.58991582526921
rand.65	1	Saha_CHIKV_2019	763	100	3.26220814105655	4.8777464012673
rand.91	1	Saha_CHIKV_2019	1911	100	1.43981236746325	2.76004544985022
rand.64	1	Saha_CHIKV_2019	603	100	4.0124157514681	5.18283075067179
rand.68	1	Saha_CHIKV_2019	2961	100	0.869194928284114	1.02718388877811
rand.81	1	Saha_CHIKV_2019	553	100	4.32446794958124	5.81934126571037
rand.49	1	Saha_CHIKV_2019	1225	100	1.96622920672072	3.53623672991725
rand.29	1	Saha_CHIKV_2019	2371	100	1.11934737124109	2.67045379508378
rand.8	1	Saha_CHIKV_2019	588	100	3.85265007472533	4.22319694744589
rand.3	1	Saha_CHIKV_2019	607	100	3.75038036311999	4.34406379957399
rand.80	1	Saha_CHIKV_2019	970	100	2.53569775614104	6.11961533846444
rand.69	1	Saha_CHIKV_2019	1000	100	2.43521928219305	0.658183952088952
rand.4	1	Saha_CHIKV_2019	1260	100	1.90783855635221	2.45081769113027
rand.88	1	Saha_CHIKV_2019	750	100	3.10182538625988	4.68236504070771
rand.43	1	Saha_CHIKV_2019	1691	100	1.45260658581823	1.81034809495922
rand.95	1	Saha_CHIKV_2019	2205	100	1.19551934224244	1.05033293255835
rand.57	1	Saha_CHIKV_2019	1277	100	1.8387542047765	2.92189219605917
rand.12	1	Saha_CHIKV_2019	844	100	2.87952731328802	3.40844477458099
rand.20	1	Saha_CHIKV_2019	1612	100	1.65489263481849	2.30817654053298
rand.22	1	Saha_CHIKV_2019	743	100	3.35271729133947	5.67171781484783
rand.77	1	Saha_CHIKV_2019	949	100	2.43169699413818	0.893733680398555
rand.56	1	Saha_CHIKV_2019	583	100	4.00114675031198	5.31822321157543
rand.75	1	Saha_CHIKV_2019	540	100	4.08300486104679	1.50634131615329
rand.42	1	Saha_CHIKV_2019	1164	100	1.98519278550663	2.31463318948607
rand.70	1	Saha_CHIKV_2019	790	100	3.01528514884248	3.78068802260318
rand.92	1	Saha_CHIKV_2019	1508	100	1.56793316936647	2.07944618777033
rand.83	1	Saha_CHIKV_2019	606	100	4.19667934724642	9.09766416610374
rand.85	1	Saha_CHIKV_2019	505	100	4.84254465838636	5.67780483313212
rand.32	1	Saha_CHIKV_2019	827	100	2.85600646024419	4.47347804601719
rand.66	1	Saha_CHIKV_2019	1472	100	1.66106201391674	3.25046487299081
rand.23	1	Saha_CHIKV_2019	1643	100	1.60800715273758	2.26145538642991
rand.50	1	Saha_CHIKV_2019	1014	100	2.38478782035543	2.47920521711011
rand.18	1	Saha_CHIKV_2019	1137	100	2.07954172509473	3.45250610313642
rand.16	1	Saha_CHIKV_2019	793	100	2.88475703559517	3.90051995662601
rand.25	1	Saha_CHIKV_2019	1872	100	1.48514851485149	2.57782647435401
rand.38	1	Saha_CHIKV_2019	1272	100	1.85000740377047	3.34385448083982
rand.11	1	Saha_CHIKV_2019	767	100	3.07572217255886	0
rand.7	1	Saha_CHIKV_2019	683	100	3.15973646226691	1.42501051913951
rand.74	1	Saha_CHIKV_2019	1069	100	2.29903877641439	0
rand.72	1	Saha_CHIKV_2019	521	100	4.60779595765159	0
rand.10	1	Saha_CHIKV_2019	2966	100	0.87768935957709	0.945800595123767
rand.97	1	Saha_CHIKV_2019	632	100	3.3310600210798	1.87012811335749
rand.35	1	Saha_CHIKV_2019	443	100	5.61215810067482	12.4321872105552
rand.79	1	Saha_CHIKV_2019	1775	100	1.46445463929912	2.48742739026705
rand.44	1	Saha_CHIKV_2019	564	100	4.24218361572827	6.90731937633463
rand.73	1	Saha_CHIKV_2019	604	100	3.83320685696496	6.28165962939181
rand.1	1	Saha_CHIKV_2019	734	100	3.20342172060435	5.40632932176609
rand.14	1	Saha_CHIKV_2019	1556	100	1.63014021688312	0.741148352413697
rand.48	1	Saha_CHIKV_2019	1114	100	2.15769525128467	2.56988228433981
rand.82	1	Saha_CHIKV_2019	2382	100	1.11519936774925	1.08630819241896
rand.87	1	Saha_CHIKV_2019	1126	100	2.04480415948102	1.06093482143927
rand.47	1	Saha_CHIKV_2019	930	100	2.60180449147147	3.09749083485171
rand.67	1	Saha_CHIKV_2019	742	100	3.34136623247624	5.29240129128383
rand.21	1	Saha_CHIKV_2019	1143	100	2.09641676283799	4.45143407367549
rand.9	1	Saha_CHIKV_2019	1158	100	2.29014922361563	2.18962190558719
rand.89	1	Saha_CHIKV_2019	2392	100	1.14193603595559	1.70197487870941
rand.27	1	Saha_CHIKV_2019	458	100	5.27842330276206	7.59033900409785
rand.5	2	Saha_CHIKV_2019	1173	100	1.9380580795517	2.18289297965383
rand.1	2	Saha_CHIKV_2019	559	100	3.87834112195217	6.54537277828833
rand.36	2	Saha_CHIKV_2019	647	100	3.36201442849159	4.66245102795201
rand.12	2	Saha_CHIKV_2019	589	100	3.71561394580655	4.39810550832509
rand.28	2	Saha_CHIKV_2019	853	100	2.45232228745262	3.83825531588622
rand.25	2	Saha_CHIKV_2019	959	100	2.61245796271743	4.53453862161616
rand.27	2	Saha_CHIKV_2019	345	100	6.39376846629063	9.1941982272361
rand.56	2	Saha_CHIKV_2019	432	100	5.0267588147307	6.68144086577372
rand.37	2	Saha_CHIKV_2019	293	100	7.84141897991052	10.9717930302891
rand.69	2	Saha_CHIKV_2019	578	100	3.56507839580452	0.963558971964295
rand.35	2	Saha_CHIKV_2019	312	100	7.17804278055473	15.9009725051224
rand.43	2	Saha_CHIKV_2019	1236	100	1.82863668755262	2.27898522284249
rand.77	2	Saha_CHIKV_2019	552	100	3.48121473662725	1.27946815179834
rand.88	2	Saha_CHIKV_2019	529	100	3.92369870431762	5.92302510797353
rand.65	2	Saha_CHIKV_2019	536	100	4.22485460448853	6.31712277446748
rand.76	2	Saha_CHIKV_2019	830	100	2.75211016809282	5.48701819475149
rand.8	2	Saha_CHIKV_2019	464	100	4.61398093685089	5.0577524120125
rand.7	2	Saha_CHIKV_2019	568	100	3.59462669203456	1.6211417976466
rand.47	2	Saha_CHIKV_2019	687	100	3.21968976664584	3.83309336882997
rand.80	2	Saha_CHIKV_2019	689	100	3.25346749694145	7.85187018021362
rand.46	2	Saha_CHIKV_2019	527	100	4.40692887289299	6.16873869508447
rand.75	2	Saha_CHIKV_2019	357	100	5.35665260969166	1.97622765998623
rand.20	2	Saha_CHIKV_2019	695	100	3.24851853275704	4.53090074306772
rand.32	2	Saha_CHIKV_2019	582	100	3.63375391806265	5.69169524066566
rand.67	2	Saha_CHIKV_2019	549	100	4.16452713396406	6.59620863081631
rand.18	2	Saha_CHIKV_2019	838	100	2.59702401956809	4.31164288234817
rand.49	2	Saha_CHIKV_2019	912	100	2.45577475611386	4.41667780302018
rand.54	2	Saha_CHIKV_2019	590	100	3.75343369557632	6.0023853478738
rand.58	2	Saha_CHIKV_2019	392	100	5.75034722559465	8.89965908759798
rand.59	2	Saha_CHIKV_2019	432	100	4.48657484827418	4.5421919918829
rand.62	2	Saha_CHIKV_2019	914	100	2.34496493065473	3.42064965565394
rand.17	2	Saha_CHIKV_2019	1651	100	1.41823475391669	1.43805851352852
rand.10	2	Saha_CHIKV_2019	1989	100	1.20131081503292	1.29453601252979
rand.99	2	Saha_CHIKV_2019	1025	100	2.15791502141553	3.10616142004261
rand.34	2	Saha_CHIKV_2019	665	100	3.26636147144935	2.78870060238803
rand.4	2	Saha_CHIKV_2019	993	100	2.26974308448137	2.9157218189381
rand.48	2	Saha_CHIKV_2019	854	100	2.58929469545556	3.08393067224134
rand.21	2	Saha_CHIKV_2019	896	100	2.49866037711966	5.30553949883337
rand.85	2	Saha_CHIKV_2019	379	100	5.96280115093703	6.99128734624358
rand.68	2	Saha_CHIKV_2019	2034	100	1.16732929770919	1.37950856417515
rand.30	2	Saha_CHIKV_2019	734	100	3.00661821430022	3.59027975151244
rand.23	2	Saha_CHIKV_2019	727	100	3.08508086801464	4.33876972168055
rand.93	2	Saha_CHIKV_2019	569	100	3.91874584247575	5.10717725201299
rand.14	2	Saha_CHIKV_2019	681	100	3.06875092490907	1.39521721408302
rand.53	2	Saha_CHIKV_2019	885	100	2.62911236084828	3.26923247776682
rand.9	2	Saha_CHIKV_2019	692	100	3.30557021866378	3.16047045607612
rand.91	2	Saha_CHIKV_2019	1004	100	2.48347216574368	4.76068702130068
rand.70	2	Saha_CHIKV_2019	593	100	3.68538291147117	4.62088404390353
rand.95	2	Saha_CHIKV_2019	1316	100	1.79768248605502	1.57936810444682
rand.87	2	Saha_CHIKV_2019	740	100	2.73202162736049	1.41749363329131
rand.90	2	Saha_CHIKV_2019	502	100	4.13548146000901	3.26130612900635
rand.42	2	Saha_CHIKV_2019	899	100	2.39018492090246	2.78683329262557
rand.82	2	Saha_CHIKV_2019	1469	100	1.6465990560196	1.60394104938696
rand.63	2	Saha_CHIKV_2019	866	100	2.42463543801478	2.20908962994231
rand.92	2	Saha_CHIKV_2019	1208	100	1.83006899879821	2.42709962213839
rand.81	2	Saha_CHIKV_2019	407	100	5.34484387441574	7.19243867217901
rand.3	2	Saha_CHIKV_2019	444	100	4.6690027464722	5.40810367143353
rand.52	2	Saha_CHIKV_2019	596	100	3.22369718699929	0.636579546774817
rand.64	2	Saha_CHIKV_2019	432	100	5.05509330214012	6.5296556081609
rand.61	2	Saha_CHIKV_2019	482	100	4.34664503316607	2.60813385361413
rand.2	2	Saha_CHIKV_2019	626	100	3.39328334474647	4.95511628506675
rand.33	2	Saha_CHIKV_2019	536	100	3.9444442598935	3.15416020276981
rand.31	2	Saha_CHIKV_2019	682	100	3.10224787712092	4.52315464789173
rand.15	2	Saha_CHIKV_2019	1105	100	1.98084221336496	2.69921739755836
rand.98	2	Saha_CHIKV_2019	999	100	2.28753813368574	3.53621709973396
rand.83	2	Saha_CHIKV_2019	376	100	5.94543137620316	12.8886515999375
rand.89	2	Saha_CHIKV_2019	1483	100	1.67482684906914	2.49621093787302
rand.38	2	Saha_CHIKV_2019	1052	100	2.11423532869599	3.82144161315318
rand.94	2	Saha_CHIKV_2019	748	100	3.25955800922329	7.06705895965223
rand.22	2	Saha_CHIKV_2019	538	100	4.23854326905878	7.17025006260509
rand.97	2	Saha_CHIKV_2019	472	100	4.08754681486041	2.29483592753077
rand.60	2	Saha_CHIKV_2019	767	100	2.67249267833211	1.06989200400035
rand.100	2	Saha_CHIKV_2019	492	100	4.33744207769373	5.72977527060935
rand.57	2	Saha_CHIKV_2019	1070	100	2.08787096819743	3.31775387515488
rand.96	2	Saha_CHIKV_2019	889	100	2.92007551919446	4.70711632670689
rand.13	2	Saha_CHIKV_2019	2176	100	1.10870260474041	1.55476463448162
rand.72	2	Saha_CHIKV_2019	394	100	5.62272389314315	0
rand.51	2	Saha_CHIKV_2019	516	100	4.44405442949111	5.9679756232356
rand.6	2	Saha_CHIKV_2019	443	100	4.72972704082648	4.89448152083507
rand.73	2	Saha_CHIKV_2019	434	100	4.88542803293324	8.00598485599973
rand.66	2	Saha_CHIKV_2019	1196	100	1.92652060132815	3.76993001419884
rand.45	2	Saha_CHIKV_2019	481	100	4.92629801184696	9.34220820345971
rand.71	2	Saha_CHIKV_2019	1161	100	1.90350308011503	2.84508102825375
rand.39	2	Saha_CHIKV_2019	971	100	2.2757797486641	2.66472004920191
rand.84	2	Saha_CHIKV_2019	700	100	2.93495121525516	1.85576235228756
rand.16	2	Saha_CHIKV_2019	561	100	3.67623297684081	4.97068554281757
rand.24	2	Saha_CHIKV_2019	1922	100	1.23389229555986	2.38975598895531
rand.86	2	Saha_CHIKV_2019	1172	100	1.91806149159735	2.20165404917851
rand.26	2	Saha_CHIKV_2019	653	100	3.70409705996277	4.62715379905789
rand.44	2	Saha_CHIKV_2019	415	100	5.31850489921299	8.65983542231889
rand.29	2	Saha_CHIKV_2019	1356	100	1.76161880089373	4.20273610605937
rand.41	2	Saha_CHIKV_2019	678	100	3.22403355775215	3.54301540218923
rand.79	2	Saha_CHIKV_2019	815	100	2.68598990364616	4.56224773169333
rand.50	2	Saha_CHIKV_2019	591	100	3.45468740963507	3.59146376727777
rand.78	2	Saha_CHIKV_2019	1516	100	1.57961462129207	3.45287640136203
rand.19	2	Saha_CHIKV_2019	979	100	2.12295860825704	0.8159350662037
rand.74	2	Saha_CHIKV_2019	589	100	3.50771491550331	0
rand.55	2	Saha_CHIKV_2019	470	100	4.43110316630503	3.79514392465925
rand.11	2	Saha_CHIKV_2019	350	100	5.24272697332309	0
rand.40	2	Saha_CHIKV_2019	570	100	3.60543535411557	4.20932981998657
rand.91	3	Saha_CHIKV_2019	57	100	29.9297731521245	46.0484662085923
rand.84	3	Saha_CHIKV_2019	25	100	54.8970020231745	17.4713942799187
rand.92	3	Saha_CHIKV_2019	51	100	32.7212389380531	38.3570091042025
rand.62	3	Saha_CHIKV_2019	69	100	26.5788349558219	43.5596377743438
rand.49	3	Saha_CHIKV_2019	68	100	26.4619192260097	47.2602766241741
rand.31	3	Saha_CHIKV_2019	51	100	34.9441504997061	38.5891324522978
rand.47	3	Saha_CHIKV_2019	53	100	31.7195236183594	37.1095262978564
rand.43	3	Saha_CHIKV_2019	51	100	33.8547899925913	36.6985957951027
rand.26	3	Saha_CHIKV_2019	49	100	34.5080464453045	36.3740507669643
rand.24	3	Saha_CHIKV_2019	61	100	29.6107657354006	46.4209219367743
rand.36	3	Saha_CHIKV_2019	52	100	32.4720517316966	39.2357289750961
rand.70	3	Saha_CHIKV_2019	44	100	38.7136834537076	34.0943728102956
rand.8	3	Saha_CHIKV_2019	44	0	0	52.2941672353579
rand.69	3	Saha_CHIKV_2019	48	100	35.1140987086503	13.8057846689705
rand.32	3	Saha_CHIKV_2019	53	100	33.7723048856964	40.4214157051649
rand.15	3	Saha_CHIKV_2019	58	100	28.8888888888889	41.0132272295883
rand.83	3	Saha_CHIKV_2019	77	100	24.8353636727051	51.4371106618659
rand.80	3	Saha_CHIKV_2019	69	100	25.7367173397708	52.5067919190015
rand.12	3	Saha_CHIKV_2019	40	0	0	54.2057872864399
rand.18	3	Saha_CHIKV_2019	63	100	27.3396400553761	45.3467402947445
rand.54	3	Saha_CHIKV_2019	57	100	29.8240750075612	43.1765843618129
rand.22	3	Saha_CHIKV_2019	54	100	33.5371376811594	41.7708804821587
rand.3	3	Saha_CHIKV_2019	42	100	41.0633719719581	31.6296545061798
rand.51	3	Saha_CHIKV_2019	45	0	0	57.3180791163074
rand.81	3	Saha_CHIKV_2019	54	100	33.6096181046676	38.0871012861091
rand.29	3	Saha_CHIKV_2019	81	100	22.5366557775583	54.5839405499216
rand.17	3	Saha_CHIKV_2019	29	100	49.6197877496449	25.3649350246164
rand.33	3	Saha_CHIKV_2019	49	100	32.26981193608	30.0949101814274
rand.52	3	Saha_CHIKV_2019	15	100	66.0119508686511	5.60480463032535
rand.35	3	Saha_CHIKV_2019	61	100	29.0900183710961	48.8555362637021
rand.10	3	Saha_CHIKV_2019	40	100	41.5724832919276	30.3049544811802
rand.97	3	Saha_CHIKV_2019	40	100	41.8244223488199	20.9174866327065
rand.21	3	Saha_CHIKV_2019	71	100	24.3623498436729	51.4208435050271
rand.89	3	Saha_CHIKV_2019	50	100	37.4732922288017	37.4199083825801
rand.71	3	Saha_CHIKV_2019	57	100	31.2575637990003	41.1865508977142
rand.56	3	Saha_CHIKV_2019	49	100	35.7470017477249	36.6668335001221
rand.27	3	Saha_CHIKV_2019	49	0	0	58.9826653341145
rand.37	3	Saha_CHIKV_2019	45	0	0	58.3196161524182
rand.63	3	Saha_CHIKV_2019	26	100	52.9527033045337	22.4294047925884
rand.98	3	Saha_CHIKV_2019	68	100	28.048896048517	43.6891170628004
rand.28	3	Saha_CHIKV_2019	58	100	28.4232016332413	43.6732593012619
rand.86	3	Saha_CHIKV_2019	42	100	38.960065199674	32.6208977985458
rand.88	3	Saha_CHIKV_2019	38	100	36.4375076658899	38.2342640249913
rand.1	3	Saha_CHIKV_2019	62	0	0	62.7930969799287
rand.14	3	Saha_CHIKV_2019	28	100	48.3930399181167	16.1298012958033
rand.5	3	Saha_CHIKV_2019	60	100	29.8234568212154	37.1729441190877
rand.19	3	Saha_CHIKV_2019	15	100	69.0725223923722	8.58650100498229
rand.82	3	Saha_CHIKV_2019	41	100	41.8684394681596	28.6843395800157
rand.76	3	Saha_CHIKV_2019	75	100	24.8301174496644	50.0609403187687
rand.41	3	Saha_CHIKV_2019	45	100	40.5262623183989	31.1385908213527
rand.40	3	Saha_CHIKV_2019	42	100	37.5482686586061	33.6388783525184
rand.78	3	Saha_CHIKV_2019	74	0	0	68.6116753277586
rand.11	3	Saha_CHIKV_2019	28	100	49.7230436050144	0
rand.38	3	Saha_CHIKV_2019	60	100	28.1877122568694	46.2333896210726
rand.57	3	Saha_CHIKV_2019	64	100	29.3036391111551	43.3905666958668
rand.45	3	Saha_CHIKV_2019	63	0	0	65.4743255004352
rand.73	3	Saha_CHIKV_2019	56	100	29.9361766791612	43.5119031011429
rand.7	3	Saha_CHIKV_2019	24	100	53.9759803475571	14.3049796212954
rand.13	3	Saha_CHIKV_2019	68	100	27.5343133839615	42.3009095456167
rand.44	3	Saha_CHIKV_2019	53	0	0	61.9518141862629
rand.74	3	Saha_CHIKV_2019	71	100	26.9139700078927	0
rand.20	3	Saha_CHIKV_2019	38	100	42.2802001429593	33.6172501814745
rand.34	3	Saha_CHIKV_2019	33	100	45.9742882665942	24.8819141766303
rand.30	3	Saha_CHIKV_2019	53	100	31.745351267349	37.1467445095225
rand.25	3	Saha_CHIKV_2019	65	0	0	63.4467719147367
rand.6	3	Saha_CHIKV_2019	47	100	37.3507228158391	31.8608774432681
rand.66	3	Saha_CHIKV_2019	73	100	24.7477174435368	49.8022115514008
rand.72	3	Saha_CHIKV_2019	54	100	32.5216390928016	0
rand.96	3	Saha_CHIKV_2019	58	100	29.7293901856831	43.3674596663474
rand.77	3	Saha_CHIKV_2019	19	100	62.4947654941373	10.0798045575872
rand.59	3	Saha_CHIKV_2019	45	100	34.8197620158656	32.790873908026
rand.39	3	Saha_CHIKV_2019	43	100	37.8919832838868	33.4987317337975
rand.99	3	Saha_CHIKV_2019	61	100	29.6379525593009	41.5183707201196
rand.53	3	Saha_CHIKV_2019	42	100	41.015246015246	32.6930484222622
rand.60	3	Saha_CHIKV_2019	21	100	59.0109672957218	11.7181535476689
rand.55	3	Saha_CHIKV_2019	42	100	39.9499949319188	27.7038130984674
rand.46	3	Saha_CHIKV_2019	47	0	0	58.3295442621804
rand.94	3	Saha_CHIKV_2019	58	100	31.0926578020707	47.1569974497394
rand.79	3	Saha_CHIKV_2019	49	100	32.3003704605067	42.6120799071409
rand.68	3	Saha_CHIKV_2019	54	100	32.7273727345233	36.4385840324462
rand.95	3	Saha_CHIKV_2019	39	100	42.1761369567487	27.0428773626519
rand.87	3	Saha_CHIKV_2019	15	100	70.3387334315169	10.1324260486216
rand.50	3	Saha_CHIKV_2019	39	100	41.1653228585211	29.9883732136565
rand.23	3	Saha_CHIKV_2019	55	100	33.4454399005172	38.8969183458823
rand.85	3	Saha_CHIKV_2019	53	100	30.8110923056894	37.341070733686
rand.9	3	Saha_CHIKV_2019	40	3.81051355330389	2.65140102440494	93.9475045219455
rand.16	3	Saha_CHIKV_2019	52	100	33.6488351784557	38.142001104526
rand.2	3	Saha_CHIKV_2019	45	100	36.8642221253813	37.4736638145195
rand.75	3	Saha_CHIKV_2019	25	0	0	26.9502240225864
rand.83	1	LA_IVA_2024	763	100	8.76922034816772	0
rand.96	1	LA_IVA_2024	33	86.2625669626477	80.3431071013601	0
rand.48	1	LA_IVA_2024	768	78.0741754065968	3.84120669154433	1.80599905773962
rand.85	1	LA_IVA_2024	90	100	57.3875959546728	0
rand.3	1	LA_IVA_2024	232	9.72792217662259	1.56152785741299	0.273267375047273
rand.97	1	LA_IVA_2024	30	59.0971272229822	66.4217989237209	0
rand.56	1	LA_IVA_2024	1336	99.9486313935569	0.847760406227865	0.0663518790777462
rand.82	1	LA_IVA_2024	42	98.847875541205	29.2959829487375	3.33848061071359
rand.53	1	LA_IVA_2024	22	13.7710898312813	23.106350420811	3.63427697016067
rand.84	1	LA_IVA_2024	156	100	25.6776947705443	0
rand.9	1	LA_IVA_2024	22	100	79.8165673559995	0
rand.45	1	LA_IVA_2024	172	98.7011080942247	19.8447828139754	0
rand.62	1	LA_IVA_2024	791	100	8.86011281056791	0.206437083607019
rand.6	1	LA_IVA_2024	1089	2.1811825505396	0.0709219858156028	0.0640027676872513
rand.87	1	LA_IVA_2024	63	46.4508283933729	16.1920152594908	0
rand.69	1	LA_IVA_2024	3003	100	1.89012061166228	0.0354718311273126
rand.11	1	LA_IVA_2024	43	96.8004255965952	69.6772428884026	0
rand.63	1	LA_IVA_2024	137	99.4756041951664	26.191619642214	0
rand.29	1	LA_IVA_2024	40	100	87.0750942076842	0
rand.46	1	LA_IVA_2024	1226	90.3060101269538	2.56455142231947	0
rand.98	1	LA_IVA_2024	124	100	32.12761816358	0
rand.74	1	LA_IVA_2024	44	98.6350627430836	42.4381156857792	0
rand.95	1	LA_IVA_2024	864	100	5.33517677266443	0
rand.57	1	LA_IVA_2024	48	96.9296245630035	53.3104831967898	0
rand.31	1	LA_IVA_2024	19	100	86.3234010721855	0
rand.27	1	LA_IVA_2024	1325	85.866294855801	0.733504302544039	0.297075197825502
rand.5	1	LA_IVA_2024	873	100	10.0008733723946	0
rand.71	1	LA_IVA_2024	160	78.1389887722903	22.6326864624737	0
rand.4	1	LA_IVA_2024	36	100	31.8007800564373	0
rand.73	1	LA_IVA_2024	609	57.3719410244718	4.42961841557085	0.199505929433579
rand.91	1	LA_IVA_2024	1750	100	4.12261876374427	0
rand.55	1	LA_IVA_2024	159	2.75117799057608	0.774215625467844	0
rand.38	1	LA_IVA_2024	742	98.4149115726132	4.52045005629074	0.781666071175769
rand.66	1	LA_IVA_2024	41	98.3488662214721	57.1075507073462	0
rand.26	1	LA_IVA_2024	34	100	86.2832618025751	0
rand.12	1	LA_IVA_2024	799	100	8.8793956015946	0
rand.89	1	LA_IVA_2024	305	1.90758473932209	0.167344489632642	0.144676311754117
rand.70	1	LA_IVA_2024	87	31.6797534306891	18.5709369353867	0
rand.77	1	LA_IVA_2024	181	100	33.2687053846832	0
rand.23	1	LA_IVA_2024	49	57.9364496954575	49.2114941095805	1.34014835130587
rand.75	1	LA_IVA_2024	152	100	30.0902466097196	0.371603687080739
rand.15	1	LA_IVA_2024	175	46.4280285757714	7.11167506781062	0
rand.8	1	LA_IVA_2024	79	100	49.5970868876226	0.677703226676557
rand.17	1	LA_IVA_2024	419	100	8.3268707608602	0
rand.25	1	LA_IVA_2024	82	75.6421948624411	40.6925875955681	0
rand.65	1	LA_IVA_2024	114	98.6570778601306	31.703808513147	0
rand.60	1	LA_IVA_2024	165	96.8764249886001	19.5965993819853	0
rand.72	1	LA_IVA_2024	49	100	55.8383604660772	0
rand.80	1	LA_IVA_2024	53	100	67.8650687971593	0
rand.34	1	LA_IVA_2024	1302	70.7565861891832	0.606876549527282	0.2063204033759
rand.100	1	LA_IVA_2024	3025	100	1.59091572962597	0.0332548648347031
rand.49	1	LA_IVA_2024	82	100	64.7282824276081	0.708713473489356
rand.54	1	LA_IVA_2024	1729	15.2226782185743	0.388831622124772	0
rand.92	1	LA_IVA_2024	40	97.0892232862137	23.7131772873239	0
rand.18	1	LA_IVA_2024	726	100	5.44645042483013	0.108781376628321
rand.52	1	LA_IVA_2024	299	63.4594923240614	8.77940047734704	0.222902143855997
rand.13	1	LA_IVA_2024	24	100	77.9605449098412	0
rand.36	1	LA_IVA_2024	180	98.847875541205	14.5021155647427	0
rand.2	1	LA_IVA_2024	153	90.1519043076246	23.9007782101167	0
rand.81	1	LA_IVA_2024	217	37.6196990424077	4.36146404215201	0
rand.90	1	LA_IVA_2024	19	5.2542746018933	14.2686329214827	0
rand.79	1	LA_IVA_2024	82	95.4061789095179	41.6778867730974	0
rand.20	1	LA_IVA_2024	884	100	9.30667482743378	0
rand.67	1	LA_IVA_2024	1187	100	2.90718733290788	0.0689928764855029
rand.42	1	LA_IVA_2024	710	100	5.59501043460321	0
rand.50	1	LA_IVA_2024	3030	99.7945255742276	1.01936409490678	0.104117709230496
rand.43	1	LA_IVA_2024	10	100	100	0
rand.16	1	LA_IVA_2024	40	100	62.6996730499766	0
rand.22	1	LA_IVA_2024	39	44.2468460252318	12.5180072674106	0
rand.21	1	LA_IVA_2024	1332	99.0533499669773	0.837979635940126	0.717665179394566
rand.61	1	LA_IVA_2024	119	100	43.7987178553216	0
rand.1	1	LA_IVA_2024	245	100	32.2706645261601	0
rand.19	1	LA_IVA_2024	158	95.9720322237422	23.3105052332343	0
rand.40	1	LA_IVA_2024	42	100	63.8109644297763	0
rand.10	1	LA_IVA_2024	3007	5.78355373157015	0.0577380785283391	0.0163882062577152
rand.76	1	LA_IVA_2024	100	23.5121450062376	11.8710633567988	0
rand.51	1	LA_IVA_2024	352	100	13.0211280438098	0.232091992826247
rand.14	1	LA_IVA_2024	35	100	87.5553645798903	0
rand.68	1	LA_IVA_2024	778	91.4500683994528	4.40583636929499	0
rand.88	1	LA_IVA_2024	91	15.374677002584	7.93364445664536	0
rand.35	1	LA_IVA_2024	719	100	5.48844146159582	0.143255229797088
rand.58	1	LA_IVA_2024	123	100	47.0410985029084	0
rand.28	1	LA_IVA_2024	44	100	71.2497018840925	0
rand.44	1	LA_IVA_2024	2124	100	1.08909235558557	0.541138104706655
rand.32	1	LA_IVA_2024	30	100	70.2521095947495	0
rand.99	1	LA_IVA_2024	18	100	79.4882401607375	0
rand.39	1	LA_IVA_2024	32	98.847875541205	62.7591669384522	0
rand.7	1	LA_IVA_2024	78	100	53.3009821584239	0
rand.93	1	LA_IVA_2024	53	28.7201702386381	9.27657903134742	0.505682794511132
rand.33	1	LA_IVA_2024	32	100	88.8513636198569	0
rand.86	1	LA_IVA_2024	67	100	59.9876044440364	0
rand.37	1	LA_IVA_2024	74	99.0827034563734	48.4741868313348	0
rand.24	1	LA_IVA_2024	231	10.9341748000294	2.21987157521491	0.433545388179556
rand.78	1	LA_IVA_2024	42	100	61.8376186526587	0
rand.59	1	LA_IVA_2024	44	100	84.2898675567998	0
rand.94	1	LA_IVA_2024	310	100	6.90662818034852	0
rand.68	2	LA_IVA_2024	50	91.4500683994528	56.8371829389259	0
rand.93	2	LA_IVA_2024	44	28.7201702386381	32.3599931495119	1.76400068504881
rand.27	2	LA_IVA_2024	771	66.5146678826569	0.690849558667747	0.374078617290499
rand.74	2	LA_IVA_2024	17	98.6350627430836	84.5239592504088	0
rand.3	2	LA_IVA_2024	51	9.72792217662259	9.6903626315391	1.69581346051934
rand.57	2	LA_IVA_2024	25	96.9296245630035	77.4518734438574	0
rand.40	2	LA_IVA_2024	40	100	65.0544417963456	0
rand.37	2	LA_IVA_2024	49	99.0827034563734	60.8335210633025	0
rand.88	2	LA_IVA_2024	22	15.374677002584	28.4408828904822	0
rand.84	2	LA_IVA_2024	60	100	69.5171457803888	0
rand.89	2	LA_IVA_2024	19	1.90758473932209	0.862809803719363	0.745935168952597
rand.2	2	LA_IVA_2024	34	51.5594041241653	52.8429602888087	0
rand.48	2	LA_IVA_2024	29	78.0741754065968	58.9419932296747	27.7124333008205
rand.62	2	LA_IVA_2024	47	100	69.0595219496954	2.31995000781128
rand.86	2	LA_IVA_2024	28	100	93.9543264810797	0
rand.24	2	LA_IVA_2024	33	10.9341748000294	16.1063668792563	3.14560588044536
rand.79	2	LA_IVA_2024	39	95.4061789095179	68.1751442055585	0
rand.59	2	LA_IVA_2024	32	100	91.8653576437588	0
rand.21	2	LA_IVA_2024	108	99.0533499669773	5.35271700552403	4.584190886343
rand.69	2	LA_IVA_2024	182	100	16.5627737226277	0.348175182481752
rand.17	2	LA_IVA_2024	90	89.3144854841161	19.6210034226563	0
rand.58	2	LA_IVA_2024	32	100	83.0257283564229	0
rand.51	2	LA_IVA_2024	58	97.1804225566195	44.7990750797043	0.847843604386364
rand.94	2	LA_IVA_2024	22	100	42.3205524827349	0
rand.75	2	LA_IVA_2024	33	100	84.2255571732557	1.29353791018031
rand.13	2	LA_IVA_2024	18	97.7030894547589	82.5674418604651	0
rand.1	2	LA_IVA_2024	189	100	25.8640170144889	0
rand.66	2	LA_IVA_2024	17	98.3488662214721	82.8050664195243	0
rand.56	2	LA_IVA_2024	663	97.8205034123431	1.0915367822511	0.0872901882880478
rand.92	2	LA_IVA_2024	26	65.1618787049703	64.6850245190494	0
rand.87	2	LA_IVA_2024	25	46.4508283933729	72.8486293206198	0
rand.63	2	LA_IVA_2024	41	95.9188326493388	59.0373280943026	0
rand.97	2	LA_IVA_2024	24	59.0971272229822	80.6304437992534	0
rand.80	2	LA_IVA_2024	14	85.6285149718802	93.4555408095554	0
rand.50	2	LA_IVA_2024	632	97.754458061202	3.17487177531603	0.331048487044064
rand.6	2	LA_IVA_2024	43	2.1811825505396	1.45390070921986	1.31205673758865
rand.20	2	LA_IVA_2024	64	100	69.5635640320599	0
rand.73	2	LA_IVA_2024	558	57.3719410244718	4.77461465969249	0.215044242190415
rand.65	2	LA_IVA_2024	67	98.6570778601306	48.7401660443027	0
rand.55	2	LA_IVA_2024	29	2.75117799057608	4.3322163714696	0
rand.44	2	LA_IVA_2024	1173	99.2552059583523	0.839713160156961	0.653381710070064
rand.38	2	LA_IVA_2024	31	98.4149115726132	24.6698061145653	4.26584746698061
rand.49	2	LA_IVA_2024	43	100	87.6037472265593	1.10115868189662
rand.14	2	LA_IVA_2024	15	100	88.6549204984959	0
rand.54	2	LA_IVA_2024	20	15.2226782185743	24.7009495622148	0
rand.53	2	LA_IVA_2024	20	13.7710898312813	24.8253185367859	3.90464447184546
rand.34	2	LA_IVA_2024	193	60.0865927937184	1.73747344878294	0.695583532622189
rand.71	2	LA_IVA_2024	94	78.1389887722903	35.3507519670662	0
rand.45	2	LA_IVA_2024	21	98.7011080942247	79.3603965069625	0
rand.9	2	LA_IVA_2024	16	100	87.9214929214929	0
rand.33	2	LA_IVA_2024	15	100	88.4104199893674	0
rand.23	2	LA_IVA_2024	25	49.4459528876495	77.5463229370468	2.47439291057659
rand.8	2	LA_IVA_2024	60	100	61.6512992455993	0.842414082145851
rand.28	2	LA_IVA_2024	34	100	75.775273930122	0
rand.26	2	LA_IVA_2024	15	98.3855580832171	84.1355506746156	0
rand.82	2	LA_IVA_2024	8	19.6961913847509	45.73181121145	26.1543704208553
rand.36	2	LA_IVA_2024	15	69.8906582519997	67.4695381127798	0
rand.22	2	LA_IVA_2024	19	30.8861529107767	70.1173222912353	0
rand.46	2	LA_IVA_2024	101	85.9323402069421	35.1050753964685	0
rand.19	2	LA_IVA_2024	29	95.9720322237422	69.9728486729096	0
rand.39	2	LA_IVA_2024	13	98.847875541205	84.2138168177555	0
rand.42	2	LA_IVA_2024	68	100	37.7593916512705	0
rand.77	2	LA_IVA_2024	18	100	78.2689949191146	0
rand.76	2	LA_IVA_2024	36	23.5121450062376	26.8791946308725	0
rand.85	2	LA_IVA_2024	52	100	80.3254084660777	0
rand.10	2	LA_IVA_2024	24	3.73917008663931	2.77856215056192	1.21985655390524
rand.32	2	LA_IVA_2024	15	100	88.0122683372488	0
rand.78	2	LA_IVA_2024	25	98.0924152606779	86.4327328735016	0
rand.35	2	LA_IVA_2024	50	100	41.2479841210768	1.13199354918745
rand.96	2	LA_IVA_2024	13	16.1664342848756	48.5028621752532	0
rand.72	2	LA_IVA_2024	37	100	66.4241828459081	0
rand.95	2	LA_IVA_2024	77	100	41.955826162592	0
rand.81	2	LA_IVA_2024	31	28.9557683538532	41.4085425497229	0
rand.83	2	LA_IVA_2024	43	100	80.5531547104581	0
rand.5	2	LA_IVA_2024	68	100	58.4244807668674	0
rand.18	2	LA_IVA_2024	46	100	49.3530697824451	1.003548259919
rand.11	2	LA_IVA_2024	29	96.8004255965952	89.7730476458979	0
rand.4	2	LA_IVA_2024	28	100	91.5455062865421	0
rand.29	2	LA_IVA_2024	21	100	88.5580026043141	0
rand.91	2	LA_IVA_2024	26	92.3827695017245	69.5832412115852	0
rand.70	2	LA_IVA_2024	58	21.1198356204594	18.8969139855548	0
rand.15	2	LA_IVA_2024	27	46.4280285757714	69.9210255236351	0
rand.98	2	LA_IVA_2024	28	100	76.6764176417642	0
rand.61	2	LA_IVA_2024	17	100	89.8987072583804	0
rand.67	2	LA_IVA_2024	79	84.906520747834	19.9105344763059	0.570298159006255
rand.52	2	LA_IVA_2024	20	12.8514971880225	20.8148695224028	2.60955194485475
rand.12	2	LA_IVA_2024	30	100	91.635893648449	0
rand.31	2	LA_IVA_2024	18	99.5156674249651	86.0742621390035	0
rand.25	2	LA_IVA_2024	57	63.12509499924	44.3933725280599	0
rand.7	2	LA_IVA_2024	32	100	70.4321649063728	0
rand.60	2	LA_IVA_2024	19	96.8764249886001	79.5146902875678	0
rand.99	2	LA_IVA_2024	18	100	79.4882401607375	0
rand.16	2	LA_IVA_2024	15	10.3566121842496	24.9686548450654	0
rand.100	2	LA_IVA_2024	215	100	11.0047043010753	0.355222734254992
rand.40	3	LA_IVA_2024	10	86.328473668551	100	0
rand.67	3	LA_IVA_2024	6	83.1002677774472	100	0
rand.82	3	LA_IVA_2024	2	19.9642963403749	100	0
rand.70	3	LA_IVA_2024	10	19.8452841416245	100	0
rand.61	3	LA_IVA_2024	11	100	100	0
rand.17	3	LA_IVA_2024	7	87.4144599821482	100	0
rand.71	3	LA_IVA_2024	22	79.2026182683725	100	0
rand.36	3	LA_IVA_2024	5	70.8420113061589	100	0
rand.84	3	LA_IVA_2024	25	100	100	0
rand.86	3	LA_IVA_2024	21	100	100	0
rand.62	3	LA_IVA_2024	19	100	100	0
rand.26	3	LA_IVA_2024	8	99.7247842903898	100	0
rand.34	3	LA_IVA_2024	14	60.9044927105028	100	0
rand.77	3	LA_IVA_2024	9	89.0062481404344	100	0
rand.95	3	LA_IVA_2024	8	100	100	0
rand.18	3	LA_IVA_2024	11	100	100	0
rand.23	3	LA_IVA_2024	18	50.1190121987504	100	0
rand.57	3	LA_IVA_2024	11	94.8675989288902	100	0
rand.58	3	LA_IVA_2024	19	100	100	0
rand.14	3	LA_IVA_2024	9	94.6146980065457	100	0
rand.48	3	LA_IVA_2024	21	76.4132698601607	100	0
rand.83	3	LA_IVA_2024	29	100	100	0
rand.65	3	LA_IVA_2024	8	100	100	0
rand.28	3	LA_IVA_2024	17	100	100	0
rand.49	3	LA_IVA_2024	33	100	100	0
rand.98	3	LA_IVA_2024	14	84.4689080630765	100	0
rand.50	3	LA_IVA_2024	13	99.0850937221065	98.4552845528455	0.145860622440354
rand.93	3	LA_IVA_2024	13	28.1091936923535	100	0
rand.11	3	LA_IVA_2024	25	93.0377863731032	100	0
rand.12	3	LA_IVA_2024	22	100	100	0
rand.16	3	LA_IVA_2024	1	1.60666468313002	100	0
rand.35	3	LA_IVA_2024	12	98.9288902112467	100	0
rand.68	3	LA_IVA_2024	19	89.5046117227016	100	0
rand.52	3	LA_IVA_2024	4	12.5781017554299	100	0
rand.42	3	LA_IVA_2024	11	100	100	0
rand.96	3	LA_IVA_2024	4	13.745908955668	100	0
rand.78	3	LA_IVA_2024	15	90.7244867598929	100	0
rand.25	3	LA_IVA_2024	26	61.7822076762868	100	0
rand.9	3	LA_IVA_2024	9	84.2755132401071	100	0
rand.31	3	LA_IVA_2024	10	100	100	0
rand.100	3	LA_IVA_2024	9	100	100	0
rand.24	3	LA_IVA_2024	5	9.57304373698304	100	0
rand.37	3	LA_IVA_2024	17	93.7816126152931	100	0
rand.85	3	LA_IVA_2024	29	100	100	0
rand.94	3	LA_IVA_2024	8	100	100	0
rand.21	3	LA_IVA_2024	8	100	100	0
rand.51	3	LA_IVA_2024	8	95.1130615888129	100	0
rand.99	3	LA_IVA_2024	8	100	100	0
rand.81	3	LA_IVA_2024	10	26.3835168104731	100	0
rand.13	3	LA_IVA_2024	10	99.0330258851532	100	0
rand.76	3	LA_IVA_2024	6	23.832192799762	100	0
rand.54	3	LA_IVA_2024	4	11.4177328176138	100	0
rand.45	3	LA_IVA_2024	8	100	100	0
rand.97	3	LA_IVA_2024	18	55.5935733412675	100	0
rand.75	3	LA_IVA_2024	23	100	100	0
rand.55	3	LA_IVA_2024	1	2.69265099672716	100	0
rand.66	3	LA_IVA_2024	8	99.6875929782803	100	0
rand.87	3	LA_IVA_2024	16	39.2591490627789	100	0
rand.38	3	LA_IVA_2024	10	99.7545373400773	95.9779574894439	0.592950831657955
rand.39	3	LA_IVA_2024	7	93.7221065159179	100	0
rand.27	3	LA_IVA_2024	21	65.0996727164534	100	0
rand.92	3	LA_IVA_2024	10	63.7756620053555	100	0
rand.88	3	LA_IVA_2024	6	13.5153228205891	100	0
rand.22	3	LA_IVA_2024	11	28.0571258554002	100	0
rand.32	3	LA_IVA_2024	7	89.6087473966082	100	0
rand.44	3	LA_IVA_2024	11	97.1437072299911	96.927415763693	1.34456984796106
rand.2	3	LA_IVA_2024	11	43.052662897947	100	0
rand.20	3	LA_IVA_2024	27	100	100	0
rand.91	3	LA_IVA_2024	12	93.640285629277	100	0
rand.19	3	LA_IVA_2024	10	93.930377863731	100	0
rand.46	3	LA_IVA_2024	16	87.1020529604284	100	0
rand.6	3	LA_IVA_2024	1	2.1347813150848	100	0
rand.53	3	LA_IVA_2024	6	13.4781315084796	100	0
rand.56	3	LA_IVA_2024	16	99.1520380839036	95.4665902742964	0.335691495387611
rand.72	3	LA_IVA_2024	8	100	100	0
rand.60	3	LA_IVA_2024	10	87.3400773579292	100	0
rand.69	3	LA_IVA_2024	22	100	100	0
rand.74	3	LA_IVA_2024	10	92.4427253793514	100	0
rand.73	3	LA_IVA_2024	20	56.1514430229099	100	0
rand.5	3	LA_IVA_2024	16	100	100	0
rand.63	3	LA_IVA_2024	11	86.3805415055043	100	0
rand.4	3	LA_IVA_2024	22	100	100	0
rand.89	3	LA_IVA_2024	1	1.86700386789646	100	0
rand.79	3	LA_IVA_2024	14	96.7048497470991	100	0
rand.59	3	LA_IVA_2024	24	100	100	0
rand.29	3	LA_IVA_2024	14	100	100	0
rand.1	3	LA_IVA_2024	19	100	100	0
rand.80	3	LA_IVA_2024	11	75.9818506396906	100	0
rand.10	3	LA_IVA_2024	1	3.65962511157394	100	0
rand.7	3	LA_IVA_2024	8	91.9294852722404	100	0
rand.8	3	LA_IVA_2024	22	100	100	0
rand.15	3	LA_IVA_2024	19	43.7221065159179	100	0
rand.3	3	LA_IVA_2024	4	9.52097590002975	100	0
rand.33	3	LA_IVA_2024	11	99.6801547158584	100	0
rand.55	1	LA_IVB_2024	181	100	18.1446010321556	0
rand.7	1	LA_IVB_2024	19	3.62579573761417	11.1536824180502	0
rand.79	1	LA_IVB_2024	54	69.173816772765	52.3540193768002	0
rand.46	1	LA_IVB_2024	17	100	86.6265344664778	0
rand.27	1	LA_IVB_2024	202	100	17.1503617452891	0
rand.94	1	LA_IVB_2024	111	29.7467478549682	14.4276269423096	0
rand.37	1	LA_IVB_2024	198	100	16.9955651500575	0
rand.10	1	LA_IVB_2024	12	100	94.7089947089947	0
rand.97	1	LA_IVB_2024	209	100	16.5815628704295	0
rand.19	1	LA_IVB_2024	127	17.8037641848879	7.85456987606081	0
rand.98	1	LA_IVB_2024	20	100	80.9728582598012	0
rand.15	1	LA_IVB_2024	16	2.90617215610296	10.5157736604907	0
rand.83	1	LA_IVB_2024	19	100	82.446264073695	0
rand.65	1	LA_IVB_2024	13	100	93.3180748935088	0
rand.63	1	LA_IVB_2024	26	100	72.1525831981517	0
rand.85	1	LA_IVB_2024	29	100	73.940859402549	0
rand.64	1	LA_IVB_2024	207	100	17.0645436185985	0
rand.57	1	LA_IVB_2024	20	3.62579573761417	8.24417872876023	0
rand.44	1	LA_IVB_2024	43	99.4256850262939	61.4086072054361	0
rand.49	1	LA_IVB_2024	191	100	18.044207448181	0
rand.62	1	LA_IVB_2024	17	100	83.6545118855297	0
rand.6	1	LA_IVB_2024	45	100	56.1106811145511	0
rand.36	1	LA_IVB_2024	15	100	90.3317127207828	0
rand.30	1	LA_IVB_2024	52	26.4461666205369	28.0328590288983	0
rand.32	1	LA_IVB_2024	21	100	80.5889856358494	0
rand.20	1	LA_IVB_2024	24	100	72.9766458626938	0
rand.17	1	LA_IVB_2024	49	16.3437586493219	18.1315728870807	0
rand.42	1	LA_IVB_2024	26	100	72.3196689002759	0
rand.87	1	LA_IVB_2024	203	100	17.2223730333896	0
rand.35	1	LA_IVB_2024	38	33.0750069194575	37.5549968573224	0
rand.67	1	LA_IVB_2024	209	100	16.8819753657549	0
rand.8	1	LA_IVB_2024	117	100	34.182894458669	0
rand.14	1	LA_IVB_2024	22	1.5015222806532	3.86327220936443	0
rand.90	1	LA_IVB_2024	216	100	16.7064739157762	0
rand.89	1	LA_IVB_2024	36	100	65.8777030710522	0
rand.22	1	LA_IVB_2024	194	100	17.5442202367279	0
rand.66	1	LA_IVB_2024	193	100	17.6219932935466	0
rand.31	1	LA_IVB_2024	46	61.2164406310545	55.7396673387097	0
rand.78	1	LA_IVB_2024	274	100	14.1096979332273	0
rand.47	1	LA_IVB_2024	177	100	18.5352343830136	0
rand.91	1	LA_IVB_2024	24	37.7456407417658	63.7191916832146	0
rand.59	1	LA_IVB_2024	178	100	18.5294117647059	0
rand.69	1	LA_IVB_2024	185	100	18.1180784381736	0
rand.24	1	LA_IVB_2024	181	100	18.2956889179536	0
rand.73	1	LA_IVB_2024	210	100	16.7887233407562	0
rand.92	1	LA_IVB_2024	44	100	61.8458651426622	0
rand.41	1	LA_IVB_2024	17	2.90617215610296	9.76744186046512	0
rand.45	1	LA_IVB_2024	18	99.4256850262939	86.2174486979479	0
rand.74	1	LA_IVB_2024	36	100	67.9782335705316	0
rand.52	1	LA_IVB_2024	41	57.6667589261002	56.7595178097119	0
rand.84	1	LA_IVB_2024	57	89.0949349570994	62.047031611411	0
rand.99	1	LA_IVB_2024	200	100	16.957504310144	0
rand.5	1	LA_IVB_2024	191	100	17.734847654871	0
rand.26	1	LA_IVB_2024	41	100	59.4407881290112	0
rand.76	1	LA_IVB_2024	189	100	17.5694771549694	0
rand.1	1	LA_IVB_2024	15	100	84.198606271777	0
rand.81	1	LA_IVB_2024	48	29.1862717962912	32.1935582353839	0
rand.40	1	LA_IVB_2024	29	4.53224467201771	9.23445650641477	0
rand.28	1	LA_IVB_2024	53	35.1300858012732	34.9294805641555	0
rand.70	1	LA_IVB_2024	24	100	79.8368234974164	0
rand.88	1	LA_IVB_2024	25	99.4256850262939	75.2382448423919	0
rand.58	1	LA_IVB_2024	14	100	84.9494418142498	0
rand.51	1	LA_IVB_2024	199	100	17.4059147821719	0
rand.86	1	LA_IVB_2024	127	68.4749515637974	26.6064418992311	0
rand.18	1	LA_IVB_2024	36	36.3202324937725	46.3938483295033	0
rand.9	1	LA_IVB_2024	39	100	65.2994038615535	0
rand.75	1	LA_IVB_2024	63	72.0384721837808	49.5266638123781	0
rand.21	1	LA_IVB_2024	27	61.3063935787434	91.3778877887789	0
rand.34	1	LA_IVB_2024	39	100	59.9381698268755	0
rand.95	1	LA_IVB_2024	191	100	17.4849278216799	0
rand.56	1	LA_IVB_2024	39	100	63.7376129088836	0
rand.12	1	LA_IVB_2024	50	100	57.0285221075758	0
rand.100	1	LA_IVB_2024	180	100	18.6215465760546	0
rand.53	1	LA_IVB_2024	30	100	69.6732340221048	0
rand.82	1	LA_IVB_2024	192	100	17.7360560804633	0
rand.77	1	LA_IVB_2024	29	100	70.3927931418608	0
rand.60	1	LA_IVB_2024	18	1.5015222806532	3.69047619047619	0
rand.54	1	LA_IVB_2024	36	100	60.3672245815638	0
rand.39	1	LA_IVB_2024	21	1.5015222806532	4.07588279489106	0
rand.71	1	LA_IVB_2024	20	100	81.5925717501407	0
rand.96	1	LA_IVB_2024	191	100	17.786695853095	0
rand.25	1	LA_IVB_2024	29	100	71.7684220917033	0
rand.4	1	LA_IVB_2024	191	100	17.9708052418417	0
rand.23	1	LA_IVB_2024	33	37.7456407417658	50.2579694121983	0
rand.80	1	LA_IVB_2024	31	100	70.7130316035895	0
rand.16	1	LA_IVB_2024	25	100	73.104890925391	0
rand.93	1	LA_IVB_2024	32	100	66.8865617936061	0
rand.2	1	LA_IVB_2024	201	100	17.3050923839567	0
rand.68	1	LA_IVB_2024	179	100	18.4300470909919	0
rand.33	1	LA_IVB_2024	189	100	17.927609282378	0
rand.72	1	LA_IVB_2024	38	100	64.3288084464555	0
rand.50	1	LA_IVB_2024	199	100	17.0641148773689	0
rand.43	1	LA_IVB_2024	37	100	67.5862709581534	0
rand.3	1	LA_IVB_2024	29	100	75.2756551618032	0
rand.72	2	LA_IVB_2024	12	100	89.1436650888301	0
rand.53	2	LA_IVB_2024	23	100	75.7642263677692	0
rand.80	2	LA_IVB_2024	25	100	76.0144699591066	0
rand.9	2	LA_IVB_2024	25	100	78.012224289131	0
rand.15	2	LA_IVB_2024	11	2.90617215610296	15.3846153846154	0
rand.87	2	LA_IVB_2024	15	100	89.5489413930654	0
rand.43	2	LA_IVB_2024	10	100	97.1817817550421	0
rand.19	2	LA_IVB_2024	88	10.9050650429006	7.39697737726462	0
rand.28	2	LA_IVB_2024	19	35.1300858012732	84.3635759388501	0
rand.16	2	LA_IVB_2024	6	60.3376695267091	100	0
rand.83	2	LA_IVB_2024	19	100	82.446264073695	0
rand.65	2	LA_IVB_2024	11	100	96.7631353418155	0
rand.22	2	LA_IVB_2024	17	100	79.1912246234447	0
rand.2	2	LA_IVB_2024	11	100	94.4099378881988	0
rand.96	2	LA_IVB_2024	19	100	83.8310311228291	0
rand.36	2	LA_IVB_2024	8	57.4176584555771	89.1395423783435	0
rand.32	2	LA_IVB_2024	20	100	81.6256600381979	0
rand.18	2	LA_IVB_2024	11	31.5527262662607	94.1176470588235	0
rand.26	2	LA_IVB_2024	19	100	81.9488277727683	0
rand.24	2	LA_IVB_2024	10	100	97.103190495261	0
rand.93	2	LA_IVB_2024	25	100	72.7715318209195	0
rand.1	2	LA_IVB_2024	15	100	84.198606271777	0
rand.66	2	LA_IVB_2024	19	100	82.9033544051483	0
rand.86	2	LA_IVB_2024	103	68.4749515637974	33.3704265722475	0
rand.21	2	LA_IVB_2024	24	61.3063935787434	100	0
rand.84	2	LA_IVB_2024	37	89.0949349570994	80.920060331825	0
rand.56	2	LA_IVB_2024	12	100	89.1669733774997	0
rand.46	2	LA_IVB_2024	10	98.9620813728204	96.4721753794266	0
rand.27	2	LA_IVB_2024	28	100	72.6649443561208	0
rand.7	2	LA_IVB_2024	10	3.62579573761417	20.1771274547555	0
rand.10	2	LA_IVB_2024	10	98.9620813728204	96.219052744887	0
rand.20	2	LA_IVB_2024	20	100	77.3733923902023	0
rand.30	2	LA_IVB_2024	23	26.4461666205369	58.1204379562044	0
rand.98	2	LA_IVB_2024	15	100	88.2954753060106	0
rand.42	2	LA_IVB_2024	11	100	96.6102810504838	0
rand.75	2	LA_IVB_2024	26	72.0384721837808	86.772795465911	0
rand.54	2	LA_IVB_2024	18	100	80.043060616098	0
rand.49	2	LA_IVB_2024	22	100	76.3345288216643	0
rand.68	2	LA_IVB_2024	15	100	88.257759456838	0
rand.23	2	LA_IVB_2024	17	32.9227788541378	73.5962877030162	0
rand.40	2	LA_IVB_2024	21	4.53224467201771	12.7555988315482	0
rand.41	2	LA_IVB_2024	13	2.90617215610296	12.8126906650397	0
rand.79	2	LA_IVB_2024	24	69.173816772765	84.1994441169039	0
rand.52	2	LA_IVB_2024	26	57.6667589261002	86.6860827959226	0
rand.77	2	LA_IVB_2024	18	100	82.5983177994999	0
rand.99	2	LA_IVB_2024	19	100	83.021558115661	0
rand.6	2	LA_IVB_2024	21	74.7439800719624	70.4355764214919	0
rand.59	2	LA_IVB_2024	19	100	77.2657286965755	0
rand.64	2	LA_IVB_2024	10	100	98.4178280482057	0
rand.71	2	LA_IVB_2024	20	100	81.5925717501407	0
rand.89	2	LA_IVB_2024	11	100	90.4108734958539	0
rand.63	2	LA_IVB_2024	11	100	96.2807477861594	0
rand.85	2	LA_IVB_2024	16	100	88.833746898263	0
rand.90	2	LA_IVB_2024	15	100	90.8181648754426	0
rand.55	2	LA_IVB_2024	15	100	83.903166590179	0
rand.57	2	LA_IVB_2024	6	3.62579573761417	34.49637919684	0
rand.34	2	LA_IVB_2024	21	100	79.2641046606705	0
rand.73	2	LA_IVB_2024	34	100	63.2721924208341	0
rand.95	2	LA_IVB_2024	13	100	92.3677198325086	0
rand.37	2	LA_IVB_2024	13	100	90.4301142393408	0
rand.8	2	LA_IVB_2024	92	100	41.5830832976139	0
rand.62	2	LA_IVB_2024	13	100	89.6826869549081	0
rand.94	2	LA_IVB_2024	93	29.7467478549682	17.9274395329441	0
rand.12	2	LA_IVB_2024	16	100	83.9212516598349	0
rand.88	2	LA_IVB_2024	19	99.4256850262939	81.8653144940748	0
rand.92	2	LA_IVB_2024	20	100	82.0238701284009	0
rand.51	2	LA_IVB_2024	10	100	95.6056227009984	0
rand.44	2	LA_IVB_2024	23	99.4256850262939	77.6660721042106	0
rand.4	2	LA_IVB_2024	26	100	72.1436290401808	0
rand.17	2	LA_IVB_2024	13	12.4065873235538	46.1994331357897	0
rand.78	2	LA_IVB_2024	90	100	42.4715494601692	0
rand.97	2	LA_IVB_2024	11	100	94.8246643201669	0
rand.91	2	LA_IVB_2024	14	32.9227788541378	82.9208783548275	0
rand.3	2	LA_IVB_2024	20	100	84.3805691290601	0
rand.70	2	LA_IVB_2024	18	100	86.1031266498504	0
rand.58	2	LA_IVB_2024	13	100	86.1018957345972	0
rand.35	2	LA_IVB_2024	6	4.3039025740382	38.1361128142244	0
rand.60	2	LA_IVB_2024	4	1.5015222806532	20.706106870229	0
rand.82	2	LA_IVB_2024	18	100	84.1313902382605	0
rand.74	2	LA_IVB_2024	11	100	94.4491114701131	0
rand.76	2	LA_IVB_2024	6	71.8308884583449	100	0
rand.45	2	LA_IVB_2024	16	99.4256850262939	88.8126583843254	0
rand.47	2	LA_IVB_2024	18	100	78.5353398163742	0
rand.31	2	LA_IVB_2024	26	61.2164406310545	94.9962418125201	0
rand.69	2	LA_IVB_2024	25	100	70.6535916139317	0
rand.67	2	LA_IVB_2024	15	100	88.2260501662134	0
rand.33	2	LA_IVB_2024	16	100	87.3536299765808	0
rand.50	2	LA_IVB_2024	16	100	87.05706602928	0
rand.100	2	LA_IVB_2024	11	100	98.1029991316545	0
rand.81	2	LA_IVB_2024	19	29.1862717962912	69.4892915980231	0
rand.5	2	LA_IVB_2024	18	100	85.7605368495408	0
rand.25	2	LA_IVB_2024	23	100	77.1160373355961	0
rand.90	3	LA_IVB_2024	9	100	100	0
rand.99	3	LA_IVB_2024	8	100	100	0
rand.98	3	LA_IVB_2024	8	100	100	0
rand.18	3	LA_IVB_2024	10	31.5527262662607	100	0
rand.44	3	LA_IVB_2024	9	99.4256850262939	100	0
rand.92	3	LA_IVB_2024	8	100	100	0
rand.66	3	LA_IVB_2024	8	100	100	0
rand.9	3	LA_IVB_2024	9	100	100	0
rand.52	3	LA_IVB_2024	21	57.6667589261002	100	0
rand.75	3	LA_IVB_2024	20	72.0384721837808	100	0
rand.56	3	LA_IVB_2024	8	100	100	0
rand.86	3	LA_IVB_2024	20	68.4749515637974	100	0
rand.59	3	LA_IVB_2024	8	100	100	0
rand.46	3	LA_IVB_2024	8	98.9620813728204	100	0
rand.32	3	LA_IVB_2024	8	100	100	0
rand.78	3	LA_IVB_2024	8	100	100	0
rand.100	3	LA_IVB_2024	10	100	100	0
rand.97	3	LA_IVB_2024	8	100	100	0
rand.71	3	LA_IVB_2024	8	100	100	0
rand.82	3	LA_IVB_2024	8	100	100	0
rand.1	3	LA_IVB_2024	8	100	100	0
rand.27	3	LA_IVB_2024	8	100	100	0
rand.63	3	LA_IVB_2024	9	100	100	0
rand.24	3	LA_IVB_2024	8	100	100	0
rand.65	3	LA_IVB_2024	9	100	100	0
rand.6	3	LA_IVB_2024	6	74.7439800719624	100	0
rand.50	3	LA_IVB_2024	8	100	100	0
rand.60	3	LA_IVB_2024	1	1.5015222806532	100	0
rand.26	3	LA_IVB_2024	9	100	100	0
rand.69	3	LA_IVB_2024	8	100	100	0
rand.2	3	LA_IVB_2024	8	100	100	0
rand.87	3	LA_IVB_2024	8	100	100	0
rand.41	3	LA_IVB_2024	2	2.90617215610296	100	0
rand.51	3	LA_IVB_2024	8	100	100	0
rand.10	3	LA_IVB_2024	8	98.9620813728204	100	0
rand.95	3	LA_IVB_2024	8	100	100	0
rand.80	3	LA_IVB_2024	8	100	100	0
rand.68	3	LA_IVB_2024	8	100	100	0
rand.31	3	LA_IVB_2024	24	61.2164406310545	100	0
rand.43	3	LA_IVB_2024	8	100	100	0
rand.72	3	LA_IVB_2024	8	100	100	0
rand.83	3	LA_IVB_2024	8	100	100	0
rand.49	3	LA_IVB_2024	10	100	100	0
rand.15	3	LA_IVB_2024	2	2.90617215610296	100	0
rand.5	3	LA_IVB_2024	8	100	100	0
rand.42	3	LA_IVB_2024	9	100	100	0
rand.3	3	LA_IVB_2024	9	100	100	0
rand.34	3	LA_IVB_2024	9	100	100	0
rand.84	3	LA_IVB_2024	25	89.0949349570994	100	0
rand.12	3	LA_IVB_2024	8	100	100	0
rand.96	3	LA_IVB_2024	8	100	100	0
rand.16	3	LA_IVB_2024	6	60.3376695267091	100	0
rand.64	3	LA_IVB_2024	9	100	100	0
rand.89	3	LA_IVB_2024	8	100	100	0
rand.47	3	LA_IVB_2024	9	100	100	0
rand.28	3	LA_IVB_2024	15	35.1300858012732	100	0
rand.20	3	LA_IVB_2024	8	100	100	0
rand.33	3	LA_IVB_2024	8	100	100	0
rand.7	3	LA_IVB_2024	2	3.62579573761417	100	0
rand.67	3	LA_IVB_2024	8	100	100	0
rand.40	3	LA_IVB_2024	3	4.53224467201771	100	0
rand.21	3	LA_IVB_2024	24	61.3063935787434	100	0
rand.17	3	LA_IVB_2024	5	12.4065873235538	100	0
rand.35	3	LA_IVB_2024	2	4.3039025740382	100	0
rand.36	3	LA_IVB_2024	4	57.4176584555771	100	0
rand.70	3	LA_IVB_2024	9	100	100	0
rand.85	3	LA_IVB_2024	9	100	100	0
rand.73	3	LA_IVB_2024	8	100	100	0
rand.62	3	LA_IVB_2024	8	100	100	0
rand.91	3	LA_IVB_2024	11	32.9227788541378	100	0
rand.22	3	LA_IVB_2024	8	100	100	0
rand.88	3	LA_IVB_2024	9	99.4256850262939	100	0
rand.19	3	LA_IVB_2024	5	10.9050650429006	100	0
rand.74	3	LA_IVB_2024	8	100	100	0
rand.76	3	LA_IVB_2024	6	71.8308884583449	100	0
rand.81	3	LA_IVB_2024	12	29.1862717962912	100	0
rand.25	3	LA_IVB_2024	9	100	100	0
rand.53	3	LA_IVB_2024	8	100	100	0
rand.58	3	LA_IVB_2024	8	100	100	0
rand.57	3	LA_IVB_2024	2	3.62579573761417	100	0
rand.45	3	LA_IVB_2024	9	99.4256850262939	100	0
rand.23	3	LA_IVB_2024	11	32.9227788541378	100	0
rand.54	3	LA_IVB_2024	8	100	100	0
rand.79	3	LA_IVB_2024	18	69.173816772765	100	0
rand.93	3	LA_IVB_2024	8	100	100	0
rand.94	3	LA_IVB_2024	11	29.7467478549682	100	0
rand.55	3	LA_IVB_2024	8	100	100	0
rand.37	3	LA_IVB_2024	8	100	100	0
rand.4	3	LA_IVB_2024	10	100	100	0
rand.8	3	LA_IVB_2024	8	100	100	0
rand.77	3	LA_IVB_2024	8	100	100	0
rand.30	3	LA_IVB_2024	12	26.4461666205369	100	0
rand.38	1	LA_RHV_2024	219	100	8.01622946398208	0
rand.67	1	LA_RHV_2024	7431	100	0.340474127917706	0
rand.10	1	LA_RHV_2024	96	100	15.3955685961468	0
rand.55	1	LA_RHV_2024	5639	97.4639204147401	0.290738742233104	0.00873553725225975
rand.76	1	LA_RHV_2024	5631	100	0.342554973237111	0.0936211328657279
rand.64	1	LA_RHV_2024	2302	99.7057587221522	0.809444888701328	0.0490262432588916
rand.74	1	LA_RHV_2024	45	100	24.7185813415574	0
rand.4	1	LA_RHV_2024	6766	9.93414599971977	0.0344003089720275	0.0116446744051997
rand.11	1	LA_RHV_2024	64	100	24.9313612611815	0
rand.59	1	LA_RHV_2024	3417	7.72033067115034	0.0356741442090052	0.437607151921354
rand.60	1	LA_RHV_2024	97	12.7084209051422	1.84319622825557	0.554787839375711
rand.62	1	LA_RHV_2024	160	100	14.9350447699394	0
rand.25	1	LA_RHV_2024	8056	13.4790528233151	0.0377569987817284	0.0315164969040831
rand.65	1	LA_RHV_2024	274	10.7102908277405	0.604305876598531	0.266651940326767
rand.7	1	LA_RHV_2024	253	96.4550931764046	5.60883203650141	0
rand.80	1	LA_RHV_2024	2770	100	0.828879625219128	0.0443349705904894
rand.100	1	LA_RHV_2024	3846	70.8420905142217	0.302850786687264	0.0186286777412459
rand.21	1	LA_RHV_2024	96	11.7696511139134	2.16774193548387	1.02709677419355
rand.20	1	LA_RHV_2024	51	100	24.1107073166365	11.0474587801429
rand.96	1	LA_RHV_2024	2295	50.0350287235533	0.40482066478559	0.0640503152069052
rand.66	1	LA_RHV_2024	3396	82.2054084349166	0.377502231104459	0.169158576030957
rand.13	1	LA_RHV_2024	83	5.34116331096197	0.477434352776493	0.97361612778243
rand.26	1	LA_RHV_2024	203	100	20.5929141335043	0
rand.14	1	LA_RHV_2024	436	100	4.30238176777178	0
rand.92	1	LA_RHV_2024	10159	100	0.195355036260659	0.00555549035026975
rand.84	1	LA_RHV_2024	159	100	11.9968722760601	0.410193303594319
rand.35	1	LA_RHV_2024	8961	29.3064876957494	0.0724803817115675	0.0105124217749602
rand.52	1	LA_RHV_2024	631	99.7057587221522	1.86976296891874	0
rand.15	1	LA_RHV_2024	41	100	12.7857615087512	0
rand.31	1	LA_RHV_2024	5728	100	0.247787046793134	0.0286104631348773
rand.72	1	LA_RHV_2024	3378	99.7057587221522	0.466923312635866	0
rand.2	1	LA_RHV_2024	3448	7.95852599131288	0.0366135083218379	0.0573052973558343
rand.12	1	LA_RHV_2024	62	100	21.3547520491242	0.655171468516133
rand.87	1	LA_RHV_2024	7062	14.4738685722292	0.0425036588943535	0.0344802189288173
rand.19	1	LA_RHV_2024	455	100	3.20017164741031	0.25747111546527
rand.49	1	LA_RHV_2024	275	2.93932395549024	0.210191274059394	0
rand.51	1	LA_RHV_2024	5752	100	0.37556761310544	0.138381206519945
rand.50	1	LA_RHV_2024	498	54.5327168277988	2.39035505248095	0.155999533229743
rand.22	1	LA_RHV_2024	78	11.2695749440716	0.872048990543786	0
rand.40	1	LA_RHV_2024	3850	37.9431133529494	0.152816409818849	0.10851770904049
rand.53	1	LA_RHV_2024	2401	12.3042505592841	0.048056208288713	0
rand.58	1	LA_RHV_2024	190	82.5922818791946	6.30517158563271	0.23482948177403
rand.29	1	LA_RHV_2024	3416	99.7057587221522	0.454715371564953	0.0710572643592226
rand.91	1	LA_RHV_2024	284	75.0139821029083	2.44168847422915	0.704061895551257
rand.89	1	LA_RHV_2024	316	70.5478492363738	3.42146929511617	0.899027582410862
rand.1	1	LA_RHV_2024	9145	7.10290827740492	0.0157533838764736	0.0309795875838527
rand.9	1	LA_RHV_2024	79	97.4639204147401	9.96618717405009	0.895466788927732
rand.94	1	LA_RHV_2024	9210	98.9911727616646	0.169622190279844	0.397753832465135
rand.32	1	LA_RHV_2024	230	13.2829449226678	1.08443509958748	1.116431077236
rand.98	1	LA_RHV_2024	197	18.6381431767338	1.35184471533172	0
rand.69	1	LA_RHV_2024	2415	87.248322147651	0.335567582450676	0
rand.75	1	LA_RHV_2024	2447	22.5444864789127	0.0875932277206163	0.762534705209864
rand.95	1	LA_RHV_2024	4799	12.3042505592841	0.0325785596796639	0.0751528138064974
rand.33	1	LA_RHV_2024	2493	83.1515659955257	0.32050418374639	0.866606234175544
rand.83	1	LA_RHV_2024	2282	100	1.1129813857279	0.052188501282874
rand.37	1	LA_RHV_2024	2401	44.910514541387	0.174679708548103	0
rand.18	1	LA_RHV_2024	2258	2.8583438419504	0.0231750236862374	0.0472588718307587
rand.16	1	LA_RHV_2024	305	100	7.34636595086229	0
rand.42	1	LA_RHV_2024	2323	11.2695749440716	0.0887517604451242	0.0604525018416541
rand.85	1	LA_RHV_2024	7088	35.8694129185932	0.102477965235952	0.034226039170601
rand.6	1	LA_RHV_2024	3552	22.4832214765101	0.094286131436509	0.150576359159798
rand.73	1	LA_RHV_2024	6781	25.1226005324366	0.08635116944912	0.0115584387438867
rand.93	1	LA_RHV_2024	6769	13.9694549530615	0.0483709141860199	0.010285490278271
rand.34	1	LA_RHV_2024	115	45.7354586129754	3.79492772118709	0
rand.24	1	LA_RHV_2024	6877	65.5737704918033	0.196283036783777	0.450486345746698
rand.56	1	LA_RHV_2024	51	5.29078311988243	0.678367610638527	1.87717598076164
rand.61	1	LA_RHV_2024	13579	97.4639204147401	0.157840480818955	0.0132290109714564
rand.8	1	LA_RHV_2024	90	100	15.3668955663445	0.484042630742539
rand.39	1	LA_RHV_2024	2423	100	0.729247571300559	0.0978589886167689
rand.30	1	LA_RHV_2024	348	100	8.90873908495173	0
rand.46	1	LA_RHV_2024	2649	98.6353138778081	0.658873995841249	0.0650739748979012
rand.27	1	LA_RHV_2024	2420	100	0.722803554016176	0.385615341190139
rand.45	1	LA_RHV_2024	65	9.93414599971977	1.15524995111777	0.348693215146973
rand.77	1	LA_RHV_2024	3541	100	0.445414836561883	0.0128648426908882
rand.44	1	LA_RHV_2024	92	100	27.0204519906716	0
rand.68	1	LA_RHV_2024	7030	99.7057587221522	0.331244821390335	0.0213661288670831
rand.81	1	LA_RHV_2024	178	21.6337396665266	1.92039800995025	0.26865671641791
rand.57	1	LA_RHV_2024	2469	81.9491051454139	0.316482695238126	0.0114475910920462
rand.23	1	LA_RHV_2024	50	100	12.8566025946693	0
rand.97	1	LA_RHV_2024	148	16.4042270277836	1.48056443360831	0
rand.79	1	LA_RHV_2024	407	3.94709216880118	0.165590135055784	0
rand.43	1	LA_RHV_2024	2434	37.8215883668904	0.146850690578266	0
rand.99	1	LA_RHV_2024	6491	15.7298657718121	0.0461532023758438	0.0282252473196271
rand.5	1	LA_RHV_2024	103	100	17.3106445544769	0.443252827088153
rand.63	1	LA_RHV_2024	96	100	13.661858974359	0
rand.41	1	LA_RHV_2024	2387	100	0.61914438212902	0.097699748028936
rand.28	1	LA_RHV_2024	501	57.6712904581757	1.61139407511226	0
rand.88	1	LA_RHV_2024	13748	99.7057587221522	0.1611660485917	0.0386381785971669
rand.71	1	LA_RHV_2024	2314	100	0.855254038730678	0.0826078597074855
rand.17	1	LA_RHV_2024	2491	41.4149888143177	0.158371500401543	0
rand.86	1	LA_RHV_2024	2537	16.2953621970015	0.121146464304502	0.0241667925353778
rand.48	1	LA_RHV_2024	40	99.7057587221522	24.9745551538974	0
rand.3	1	LA_RHV_2024	2409	100	0.496855708639242	0.75881261295544
rand.78	1	LA_RHV_2024	678	48.0089579396739	1.14359636049625	0
rand.90	1	LA_RHV_2024	9076	82.508389261745	0.154765592154767	0.00933681593070614
rand.94	2	LA_RHV_2024	123	98.9911727616646	3.56576862123613	8.36151291550163
rand.14	2	LA_RHV_2024	48	100	38.9989794182684	0
rand.58	2	LA_RHV_2024	54	82.5922818791946	11.9528926121532	0.445172909204962
rand.62	2	LA_RHV_2024	32	100	27.541142303969	0
rand.74	2	LA_RHV_2024	11	100	81.027801179444	0
rand.39	2	LA_RHV_2024	19	100	72.4000431080935	9.71548658260588
rand.35	2	LA_RHV_2024	214	29.3064876957494	1.76768741619087	0.256382144333027
rand.49	2	LA_RHV_2024	55	2.93932395549024	1.07077299612482	0
rand.2	2	LA_RHV_2024	95	5.15081531247813	0.477624338074966	1.15382618627349
rand.38	2	LA_RHV_2024	13	100	57.7155001977066	0
rand.87	2	LA_RHV_2024	95	14.4738685722292	2.74675600935971	2.22824930865773
rand.9	2	LA_RHV_2024	16	97.4639204147401	17.0327383138666	1.53039986287617
rand.45	2	LA_RHV_2024	20	9.93414599971977	2.06038766673447	0.621894161750603
rand.100	2	LA_RHV_2024	117	70.8420905142217	5.72224045633057	0.351981167309891
rand.28	2	LA_RHV_2024	64	57.6712904581757	20.5389221556886	0
rand.34	2	LA_RHV_2024	11	45.7354586129754	78.7433798748195	0
rand.50	2	LA_RHV_2024	50	54.5327168277988	24.393607019743	1.59197743654027
rand.67	2	LA_RHV_2024	192	100	10.6962595149101	0
rand.65	2	LA_RHV_2024	83	10.7102908277405	1.28517020955321	0.567085549385098
rand.68	2	LA_RHV_2024	136	99.7057587221522	11.9693197873915	0.772051402812353
rand.92	2	LA_RHV_2024	56	100	13.7481644640235	0.390969162995595
rand.51	2	LA_RHV_2024	763	100	2.11074984019969	0.800127493794205
rand.66	2	LA_RHV_2024	104	82.2054084349166	4.87175015984522	2.18302900464174
rand.32	2	LA_RHV_2024	41	13.2829449226678	4.79002624671916	4.93135473450434
rand.52	2	LA_RHV_2024	128	99.7057587221522	13.937637104356	0
rand.46	2	LA_RHV_2024	723	98.6353138778081	2.17182270382219	0.214501007784907
rand.80	2	LA_RHV_2024	507	100	3.68786122177668	0.197255685668533
rand.27	2	LA_RHV_2024	34	100	26.8310972396741	14.3143772040047
rand.41	2	LA_RHV_2024	43	100	13.8742501882119	2.1893289943415
rand.90	2	LA_RHV_2024	67	82.508389261745	9.00132708940311	0.543038882194121
rand.13	2	LA_RHV_2024	25	5.34116331096197	1.02281246653101	2.0857877262504
rand.20	2	LA_RHV_2024	22	100	29.1761443642902	13.3684278936765
rand.40	2	LA_RHV_2024	992	37.9431133529494	0.417856740563119	0.296727663258079
rand.17	2	LA_RHV_2024	87	41.4149888143177	5.36847065646863	0
rand.3	2	LA_RHV_2024	16	100	21.2029902242668	32.3818286371478
rand.12	2	LA_RHV_2024	24	100	54.8707473409875	1.68345425089808
rand.76	2	LA_RHV_2024	528	100	1.94385113383432	0.531259387514222
rand.5	2	LA_RHV_2024	62	100	27.4978533402026	0.704104413532543
rand.86	2	LA_RHV_2024	51	16.2953621970015	5.06444870231667	1.01027695523428
rand.77	2	LA_RHV_2024	318	99.7057587221522	3.04109062159448	0.0906002265005662
rand.88	2	LA_RHV_2024	188	99.7057587221522	8.73128834355828	2.09325153374233
rand.56	2	LA_RHV_2024	14	5.29078311988243	0.86189205828032	2.38502405545295
rand.23	2	LA_RHV_2024	14	100	72.7010692701069	0
rand.78	2	LA_RHV_2024	140	48.0089579396739	7.12712463117649	0
rand.44	2	LA_RHV_2024	15	100	97.4466025291946	0
rand.1	2	LA_RHV_2024	1082	7.10290827740492	0.104614573551459	0.205728265704542
rand.61	2	LA_RHV_2024	94	97.4639204147401	15.4194006029438	1.2923390672105
rand.59	2	LA_RHV_2024	48	4.91287003989082	0.523162225004472	10.0742264353425
rand.96	2	LA_RHV_2024	56	50.0350287235533	13.0423666910153	2.06355003652301
rand.89	2	LA_RHV_2024	72	70.5478492363738	11.3531308484971	2.98315632821484
rand.21	2	LA_RHV_2024	14	11.7696511139134	7.34137388568432	3.47841286488376
rand.95	2	LA_RHV_2024	146	12.3042505592841	0.553500893149169	1.2768259239691
rand.99	2	LA_RHV_2024	120	15.7298657718121	1.39122477245746	0.850811238622873
rand.43	2	LA_RHV_2024	56	37.8215883668904	2.67456346773715	0
rand.29	2	LA_RHV_2024	150	99.7057587221522	4.05130745187791	0.633087954818471
rand.8	2	LA_RHV_2024	56	100	20.5698672911788	0.647931303669009
rand.98	2	LA_RHV_2024	46	18.6381431767338	2.6613160836927	0
rand.71	2	LA_RHV_2024	510	5.12282175099727	0.155931799009876	0.314845900186607
rand.69	2	LA_RHV_2024	61	87.248322147651	7.78248939885258	0
rand.16	2	LA_RHV_2024	28	100	38.5134179125595	0
rand.31	2	LA_RHV_2024	95	100	5.40705376231261	0.624319609669084
rand.64	2	LA_RHV_2024	82	99.7057587221522	15.5598801740537	0.942426694072114
rand.60	2	LA_RHV_2024	70	9.79403110550651	1.6973434995872	0.662910980525472
rand.83	2	LA_RHV_2024	519	99.6076782962029	2.71755958638353	0.178137961352472
rand.48	2	LA_RHV_2024	6	99.7057587221522	55.3601991597946	0
rand.85	2	LA_RHV_2024	171	35.8694129185932	2.69346099216161	0.899573886053974
rand.93	2	LA_RHV_2024	24	10.9429732380552	2.10489435101337	0.571366968520914
rand.30	2	LA_RHV_2024	38	100	46.7622624331399	0
rand.15	2	LA_RHV_2024	4	100	97.3506424692012	0
rand.53	2	LA_RHV_2024	42	12.3042505592841	2.03261421906038	0
rand.19	2	LA_RHV_2024	116	100	14.2245334964821	1.14444064563727
rand.42	2	LA_RHV_2024	268	11.2695749440716	0.559186335317543	0.380884985222495
rand.6	2	LA_RHV_2024	611	22.4832214765101	0.349128806383325	0.557563914671877
rand.91	2	LA_RHV_2024	172	75.0139821029083	3.91268834142855	1.12822532417334
rand.84	2	LA_RHV_2024	25	100	55.2446726875627	1.88890856501977
rand.97	2	LA_RHV_2024	33	16.4042270277836	3.07627696991968	0
rand.26	2	LA_RHV_2024	14	100	80.4409672830726	0
rand.73	2	LA_RHV_2024	75	20.7992161802785	6.01936241746668	0.972171588285332
rand.55	2	LA_RHV_2024	335	97.4639204147401	2.96747551278113	0.0891607794955804
rand.72	2	LA_RHV_2024	33	99.7057587221522	29.2767217970871	0
rand.33	2	LA_RHV_2024	72	83.1515659955257	4.5131326316109	12.2029885179592
rand.81	2	LA_RHV_2024	31	18.425108589043	13.132927194647	2.15719564566064
rand.7	2	LA_RHV_2024	36	96.4550931764046	43.2520733852727	0
rand.11	2	LA_RHV_2024	8	100	91.2578344499676	0
rand.57	2	LA_RHV_2024	53	81.9491051454139	11.5704274010463	0.418517421774751
rand.63	2	LA_RHV_2024	11	100	82.1546520897392	0
rand.10	2	LA_RHV_2024	11	100	95.7704133925521	0
rand.37	2	LA_RHV_2024	17	32.6404926866821	6.30662303594126	0
rand.24	2	LA_RHV_2024	114	65.5737704918033	6.92317933697244	15.8892883030814
rand.79	2	LA_RHV_2024	26	3.94709216880118	0.891333206903091	0
rand.75	2	LA_RHV_2024	24	22.5444864789127	2.55676852425673	22.2577108261429
rand.25	2	LA_RHV_2024	6990	13.4790528233151	0.0429882653654003	0.0358831362665451
rand.91	3	LA_RHV_2024	15	75.0874737578726	100	0
rand.73	3	LA_RHV_2024	3	20.7977606717985	100	0
rand.87	3	LA_RHV_2024	4	14.4576627011896	100	0
rand.50	3	LA_RHV_2024	7	54.4716585024493	100	0
rand.68	3	LA_RHV_2024	1	99.594121763471	100	0
rand.46	3	LA_RHV_2024	3	98.628411476557	97.0260223048327	0.267323837767848
rand.71	3	LA_RHV_2024	0	0	0	66.8778280542986
rand.32	3	LA_RHV_2024	2	13.2820153953814	100	0
rand.63	3	LA_RHV_2024	4	100	100	0
rand.76	3	LA_RHV_2024	6	100	100	0
rand.3	3	LA_RHV_2024	6	100	100	0
rand.34	3	LA_RHV_2024	7	40.6018194541638	100	0
rand.62	3	LA_RHV_2024	1	99.594121763471	100	0
rand.85	3	LA_RHV_2024	3	35.8292512246326	100	0
rand.74	3	LA_RHV_2024	4	100	100	0
rand.81	3	LA_RHV_2024	3	18.4044786564031	100	0
rand.53	3	LA_RHV_2024	0	0	0	0
rand.57	3	LA_RHV_2024	14	82.0293911826452	100	0
rand.58	3	LA_RHV_2024	4	82.6731980405878	100	0
rand.20	3	LA_RHV_2024	7	100	100	0
rand.39	3	LA_RHV_2024	13	100	88.1685149944222	1.39984037437212
rand.23	3	LA_RHV_2024	1	9.9370188943317	100	0
rand.26	3	LA_RHV_2024	2	100	100	0
rand.19	3	LA_RHV_2024	4	100	100	0
rand.94	3	LA_RHV_2024	4	0	0	70.104096140826
rand.84	3	LA_RHV_2024	3	100	100	0
rand.52	3	LA_RHV_2024	1	99.594121763471	100	0
rand.64	3	LA_RHV_2024	1	99.594121763471	100	0
rand.67	3	LA_RHV_2024	3	100	100	0
rand.2	3	LA_RHV_2024	1	5.15045486354094	100	0
rand.96	3	LA_RHV_2024	3	49.9790062981106	100	0
rand.51	3	LA_RHV_2024	16	100	94.6040372670807	1.48321541676709
rand.72	3	LA_RHV_2024	1	99.594121763471	100	0
rand.89	3	LA_RHV_2024	11	70.4688593421973	100	0
rand.56	3	LA_RHV_2024	1	5.29041287613716	100	0
rand.95	3	LA_RHV_2024	1	12.3163051084675	100	0
rand.43	3	LA_RHV_2024	5	25.55633310007	100	0
rand.69	3	LA_RHV_2024	14	82.3932820153954	100	0
rand.45	3	LA_RHV_2024	1	9.92302309307208	100	0
rand.78	3	LA_RHV_2024	3	48.0055983205039	100	0
rand.75	3	LA_RHV_2024	3	22.519244226732	100	0
rand.97	3	LA_RHV_2024	1	9.9370188943317	100	0
rand.25	3	LA_RHV_2024	2	13.4639608117565	100	0
rand.38	3	LA_RHV_2024	1	99.594121763471	100	0
rand.99	3	LA_RHV_2024	3	15.7452764170749	81.2861271676301	7.10156895127991
rand.61	3	LA_RHV_2024	1	97.3547935619314	100	0
rand.93	3	LA_RHV_2024	3	10.9307207837649	100	0
rand.40	3	LA_RHV_2024	6	37.9006298110567	100	0
rand.33	3	LA_RHV_2024	15	83.2330300909727	58.1670579029734	30.5385984891355
rand.11	3	LA_RHV_2024	4	100	100	0
rand.14	3	LA_RHV_2024	3	100	100	0
rand.42	3	LA_RHV_2024	1	11.2806158152554	100	0
rand.31	3	LA_RHV_2024	5	100	92.2259507829978	0.804707497508548
rand.1	3	LA_RHV_2024	1	7.10986703988803	100	0
rand.83	3	LA_RHV_2024	1	99.4961511546536	100	0
rand.6	3	LA_RHV_2024	5	22.5052484254724	100	0
rand.30	3	LA_RHV_2024	12	100	100	0
rand.21	3	LA_RHV_2024	3	11.7564730580826	100	0
rand.100	3	LA_RHV_2024	12	70.7627711686494	100	0
rand.12	3	LA_RHV_2024	4	100	100	0
rand.66	3	LA_RHV_2024	3	75.6473058082575	100	0
rand.86	3	LA_RHV_2024	2	16.2771168649405	100	0
rand.98	3	LA_RHV_2024	4	18.6564030790763	100	0
rand.29	3	LA_RHV_2024	1	99.594121763471	100	0
rand.41	3	LA_RHV_2024	9	100	85.4008097165992	1.98974526275392
rand.79	3	LA_RHV_2024	1	3.94681595521344	100	0
rand.13	3	LA_RHV_2024	1	5.34639608117565	100	0
rand.59	3	LA_RHV_2024	1	4.91252624212736	100	0
rand.80	3	LA_RHV_2024	6	100	100	0
rand.15	3	LA_RHV_2024	2	100	100	0
rand.48	3	LA_RHV_2024	0	0	0	0
rand.27	3	LA_RHV_2024	14	100	100	0
rand.77	3	LA_RHV_2024	1	99.594121763471	100	0
rand.7	3	LA_RHV_2024	1	96.3470958712386	100	0
rand.10	3	LA_RHV_2024	8	100	100	0
rand.49	3	LA_RHV_2024	1	2.93911826452064	100	0
rand.35	3	LA_RHV_2024	5	29.3351994401679	100	0
rand.55	3	LA_RHV_2024	1	97.3547935619314	100	0
rand.17	3	LA_RHV_2024	4	41.4555633310007	100	0
rand.5	3	LA_RHV_2024	5	100	100	0
rand.9	3	LA_RHV_2024	1	97.3547935619314	100	0
rand.60	3	LA_RHV_2024	2	9.78306508047586	100	0
rand.37	3	LA_RHV_2024	1	32.6382085374388	100	0
rand.8	3	LA_RHV_2024	9	100	100	0
rand.90	3	LA_RHV_2024	12	82.5892232330301	100	0
rand.16	3	LA_RHV_2024	4	100	100	0
rand.65	3	LA_RHV_2024	2	10.7207837648705	100	0
rand.88	3	LA_RHV_2024	1	99.594121763471	100	0
rand.24	3	LA_RHV_2024	9	60.3778866340098	90.8593091828138	6.36665326939867
rand.28	3	LA_RHV_2024	10	54.4856543037089	100	0
rand.92	3	LA_RHV_2024	3	100	100	0
rand.44	3	LA_RHV_2024	12	100	100	0
rand.45	1	LA_HMB_2024	686	99.2481838148336	13.6003735115488	0
rand.55	1	LA_HMB_2024	266	99.2481838148336	25.7326207893469	0
rand.46	1	LA_HMB_2024	424	100	26.1305542131902	0.1691380318946
rand.96	1	LA_HMB_2024	8854	99.183420622853	0.645879365195786	0.0920484446196584
rand.16	1	LA_HMB_2024	516	95.3003423591659	17.0816808836506	0.102443427899098
rand.56	1	LA_HMB_2024	1025	99.1862364138086	5.57638178703841	0.0747211413337724
rand.79	1	LA_HMB_2024	272	99.2481838148336	21.9409256434996	0.146907778019857
rand.62	1	LA_HMB_2024	94	100	47.6496915727471	0.262047214878716
rand.89	1	LA_HMB_2024	86	100	47.8210275208006	0
rand.31	1	LA_HMB_2024	459	99.2481838148336	16.8040504784199	0.457204426158386
rand.47	1	LA_HMB_2024	132	95.3116600175424	25.7294308148239	0
rand.2	1	LA_HMB_2024	8734	99.2481838148336	0.64710534780329	0.130148092336299
rand.87	1	LA_HMB_2024	809	99.2481838148336	6.10109465550547	0
rand.86	1	LA_HMB_2024	910	99.2481838148336	5.63326482274083	0.0346814896738661
rand.92	1	LA_HMB_2024	1061	100	6.51553019549073	0.166464210194808
rand.6	1	LA_HMB_2024	8665	100	0.778754497704927	0.0195277985265793
rand.90	1	LA_HMB_2024	18	99.2481838148336	52.2626849737552	0
rand.42	1	LA_HMB_2024	132	95.3003423591659	35.761153462298	0.607308941880959
rand.1	1	LA_HMB_2024	403	99.262262769612	20.4128666145517	7.02336489186137
rand.72	1	LA_HMB_2024	8672	95.3003423591659	0.622279996068488	0.014613843503657
rand.88	1	LA_HMB_2024	122	95.3003423591659	35.1179739550208	0.682924794861903
rand.73	1	LA_HMB_2024	685	95.3003423591659	15.2283208246677	0.224251740663713
rand.14	1	LA_HMB_2024	1414	99.2481838148336	4.88851164396956	0.110399616097817
rand.8	1	LA_HMB_2024	79	99.2481838148336	49.353795314841	0
rand.30	1	LA_HMB_2024	107	95.3003423591659	49.5483833004796	0
rand.53	1	LA_HMB_2024	8653	99.262262769612	0.65396894890427	0.0571935285791406
rand.67	1	LA_HMB_2024	280	99.2481838148336	25.4927203951889	0.513514099939969
rand.58	1	LA_HMB_2024	29	99.1862364138086	49.862691806806	0.794122643111942
rand.63	1	LA_HMB_2024	68	95.3116600175424	44.6408693347469	1.47495361781076
rand.82	1	LA_HMB_2024	459	99.1862364138086	18.8243152972612	0.354308617234469
rand.3	1	LA_HMB_2024	350	99.1862364138086	17.2233386629115	0.105124707239914
rand.80	1	LA_HMB_2024	94	99.2481838148336	30.2988885163886	0.32493488408077
rand.50	1	LA_HMB_2024	22	99.2481838148336	83.4623854514456	0
rand.54	1	LA_HMB_2024	30	100	57.2553117380704	0
rand.68	1	LA_HMB_2024	865	100	6.89387343589847	0
rand.57	1	LA_HMB_2024	304	95.3003423591659	28.4656665962392	0
rand.20	1	LA_HMB_2024	473	99.2566311877006	18.5125859325354	0.576647357558124
rand.52	1	LA_HMB_2024	440	100	22.5174840188285	0
rand.99	1	LA_HMB_2024	8667	99.1862364138086	0.651887466364642	0.0548529297460554
rand.43	1	LA_HMB_2024	46	99.2481838148336	61.8314182966406	0
rand.77	1	LA_HMB_2024	510	99.2481838148336	17.8580656928759	0.216848302452716
rand.41	1	LA_HMB_2024	9289	95.3116600175424	0.602854997856917	0.0602747620014872
rand.12	1	LA_HMB_2024	320	95.3003423591659	22.4162601409585	0.175033442701505
rand.69	1	LA_HMB_2024	8644	95.3003423591659	0.627102591280552	0.0101283715235621
rand.36	1	LA_HMB_2024	293	99.2481838148336	21.0254115962777	0
rand.39	1	LA_HMB_2024	280	99.1862364138086	22.2210306520903	0.127427911759325
rand.97	1	LA_HMB_2024	9023	99.2594469786563	0.643572707595148	0.122868693714089
rand.37	1	LA_HMB_2024	436	99.2481838148336	16.9444511213134	0.234117731894335
rand.59	1	LA_HMB_2024	425	100	23.0667332745837	0.149306510549684
rand.48	1	LA_HMB_2024	8928	95.3003423591659	0.614062434481715	0.0811651908530549
rand.65	1	LA_HMB_2024	1255	95.3003423591659	5.0568865961427	0.0388852689389276
rand.32	1	LA_HMB_2024	772	99.2481838148336	12.193282572673	0.36150538452757
rand.80	2	LA_HMB_2024	36	85.312834375176	43.0589505997385	0.537206526064465
rand.32	2	LA_HMB_2024	311	85.312834375176	22.1830109384838	0.765108140164883
rand.48	2	LA_HMB_2024	97	12.4550830433183	3.44420189501522	3.4833227706969
rand.55	2	LA_HMB_2024	65	85.312834375176	41.2268168891429	0
rand.82	2	LA_HMB_2024	157	85.3184659570873	30.3318484408629	0.663696881725812
rand.88	2	LA_HMB_2024	38	0.701694819341878	0.781028564230152	2.06279721601109
rand.92	2	LA_HMB_2024	34	100	61.89459801829	1.86197442171204
rand.99	2	LA_HMB_2024	123	99.1862364138086	20.4619254250678	1.72176428558981
rand.41	2	LA_HMB_2024	313	14.4102085278556	1.50378381889636	0.994451973697808
rand.56	2	LA_HMB_2024	173	55.7216872219406	8.34032258744294	0.19893032802431
rand.50	2	LA_HMB_2024	9	55.7216872219406	87.6395039858282	0
rand.63	2	LA_HMB_2024	36	52.9270293976176	35.5965746907707	2.11798287345385
rand.59	2	LA_HMB_2024	28	100	69.220468675275	0.508847441415591
rand.8	2	LA_HMB_2024	70	85.312834375176	49.6249222000197	0
rand.3	2	LA_HMB_2024	160	85.3184659570873	29.1035529386904	0.206510359135922
rand.39	2	LA_HMB_2024	75	55.7216872219406	27.4450793298569	0.280150893154333
rand.14	2	LA_HMB_2024	172	55.7216872219406	27.9639940084221	1.12483395981121
rand.2	2	LA_HMB_2024	399	85.312834375176	4.41496407322621	1.03299492755629
rand.46	2	LA_HMB_2024	25	100	87.3316599893807	0.641984843365352
rand.53	2	LA_HMB_2024	118	55.7216872219406	12.7663555019386	1.9889167725745
rand.1	2	LA_HMB_2024	35	85.3184659570873	44.9148396851514	17.9792769155512
rand.43	2	LA_HMB_2024	10	85.312834375176	93.5238918384986	0
rand.62	2	LA_HMB_2024	55	100	51.7431218898358	0.323171080478179
rand.86	2	LA_HMB_2024	230	85.312834375176	11.4051895155674	0.0816861220172331
rand.79	2	LA_HMB_2024	42	85.312834375176	41.4280635545711	0.32269532638718
rand.30	2	LA_HMB_2024	10	16.7473049825991	65.8324991658325	0
rand.20	2	LA_HMB_2024	178	85.312834375176	28.7334629427664	1.04130115225947
rand.67	2	LA_HMB_2024	19	85.312834375176	78.7779511180447	1.84607384295372
rand.16	2	LA_HMB_2024	102	50.9605862547039	36.4602522318266	0.408915160225916
rand.68	2	LA_HMB_2024	28	100	85.7241347612263	0
rand.47	2	LA_HMB_2024	19	44.1190617661206	32.8584975239701	0
rand.65	2	LA_HMB_2024	101	50.9605862547039	36.6957336701846	0.52768835825761
rand.31	2	LA_HMB_2024	64	55.7216872219406	50.9146576787506	2.4673887874032
rand.87	2	LA_HMB_2024	20	85.312834375176	46.8849617777228	0
rand.12	2	LA_HMB_2024	24	30.7302719067425	53.0218707283734	1.28392892013279
rand.57	2	LA_HMB_2024	69	53.0175706646295	49.3079311615178	0
rand.58	2	LA_HMB_2024	26	99.1862364138086	52.8316885142634	0.84140744518103
rand.36	2	LA_HMB_2024	10	85.312834375176	56.6444810050853	0
rand.90	2	LA_HMB_2024	13	85.312834375176	49.4661224489796	0
rand.89	2	LA_HMB_2024	19	100	89.0836577269362	0
rand.52	2	LA_HMB_2024	22	100	71.0286523238889	0
rand.97	2	LA_HMB_2024	281	55.7216872219406	5.82802482115983	1.98204088364271
rand.37	2	LA_HMB_2024	234	55.7216872219406	21.4680133219063	0.528319899326311
rand.45	2	LA_HMB_2024	120	85.312834375176	40.9034452964683	0
rand.77	2	LA_HMB_2024	203	85.312834375176	27.8704810964953	0.393708030539969
rand.69	2	LA_HMB_2024	11	6.34920634920635	8.95736867315983	2.17148331470541
rand.6	2	LA_HMB_2024	21	100	57.025997310623	1.68406223986681
rand.54	2	LA_HMB_2024	19	100	54.1165034023779	0
rand.72	2	LA_HMB_2024	10	2.05698440992559	4.39939485627837	4.78668683812406
rand.96	2	LA_HMB_2024	109	85.2480711831954	16.321194641365	2.70627240626432
rand.42	2	LA_HMB_2024	51	51.6622810740458	35.6412258442319	1.1165332812805
rand.69	3	LA_HMB_2024	2	6.37626800784247	100	0
rand.41	3	LA_HMB_2024	6	14.4716278805444	78.4745762711864	8.56844665153578
rand.99	3	LA_HMB_2024	5	100	98.0815280948934	0.148900225895833
rand.80	3	LA_HMB_2024	2	86.0909840025005	100	0
rand.42	3	LA_HMB_2024	7	51.8824766288751	100	0
rand.6	3	LA_HMB_2024	7	100	100	0
rand.2	3	LA_HMB_2024	4	86.0909840025005	97.7764869138671	0.421603345216147
rand.31	3	LA_HMB_2024	2	56.2299320887677	98.673647469459	0.0613057681120503
rand.3	3	LA_HMB_2024	2	86.0966669508141	100	0
rand.87	3	LA_HMB_2024	2	86.0909840025005	100	0
rand.46	3	LA_HMB_2024	6	100	99.263239530246	0.00537648582904625
rand.54	3	LA_HMB_2024	6	100	100	0
rand.1	3	LA_HMB_2024	2	86.0966669508141	100	0
rand.55	3	LA_HMB_2024	1	29.8610519137328	100	0
rand.47	3	LA_HMB_2024	4	31.7989372886654	100	0
rand.97	3	LA_HMB_2024	10	56.2299320887677	87.9589296826385	3.05578653930551
rand.82	3	LA_HMB_2024	2	86.0966669508141	100	0
rand.14	3	LA_HMB_2024	2	56.2299320887677	98.673647469459	0.0512886380524964
rand.90	3	LA_HMB_2024	2	86.0909840025005	100	0
rand.45	3	LA_HMB_2024	2	86.0909840025005	100	0
rand.86	3	LA_HMB_2024	2	86.0909840025005	100	0
rand.57	3	LA_HMB_2024	7	53.2435427499787	100	0
rand.16	3	LA_HMB_2024	6	51.1777910379905	100	0
rand.79	3	LA_HMB_2024	2	86.0909840025005	100	0
rand.89	3	LA_HMB_2024	7	100	100	0
rand.72	3	LA_HMB_2024	1	2.06575171198818	100	0
rand.39	3	LA_HMB_2024	1	56.2299320887677	100	0
rand.56	3	LA_HMB_2024	1	56.2299320887677	100	0
rand.77	3	LA_HMB_2024	2	86.0909840025005	100	0
rand.8	3	LA_HMB_2024	2	86.0909840025005	100	0
rand.37	3	LA_HMB_2024	1	56.2299320887677	100	0
rand.43	3	LA_HMB_2024	2	86.0909840025005	100	0
rand.96	3	LA_HMB_2024	2	86.0256300968943	100	0
rand.62	3	LA_HMB_2024	6	100	100	0
rand.92	3	LA_HMB_2024	7	100	100	0
rand.32	3	LA_HMB_2024	3	86.0909840025005	99.1296950660908	0.0290166434589896
rand.30	3	LA_HMB_2024	2	16.8186855340551	100	0
rand.65	3	LA_HMB_2024	6	51.1777910379905	100	0
rand.68	3	LA_HMB_2024	7	100	100	0
rand.53	3	LA_HMB_2024	4	56.2299320887677	96.1938557262298	0.513044018714303
rand.52	3	LA_HMB_2024	7	100	100	0
rand.67	3	LA_HMB_2024	2	86.0909840025005	100	0
rand.59	3	LA_HMB_2024	7	100	99.270253216647	0.00532530367814042
rand.36	3	LA_HMB_2024	2	86.0909840025005	100	0
rand.63	3	LA_HMB_2024	7	53.1526155769613	100	0
rand.58	3	LA_HMB_2024	3	100	100	0
rand.20	3	LA_HMB_2024	3	86.0909840025005	99.1296950660908	0.0304368332727831
rand.48	3	LA_HMB_2024	1	12.5081692382008	100	0
rand.88	3	LA_HMB_2024	1	0.704685590884551	100	0
rand.12	3	LA_HMB_2024	2	30.8612508169238	100	0
rand.50	3	LA_HMB_2024	1	56.2299320887677	100	0
rand.22	1	LA_HRSV_2024	153	100	11.8868126490917	0.163618569943116
rand.19	1	LA_HRSV_2024	2883	94.4509119130772	0.863552854177002	6.64930967215858
rand.64	1	LA_HRSV_2024	131	100	11.0456196436344	0.174115329998501
rand.47	1	LA_HRSV_2024	97	99.8577156900789	27.0090613301613	0
rand.8	1	LA_HRSV_2024	164	100	19.6726292203107	0.264580405858747
rand.62	1	LA_HRSV_2024	194	100	16.8324080287963	0.20438045268745
rand.42	1	LA_HRSV_2024	953	99.3597206053551	4.26208951414454	3.4012378730334
rand.56	1	LA_HRSV_2024	33	99.9741301254689	63.1299518091971	1.33137302948624
rand.94	1	LA_HRSV_2024	24	99.5084723839089	70.2492923020729	1.13231668340791
rand.59	1	LA_HRSV_2024	30	99.6442892251973	51.7708333333333	0
rand.31	1	LA_HRSV_2024	370	100	11.4988807706799	1.88015750474657
rand.58	1	LA_HRSV_2024	47	99.8577156900789	56.5629922702128	0
rand.95	1	LA_HRSV_2024	470	99.8577156900789	7.80069822311816	0
rand.68	1	LA_HRSV_2024	71	99.708963911525	26.8462569871315	0.827137060964355
rand.79	1	LA_HRSV_2024	390	99.2821109817617	9.3236964377904	1.19226213975523
rand.28	1	LA_HRSV_2024	89	94.3021601345233	46.1628569619452	0
rand.50	1	LA_HRSV_2024	89	100	38.805489496631	0
rand.77	1	LA_HRSV_2024	248	52.7292717630319	7.68085767850245	0.439955910200006
rand.86	1	LA_HRSV_2024	538	99.9223903764067	7.69813351403601	0.408574076473109
rand.61	1	LA_HRSV_2024	50	100	40.8742996922591	1.39403982219417
rand.21	1	LA_HRSV_2024	104	100	26.2436694388455	0.5504835786514
rand.83	1	LA_HRSV_2024	210	99.65075669383	18.2358301871161	0.253275419265501
rand.90	1	LA_HRSV_2024	368	100	8.33546516585657	0.114585998123987
rand.1	1	LA_HRSV_2024	1337	99.8641831587117	2.47484841733756	0.0663549799091866
rand.89	1	LA_HRSV_2024	109	93.8429698615962	22.5107822147755	0.3599242917869
rand.78	1	LA_HRSV_2024	169	99.8577156900789	20.1138569362844	0
rand.24	1	LA_HRSV_2024	289	99.8641831587117	12.9926626501969	0.371074686143179
rand.72	1	LA_HRSV_2024	971	99.8577156900789	3.26016267029282	0.141893090313263
rand.100	1	LA_HRSV_2024	30	6.73263484672099	13.522992985191	3.14367368147571
rand.51	1	LA_HRSV_2024	20	99.8641831587117	69.2204240821267	0
rand.84	1	LA_HRSV_2024	21	100	29.9639828046939	1.4000232369002
rand.30	1	LA_HRSV_2024	666	100	4.51861091968562	0.0660054490842107
rand.75	1	LA_HRSV_2024	37	100	71.857935827429	0
rand.11	1	LA_HRSV_2024	933	100	4.75499025842738	0.391807276158267
rand.44	1	LA_HRSV_2024	157	99.5084723839089	16.1949371085732	0.221040997842219
rand.85	1	LA_HRSV_2024	24	99.5796145388695	71.7073397913562	1.90480625931446
rand.70	1	LA_HRSV_2024	39	99.8771180959772	21.9118022645365	2.65756690030932
rand.57	1	LA_HRSV_2024	34	100	67.5157314024653	1.06025342642876
rand.4	1	LA_HRSV_2024	116	100	18.2099146989739	1.49248699131256
rand.91	1	LA_HRSV_2024	235	100	9.94951307339166	0.7591600361328
rand.46	1	LA_HRSV_2024	7150	99.8577156900789	0.67136389488459	0.021828023007258
rand.17	1	LA_HRSV_2024	140	99.6701590997284	25.1271766777539	0.569034109437162
rand.69	1	LA_HRSV_2024	85	100	43.0292318150918	0.595513256288239
rand.49	1	LA_HRSV_2024	149	100	24.1221302660495	0
rand.53	1	LA_HRSV_2024	717	99.8577156900789	5.8652585994036	0.571330889475584
rand.32	1	LA_HRSV_2024	39	100	57.7829750900249	2.32765341352044
rand.80	1	LA_HRSV_2024	203	100	21.7508744918493	0
rand.5	1	LA_HRSV_2024	27	100	33.0318953928877	0
rand.41	1	LA_HRSV_2024	333	90.3181994567326	10.0053734551317	0.343901128425578
rand.67	1	LA_HRSV_2024	85	99.5084723839089	21.5886289971797	0.453212476672887
rand.52	1	LA_HRSV_2024	471	80.558789289872	9.54899841309997	84.035939069172
rand.29	1	LA_HRSV_2024	27	100	80.3799980156762	0
rand.96	1	LA_HRSV_2024	216	99.3985254171517	15.9937144878973	0.342373093013091
rand.74	1	LA_HRSV_2024	62	100	53.8346663126804	0
rand.63	1	LA_HRSV_2024	1264	100	2.48766533275477	7.78522411327001
rand.99	1	LA_HRSV_2024	13	100	83.2014542343884	1.36869118905047
rand.71	1	LA_HRSV_2024	211	47.4388824214203	10.3595842042822	0
rand.36	1	LA_HRSV_2024	44	100	60.4431360396653	0
rand.20	1	LA_HRSV_2024	44	100	31.9732221697435	0
rand.60	1	LA_HRSV_2024	46	100	55.2804411196572	0.70944403469954
rand.18	1	LA_HRSV_2024	187	100	21.8494490493815	0
rand.33	1	LA_HRSV_2024	291	99.1398266718406	11.8826693952854	0.343402866600002
rand.98	1	LA_HRSV_2024	39	100	60.1243036343654	0.826164399135938
rand.23	1	LA_HRSV_2024	118	99.8641831587117	18.0769861153387	0.708281626823386
rand.9	1	LA_HRSV_2024	116	100	21.2115421364418	2.97425677704676
rand.43	1	LA_HRSV_2024	50	100	29.8891710921265	1.13907488647733
rand.66	1	LA_HRSV_2024	1184	100	2.63298021649742	0.113981827554001
rand.15	1	LA_HRSV_2024	733	100	6.53375582050049	0.255629394914537
rand.45	1	LA_HRSV_2024	76	100	46.4261069580218	0
rand.16	1	LA_HRSV_2024	628	99.5084723839089	5.78777893137122	0.118117937374923
rand.35	1	LA_HRSV_2024	112	24.9902987970508	5.64837959917555	1.22498501659138
rand.25	1	LA_HRSV_2024	55	99.4632001034795	29.7046723195488	2.57083808162556
rand.81	1	LA_HRSV_2024	64	100	34.943335132218	1.25022486058644
rand.2	1	LA_HRSV_2024	9	100	41.6373452230668	1.44771829926674
rand.40	1	LA_HRSV_2024	65	100	31.2178691721326	0.535760011030353
rand.92	1	LA_HRSV_2024	117	99.5084723839089	15.1513062659406	1.94782814207919
rand.55	1	LA_HRSV_2024	162	100	24.8089666761787	0.773645328006595
rand.87	1	LA_HRSV_2024	51	100	28.2773878824148	0
rand.3	1	LA_HRSV_2024	73	100	36.4113498441857	0.567023594742145
rand.65	1	LA_HRSV_2024	25	100	73.7162592020358	0
rand.10	1	LA_HRSV_2024	206	100	12.8900171976087	0.449594627794611
rand.27	1	LA_HRSV_2024	22	88.972965981115	73.1405178372056	1.51523206975384
rand.97	1	LA_HRSV_2024	41	100	63.1956696070569	1.44747393744988
rand.88	1	LA_HRSV_2024	32	1.70094425042039	0.765514029572709	0.81790662475259
rand.26	1	LA_HRSV_2024	179	99.4179278230501	20.559322713959	0
rand.93	1	LA_HRSV_2024	10	100	93.8142481472627	0
rand.37	1	LA_HRSV_2024	199	99.8577156900789	14.5674120200019	2.86253420133975
rand.76	1	LA_HRSV_2024	387	37.9317035312379	4.03850523662955	0.164569949114145
rand.38	1	LA_HRSV_2024	974	34.2258440046566	1.30928199786734	0.36517389056164
rand.12	1	LA_HRSV_2024	13	100	90.8985975644947	1.1773532636925
rand.54	1	LA_HRSV_2024	597	100	3.51146907567141	2.04189455162218
rand.7	1	LA_HRSV_2024	187	99.8641831587117	20.7228365900794	0.291228258535538
rand.14	1	LA_HRSV_2024	35	100	72.1834631138317	1.01273799342846
rand.48	1	LA_HRSV_2024	13	24.2788772474453	41.934763181412	3.99910634495085
rand.73	1	LA_HRSV_2024	54	99.8577156900789	26.4247817901763	0.39192195789834
rand.22	2	LA_HRSV_2024	153	100	11.8868126490917	0.163618569943116
rand.19	2	LA_HRSV_2024	2883	94.4509119130772	0.863552854177002	6.64930967215858
rand.64	2	LA_HRSV_2024	131	100	11.0456196436344	0.174115329998501
rand.47	2	LA_HRSV_2024	97	99.8577156900789	27.0090613301613	0
rand.8	2	LA_HRSV_2024	164	100	19.6726292203107	0.264580405858747
rand.62	2	LA_HRSV_2024	194	100	16.8324080287963	0.20438045268745
rand.42	2	LA_HRSV_2024	953	99.3597206053551	4.26208951414454	3.4012378730334
rand.56	2	LA_HRSV_2024	33	99.9741301254689	63.1299518091971	1.33137302948624
rand.94	2	LA_HRSV_2024	24	99.5084723839089	70.2492923020729	1.13231668340791
rand.59	2	LA_HRSV_2024	30	99.6442892251973	51.7708333333333	0
rand.31	2	LA_HRSV_2024	370	100	11.4988807706799	1.88015750474657
rand.58	2	LA_HRSV_2024	47	99.8577156900789	56.5629922702128	0
rand.95	2	LA_HRSV_2024	470	99.8577156900789	7.80069822311816	0
rand.68	2	LA_HRSV_2024	71	99.708963911525	26.8462569871315	0.827137060964355
rand.79	2	LA_HRSV_2024	390	99.2821109817617	9.3236964377904	1.19226213975523
rand.28	2	LA_HRSV_2024	89	94.3021601345233	46.1628569619452	0
rand.50	2	LA_HRSV_2024	89	100	38.805489496631	0
rand.77	2	LA_HRSV_2024	248	52.7292717630319	7.68085767850245	0.439955910200006
rand.86	2	LA_HRSV_2024	538	99.9223903764067	7.69813351403601	0.408574076473109
rand.61	2	LA_HRSV_2024	50	100	40.8742996922591	1.39403982219417
rand.21	2	LA_HRSV_2024	104	100	26.2436694388455	0.5504835786514
rand.83	2	LA_HRSV_2024	210	99.65075669383	18.2358301871161	0.253275419265501
rand.90	2	LA_HRSV_2024	368	100	8.33546516585657	0.114585998123987
rand.1	2	LA_HRSV_2024	1337	99.8641831587117	2.47484841733756	0.0663549799091866
rand.89	2	LA_HRSV_2024	109	93.8429698615962	22.5107822147755	0.3599242917869
rand.78	2	LA_HRSV_2024	169	99.8577156900789	20.1138569362844	0
rand.24	2	LA_HRSV_2024	289	99.8641831587117	12.9926626501969	0.371074686143179
rand.72	2	LA_HRSV_2024	971	99.8577156900789	3.26016267029282	0.141893090313263
rand.100	2	LA_HRSV_2024	30	6.73263484672099	13.522992985191	3.14367368147571
rand.51	2	LA_HRSV_2024	20	99.8641831587117	69.2204240821267	0
rand.84	2	LA_HRSV_2024	21	100	29.9639828046939	1.4000232369002
rand.30	2	LA_HRSV_2024	666	100	4.51861091968562	0.0660054490842107
rand.75	2	LA_HRSV_2024	37	100	71.857935827429	0
rand.11	2	LA_HRSV_2024	933	100	4.75499025842738	0.391807276158267
rand.44	2	LA_HRSV_2024	157	99.5084723839089	16.1949371085732	0.221040997842219
rand.85	2	LA_HRSV_2024	24	99.5796145388695	71.7073397913562	1.90480625931446
rand.70	2	LA_HRSV_2024	39	99.8771180959772	21.9118022645365	2.65756690030932
rand.57	2	LA_HRSV_2024	34	100	67.5157314024653	1.06025342642876
rand.4	2	LA_HRSV_2024	116	100	18.2099146989739	1.49248699131256
rand.91	2	LA_HRSV_2024	235	100	9.94951307339166	0.7591600361328
rand.46	2	LA_HRSV_2024	7150	99.8577156900789	0.67136389488459	0.021828023007258
rand.17	2	LA_HRSV_2024	140	99.6701590997284	25.1271766777539	0.569034109437162
rand.69	2	LA_HRSV_2024	85	100	43.0292318150918	0.595513256288239
rand.49	2	LA_HRSV_2024	149	100	24.1221302660495	0
rand.53	2	LA_HRSV_2024	717	99.8577156900789	5.8652585994036	0.571330889475584
rand.32	2	LA_HRSV_2024	39	100	57.7829750900249	2.32765341352044
rand.80	2	LA_HRSV_2024	203	100	21.7508744918493	0
rand.5	2	LA_HRSV_2024	27	100	33.0318953928877	0
rand.41	2	LA_HRSV_2024	333	90.3181994567326	10.0053734551317	0.343901128425578
rand.67	2	LA_HRSV_2024	85	99.5084723839089	21.5886289971797	0.453212476672887
rand.52	2	LA_HRSV_2024	471	80.558789289872	9.54899841309997	84.035939069172
rand.29	2	LA_HRSV_2024	27	100	80.3799980156762	0
rand.96	2	LA_HRSV_2024	216	99.3985254171517	15.9937144878973	0.342373093013091
rand.74	2	LA_HRSV_2024	62	100	53.8346663126804	0
rand.63	2	LA_HRSV_2024	1264	100	2.48766533275477	7.78522411327001
rand.99	2	LA_HRSV_2024	13	100	83.2014542343884	1.36869118905047
rand.71	2	LA_HRSV_2024	211	47.4388824214203	10.3595842042822	0
rand.36	2	LA_HRSV_2024	44	100	60.4431360396653	0
rand.20	2	LA_HRSV_2024	44	100	31.9732221697435	0
rand.60	2	LA_HRSV_2024	46	100	55.2804411196572	0.70944403469954
rand.18	2	LA_HRSV_2024	187	100	21.8494490493815	0
rand.33	2	LA_HRSV_2024	291	99.1398266718406	11.8826693952854	0.343402866600002
rand.98	2	LA_HRSV_2024	39	100	60.1243036343654	0.826164399135938
rand.23	2	LA_HRSV_2024	118	99.8641831587117	18.0769861153387	0.708281626823386
rand.9	2	LA_HRSV_2024	116	100	21.2115421364418	2.97425677704676
rand.43	2	LA_HRSV_2024	50	100	29.8891710921265	1.13907488647733
rand.66	2	LA_HRSV_2024	1184	100	2.63298021649742	0.113981827554001
rand.15	2	LA_HRSV_2024	733	100	6.53375582050049	0.255629394914537
rand.45	2	LA_HRSV_2024	76	100	46.4261069580218	0
rand.16	2	LA_HRSV_2024	628	99.5084723839089	5.78777893137122	0.118117937374923
rand.35	2	LA_HRSV_2024	112	24.9902987970508	5.64837959917555	1.22498501659138
rand.25	2	LA_HRSV_2024	55	99.4632001034795	29.7046723195488	2.57083808162556
rand.81	2	LA_HRSV_2024	64	100	34.943335132218	1.25022486058644
rand.2	2	LA_HRSV_2024	9	100	41.6373452230668	1.44771829926674
rand.40	2	LA_HRSV_2024	65	100	31.2178691721326	0.535760011030353
rand.92	2	LA_HRSV_2024	117	99.5084723839089	15.1513062659406	1.94782814207919
rand.55	2	LA_HRSV_2024	162	100	24.8089666761787	0.773645328006595
rand.87	2	LA_HRSV_2024	51	100	28.2773878824148	0
rand.3	2	LA_HRSV_2024	73	100	36.4113498441857	0.567023594742145
rand.65	2	LA_HRSV_2024	25	100	73.7162592020358	0
rand.10	2	LA_HRSV_2024	206	100	12.8900171976087	0.449594627794611
rand.27	2	LA_HRSV_2024	22	88.972965981115	73.1405178372056	1.51523206975384
rand.97	2	LA_HRSV_2024	41	100	63.1956696070569	1.44747393744988
rand.88	2	LA_HRSV_2024	32	1.70094425042039	0.765514029572709	0.81790662475259
rand.26	2	LA_HRSV_2024	179	99.4179278230501	20.559322713959	0
rand.93	2	LA_HRSV_2024	10	100	93.8142481472627	0
rand.37	2	LA_HRSV_2024	199	99.8577156900789	14.5674120200019	2.86253420133975
rand.76	2	LA_HRSV_2024	387	37.9317035312379	4.03850523662955	0.164569949114145
rand.38	2	LA_HRSV_2024	974	34.2258440046566	1.30928199786734	0.36517389056164
rand.12	2	LA_HRSV_2024	13	100	90.8985975644947	1.1773532636925
rand.54	2	LA_HRSV_2024	597	100	3.51146907567141	2.04189455162218
rand.7	2	LA_HRSV_2024	187	99.8641831587117	20.7228365900794	0.291228258535538
rand.14	2	LA_HRSV_2024	35	100	72.1834631138317	1.01273799342846
rand.48	2	LA_HRSV_2024	13	24.2788772474453	41.934763181412	3.99910634495085
rand.73	2	LA_HRSV_2024	54	99.8577156900789	26.4247817901763	0.39192195789834
rand.59	3	LA_HRSV_2024	7	99.6442892251973	100	0
rand.1	3	LA_HRSV_2024	1	99.8641831587117	100	0
rand.26	3	LA_HRSV_2024	1	99.4179278230501	100	0
rand.2	3	LA_HRSV_2024	3	100	100	0
rand.21	3	LA_HRSV_2024	1	100	100	0
rand.83	3	LA_HRSV_2024	4	99.65075669383	100	0
rand.84	3	LA_HRSV_2024	3	100	100	0
rand.79	3	LA_HRSV_2024	4	99.2821109817617	98.7075617283951	0.146532073880121
rand.27	3	LA_HRSV_2024	5	88.972965981115	100	0
rand.69	3	LA_HRSV_2024	14	100	100	0
rand.24	3	LA_HRSV_2024	1	99.8641831587117	100	0
rand.67	3	LA_HRSV_2024	3	99.5084723839089	100	0
rand.44	3	LA_HRSV_2024	3	99.5084723839089	100	0
rand.47	3	LA_HRSV_2024	1	99.8577156900789	100	0
rand.46	3	LA_HRSV_2024	1	99.8577156900789	100	0
rand.35	3	LA_HRSV_2024	14	24.9902987970508	100	0
rand.8	3	LA_HRSV_2024	3	100	100	0
rand.30	3	LA_HRSV_2024	3	100	100	0
rand.15	3	LA_HRSV_2024	17	100	100	0
rand.11	3	LA_HRSV_2024	3	100	100	0
rand.91	3	LA_HRSV_2024	15	100	100	0
rand.53	3	LA_HRSV_2024	4	99.8577156900789	98.250079541839	0.155328161536482
rand.90	3	LA_HRSV_2024	7	100	100	0
rand.73	3	LA_HRSV_2024	1	99.8577156900789	100	0
rand.98	3	LA_HRSV_2024	8	100	100	0
rand.85	3	LA_HRSV_2024	5	99.5796145388695	100	0
rand.93	3	LA_HRSV_2024	5	100	100	0
rand.42	3	LA_HRSV_2024	9	99.3597206053551	100	0
rand.23	3	LA_HRSV_2024	1	99.8641831587117	100	0
rand.94	3	LA_HRSV_2024	3	99.5084723839089	100	0
rand.100	3	LA_HRSV_2024	4	6.73263484672099	100	0
rand.55	3	LA_HRSV_2024	7	100	100	0
rand.38	3	LA_HRSV_2024	4	34.2258440046566	100	0
rand.77	3	LA_HRSV_2024	6	52.7292717630319	100	0
rand.61	3	LA_HRSV_2024	3	100	100	0
rand.52	3	LA_HRSV_2024	109	80.558789289872	35.6170650806359	57.8135813469242
rand.81	3	LA_HRSV_2024	3	100	100	0
rand.4	3	LA_HRSV_2024	14	100	100	0
rand.62	3	LA_HRSV_2024	16	100	100	0
rand.86	3	LA_HRSV_2024	5	99.9223903764067	96.6833541927409	0.167157317882758
rand.99	3	LA_HRSV_2024	5	100	100	0
rand.80	3	LA_HRSV_2024	15	97.2707282369681	100	0
rand.32	3	LA_HRSV_2024	5	100	100	0
rand.12	3	LA_HRSV_2024	7	100	100	0
rand.43	3	LA_HRSV_2024	6	100	97.593767669787	0.088334958420321
rand.20	3	LA_HRSV_2024	11	100	100	0
rand.49	3	LA_HRSV_2024	2	100	100	0
rand.89	3	LA_HRSV_2024	19	93.8429698615962	100	0
rand.9	3	LA_HRSV_2024	3	100	100	0
rand.87	3	LA_HRSV_2024	15	100	100	0
rand.75	3	LA_HRSV_2024	15	90.2341223645065	100	0
rand.71	3	LA_HRSV_2024	21	47.4388824214203	100	0
rand.25	3	LA_HRSV_2024	10	99.4632001034795	100	0
rand.95	3	LA_HRSV_2024	1	99.8577156900789	100	0
rand.57	3	LA_HRSV_2024	4	100	100	0
rand.92	3	LA_HRSV_2024	3	99.5084723839089	100	0
rand.41	3	LA_HRSV_2024	16	90.3181994567326	100	0
rand.36	3	LA_HRSV_2024	4	100	100	0
rand.17	3	LA_HRSV_2024	2	99.6701590997284	100	0
rand.65	3	LA_HRSV_2024	8	100	100	0
rand.51	3	LA_HRSV_2024	1	99.8641831587117	100	0
rand.40	3	LA_HRSV_2024	13	100	100	0
rand.68	3	LA_HRSV_2024	5	99.708963911525	100	0
rand.22	3	LA_HRSV_2024	4	100	100	0
rand.37	3	LA_HRSV_2024	2	99.8577156900789	98.250079541839	0.287390855800611
rand.70	3	LA_HRSV_2024	1	99.8771180959772	100	0
rand.28	3	LA_HRSV_2024	19	94.3021601345233	100	0
rand.45	3	LA_HRSV_2024	22	100	100	0
rand.60	3	LA_HRSV_2024	6	100	100	0
rand.5	3	LA_HRSV_2024	15	96.4364247833398	100	0
rand.50	3	LA_HRSV_2024	4	100	100	0
rand.31	3	LA_HRSV_2024	5	100	100	0
rand.54	3	LA_HRSV_2024	3	100	97.9940517623236	0.7375592617809
rand.16	3	LA_HRSV_2024	3	99.5084723839089	100	0
rand.97	3	LA_HRSV_2024	19	100	100	0
rand.74	3	LA_HRSV_2024	7	99.5860820075023	100	0
rand.76	3	LA_HRSV_2024	17	37.9317035312379	100	0
rand.29	3	LA_HRSV_2024	11	100	100	0
rand.72	3	LA_HRSV_2024	1	99.8577156900789	100	0
rand.3	3	LA_HRSV_2024	3	100	100	0
rand.96	3	LA_HRSV_2024	10	99.3985254171517	97.9041916167665	0.0439241277923189
rand.33	3	LA_HRSV_2024	3	99.1398266718406	100	0
rand.63	3	LA_HRSV_2024	6	100	98.6866432897673	0.995316496254631
rand.66	3	LA_HRSV_2024	4	100	100	0
rand.64	3	LA_HRSV_2024	5	100	100	0
rand.88	3	LA_HRSV_2024	1	1.70094425042039	100	0
rand.78	3	LA_HRSV_2024	1	99.8577156900789	100	0
rand.56	3	LA_HRSV_2024	3	99.9741301254689	100	0
rand.18	3	LA_HRSV_2024	3	100	100	0
rand.10	3	LA_HRSV_2024	4	100	100	0
rand.48	3	LA_HRSV_2024	1	24.2788772474453	100	0
rand.19	3	LA_HRSV_2024	44	94.4509119130772	56.0635724979846	38.8862316227874
rand.58	3	LA_HRSV_2024	1	99.8577156900789	100	0
rand.14	3	LA_HRSV_2024	17	100	100	0
rand.7	3	LA_HRSV_2024	1	99.8641831587117	100	0
